occ,1,2,3,4,5,6,7,8,9,10,11,12,13,14,15,16,17,18,19,20,21,22,23,24,25,26,27,28,29,30,31,32,33,34,35,36,37,38,39,40,41,42,43,44,45,46,47,48,49,50,51,52,53,54,55,56,57,58
11-1011.00,0.5859971107086902,0.5563380281690141,0.6074144486692016,0.6456453518561721,0.7603929824561403,0.6198770491803278,0.4682427925591047,0.6763110307414105,0.552702755674023,0.4884112872052571,0.5338867924528302,0.3847666666666666,0.3985256422250079,0.5092522179974651,0.4311831976518802,0.511033681765389,0.44678609062170704,0.0009327935222672072,0.500062302708091,0.1904761904761905,0.26588235294117646,0.0,0.0,0.13448090371167296,0.03985765124555161,0.0400135803666699,0.0,0.0,0.0,0.0,0.0,0.0,0.0,0.0,0.0,0.0,0.0,0.0,0.0,0.0,0.4404255319148936,0.3002461538461539,0.0,0.08484162895927602,0.09051428571428571,0.0,0.0,0.065349985477781,0.20010787486515644,0.0,0.7019369120088546,0.6753791348600509,0.6121321321321321,1.0,0.9505703422053232,0.7632201930763082,0.4513805522208883,0.4339732994278449
11-1011.03,0.38150853561763687,0.4578403755868545,0.4358365019011407,0.5417930328639909,0.6020631578947369,0.5171584699453553,0.3293374342251537,0.5274261603375527,0.41452706675551726,0.36858136838036337,0.39999999999999997,0.25458333333333333,0.23864295470278968,0.22813688212927757,0.20507974746635652,0.3386759581881533,0.2403407095187917,0.004048582995951417,0.32185578999833864,0.12337662337662333,0.15788235294117647,0.0,0.0,0.13448090371167296,0.04448398576512456,0.03758851488990204,0.0007078114862075072,0.0019703656998738984,0.006555386112242011,0.0015593866412544415,0.0,0.0,0.0,0.0,0.0019433198380566818,0.0,0.0,0.0,0.0,0.0,0.15602836879432622,0.20839160839160842,0.0,0.14177978883861234,0.10285714285714287,0.0,0.0,0.08713331397037466,0.12014563106796115,0.0018624141543475748,0.4471499723298285,0.3806615776081425,0.43471471471471473,0.427299703264095,0.5537302964302854,0.256686958125807,0.41679471788715483,0.4605848696757788
11-1021.00,0.3235192382037561,0.39480438184663535,0.33269961977186313,0.5079732994182765,0.3377192982456141,0.30540983606557376,0.30015563625583636,0.3164556962025316,0.13523578064364392,0.36858136838036337,0.21132075471698114,0.2444,0.19060938874024735,0.176425855513308,0.144985324250983,0.19094076655052267,0.26672813487881986,0.02008097165991903,0.2523259677687324,0.1558441558441558,0.2459411764705882,0.08068854222700376,0.01877873145913247,0.055675094136632595,0.04911032028469751,0.0800271607333398,0.014008768997856899,0.055170239596469106,0.13524796610520362,0.02551329810274625,0.03306666666666667,0.11493799915931062,0.031794871794871796,0.0357824427480916,0.15380728744939273,0.09523809523809523,0.010602678571428568,0.0,0.04821516235360123,0.020601428808772224,0.10638297872340427,0.23835524475524478,0.041984732824427475,0.14177978883861234,0.14285714285714285,0.018999999999999996,0.012247667514843085,0.11617775196049956,0.1887810140237325,0.04009363804498248,0.3469839513004981,0.3053435114503817,0.529009009009009,0.5618199802176063,0.42556019048322197,0.45462091864969567,0.375750300120048,0.42339478703115063
11-2011.00,0.37082629662034305,0.3724569640062597,0.5304752851711028,0.48088139011596837,0.6350877192982456,0.5067008196721312,0.3293374342251537,0.4676793248945147,0.23666261612637682,0.36142249710088903,0.4245283018867924,0.3091666666666667,0.22873126648829684,0.26996197718631176,0.24942543058093813,0.3567386759581882,0.3105900948366702,0.0,0.37152489339314393,0.11832611832611833,0.17470588235294118,0.05917159763313609,0.0192494516610414,0.10543302850995159,0.014709371293001185,0.00875448637113202,0.0,0.0,0.0,0.010287620202720263,0.0,0.0,0.0,0.0,0.006153846153846155,0.0,0.0,0.0,0.0,0.0,0.3177304964539007,0.3181818181818182,0.0,0.09954751131221717,0.3879365079365079,0.0,0.0,0.07667731629392971,0.11124595469255663,0.0,0.5047039291643608,0.4071246819338422,0.49297297297297304,0.5202769535113748,0.4121783749861567,0.42193937157965933,0.35707082833133247,0.41645263827082013
11-2021.00,0.36319612590799033,0.4147104851330204,0.35266159695817495,0.5001166457206071,0.6578947368421053,0.5171584699453553,0.22974875861557847,0.4676793248945147,0.3003018305828858,0.28054116737533824,0.36533333333333334,0.3197666666666667,0.31620109641326927,0.38200253485424585,0.3083984050506729,0.3386759581881533,0.36880927291886195,0.0,0.3559907515091101,0.1402597402597402,0.1985294117647059,0.0007746100053792369,0.0,0.05043033889187735,0.0,0.0,0.0,0.0,0.0,0.050355193623841304,0.0,0.0,0.004273504273504274,0.0,0.04275303643724697,0.0,0.0,0.0,0.0,0.0,0.2127659574468085,0.2937062937062937,0.0,0.04242081447963801,0.34377142857142856,0.0,0.0,0.07667731629392971,0.12014563106796115,0.0,0.424792473713337,0.37938931297709916,0.5078486486486486,0.3956478733926805,0.6880098933146296,0.4969870257640042,0.3814165666266507,0.41645263827082013
11-2022.00,0.38150853561763687,0.39480438184663535,0.35266159695817495,0.48088139011596837,0.5701754385964912,0.4987978142076503,0.2538353220188246,0.4676793248945147,0.3194700325349849,0.2899110939311944,0.36533333333333334,0.33125000000000004,0.32742717084214273,0.4879594423320659,0.3083984050506729,0.2545876887340302,0.26123990165086053,0.016194331983805668,0.1946959627845157,0.08085618085618086,0.15788235294117647,0.010220548682087141,0.01552375133954951,0.05043033889187735,0.02588849347568209,0.018794257444951015,0.0093391793319046,0.0009457755359394711,0.000993658526487211,0.027072684744000697,0.0015360000000000013,0.0,0.0,0.0,0.06704453441295546,0.0,0.0,0.0,0.0,0.0,0.15957446808510642,0.21922797202797203,0.002862595419847331,0.04675716440422323,0.09051428571428571,0.0030000000000000027,0.0025445292620865164,0.065349985477781,0.15844120819848972,0.003880029488224114,0.5047039291643608,0.45349618320610685,0.5244540540540541,0.587616221562809,0.8075233489608328,0.5579382647727971,0.5252100840336135,0.6810934520025428
11-2031.00,0.38150853561763687,0.4147104851330204,0.5228136882129278,0.6456453518561721,0.6985964912280701,0.5171584699453553,0.2945971985473949,0.41658830620855936,0.30183058288581394,0.40086586780054123,0.3239748427672956,0.21875,0.2370946919378075,0.3472750316856781,0.2803621864097026,0.2545876887340302,0.2403407095187917,0.0,0.3028603865536911,0.1402597402597402,0.2317941176470588,0.0,0.0,0.07668639053254438,0.0,0.0,0.0,0.0,0.0,0.033570129082560865,0.0,0.0,0.0,0.0,0.054412955465587054,0.0,0.0,0.0,0.0,0.0,0.24822695035460993,0.23835524475524478,0.0,0.049773755656108594,0.15873015873015872,0.0,0.0,0.065349985477781,0.0948118932038835,0.0,0.4521306032097399,0.5032468193384223,0.5876468468468469,0.45507418397626115,0.6507438443648713,0.4031543995572773,0.367875150060024,0.5053528289891926
11-3011.00,0.3052068284941095,0.39480438184663535,0.33269961977186313,0.48088139011596837,0.3438175438596492,0.2766393442622951,0.19402653227599498,0.31050030138637735,0.18662537728822856,0.18981059141863166,0.25267924528301894,0.16875,0.2005210769547402,0.3292167300380228,0.1624231599933544,0.22717770034843207,0.30477988525933736,0.016194331983805668,0.3028603865536911,0.19047619047619047,0.28582352941176464,0.12049488972565897,0.0811241199034523,0.171059709521248,0.0830367734282325,0.03758851488990204,0.015237608383633826,0.03583438419503994,0.03036178830933142,0.010287620202720263,0.0,0.0407208911307272,0.02564102564102564,0.0357824427480916,0.06072874493927125,0.01206349206349206,0.020926339285714284,0.0,0.01358790939056035,0.020601428808772224,0.217645390070922,0.22657342657342658,0.029580152671755722,0.12217194570135748,0.12698412698412698,0.031,0.026293469041560644,0.1379262271275051,0.23702973300970873,0.04850036860280138,0.376351226710939,0.2885496183206107,0.36972972972972973,0.4315858885591824,0.285281848720883,0.39433068929471804,0.35320528211284513,0.44198982835346473
11-3021.00,0.38150853561763687,0.4578403755868545,0.3959125475285171,0.4695930945733401,0.4857894736842105,0.3678688524590164,0.3181649744311866,0.42194092827004215,0.36846850378268203,0.5310243525318903,0.27916981132075475,0.25,0.2806518607218367,0.3292167300380228,0.2803621864097026,0.3386759581881533,0.35216163212738555,0.0009327935222672072,0.3559907515091101,0.1402597402597402,0.13455882352941176,0.13448090371167296,0.11217162258255133,0.12049488972565897,0.09489916963226572,0.00875448637113202,0.0030720984644423037,0.004104928541403951,0.004312754021211849,0.14944121978688382,0.0,0.0,0.017094017094017096,0.0,0.054412955465587054,0.0,0.0,0.0,0.0,0.0,0.26595744680851063,0.23835524475524478,0.0,0.06334841628959276,0.2085333333333333,0.0,0.0025445292620865164,0.065349985477781,0.147485167206041,0.0,0.31193506733075077,0.24732824427480918,0.43052972972972975,0.4915924826904055,0.3626933441618369,0.279007563180225,0.4513805522208883,0.3537698664971392
11-3031.01,0.3433576820558732,0.4578403755868545,0.4358365019011407,0.5001166457206071,0.4094315789473685,0.3280327868852459,0.4307233380271252,0.5635925256178421,0.41550703618047125,0.500966370313104,0.43200000000000005,0.51,0.5240612195258855,0.38022813688212925,0.39536606302265054,0.3567386759581882,0.43905865823674034,0.0,0.25786398626571416,0.1085257335257335,0.1213235294117647,0.0,0.0,0.18474448628294787,0.0,0.0,0.0,0.0,0.0,0.0,0.0,0.0,0.0,0.0,0.006153846153846155,0.0,0.0,0.0,0.0,0.0,0.39148936170212767,0.24923076923076926,0.0,0.028989441930618403,0.08380952380952379,0.0,0.0,0.060121986639558526,0.0948118932038835,0.0,0.426351226710939,0.3562340966921119,0.3556756756756757,0.4615891856247939,0.3655173686736313,0.279007563180225,0.34439375750300116,0.32508582326764146
11-3031.02,0.38150853561763687,0.4147104851330204,0.39995247148288976,0.5001166457206071,0.4663578947368421,0.3463524590163935,0.3181649744311866,0.5021097046413502,0.30183058288581394,0.4607653652879784,0.3446540880503145,0.43666666666666665,0.37420248096244885,0.4879594423320659,0.21632884753835074,0.2968641114982578,0.41271513874253596,0.0,0.1053954145206845,0.15584415584415579,0.26588235294117646,0.003362022592791824,0.007231063527196609,0.10758472296933837,0.006851720047449583,0.0,0.0,0.0,0.0,0.0,0.0,0.0,0.0,0.0,0.0,0.0,0.0,0.0,0.0,0.0,0.39148936170212767,0.20157202797202797,0.0013740458015267186,0.0,0.07142857142857142,0.0,0.0,0.027011327330816154,0.15291262135922332,0.0,0.5047039291643608,0.4071246819338422,0.4849249249249249,0.4915924826904055,0.5758795082874968,0.33245711123408966,0.4513805522208883,0.6196058486967578
11-3051.00,0.3433576820558732,0.3724569640062597,0.34862167300380226,0.35327849730209737,0.5131578947368421,0.4164071038251367,0.3181649744311866,0.4746835443037975,0.34494923758378737,0.5059914959412446,0.3773584905660377,0.33125000000000004,0.32479839841338143,0.38022813688212925,0.3028603865536911,0.32061324041811845,0.42149631190727077,0.0019433198380566818,0.3476837237636374,0.1904761904761905,0.1985294117647059,0.10112963959117804,0.07138922551503801,0.2178590640129102,0.08920521945432977,0.0800271607333398,0.05406893297418453,0.1287305590584279,0.20528709140968404,0.2035865892748852,0.1472,0.08669609079445144,0.017094017094017096,0.0,0.16323886639676113,0.08761904761904761,0.031389508928571425,0.0,0.06048811277088155,0.004153513872736335,0.17100709219858154,0.2876923076923077,0.0,0.1478129713423831,0.2619047619047619,0.0,0.0,0.1379262271275051,0.4055842098166128,0.0018624141543475748,0.3539937280944475,0.3297709923664122,0.36972972972972973,0.652080448400923,0.4317342832884197,0.3635860542335363,0.4321368547418968,0.3394278448823903
11-3051.01,0.3433576820558732,0.43818466353677626,0.3555133079847909,0.46164613451132963,0.35368421052631577,0.30540983606557376,0.41057400133402505,0.369427365883062,0.29399082748618244,0.2899110939311944,0.30157232704402515,0.316875,0.31620109641326927,0.4365019011406844,0.3083984050506729,0.5333333333333332,0.5243531202435312,0.0019433198380566818,0.2712729135515313,0.3173400673400673,0.27205882352941174,0.2781065088757396,0.2409937203922001,0.32275416890801506,0.2213807829181495,0.13580366669900087,0.059692102003499725,0.055170239596469106,0.07590447077332854,0.11208091484016285,0.0,0.055170239596469106,0.05743589743589744,0.0,0.11336032388663968,0.06984126984126983,0.046875,0.0,0.02391472052738622,0.03625851470343912,0.3425531914893617,0.33398601398601396,0.0,0.2861990950226244,0.4374603174603175,0.0,0.0,0.20040662213186172,0.3476436084142395,0.0,0.35297915513742856,0.3297709923664122,0.41081081081081083,0.3184965380811078,0.3565192513566392,0.30132816823464303,0.49242496998799523,0.36930705657978385
11-3051.02,0.3922518159806296,0.3403755868544602,0.39995247148288976,0.3870003988531092,0.35368421052631577,0.2694672131147541,0.3361743126065368,0.42194092827004215,0.23801497393281326,0.36858136838036337,0.3446540880503145,0.3515625,0.31620109641326927,0.30038022813688214,0.25786398626571416,0.3831637630662021,0.4756468797564688,0.11336032388663968,0.3559907515091101,0.20923520923520922,0.18661764705882353,0.1670252824098978,0.13270303564453614,0.2781065088757396,0.20139501779359434,0.19279270540304588,0.07962879219834451,0.09851828499369482,0.18393723390307692,0.010287620202720263,0.07406933333333336,0.010180222782681799,0.006495726495726497,0.002862595419847331,0.1451012145748988,0.000914285714285715,0.006975446428571428,0.004053333333333337,0.004164036748720107,0.0947399900315667,0.12482269503546098,0.33398601398601396,0.08945610687022901,0.20814479638009045,0.358095238095238,0.037500000000000006,0.04627650551314674,0.22396747022945107,0.3476436084142395,0.08980974922076078,0.3271997786386276,0.24885496183206104,0.3951951951951952,0.4315858885591824,0.318394920447414,0.2939955727725512,0.4321368547418968,0.3394278448823903
11-3051.03,0.4120292184670478,0.4147104851330204,0.35266159695817495,0.41390416989637346,0.3608771929824562,0.34229508196721314,0.23733602608760102,0.33996383363471966,0.25424326761005056,0.28624661770390414,0.29323270440251575,0.2985666666666667,0.25767582839074216,0.3472750316856781,0.3476837237636374,0.4343786295005807,0.5960221285563752,0.0009327935222672072,0.3083984050506729,0.372053872053872,0.32375,0.24663797740720816,0.13821146353921498,0.12641204948897256,0.14733096085409253,0.12765544669706083,0.02162757318967382,0.21571563682219416,0.2971038994196758,0.34436454994368887,0.0032000000000000028,0.09851828499369482,0.0423931623931624,0.0357824427480916,0.18951255060728742,0.10285714285714287,0.07366071428571427,0.0,0.032873974332000844,0.07310184416015948,0.19432624113475178,0.31951328671328677,0.0,0.15879336349924583,0.38095238095238093,0.0,0.052586938083121294,0.2710194597734534,0.47932679341963325,0.0,0.376351226710939,0.4075725190839694,0.39109189189189186,0.4807121661721068,0.3460814352689283,0.279007563180225,0.4474789915966387,0.44198982835346473
11-3051.04,0.3494007772600566,0.41158059467918623,0.3284790874524715,0.39509034399199283,0.3779368421052632,0.24393442622950823,0.41121322167049584,0.3930078360458107,0.23813257026380777,0.43081561654425976,0.3446540880503145,0.2916666666666667,0.2469736374352162,0.39999999999999997,0.29494102010300716,0.40418118466898956,0.5762644889357218,0.008097165991902834,0.3364346236916432,0.17316017316017313,0.15205882352941177,0.2396449704142012,0.15548789648161687,0.2283162990855299,0.1800711743772242,0.17051241633524106,0.01843259078665382,0.11916771752837328,0.25876524127271094,0.003248722169280087,0.0032000000000000028,0.08209857082807902,0.067391452991453,0.002862595419847331,0.17878542510121453,0.07936507936507936,0.07700892857142856,0.001280000000000001,0.06048811277088155,0.10765907958132581,0.1795177304964539,0.39398601398601396,0.002862595419847331,0.2963800904977375,0.2857142857142857,0.0,0.04627650551314674,0.23961661341853036,0.37545509708737873,0.012286760046043017,0.3271997786386276,0.3083358778625955,0.3483675675675676,0.5469831849653808,0.39412676732252944,0.2640195535878989,0.3814165666266507,0.25335028607755883
11-3051.06,0.37082629662034305,0.48375586854460095,0.4230608365019012,0.43906954342607296,0.4304842105263157,0.31258196721311476,0.3112725116727192,0.369427365883062,0.2795362784681118,0.44907614998067263,0.36533333333333334,0.316875,0.32479839841338143,0.38200253485424585,0.36343246386442934,0.49866666666666665,0.7189585528626624,0.17878542510121453,0.4593509442321537,0.2754930254930254,0.301,0.22189349112426035,0.15648942882610395,0.18558364712210865,0.18647686832740215,0.11882820836162576,0.10349776842767544,0.13829340058848255,0.2846417653999821,0.3865979381443299,0.0,0.0,0.0423931623931624,0.0,0.18218623481781376,0.006031746031746031,0.09765625,0.0,0.0,0.062302708091045024,0.17730496453900707,0.280979020979021,0.08945610687022901,0.2356711915535445,0.4711111111111111,0.10999999999999999,0.1484308736217133,0.2710194597734534,0.4753236245954693,0.15706359368331196,0.376351226710939,0.3297709923664122,0.3556756756756757,0.3956478733926805,0.42556019048322197,0.37527670171555066,0.5100600240096038,0.48719643992371264
11-3061.00,0.3341404358353511,0.36580594679186235,0.36876425855513306,0.5001166457206071,0.5929824561403508,0.43442622950819676,0.2148150893055659,0.43037974683544294,0.18521422131629492,0.34316196366447627,0.4490566037735848,0.328125,0.33675416768013167,0.3485424588086185,0.23709641690203243,0.27113588850174214,0.4566210045662101,0.0,0.2803621864097026,0.19047619047619047,0.15205882352941177,0.0007746100053792369,0.0,0.17667563206024742,0.0,0.0,0.0,0.0,0.0,0.0015593866412544415,0.0,0.0,0.0,0.0,0.0009327935222672072,0.0019047619047619063,0.0,0.0,0.0,0.0,0.14334751773049648,0.2692307692307692,0.0,0.0915837104072398,0.19714285714285712,0.0,0.0,0.13011908219575952,0.3008697411003236,0.003880029488224114,0.4794687327061427,0.3826972010178117,0.5007807807807808,0.6594131223211341,0.6880098933146296,0.6139319313779745,0.4747899159663866,0.5499046408137318
11-3071.01,0.3433576820558732,0.43627543035993743,0.374287072243346,0.5079732994182765,0.4857894736842105,0.3678688524590164,0.3181649744311866,0.44725738396624476,0.30183058288581394,0.4236567452647855,0.3239748427672956,0.25,0.26942578629296315,0.21596958174904943,0.20200614720053164,0.32061324041811845,0.33551399133590915,0.012307692307692304,0.20507974746635652,0.1402597402597402,0.17738235294117644,0.016675632060247445,0.023285627009324274,0.09413663259817107,0.057622775800711734,0.04546997768939762,0.0,0.0,0.0,0.0,0.0,0.0,0.0,0.0,0.0,0.0,0.0,0.0,0.0,0.0,0.2589503546099291,0.2692307692307692,0.0,0.10407239819004524,0.10504126984126981,0.0,0.0,0.08945686900958466,0.168554476806904,0.0,0.4794687327061427,0.3826972010178117,0.4059579579579579,0.5469831849653808,0.49795119790320796,0.44887167189325455,0.4321368547418968,0.36930705657978385
11-3071.02,0.28079028221458074,0.39480438184663535,0.30988593155893535,0.4515318217051347,0.367719298245614,0.29713114754098363,0.2779218854220707,0.18083182640144663,0.1937889537846419,0.34316196366447627,0.22822641509433964,0.25,0.2370946919378075,0.26996197718631176,0.15506451791548984,0.22276422764227644,0.3783222105139913,0.11336032388663968,0.21338677521182922,0.1558441558441558,0.1175,0.15129101667563208,0.10544132522759823,0.12049488972565897,0.09990984578884934,0.15156659229799205,0.08601875700438451,0.10151324085750314,0.13524796610520362,0.033570129082560865,0.046933333333333334,0.11493799915931062,0.09435897435897436,0.029580152671755722,0.18951255060728742,0.10285714285714287,0.10491071428571426,0.0,0.05478995722000141,0.0830702774547267,0.12482269503546098,0.16325034965034968,0.08396946564885495,0.1319758672699849,0.16,0.07744,0.0746395250212044,0.11617775196049956,0.1887810140237325,0.14485443422703348,0.3529791551374285,0.24732824427480918,0.33512552552552555,0.5281107814045499,0.3760751596589021,0.30132816823464303,0.3601440576230492,0.3989319771137953
11-3071.03,0.3235192382037561,0.3724569640062597,0.35266159695817495,0.48088139011596837,0.42105263157894735,0.3280327868852459,0.3112725116727192,0.4421338155515371,0.3003018305828858,0.36858136838036337,0.4490566037735848,0.316875,0.2752446348719292,0.3292167300380228,0.2712729135515313,0.2968641114982578,0.23270108886547242,0.012307692307692304,0.2803621864097026,0.12337662337662335,0.16176470588235295,0.029349112426035513,0.023285627009324274,0.08068854222700376,0.01779359430604982,0.0,0.0,0.0019703656998738984,0.0,0.010287620202720263,0.0,0.0,0.016109401709401706,0.0,0.06072874493927125,0.000914285714285715,0.0,0.0,0.0,0.0,0.15602836879432622,0.23835524475524478,0.0,0.08295625942684764,0.1111111111111111,0.0,0.0,0.08281150159744409,0.20010787486515644,0.0,0.376351226710939,0.3083358778625955,0.36250330330330327,0.5578635014836795,0.4753959171619477,0.5049806308799114,0.33853541416566624,0.41645263827082013
11-3111.00,0.3052068284941095,0.39480438184663535,0.33269961977186313,0.5079732994182765,0.3377192982456141,0.29713114754098363,0.15737789965167126,0.1879927667269439,0.1528164321273176,0.18429068419018169,0.21132075471698114,0.26,0.286676520665332,0.176425855513308,0.144985324250983,0.1696260162601626,0.2403407095187917,0.0,0.0903389267320153,0.06625781625781624,0.07305882352941177,0.010220548682087141,0.007231063527196609,0.05301775147928994,0.006851720047449583,0.0,0.0,0.0,0.0,0.003248722169280087,0.0,0.0,0.009873504273504271,0.0,0.024291497975708502,0.0,0.0,0.0,0.0,0.0,0.09937588652482271,0.1179692307692308,0.0,0.0,0.08380952380952379,0.0,0.0,0.05725239616613419,0.084277238403452,0.0,0.3529791551374285,0.31170483460559795,0.3951951951951952,0.3082756346851303,0.3565192513566392,0.28514111787493085,0.3601440576230492,0.42339478703115063
11-3121.00,0.3922518159806296,0.48375586854460095,0.3959125475285171,0.5282922313950076,0.5526315789473684,0.47207650273224044,0.2573186096494479,0.40687160940325495,0.23813257026380777,0.34316196366447627,0.4245283018867924,0.2835666666666667,0.28813591034108554,0.4182509505703422,0.32185578999833864,0.286411149825784,0.36880927291886195,0.0,0.2657833527163981,0.1656445406445406,0.1985294117647059,0.0007746100053792369,0.0,0.19203873050026893,0.0,0.0,0.0,0.0,0.0,0.006768171186000174,0.0,0.0,0.0,0.0,0.0009327935222672072,0.0,0.0,0.0,0.0,0.0,0.21843971631205672,0.2718881118881119,0.0,0.07070135746606335,0.13368888888888888,0.0,0.0,0.10165553296543711,0.147485167206041,0.0,0.6685113447703377,0.37938931297709916,0.5463063063063064,0.587616221562809,0.5980287201447082,0.5482152739346984,0.5263385354141656,0.543178639542276
11-3131.00,0.3433576820558732,0.4147104851330204,0.46572243346007614,0.6129544479647203,0.6985964912280701,0.5771857923497269,0.2779218854220707,0.4746835443037975,0.34494923758378737,0.500966370313104,0.39999999999999997,0.235,0.2370946919378075,0.5173029150823827,0.31860912665448304,0.27113588850174214,0.28758342114506497,0.0,0.29494102010300716,0.1402597402597402,0.13183823529411764,0.03550295857988166,0.023285627009324274,0.1008606777837547,0.02669039145907473,0.0,0.0,0.0,0.0,0.0015593866412544415,0.0,0.0,0.0,0.0,0.05020242914979758,0.0,0.0,0.0,0.0,0.0,0.23120567375886522,0.36615384615384616,0.0,0.028989441930618403,0.17523809523809522,0.0,0.0,0.065349985477781,0.1887810140237325,0.0,0.5572772551189817,0.6615776081424936,0.5078486486486486,0.5934718100890207,0.589722765698254,0.30132816823464303,0.8337334933973589,0.576300063572791
11-9013.01,0.3347101552485401,0.257433489827856,0.3802281368821293,0.39584289702816805,0.32982456140350874,0.3525409836065574,0.2779218854220707,0.24954792043399632,0.24119987456391356,0.375724777734828,0.4116352201257862,0.09416666666666665,0.2066346099874642,0.2154017743979721,0.16267929334883977,0.3463414634146341,0.30477988525933736,0.048582995951417005,0.34889516530985215,0.17316017316017313,0.2317941176470588,0.2958579881656805,0.24759882620409226,0.28294782140935987,0.2346097271648873,0.284945193520225,0.059692102003499725,0.0364123581336696,0.038255853269757584,0.060036385688295925,0.05913599999999999,0.20393284993694827,0.06410256410256411,0.0,0.3348987854251012,0.1492063492063492,0.22178571428571425,0.0,0.05322953923837575,0.056321648114304707,0.16028368794326242,0.22657342657342658,0.0715648854961832,0.24095022624434384,0.3339682539682539,0.05543999999999999,0.04702290076335877,0.2073772872494917,0.3008697411003236,0.05690709916062029,0.24534218778823094,0.18747073791348598,0.3663663663663663,0.37190900098911966,0.38495330207833434,0.3520260714505319,0.533577430972389,0.3827590591226955
11-9013.02,0.2861314017132277,0.255133020344288,0.3022813688212928,0.28220738856570915,0.31456140350877193,0.2582786885245902,0.3361743126065368,0.44725738396624476,0.3242522833287601,0.31310398144569,0.3306666666666667,0.2985666666666667,0.26942578629296315,0.21596958174904943,0.1946959627845157,0.34843205574912894,0.301852827537759,0.1522267206477733,0.31860912665448304,0.13708513708513706,0.1985294117647059,0.2283162990855299,0.2409937203922001,0.2396449704142012,0.36414709371293,0.49380395770685814,0.202758498653192,0.23447351828499366,0.38918292287415734,0.22801697998787146,0.26666666666666666,0.29555485498108447,0.14397264957264957,0.0,0.27494089068825917,0.1492063492063492,0.09040178571428571,0.011111111111111112,0.10407461953853708,0.08070443595281608,0.15602836879432622,0.2876923076923077,0.1603053435114504,0.389894419306184,0.24952380952380954,0.12143999999999998,0.1484308736217133,0.2073772872494917,0.25072478425026967,0.2534952598973086,0.270890979524073,0.1743002544529262,0.28060060060060055,0.4213649851632047,0.4121783749861567,0.3635860542335363,0.31692677070828323,0.23458359821996186
11-9013.03,0.3052068284941095,0.39480438184663535,0.33269961977186313,0.5079732994182765,0.38596491228070173,0.31258196721311476,0.2945971985473949,0.33996383363471966,0.3003018305828858,0.3732199458832625,0.3446540880503145,0.235,0.2370946919378075,0.3333333333333333,0.23886858282106663,0.3637630662020906,0.41271513874253596,0.10493927125506074,0.33314642520906024,0.1558441558441558,0.26588235294117646,0.32275416890801506,0.28844131521227473,0.30338891877353413,0.2846975088967971,0.30555825007275195,0.09240872181042449,0.12347625052543083,0.14628861639950594,0.11911981287360304,0.006666666666666667,0.1471206389239176,0.11965811965811966,0.06625954198473284,0.1716599190283401,0.06984126984126983,0.125,0.0,0.06048811277088155,0.09968433294567206,0.19858156028368795,0.33398601398601396,0.11927480916030533,0.23416289592760178,0.38095238095238093,0.11200000000000002,0.15945716709075486,0.15393552134766195,0.3687129180151025,0.17848135645830907,0.30741560597675704,0.22589312977099238,0.3807807807807808,0.2954170787998681,0.32808520063494406,0.30132816823464303,0.3249939975990396,0.37635092180546725
11-9021.00,0.28079028221458074,0.3724569640062597,0.30988593155893535,0.39509034399199283,0.3608771929824562,0.31868852459016395,0.3417327503149782,0.42194092827004215,0.27047156128728783,0.6129725550831079,0.3446540880503145,0.3197666666666667,0.3395887514734223,0.3168567807351077,0.3559907515091101,0.464,0.42149631190727077,0.0893927125506073,0.6152392423990696,0.20923520923520922,0.25899999999999995,0.012673480365788055,0.0015022985167305993,0.15129101667563208,0.08920521945432977,0.11397807740809002,0.0,0.0,0.13800812867877918,0.003248722169280087,0.0,0.0062394913829340055,0.006495726495726497,0.0,0.054412955465587054,0.003968253968253968,0.008058035714285712,0.0,0.00832807349744021,0.05582322644957635,0.24822695035460993,0.4405594405594405,0.0,0.31108597285067874,0.3961904761904762,0.0,0.10305343511450382,0.18036595991867557,0.442455501618123,0.0,0.3995572772551189,0.3083358778625955,0.4059579579579579,0.5769864820309925,0.415297722322714,0.5165406136629159,0.35707082833133247,0.3610934520025429
11-9031.00,0.3235192382037561,0.46361502347417843,0.4230608365019012,0.5644147771314183,0.3779368421052632,0.31868852459016395,0.2598569628696361,0.29294755877034356,0.25877072635333775,0.3177425589485891,0.25267924528301894,0.21541666666666665,0.18452859842460756,0.4666666666666666,0.2803621864097026,0.28147735191637635,0.3105900948366702,0.0019433198380566818,0.21338677521182922,0.2092352092352092,0.21143382352941176,0.12049488972565897,0.004757278636313559,0.15737493275954814,0.0,0.03758851488990204,0.0,0.0,0.0,0.0,0.0,0.055170239596469106,0.037305982905982915,0.0,0.12955465587044535,0.034641269841269855,0.03044642857142858,0.0,0.027175818781120704,0.03625851470343912,0.1602836879432624,0.19755524475524477,0.0,0.06334841628959276,0.13368888888888888,0.0,0.0,0.10165553296543711,0.15291262135922332,0.003880029488224114,0.3529791551374285,0.3118982188295165,0.4552648648648649,0.49587866798549285,0.3565192513566392,0.435067330750784,0.507202881152461,0.55631277813096
11-9032.00,0.4781573646407715,0.4877230046948357,0.5304752851711028,0.6028401351585253,0.6140350877192983,0.547172131147541,0.3556844289631661,0.5021097046413502,0.34494923758378737,0.40578275995361424,0.49866666666666665,0.2985666666666667,0.18452859842460756,0.4131812420785804,0.2657833527163981,0.3831637630662021,0.30477988525933736,0.0,0.29494102010300716,0.2092352092352092,0.26938235294117646,0.025013448090371173,0.0007211032880306876,0.12641204948897256,0.0,0.018794257444951015,0.041289003362104566,0.0,0.03764861750357097,0.0015593866412544415,0.0015360000000000013,0.06473308112652375,0.038461538461538464,0.029580152671755722,0.16194331983805668,0.05587301587301586,0.021450892857142863,0.001280000000000001,0.03681885125184095,0.04984216647283602,0.2589503546099291,0.31384615384615383,0.0,0.08295625942684764,0.09523809523809523,0.0,0.0,0.11385419692128959,0.3008697411003236,0.0,0.5578306585500831,0.4335877862595419,0.5681585585585587,0.6251236399604352,0.5067739672929971,0.44887167189325455,0.6427851140456181,0.5308328035600763
11-9033.00,0.46645776954849744,0.511830985915493,0.4980988593155894,0.6584839066533213,0.6350877192982456,0.47207650273224044,0.3417327503149782,0.369427365883062,0.41452706675551726,0.4684035562427522,0.4377358490566038,0.26,0.2752446348719292,0.49866666666666665,0.3028603865536911,0.3233449477351916,0.33551399133590915,0.0,0.21970011629838845,0.22077922077922071,0.26588235294117646,0.012673480365788055,0.004757278636313559,0.1395589026358257,0.0,0.0,0.0,0.0,0.0,0.0,0.0,0.0,0.0,0.0,0.006153846153846155,0.0,0.0,0.0,0.0,0.0,0.1602836879432624,0.1875524475524476,0.0,0.0143288084464555,0.1492063492063492,0.0,0.0,0.11385419692128959,0.08722694174757281,0.0,0.4471499723298285,0.5113893129770992,0.49124324324324325,0.5578635014836795,0.49795119790320796,0.4758039722068499,0.6427851140456181,0.6276223776223776
11-9039.01,0.3922518159806296,0.431924882629108,0.39995247148288976,0.5723165840112582,0.5405263157894737,0.3831967213114755,0.2611354035425777,0.4676793248945147,0.3242522833287601,0.3732199458832625,0.3239748427672956,0.2444,0.19364978389806722,0.2440456273764258,0.16181397795868638,0.1946016260162602,0.27441166139796275,0.0,0.24445505897989703,0.13708513708513706,0.11745588235294115,0.047337278106508875,0.02816809718869871,0.14254975793437333,0.02206405693950178,0.0,0.0,0.0,0.0,0.0015593866412544415,0.0,0.0,0.0,0.0,0.0019433198380566818,0.0,0.0,0.0,0.0,0.0,0.26595744680851063,0.22993006993006992,0.0,0.06334841628959276,0.13368888888888888,0.0,0.0,0.09410397908800465,0.13942826321467094,0.0,0.5047039291643608,0.4335877862595419,0.4518918918918919,0.5192878338278931,0.4753959171619477,0.37527670171555066,0.6125090036014406,0.5053528289891926
11-9039.02,0.3235192382037561,0.3724569640062597,0.33269961977186313,0.4515318217051347,0.47368421052631576,0.39980191256830605,0.2779218854220707,0.42194092827004215,0.23960252440123866,0.29020487050637805,0.29323270440251575,0.16375,0.17815780118622182,0.28517110266159695,0.227577947610345,0.2545876887340302,0.29636459430979983,0.009353846153846152,0.2803621864097026,0.12337662337662335,0.1985294117647059,0.14254975793437333,0.11217162258255133,0.12049488972565897,0.026571767497034403,0.257323697739839,0.0093391793319046,0.012478982765868007,0.03764861750357097,0.21658147795200558,0.152064,0.2709252837326607,0.17230769230769233,0.2838740458015267,0.3410526315789474,0.24095238095238095,0.22178571428571425,0.17777777777777778,0.1435496879164037,0.1561721216148862,0.19858156028368795,0.21922797202797203,0.0013740458015267186,0.1368325791855204,0.09051428571428571,0.0,0.0,0.07667731629392971,0.25072478425026967,0.0,0.42479247371333706,0.33486005089058524,0.4732540540540541,0.49587866798549285,0.46616707888810954,0.3175152185943553,0.4474789915966387,0.5308328035600763
11-9041.00,0.4532321403137527,0.5868544600938967,0.44439163498098866,0.5610282884686297,0.5821052631578947,0.5355191256830601,0.37519454531979546,0.5021097046413502,0.4384775195013916,0.4884112872052571,0.4490566037735848,0.44976666666666665,0.3985256422250079,0.38022813688212925,0.37152489339314393,0.4139372822299651,0.4471080669710807,0.010040485829959514,0.677583485628842,0.2754930254930254,0.16176470588235295,0.0710059171597633,0.07138922551503801,0.16810112963959117,0.08351126927639382,0.056837472111747014,0.0,0.0,0.0,0.0,0.0,0.0,0.0,0.0,0.006153846153846155,0.0,0.0,0.0,0.0,0.0,0.24822695035460993,0.4241958041958042,0.0,0.17906485671191555,0.3466666666666667,0.0,0.0,0.07667731629392971,0.23702973300970873,0.0,0.424792473713337,0.3562340966921119,0.41081081081081083,0.5469831849653808,0.4872826608586511,0.458064317776548,0.4321368547418968,0.40940877304513673
11-9041.01,0.3433576820558732,0.43627543035993743,0.3208174904942966,0.5001166457206071,0.5052210526315789,0.5068306010928961,0.3181649744311866,0.5021097046413502,0.338638234487084,0.5411673753382296,0.45849056603773586,0.390625,0.33675416768013167,0.38200253485424585,0.2657833527163981,0.4343786295005807,0.4649923896499239,0.0009327935222672072,0.36343246386442934,0.3229918229918229,0.25899999999999995,0.2588757396449704,0.17276432942401873,0.30338891877353413,0.1800711743772242,0.11397807740809002,0.05406893297418453,0.055170239596469106,0.06469131031817774,0.08121805423200208,0.0,0.04925914249684741,0.05128205128205128,0.0,0.10493927125506074,0.06984126984126983,0.046875,0.0,0.041092467915001055,0.05582322644957635,0.2127659574468085,0.33398601398601396,0.0,0.18853695324283556,0.4177777777777777,0.0,0.0,0.2587859424920128,0.316039644012945,0.0,0.2922339051835454,0.2626564885496183,0.2520216216216216,0.26871084734586215,0.318394920447414,0.270475926950747,0.35320528211284513,0.32508582326764146
11-9051.00,0.3052068284941095,0.2750860719874805,0.33269961977186313,0.32138529962899137,0.27578947368421053,0.2227185792349727,0.2598569628696361,0.24773960216998192,0.11073654501979538,0.21473521453420955,0.22822641509433964,0.21541666666666665,0.2638127490785264,0.31254752851711026,0.2242897491277621,0.1946016260162602,0.3260010537407798,0.0,0.1946959627845157,0.17316017316017313,0.2459411764705882,0.30984400215169444,0.28844131521227473,0.30984400215169444,0.14733096085409253,0.13580366669900087,0.022856412575450742,0.03694435687263556,0.06072357661866284,0.16243610846400416,0.06613333333333335,0.1559478772593527,0.14397264957264957,0.05206106870229008,0.2312550607287449,0.1346031746031746,0.1325,0.0,0.07100778455712184,0.06549925236750291,0.07092198581560283,0.2692307692307692,0.0,0.10751131221719457,0.18575238095238095,0.0,0.0,0.1270694162067964,0.38641113807982747,0.0,0.21306032097399003,0.22589312977099238,0.43052972972972975,0.427299703264095,0.31008896600095986,0.33245711123408966,0.41679471788715483,0.633490146217419
11-9061.00,0.30984597228722,0.34824726134585293,0.3127376425855513,0.36870583454368944,0.28596491228070176,0.1871584699453552,0.17231156896168387,0.1350210970464135,0.10975657559484146,0.2396598376497874,0.23396226415094346,0.22559999999999997,0.16976631055063893,0.3653333333333333,0.18431217810267483,0.2304297328687573,0.32014693829762325,0.07866558704453441,0.21338677521182922,0.09090909090909088,0.23529411764705885,0.14254975793437333,0.10544132522759823,0.2074018289402905,0.10628706998813763,0.21643709380153264,0.05087395057116454,0.03583438419503994,0.042782519890421554,0.0,0.025130666666666662,0.08669609079445144,0.0423931623931624,0.002862595419847331,0.11336032388663968,0.05333333333333334,0.024553571428571428,0.0026666666666666687,0.03043691703485519,0.04120285761754445,0.19432624113475178,0.2876923076923077,0.10496183206106868,0.18853695324283556,0.22666666666666666,0.10999999999999999,0.07124681933842239,0.1270694162067964,0.16518338727076592,0.10864082567027512,0.3329643977125991,0.2885496183206107,0.43471471471471473,0.29673590504451036,0.445051496917568,0.3684744512082641,0.367875150060024,0.7323585505403688
11-9071.00,0.3052068284941095,0.30769953051643195,0.33269961977186313,0.3450455670863404,0.28596491228070176,0.2227185792349727,0.2779218854220707,0.42194092827004215,0.3242522833287601,0.33629686896018557,0.30157232704402515,0.26,0.2928134413531162,0.4544993662864385,0.3559907515091101,0.40418118466898956,0.48401826484018273,0.004048582995951417,0.16181397795868638,0.3400072150072149,0.3161764705882353,0.020677783754706837,0.04406742315743087,0.14254975793437333,0.0,0.023304879231739264,0.026818190755195537,0.0,0.053478149863026944,0.0,0.09386666666666665,0.03283942833123161,0.017094017094017096,0.05916030534351146,0.23420890688259108,0.13368888888888888,0.008058035714285712,0.0,0.07100778455712184,0.01661405549094534,0.1795177304964539,0.472027972027972,0.018129770992366408,0.1319758672699849,0.29622857142857145,0.0014400000000000012,0.012247667514843085,0.14522218995062447,0.4357133225458468,0.0,0.4794687327061427,0.35782188295165396,0.4732540540540541,0.6251236399604352,0.5297353169183063,0.3858144253827707,0.544717887154862,0.6276223776223776
11-9081.00,0.3052068284941095,0.39480438184663535,0.3555133079847909,0.5079732994182765,0.49894736842105264,0.4098360655737705,0.280645519899207,0.31050030138637735,0.18374426717886402,0.3105991495941245,0.25849056603773585,0.27270833333333333,0.2005210769547402,0.3472750316856781,0.33314642520906024,0.3386759581881533,0.3962065331928345,0.11753198380566804,0.22476740322312677,0.1904761904761905,0.2459411764705882,0.1960731576116192,0.0876340801426182,0.15169445938676707,0.09489916963226572,0.13580366669900087,0.07962879219834451,0.09851828499369482,0.10350609650908439,0.12128562765312312,0.0,0.07224674232870952,0.09435897435897436,0.047709923664122134,0.1451012145748988,0.08761904761904761,0.07700892857142856,0.0,0.06048811277088155,0.09170958631001827,0.13191489361702133,0.2692307692307692,0.05206106870229008,0.19565610859728502,0.1647238095238095,0.031,0.03944020356234097,0.15393552134766195,0.1887810140237325,0.06014045706747372,0.5312672938572219,0.4335877862595419,0.5117117117117117,0.49587866798549285,0.6133116763261841,0.5798899342064809,0.5730432172869149,0.7854545454545455
11-9111.00,0.4450932915539097,0.511830985915493,0.45556083650190116,0.5796539761139666,0.4484210526315789,0.34229508196721314,0.3181649744311866,0.3930078360458107,0.34494923758378737,0.4607653652879784,0.3566037735849057,0.2835666666666667,0.25767582839074216,0.3472750316856781,0.16514371157999666,0.2304297328687573,0.29636459430979983,0.0,0.13706595780029907,0.1402597402597402,0.2459411764705882,0.029349112426035513,0.023285627009324274,0.06532544378698225,0.01779359430604982,0.0,0.0,0.0,0.0,0.033570129082560865,0.0,0.0,0.02564102564102564,0.0,0.048582995951417005,0.0,0.0,0.0,0.0,0.0,0.28900709219858156,0.21922797202797203,0.0,0.10407239819004524,0.1507555555555556,0.0,0.0,0.12231193726401395,0.21069309600863,0.0,0.4521306032097399,0.4071246819338422,0.5078486486486486,0.6594131223211341,0.48359112554911593,0.3919940970300682,0.507202881152461,0.583916083916084
11-9121.00,0.515799540155045,0.5606885758998436,0.4990494296577947,0.677297732557702,0.5605263157894737,0.4781420765027322,0.2573186096494479,0.6329113924050632,0.5066441927011878,0.5310243525318903,0.5094339622641509,0.375,0.3517503321047019,0.18960709759188848,0.13568145317605362,0.2545876887340302,0.21472895445498186,0.0009327935222672072,0.13706595780029907,0.12337662337662335,0.06088235294117647,0.0,0.0,0.12772458310919851,0.0029655990510083037,0.018794257444951015,0.0,0.0,0.0,0.0,0.0,0.0,0.0,0.0,0.0362753036437247,0.0,0.0,0.0,0.0,0.0,0.2780141843971632,0.20157202797202797,0.0,0.07805429864253394,0.1111111111111111,0.0,0.0,0.05445832123148417,0.17745415318230853,0.0,0.4794687327061427,0.5491704834605597,0.4059579579579579,0.40949554896142426,0.34896083281036583,0.256686958125807,0.42429771908763503,0.3394278448823903
11-9121.01,0.3922518159806296,0.48375586854460095,0.39995247148288976,0.5282922313950076,0.3438175438596492,0.3280327868852459,0.2842955606610836,0.369427365883062,0.3242522833287601,0.43081561654425976,0.36533333333333334,0.2444,0.2469736374352162,0.3472750316856781,0.23709641690203243,0.32061324041811845,0.41271513874253596,0.0019433198380566818,0.29494102010300716,0.23015873015873015,0.2459411764705882,0.0,0.0,0.19203873050026893,0.0,0.0,0.0,0.0,0.0,0.003248722169280087,0.0,0.0,0.0,0.0,0.008097165991902834,0.0,0.0,0.0,0.0,0.0,0.2429078014184397,0.2692307692307692,0.0,0.04114630467571644,0.2085333333333333,0.0,0.0,0.15393552134766195,0.2844356796116505,0.005897644822100654,0.4521306032097399,0.3562340966921119,0.4264264264264264,0.6594131223211341,0.3760751596589021,0.3591357683084302,0.41679471788715483,0.5053528289891926
11-9121.02,0.3296233747736383,0.44136150234741783,0.3022813688212928,0.48088139011596837,0.4304842105263157,0.3280327868852459,0.2598569628696361,0.3930078360458107,0.34494923758378737,0.40086586780054123,0.27295597484276735,0.33518333333333333,0.33675416768013167,0.38022813688212925,0.29494102010300716,0.45696631823461087,0.4946727549467275,0.010040485829959514,0.36343246386442934,0.2528258778258778,0.21143382352941176,0.0,0.0,0.17667563206024742,0.0830367734282325,0.056837472111747014,0.0,0.0,0.0,0.0,0.0,0.0,0.0,0.0,0.008097165991902834,0.0,0.0,0.0,0.0,0.0,0.23829787234042557,0.36181818181818187,0.0,0.12476621417797885,0.32000000000000006,0.0,0.0,0.09410397908800465,0.13652912621359223,0.0,0.3316362294779561,0.26717557251908397,0.30462462462462464,0.22156280909990111,0.3336778766288899,0.24289798930086698,0.367875150060024,0.37635092180546725
11-9131.00,0.2868944187844629,0.35333333333333333,0.33269961977186313,0.3450455670863404,0.30701754385964913,0.26336065573770495,0.19037649151411845,0.24562989752863168,0.17890321821959157,0.28567452647854663,0.3056603773584906,0.22559999999999997,0.21043276516923307,0.2370088719898606,0.20971091543445758,0.2634146341463415,0.34392928228544667,0.0,0.17734811984272028,0.1558441558441558,0.19152941176470586,0.007767616998386228,0.0,0.10892953200645508,0.011862396204033215,0.03307789310311379,0.0,0.03583438419503994,0.03764861750357097,0.02551329810274625,0.046933333333333334,0.0305406683480454,0.009873504273504271,0.0357824427480916,0.1451012145748988,0.10666666666666666,0.013950892857142856,0.0,0.06048811277088155,0.020601428808772224,0.13821276595744686,0.22657342657342658,0.0,0.1319758672699849,0.22666666666666666,0.0,0.0,0.16994481556781876,0.3126685544768069,0.0,0.3469839513004981,0.262147582697201,0.456936936936937,0.46158918562479384,0.39412676732252944,0.39433068929471804,0.4001740696278511,0.447857596948506
11-9141.00,0.3235192382037561,0.4147104851330204,0.35266159695817495,0.41390416989637346,0.29969122807017545,0.26336065573770495,0.2598569628696361,0.33996383363471966,0.23813257026380777,0.20971008890606885,0.25267924528301894,0.185625,0.21043276516923307,0.15437262357414452,0.15143019327684554,0.1946016260162602,0.1737501463528861,0.008097165991902834,0.2608060585922357,0.10649350649350649,0.14235294117647057,0.0,0.0007211032880306876,0.05917159763313609,0.03558718861209965,0.04546997768939762,0.001474607262932307,0.0,0.0020701219301816893,0.0,0.0,0.0,0.0,0.0,0.0353425101214575,0.0,0.0,0.0,0.0,0.0,0.21276595744680854,0.280979020979021,0.0,0.08484162895927602,0.10285714285714287,0.0,0.0,0.08281150159744409,0.10234627831715208,0.0,0.40057185021213804,0.3118982188295165,0.3663663663663663,0.49587866798549285,0.45457565801616895,0.4758039722068499,0.31692677070828323,0.3989319771137953
11-9151.00,0.4781573646407715,0.4578403755868545,0.5061787072243347,0.5087258524544517,0.5715789473684211,0.5068306010928961,0.3556844289631661,0.4746835443037975,0.2795362784681118,0.40086586780054123,0.3877358490566038,0.3197666666666667,0.32742717084214273,0.3333333333333333,0.23709641690203243,0.3567386759581882,0.33551399133590915,0.0,0.25786398626571416,0.19047619047619047,0.29411764705882354,0.06724045185583648,0.0,0.1815492200107585,0.04911032028469751,0.086429333592007,0.0007078114862075072,0.0,0.0,0.0015593866412544415,0.0,0.020360445565363598,0.031794871794871796,0.002862595419847331,0.07125506072874493,0.06257777777777777,0.04185267857142857,0.0026666666666666687,0.02391472052738622,0.0438611064960957,0.24964539007092196,0.2937062937062937,0.0,0.12476621417797885,0.19047619047619047,0.0,0.0,0.1603252977054894,0.2768001618122977,0.0,0.5866076369673493,0.6661577608142493,0.6371171171171172,0.6937026046818331,0.4872826608586511,0.3927627129065978,0.5542857142857143,0.725034965034965
11-9161.00,0.4120292184670478,0.4578403755868545,0.4230608365019012,0.5723165840112582,0.6921052631578947,0.5277459016393443,0.3932038834951457,0.5021097046413502,0.41452706675551726,0.5310243525318903,0.49245283018867925,0.20052083333333331,0.2005210769547402,0.4544993662864385,0.37883507780916,0.3958745644599303,0.43905865823674034,0.12955465587044535,0.46424516807886146,0.20952380952380953,0.27999999999999997,0.09413663259817107,0.027321802357607144,0.037353415814954286,0.06263345195729536,0.0800271607333398,0.08131967519317353,0.06473308112652375,0.09108536492799427,0.11911981287360304,0.006666666666666667,0.004104928541403951,0.004273504273504274,0.005963740458015267,0.09716599190283401,0.003968253968253968,0.008058035714285712,0.0,0.0027394978610000703,0.004153513872736335,0.19432624113475178,0.3002461538461539,0.07389312977099236,0.14177978883861234,0.1492063492063492,0.075,0.06361323155216284,0.08713331397037466,0.23702973300970873,0.08536064874093044,0.4794687327061427,0.4075725190839694,0.46906906906906903,0.8255852291460599,0.589722765698254,0.435067330750784,0.5730432172869149,0.9600000000000001
11-9199.01,0.3494007772600566,0.46361502347417843,0.3768441064638784,0.5350652087205846,0.47368421052631576,0.3770491803278688,0.2779218854220707,0.369427365883062,0.23960252440123866,0.375724777734828,0.35471698113207545,0.14875,0.16137481991505603,0.28517110266159695,0.22476740322312677,0.23803948896631827,0.32014693829762325,0.0,0.1946959627845157,0.15079365079365076,0.1985294117647059,0.0,0.0,0.08284023668639053,0.0,0.0,0.0,0.0,0.0,0.0,0.0,0.0,0.0,0.0,0.0019433198380566818,0.0,0.0,0.0,0.0,0.0,0.23829787234042557,0.20391608391608396,0.0,0.04675716440422323,0.10285714285714287,0.0,0.0,0.12231193726401395,0.10234627831715208,0.0,0.40057185021213804,0.33486005089058524,0.3762258258258258,0.5192878338278931,0.38495330207833434,0.4104408780667773,0.4657142857142857,0.3827590591226955
11-9199.02,0.38150853561763687,0.4777464788732394,0.39995247148288976,0.5503044077031329,0.3779368421052632,0.2227185792349727,0.40298673386200257,0.49125979505726336,0.338638234487084,0.36858136838036337,0.36533333333333334,0.1171875,0.10571220087189179,0.2864385297845373,0.22476740322312677,0.27113588850174214,0.3260010537407798,0.0,0.06489865426150522,0.15079365079365076,0.11745588235294115,0.029349112426035513,0.023285627009324274,0.13448090371167296,0.014709371293001185,0.0,0.0,0.0,0.0,0.0,0.058197333333333344,0.0,0.0,0.0,0.07125506072874493,0.034641269841269855,0.0,0.0,0.02391472052738622,0.0,0.28900709219858156,0.17244755244755247,0.0,0.04114630467571644,0.08761904761904761,0.0,0.0,0.07054313099041533,0.147485167206041,0.0,0.40057185021213804,0.30534351145038163,0.43052972972972975,0.5192878338278931,0.5205064786444682,0.349689479185882,0.4747899159663866,0.3394278448823903
11-9199.03,0.36319612590799033,0.4578403755868545,0.374287072243346,0.5087258524544517,0.4663578947368421,0.39344262295081966,0.30079485659230715,0.5365400843881856,0.36564619183881464,0.5411673753382296,0.4245283018867924,0.51,0.4829550769921605,0.4544993662864385,0.3476837237636374,0.511033681765389,0.43905865823674034,0.0,0.2803621864097026,0.23015873015873015,0.22433823529411764,0.0,0.0,0.12641204948897256,0.0,0.0,0.0,0.0,0.0,0.0,0.0,0.0,0.0,0.0,0.0,0.0,0.0,0.0,0.0,0.0,0.2589503546099291,0.25748251748251744,0.0,0.04114630467571644,0.12444444444444444,0.0,0.0,0.09410397908800465,0.14158576051779936,0.0,0.37677550267478327,0.3562340966921119,0.29309309309309306,0.20236069897790968,0.3626933441618369,0.307830658550083,0.3114525810324129,0.3394278448823903
11-9199.04,0.3235192382037561,0.43627543035993743,0.35266159695817495,0.5079732994182765,0.3608771929824562,0.3359357923497268,0.2945971985473949,0.369427365883062,0.3242522833287601,0.5059914959412446,0.5292452830188679,0.3091666666666667,0.2638127490785264,0.27782002534854244,0.23207758763914277,0.3386759581881533,0.3962065331928345,0.0,0.2712729135515313,0.19047619047619047,0.20273529411764704,0.0,0.0,0.06532544378698225,0.0006832740213523137,0.0,0.0,0.0,0.0,0.010287620202720263,0.0,0.0,0.0,0.0,0.030121457489878545,0.0,0.0,0.0,0.0,0.0,0.19858156028368795,0.2692307692307692,0.0,0.10407239819004524,0.20190476190476192,0.0,0.0,0.09610223642172523,0.16518338727076592,0.0,0.33163622947795607,0.26717557251908397,0.46906906906906903,0.5934718100890207,0.5057403374063274,0.5049806308799114,0.375750300120048,0.3989319771137953
11-9199.07,0.37082629662034305,0.3724569640062597,0.39995247148288976,0.5001166457206071,0.4663578947368421,0.3831967213114755,0.40298673386200257,0.5021097046413502,0.39057661400964294,0.3961190568225744,0.3446540880503145,0.171875,0.1473422268789642,0.3292167300380228,0.38835354710084735,0.33031358885017426,0.36880927291886195,0.13639514170040487,0.2712729135515313,0.2528258778258778,0.17941176470588238,0.12049488972565897,0.09414404038178412,0.15129101667563208,0.11266429418742586,0.13580366669900087,0.11010400896561218,0.04925914249684741,0.21563770106059246,0.006768171186000174,0.09386666666666665,0.17507356031946195,0.07521367521367521,0.20091603053435114,0.19271255060728743,0.09523809523809523,0.06776785714285713,0.0,0.07251560417981624,0.07310184416015948,0.217645390070922,0.31384615384615383,0.13167938931297707,0.18853695324283556,0.1507555555555556,0.075,0.0746395250212044,0.16994481556781876,0.2760079557713053,0.09700073720560277,0.39402324294410623,0.3562340966921119,0.43052972972972975,0.3876557863501483,0.3793052530547455,0.28514111787493085,0.41679471788715483,0.4339732994278449
11-9199.08,0.3235192382037561,0.43818466353677626,0.3555133079847909,0.5350652087205846,0.4484210526315789,0.41704918032786886,0.4150300155636256,0.36166365280289325,0.3003018305828858,0.2899110939311944,0.25849056603773585,0.19440000000000002,0.21048889554137748,0.2958783269961977,0.36343246386442934,0.47781649245063873,0.38417632595714785,0.0019433198380566818,0.2657833527163981,0.34579124579124576,0.17227941176470588,0.12772458310919851,0.0811241199034523,0.24663797740720816,0.12574139976275206,0.12125327383839364,0.059692102003499725,0.0,0.042782519890421554,0.0,0.0896,0.10114543926019333,0.0423931623931624,0.07395038167938932,0.1373279352226721,0.1111111111111111,0.05231584821428571,0.0,0.0624868504102672,0.10994517361687987,0.23829787234042557,0.32744615384615383,0.004351145038167943,0.15879336349924583,0.2644444444444444,0.0,0.0,0.15393552134766195,0.2616808252427184,0.003880029488224114,0.426351226710939,0.35782188295165396,0.43052972972972975,0.49587866798549285,0.5641681125179963,0.3919940970300682,0.5730432172869149,0.5499046408137318
11-9199.09,0.37082629662034305,0.3724569640062597,0.374287072243346,0.4052949631625289,0.35368421052631577,0.2827868852459016,0.30015563625583636,0.36166365280289325,0.25877072635333775,0.40086586780054123,0.3306666666666667,0.2708333333333333,0.2370946919378075,0.28517110266159695,0.2836503848922856,0.33031358885017426,0.3783222105139913,0.12178137651821863,0.309436783518857,0.1402597402597402,0.17941176470588238,0.10112963959117804,0.0876340801426182,0.10112963959117804,0.10059311981020166,0.12125327383839364,0.06488271956902143,0.07224674232870952,0.11416032404308614,0.22801697998787146,0.0,0.08669609079445144,0.07521367521367521,0.08945610687022901,0.16194331983805668,0.06257777777777777,0.1255580357142857,0.0,0.05322953923837575,0.10994517361687987,0.26595744680851063,0.280979020979021,0.10496183206106868,0.19984917043740572,0.22956190476190474,0.09375,0.11195928753180659,0.1728144060412431,0.2616808252427184,0.08536064874093044,0.426351226710939,0.3330788804071247,0.46906906906906903,0.4688427299703264,0.5057403374063274,0.4031543995572773,0.3814165666266507,0.3394278448823903
11-9199.10,0.3433576820558732,0.43627543035993743,0.34862167300380226,0.4408079409396377,0.3779368421052632,0.2694672131147541,0.2945971985473949,0.5021097046413502,0.36846850378268203,0.3177425589485891,0.30157232704402515,0.3091666666666667,0.2638127490785264,0.3292167300380228,0.24445505897989703,0.3637630662020906,0.27441166139796275,0.008097165991902834,0.3476837237636374,0.11832611832611833,0.16864705882352943,0.010220548682087141,0.009514557272627117,0.029349112426035513,0.01779359430604982,0.011519061014647393,0.004669589665952302,0.0019703656998738984,0.004312754021211849,0.2035865892748852,0.0,0.0062394913829340055,0.004273504273504274,0.002862595419847331,0.11336032388663968,0.0019047619047619063,0.005301339285714285,0.0,0.0013149589732800349,0.004153513872736335,0.3102836879432624,0.2692307692307692,0.002862595419847331,0.12217194570135748,0.16825396825396827,0.0,0.0,0.12231193726401395,0.2326051779935275,0.003880029488224114,0.4521306032097399,0.35782188295165396,0.3951951951951952,0.45507418397626115,0.4317342832884197,0.42193937157965933,0.3306602641056422,0.3537698664971392
11-9199.11,0.36319612590799033,0.45070422535211263,0.374287072243346,0.520954839292299,0.4857894736842105,0.4098360655737705,0.3932038834951457,0.5274261603375527,0.41452706675551726,0.3961190568225744,0.4716981132075471,0.36458333333333337,0.27825696484367685,0.20278833967046897,0.1946959627845157,0.40418118466898956,0.3161222339304531,0.015261538461538458,0.35101345738494766,0.1402597402597402,0.1175,0.0,0.0,0.13555675094136635,0.04911032028469751,0.07362498787467261,0.004669589665952302,0.0019703656998738984,0.006555386112242011,0.0015593866412544415,0.0,0.0,0.0,0.0,0.008097165991902834,0.0,0.0,0.0,0.0013149589732800349,0.0,0.2429078014184397,0.34845874125874127,0.0,0.17722473604826544,0.18888888888888888,0.0,0.0025445292620865164,0.09410397908800465,0.24656148867313912,0.0018624141543475748,0.37677550267478327,0.3826972010178117,0.3190486486486486,0.652080448400923,0.445051496917568,0.4758039722068499,0.3306602641056422,0.3537698664971392
13-1011.00,0.38252589171261725,0.39480438184663535,0.43126425855513306,0.46164613451132963,0.4042105263157894,0.3359357923497268,0.280645519899207,0.3164556962025316,0.2781937203559249,0.1939543873212215,0.19441509433962265,0.21875,0.1772831028869721,0.1652724968314322,0.1263775821011242,0.11614401858304296,0.08945820161573585,0.0,0.18967713352162596,0.11976911976911975,0.17002941176470587,0.03388918773534158,0.03755746291826495,0.12641204948897256,0.04448398576512456,0.028646085944320495,0.0008306954247851982,0.0,0.0,0.0,0.0,0.0,0.0,0.0,0.030607287449392704,0.0020634920634920615,0.0,0.0,0.0,0.0,0.2612624113475177,0.19304055944055945,0.0,0.05368778280542985,0.10349206349206348,0.0,0.0014334181509754018,0.11487075225094394,0.1666582389428263,0.0021857499450329138,0.4759269507470947,0.3318066157760814,0.4209009009009009,0.3738872403560831,0.7475359001808852,0.6091280821496649,0.27783913565426166,0.5053528289891926
13-1021.00,0.22788776527560178,0.30769953051643195,0.33269961977186313,0.25398664970913826,0.30701754385964913,0.26336065573770495,0.11487437930778922,0.22792043399638334,0.1703970836109913,0.18981059141863166,0.24654088050314465,0.2985666666666667,0.2928134413531162,0.2577946768060836,0.15506451791548984,0.208130081300813,0.2469704952581665,0.0009327935222672072,0.12815667054327964,0.1402597402597402,0.20458823529411763,0.0710059171597633,0.051829298827205626,0.12049488972565897,0.04911032028469751,0.0627485692113687,0.0007078114862075072,0.0,0.0,0.0,0.0,0.06797761664564943,0.017094017094017096,0.0,0.09234655870445345,0.06257777777777777,0.013950892857142856,0.0,0.010957991444000281,0.01661405549094534,0.17100709219858154,0.2876923076923077,0.0,0.10751131221719457,0.26948571428571433,0.0,0.0,0.11617775196049956,0.168554476806904,0.0,0.2922339051835454,0.24732824427480918,0.28419459459459456,0.20236069897790968,0.46616707888810954,0.4031543995572773,0.22861944777911158,0.31277813095994916
13-1022.00,0.3052068284941095,0.34824726134585293,0.33269961977186313,0.246461119347386,0.3217543859649123,0.2766393442622951,0.18609649447861856,0.36166365280289325,0.1528164321273176,0.20971008890606885,0.3877358490566038,0.3770833333333334,0.32479839841338143,0.176425855513308,0.2657833527163981,0.2968641114982578,0.3260010537407798,0.0,0.20200614720053164,0.11832611832611833,0.06088235294117647,0.10112963959117804,0.07511492583652989,0.10758472296933837,0.0,0.059753613347560394,0.0,0.0,0.0,0.033570129082560865,0.015402666666666663,0.08209857082807902,0.038461538461538464,0.005963740458015267,0.13639514170040487,0.023809523809523808,0.031389508928571425,0.0,0.004164036748720107,0.0009569695962784524,0.07651063829787237,0.24923076923076926,0.0,0.028989441930618403,0.30857142857142855,0.0,0.0,0.060121986639558526,0.0948118932038835,0.0,0.3539937280944475,0.26876335877862595,0.3427027027027027,0.2407649192218925,0.6133116763261841,0.6091280821496649,0.33853541416566624,0.3989319771137953
13-1023.00,0.3235192382037561,0.4147104851330204,0.35266159695817495,0.4515318217051347,0.25052631578947365,0.20158469945355192,0.23733602608760102,0.4421338155515371,0.3194700325349849,0.40086586780054123,0.29323270440251575,0.2816666666666667,0.2469736374352162,0.2864385297845373,0.17444758265492608,0.15145180023228802,0.23270108886547242,0.006153846153846155,0.06489865426150522,0.12337662337662333,0.16864705882352943,0.04034427111350188,0.03305056736807315,0.07530930607853685,0.011179122182680898,0.0,0.0,0.0,0.0,0.0,0.0,0.0,0.0,0.0,0.0009327935222672072,0.0,0.0,0.0,0.0,0.0,0.17730496453900707,0.09027692307692309,0.0,0.01885369532428356,0.07710476190476188,0.0,0.0,0.014522218995062446,0.09270496224379718,0.0,0.42479247371333706,0.24732824427480918,0.3951951951951952,0.2407649192218925,0.5537302964302854,0.4688556846830228,0.33853541416566624,0.30260648442466626
13-1031.01,0.3433576820558732,0.39480438184663535,0.3284790874524715,0.3870003988531092,0.2573684210526316,0.2182377049180328,0.20560661083524792,0.34388185654008435,0.29399082748618244,0.36858136838036337,0.27295597484276735,0.24,0.21651355548487283,0.3472750316856781,0.23207758763914277,0.2545876887340302,0.33551399133590915,0.0019433198380566818,0.1730630780306806,0.17316017316017313,0.21143382352941176,0.05043033889187735,0.04206435846845675,0.1960731576116192,0.014709371293001185,0.0,0.0,0.0,0.0,0.0,0.0,0.0,0.0,0.0,0.008097165991902834,0.0,0.0,0.0,0.0,0.0,0.1602836879432624,0.22657342657342658,0.0,0.07070135746606335,0.20190476190476192,0.0,0.0,0.10165553296543711,0.21864886731391583,0.0,0.33163622947795607,0.22589312977099238,0.34878078078078073,0.22584899439498846,0.3460814352689283,0.45462091864969567,0.30424969987995193,0.4605848696757788
13-1031.02,0.37082629662034305,0.43818466353677626,0.33418250950570344,0.3870003988531092,0.21052631578947367,0.1380601092896175,0.18609649447861856,0.3417721518987342,0.30183058288581394,0.3177425589485891,0.27916981132075475,0.3197666666666667,0.3487099369468819,0.14378707224334603,0.37883507780916,0.3958745644599303,0.48401826484018273,0.006153846153846155,0.3083984050506729,0.18831168831168826,0.08625,0.07423345884884347,0.06259577153044157,0.19203873050026893,0.06548042704626333,0.0,0.0007078114862075072,0.0,0.0,0.0015593866412544415,0.0,0.0,0.0,0.0,0.0019433198380566818,0.0,0.0,0.0,0.0,0.0,0.3383829787234043,0.34845874125874127,0.002862595419847331,0.10751131221719457,0.1346031746031746,0.0,0.005301102629346904,0.10165553296543711,0.08722694174757281,0.008083394767133564,0.3539937280944475,0.31170483460559795,0.3190486486486486,0.20236069897790968,0.2934770571080512,0.5049806308799114,0.09296518607442975,0.3827590591226955
13-1032.00,0.3052068284941095,0.3116666666666667,0.33269961977186313,0.3870003988531092,0.16811228070175438,0.13661202185792348,0.22083673015637742,0.21097046413502107,0.16610481752969306,0.18981059141863166,0.25267924528301894,0.16875,0.18146013808071546,0.11406844106463879,0.144985324250983,0.2787456445993032,0.2403407095187917,0.10011983805668018,0.21632884753835074,0.19047619047619047,0.101875,0.15169445938676707,0.0773984195819604,0.09037116729424421,0.0930011862396204,0.09093995537879523,0.01843259078665382,0.024629571248423705,0.025876524127271098,0.010287620202720263,0.0,0.0305406683480454,0.03008547008547009,0.01377862595419847,0.06384453441295547,0.009168253968253966,0.04185267857142857,0.0,0.02038186408584053,0.0063133410865592295,0.15957446808510642,0.16573426573426575,0.09404580152671756,0.20814479638009045,0.18888888888888888,0.075,0.12722646310432567,0.14522218995062447,0.17745415318230853,0.07056480295916917,0.289153292750415,0.20916030534351143,0.25657657657657656,0.13114408176722714,0.23256672450071983,0.2174414314702084,0.12751500600240095,0.3610934520025429
13-1041.01,0.4196593891794006,0.4578403755868545,0.4574619771863118,0.5802635440732685,0.3217543859649123,0.21148907103825137,0.4835840806344031,0.5527426160337553,0.5135039786758654,0.5736374178585234,0.5094339622641509,0.2870833333333333,0.2532602391153853,0.3653333333333333,0.39536606302265054,0.6764227642276424,0.6710279826718183,0.18218623481781376,0.37152489339314393,0.17316017316017313,0.22433823529411764,0.13448090371167296,0.11217162258255133,0.2588757396449704,0.18647686832740215,0.1606605878358716,0.07569650616385834,0.08669609079445144,0.14628861639950594,0.006768171186000174,0.08260266666666666,0.11493799915931062,0.067391452991453,0.0,0.13639514170040487,0.07111111111111111,0.06138392857142856,0.0,0.041092467915001055,0.03738162485462702,0.3468085106382979,0.39968671328671335,0.11587786259541982,0.37146304675716435,0.4549587301587302,0.084,0.10300254452926207,0.19604995643334303,0.46015372168284796,0.15706359368331196,0.4521306032097399,0.3562340966921119,0.36250330330330327,0.22156280909990111,0.26047473144080624,0.23016971038553768,0.31692677070828323,0.3095486331849968
13-1041.02,0.3052068284941095,0.39480438184663535,0.33269961977186313,0.4221822532943009,0.30701754385964913,0.24385245901639344,0.18053805677017717,0.24412296564195302,0.3003018305828858,0.2372477773482799,0.23396226415094346,0.13685,0.2005210769547402,0.3292167300380228,0.24445505897989703,0.2968641114982578,0.3962065331928345,0.12955465587044535,0.18967713352162596,0.15584415584415579,0.2459411764705882,0.15169445938676707,0.11195128546676415,0.1484669176976869,0.1693950177935943,0.16732951789698322,0.13025697489235366,0.07224674232870952,0.12144715323732568,0.06714025816512174,0.015402666666666663,0.09851828499369482,0.08547008547008547,0.06297709923664122,0.1451012145748988,0.1111111111111111,0.125,0.0,0.07670594010800197,0.11629838843661738,0.28900709219858156,0.36125874125874124,0.1431297709923664,0.2907692307692308,0.26948571428571433,0.15000000000000002,0.16963528413910092,0.18472262561719432,0.4151159654800432,0.1616678953426713,0.4521306032097399,0.35782188295165396,0.4141645645645646,0.1490273656445763,0.285281848720883,0.2501844678103671,0.29157262905162057,0.3989319771137953
13-1041.03,0.5127474718701039,0.539906103286385,0.4888307984790875,0.6242427435073487,0.3991228070175439,0.29508196721311475,0.3610761135403544,0.5021097046413502,0.39198776998157664,0.4684035562427522,0.3446540880503145,0.21875,0.22873126648829684,0.3653333333333333,0.37152489339314393,0.4343786295005807,0.3783222105139913,0.0,0.1730630780306806,0.12337662337662333,0.2459411764705882,0.0,0.0,0.09413663259817107,0.0,0.0,0.0,0.0,0.0,0.050355193623841304,0.0,0.0,0.004273504273504274,0.0,0.048582995951417005,0.0,0.0,0.0,0.0,0.0,0.3546099290780142,0.23835524475524478,0.0,0.007164404223227752,0.09051428571428571,0.0,0.0,0.08281150159744409,0.316039644012945,0.003880029488224114,0.5312672938572219,0.3826972010178117,0.5463063063063064,0.22156280909990111,0.46934179925430985,0.32166574432761486,0.34439375750300116,0.4339732994278449
13-1041.04,0.3052068284941095,0.39480438184663535,0.33269961977186313,0.5079732994182765,0.4042105263157894,0.24385245901639344,0.3556844289631661,0.4746835443037975,0.4409862412292737,0.6129725550831079,0.45849056603773586,0.25,0.2532602391153853,0.54417237008872,0.4593509442321537,0.7156794425087109,0.6480213089802132,0.2623481781376518,0.44027247051005153,0.24531024531024526,0.3161764705882353,0.19203873050026893,0.14650415135156789,0.22404518558364708,0.13345195729537365,0.1882457076341061,0.11671024950354891,0.09363177805800756,0.13524796610520362,0.10829073897600279,0.08,0.13829340058848255,0.067391452991453,0.029580152671755722,0.18951255060728742,0.09813333333333332,0.08370535714285714,0.0,0.07670594010800197,0.07310184416015948,0.4404255319148936,0.5320615384615386,0.15458015267175573,0.37146304675716435,0.41996190476190476,0.132,0.21204410517387615,0.23525994772001163,0.4151159654800432,0.15706359368331196,0.4521306032097399,0.4075725190839694,0.3339147147147147,0.29665677546983177,0.3336778766288899,0.279007563180225,0.375750300120048,0.3989319771137953
13-1041.06,0.39982094532728346,0.4147104851330204,0.4158745247148289,0.520954839292299,0.35368421052631577,0.26336065573770495,0.2945971985473949,0.42194092827004215,0.4605856297283525,0.4884112872052571,0.4101383647798742,0.14375,0.1473422268789642,0.3168567807351077,0.4593509442321537,0.616548199767712,0.42149631190727077,0.05016356275303644,0.33314642520906024,0.2092352092352092,0.16864705882352943,0.3356643356643357,0.2588961110499064,0.3356643356643357,0.1921708185053381,0.265241536521486,0.041289003362104566,0.016419714165615804,0.12972764095805242,0.0015593866412544415,0.07039999999999999,0.20524642707019752,0.12854700854700854,0.0,0.18218623481781376,0.09523809523809523,0.1325,0.0,0.07670594010800197,0.0438611064960957,0.3102836879432624,0.34845874125874127,0.0366793893129771,0.20814479638009045,0.3333333333333333,0.066,0.12091603053435114,0.08713331397037466,0.2616808252427184,0.04009363804498248,0.426351226710939,0.31170483460559795,0.5007807807807808,0.376195186284207,0.22108604968806525,0.1575662546885568,0.367875150060024,0.41645263827082013
13-1041.07,0.3509878527682259,0.5047887323943662,0.38735741444866917,0.5503044077031329,0.4378947368421052,0.30540983606557376,0.2842955606610836,0.37160940325497294,0.27635137783701147,0.5160572091225358,0.39999999999999997,0.21,0.1859037925421445,0.39999999999999997,0.3083984050506729,0.44459930313588847,0.43905865823674034,0.0,0.20200614720053164,0.15584415584415579,0.09375,0.0007746100053792369,0.003129788576522079,0.19203873050026893,0.0006832740213523137,0.0,0.0007078114862075072,0.0,0.0,0.0015593866412544415,0.0,0.0,0.0,0.0,0.0019433198380566818,0.0,0.0,0.0,0.0,0.0,0.2970780141843972,0.2392335664335665,0.0,0.04675716440422323,0.1507555555555556,0.0,0.0,0.10920708684286957,0.22333468176914778,0.012286760046043017,0.3539937280944475,0.3297709923664122,0.3016216216216216,0.4313353115727002,0.3820739045368968,0.279007563180225,0.34439375750300116,0.3394278448823903
13-1051.00,0.3235192382037561,0.3724569640062597,0.35266159695817495,0.4052949631625289,0.38315789473684214,0.24385245901639344,0.09391906914696513,0.4421338155515371,0.36846850378268203,0.4236567452647855,0.4101383647798742,0.53125,0.5563642486949689,0.16197718631178706,0.2523259677687324,0.31358885017421606,0.3783222105139913,0.0009327935222672072,0.2803621864097026,0.1558441558441558,0.07941176470588236,0.0007746100053792369,0.003129788576522079,0.05043033889187735,0.0,0.0,0.0,0.0,0.0,0.07147188772416183,0.0,0.0,0.004273504273504274,0.0,0.054412955465587054,0.0,0.0,0.0,0.0,0.0,0.2652482269503546,0.24923076923076926,0.0,0.049773755656108594,0.08380952380952379,0.0,0.0,0.065349985477781,0.10234627831715208,0.0,0.3271997786386276,0.20916030534351143,0.2719711711711712,0.22156280909990111,0.3655173686736313,0.3175152185943553,0.27003601440576225,0.24698029243483788
13-1071.00,0.3296233747736383,0.41715179968701094,0.33418250950570344,0.43347054883692926,0.27578947368421053,0.21174863387978143,0.19988141999555328,0.36166365280289325,0.15875504684253852,0.34316196366447627,0.31194968553459124,0.129375,0.1257975190375512,0.2577946768060836,0.1946959627845157,0.286411149825784,0.2524587284861257,0.0,0.13568145317605362,0.06625781625781624,0.09375,0.0,0.0,0.11326519634211943,0.0,0.0,0.0,0.0,0.0,0.0,0.0,0.0,0.0,0.0,0.0019433198380566818,0.0,0.0,0.0,0.0,0.0,0.23829787234042557,0.13346013986013988,0.0,0.0,0.05333333333333334,0.0,0.0,0.07054313099041533,0.12014563106796115,0.0,0.40057185021213804,0.3083358778625955,0.3837837837837838,0.3403363006923838,0.26047473144080624,0.24289798930086698,0.2935174069627851,0.40940877304513673
13-1074.00,0.1424298532972511,0.107981220657277,0.16397338403041825,0.1700769861756007,0.09890526315789476,0.05844262295081967,0.09391906914696513,0.06683544303797466,0.0543295049194465,0.10088906068805567,0.09308176100628933,0.08773333333333333,0.09355062024061221,0.13231939163498102,0.07528243894334606,0.12125435540069687,0.184404636459431,0.10493927125506074,0.07787838511380628,0.1085257335257335,0.17227941176470588,0.17667563206024742,0.17276432942401873,0.08068854222700376,0.2676156583629893,0.34193423222427005,0.1536049232221152,0.21571563682219416,0.22663694891629116,0.003248722169280087,0.23893333333333336,0.1559478772593527,0.09025641025641025,0.0,0.22348178137651817,0.1346031746031746,0.07366071428571427,0.0,0.08766393155200225,0.05582322644957635,0.06170212765957448,0.18164475524475526,0.2137404580152672,0.23981900452488686,0.17857142857142858,0.132,0.12722646310432567,0.12231193726401395,0.1887810140237325,0.08018727608996497,0.289153292750415,0.19242748091603054,0.25657657657657656,0.21496867787668972,0.1845767654767618,0.20848705650863922,0.24849939975990393,0.25335028607755883
13-1075.00,0.42372881355932207,0.48375586854460095,0.45556083650190116,0.520954839292299,0.4663578947368421,0.4532513661202186,0.3181649744311866,0.4421338155515371,0.23666261612637682,0.2372477773482799,0.25267924528301894,0.21,0.19364978389806722,0.3168567807351077,0.3083984050506729,0.2545876887340302,0.27441166139796275,0.0,0.20200614720053164,0.20952380952380953,0.1985294117647059,0.0,0.0,0.0,0.0,0.0,0.0,0.0,0.0,0.07519708914493635,0.0,0.0,0.0,0.0,0.11753198380566804,0.0,0.0,0.0,0.0,0.0,0.15602836879432622,0.16671328671328675,0.0,0.02828054298642534,0.1492063492063492,0.0,0.0,0.1270694162067964,0.09270496224379718,0.0,0.3539937280944475,0.3330788804071247,0.49124324324324325,0.3403363006923838,0.7775296245708591,0.7228832318760376,0.35320528211284513,0.5499046408137318
13-1081.00,0.36319612590799033,0.39480438184663535,0.35266159695817495,0.4052949631625289,0.4857894736842105,0.47207650273224044,0.3361743126065368,0.5527426160337553,0.36846850378268203,0.5782759953614225,0.31194968553459124,0.2816666666666667,0.31620109641326927,0.39999999999999997,0.3028603865536911,0.3386759581881533,0.35216163212738555,0.0009327935222672072,0.39536606302265054,0.10649350649350649,0.16180147058823527,0.0,0.0,0.10112963959117804,0.0,0.0,0.0,0.0,0.0,0.020575240405440523,0.0,0.0,0.012991452991452988,0.002862595419847331,0.054412955465587054,0.0,0.0,0.0,0.0,0.0,0.2589503546099291,0.2937062937062937,0.0,0.01088989441930618,0.1111111111111111,0.0,0.0,0.065349985477781,0.15844120819848972,0.0,0.4794687327061427,0.4075725190839694,0.4141645645645646,0.6198483349818661,0.4121783749861567,0.3591357683084302,0.3457382953181272,0.4605848696757788
13-1081.01,0.3494007772600566,0.5144757433489828,0.3768441064638784,0.5564678170694081,0.5821052631578947,0.46174863387978143,0.3112725116727192,0.41658830620855936,0.36564619183881464,0.4684035562427522,0.3509433962264151,0.49439999999999995,0.462551686717683,0.5092522179974651,0.29602785623303984,0.31358885017421606,0.41271513874253596,0.008097165991902834,0.44771418286537085,0.2754930254930254,0.21143382352941176,0.16810112963959117,0.0811241199034523,0.35580419580419587,0.0,0.0,0.0,0.0,0.0,0.0,0.0,0.0,0.0,0.0,0.008097165991902834,0.0,0.0,0.0,0.0,0.0,0.2780141843971632,0.31951328671328677,0.0,0.19984917043740572,0.3055555555555556,0.0,0.0,0.15393552134766195,0.29075647249190933,0.0,0.3539937280944475,0.351206106870229,0.3427027027027027,0.3699307616221563,0.2934770571080512,0.23016971038553768,0.35320528211284513,0.392879847425302
13-1081.02,0.26959936516979677,0.3333333333333333,0.2760836501901141,0.31042812742228015,0.42105263157894735,0.38745901639344266,0.2779218854220707,0.36166365280289325,0.2795362784681118,0.43081561654425976,0.4308176100628931,0.42916666666666664,0.3616620203191947,0.30038022813688214,0.2712729135515313,0.42519860627177697,0.3962065331928345,0.008097165991902834,0.3476837237636374,0.2092352092352092,0.13183823529411764,0.003362022592791824,0.0007211032880306876,0.12990855298547604,0.0045077105575326215,0.000873023571636435,0.001474607262932307,0.0009457755359394711,0.000993658526487211,0.006768171186000174,0.0,0.0,0.0,0.0,0.006153846153846155,0.0,0.0,0.0,0.0,0.0,0.17730496453900707,0.1875524475524476,0.0,0.05656108597285067,0.11520000000000002,0.0,0.0,0.09758931164681964,0.2616808252427184,0.0,0.2663715181700793,0.15871755725190836,0.2303423423423423,0.15899769205407185,0.24715751781165782,0.1540921109266433,0.24849939975990393,0.25335028607755883
13-1111.00,0.4552058111380145,0.4877230046948357,0.5228136882129278,0.5796539761139666,0.5405263157894737,0.3678688524590164,0.3361743126065368,0.4746835443037975,0.41550703618047125,0.5310243525318903,0.3446540880503145,0.25,0.2469736374352162,0.2958783269961977,0.23709641690203243,0.22276422764227644,0.2469704952581665,0.0,0.17444758265492608,0.09367484367484366,0.18661764705882353,0.0,0.0,0.04518558364712211,0.0,0.0,0.0,0.0,0.0,0.04060902711600104,0.0,0.0,0.0,0.0,0.048582995951417005,0.0,0.0,0.0,0.0,0.0,0.17100709219858154,0.17244755244755247,0.0,0.01088989441930618,0.03571428571428571,0.0,0.0,0.04356665698518734,0.07416396979503775,0.0,0.3539937280944475,0.35782188295165396,0.4732540540540541,0.4315858885591824,0.3626933441618369,0.2501844678103671,0.3913565426170468,0.3827590591226955
13-1121.00,0.3433576820558732,0.43627543035993743,0.374287072243346,0.5282922313950076,0.5701754385964912,0.45901639344262296,0.2945971985473949,0.369427365883062,0.20285367096546586,0.34316196366447627,0.27295597484276735,0.25,0.22721574644039885,0.21425602027883395,0.20200614720053164,0.2968641114982578,0.29636459430979983,0.030121457489878545,0.3559907515091101,0.1714285714285714,0.27999999999999997,0.1670252824098978,0.12519154306088318,0.1484669176976869,0.0830367734282325,0.06820496653409643,0.0007078114862075072,0.016419714165615804,0.026525162332061366,0.050355193623841304,0.0032000000000000028,0.10114543926019333,0.08303589743589743,0.005963740458015267,0.18218623481781376,0.1111111111111111,0.08593749999999999,0.0,0.0624868504102672,0.06549925236750291,0.217645390070922,0.31951328671328677,0.0013740458015267186,0.09954751131221717,0.18575238095238095,0.0014400000000000012,0.0746395250212044,0.07054313099041533,0.21864886731391583,0.0018624141543475748,0.5047039291643608,0.3330788804071247,0.4732540540540541,0.5578635014836795,0.45457565801616895,0.4031543995572773,0.33853541416566624,0.6810934520025428
13-1131.00,0.3235192382037561,0.39123630672926446,0.4524714828897339,0.5564678170694081,0.4663578947368421,0.39344262295081966,0.15737789965167126,0.40687160940325495,0.23813257026380777,0.30132199458832626,0.29323270440251575,0.19440000000000002,0.19060938874024735,0.2577946768060836,0.144985324250983,0.1821138211382114,0.1639152324083831,0.0009327935222672072,0.1263775821011242,0.10649350649350649,0.16180147058823527,0.0,0.0007211032880306876,0.1670252824098978,0.04448398576512456,0.05092637501212533,0.0007078114862075072,0.0,0.000993658526487211,0.010287620202720263,0.0,0.0,0.0,0.0,0.0019433198380566818,0.0,0.0,0.0,0.0,0.0,0.14184397163120566,0.20839160839160842,0.0,0.07805429864253394,0.11936507936507935,0.0,0.0,0.060121986639558526,0.12014563106796115,0.0,0.5312672938572219,0.4075725190839694,0.4849249249249249,0.5769864820309925,0.7687622282107127,0.4288876591034864,0.29157262905162057,0.5363254926891291
13-1141.00,0.2976376991474556,0.41158059467918623,0.35266159695817495,0.33864886627885105,0.3377192982456141,0.29102459016393445,0.19402653227599498,0.33996383363471966,0.21608325820234406,0.3238345574023966,0.3306666666666667,0.2916666666666667,0.2683780193462682,0.2577946768060836,0.2836503848922856,0.3637630662020906,0.33551399133590915,0.0,0.13550839009802293,0.1558441558441558,0.07941176470588236,0.007767616998386228,0.009514557272627117,0.0710059171597633,0.009015421115065241,0.0,0.0,0.0,0.0,0.003248722169280087,0.0,0.0,0.006495726495726497,0.0,0.02008097165991903,0.0,0.0,0.0,0.0,0.0,0.14574468085106385,0.1875524475524476,0.0,0.01088989441930618,0.09051428571428571,0.0,0.0,0.07667731629392971,0.11630258899676374,0.0018624141543475748,0.3316362294779561,0.3083358778625955,0.3483675675675676,0.18067919551599076,0.3626933441618369,0.2640195535878989,0.3601440576230492,0.3610934520025429
13-1151.00,0.37082629662034305,0.39480438184663535,0.4524714828897339,0.5503044077031329,0.4926315789473684,0.5277459016393443,0.22083673015637742,0.3930078360458107,0.25871192818784056,0.26478546579049095,0.3446540880503145,0.14875,0.16137481991505603,0.5092522179974651,0.21338677521182922,0.2545876887340302,0.2469704952581665,0.0009327935222672072,0.21338677521182922,0.13708513708513706,0.26938235294117646,0.0007746100053792369,0.0007211032880306876,0.14254975793437333,0.0006832740213523137,0.000873023571636435,0.0007078114862075072,0.0009457755359394711,0.000993658526487211,0.0,0.0,0.0,0.0,0.0,0.12178137651821863,0.0,0.0,0.0,0.0,0.0,0.2936170212765958,0.36181818181818187,0.0,0.01885369532428356,0.12698412698412698,0.0014400000000000012,0.0,0.08945686900958466,0.12014563106796115,0.0,0.4794687327061427,0.559796437659033,0.5463063063063064,0.5192878338278931,0.32808520063494406,0.2939955727725512,0.7759243697478991,0.5912269548633186
13-1161.00,0.3179237796813641,0.4777464788732394,0.3564638783269962,0.5926355159879892,0.5621473684210526,0.35928961748633875,0.19402653227599498,0.43037974683544294,0.3194700325349849,0.36858136838036337,0.48498113207547167,0.3966666666666666,0.3395887514734223,0.3168567807351077,0.21632884753835074,0.36655052264808363,0.34141201264488935,0.0,0.21632884753835074,0.22799422799422794,0.101875,0.0007746100053792369,0.0,0.1815492200107585,0.0,0.0,0.0,0.0,0.0,0.0015593866412544415,0.0,0.0,0.0,0.0,0.006153846153846155,0.0,0.0,0.0,0.0,0.0,0.24822695035460993,0.26090629370629376,0.0,0.05656108597285067,0.19714285714285712,0.0,0.0,0.10920708684286957,0.147485167206041,0.0,0.30741560597675704,0.2885496183206107,0.31067867867867865,0.2407649192218925,0.318394920447414,0.14757424829367274,0.2935174069627851,0.2736808645899555
13-1199.01,0.28079028221458074,0.3536776212832551,0.30988593155893535,0.4515318217051347,0.4094315789473685,0.2766393442622951,0.2779218854220707,0.31050030138637735,0.23213515738308962,0.40086586780054123,0.3446540880503145,0.42356666666666665,0.42448593934177786,0.3292167300380228,0.28711164645289916,0.4117909407665505,0.46540217773094483,0.10493927125506074,0.33314642520906024,0.17316017316017313,0.2459411764705882,0.30984400215169444,0.212545194147045,0.2396449704142012,0.2733096085409253,0.34193423222427005,0.08601875700438451,0.12347625052543083,0.12972764095805242,0.1754309971411245,0.03306666666666667,0.1471206389239176,0.11076923076923079,0.022480916030534346,0.20113360323886637,0.11936507936507935,0.24860491071428575,0.0,0.09229258713794797,0.19442432297723874,0.23829787234042557,0.31951328671328677,0.15458015267175573,0.19004524886877827,0.30857142857142855,0.16200000000000003,0.16624257845631893,0.2073772872494917,0.22333468176914778,0.19989911923330617,0.25110680686220255,0.1561730279898219,0.24118198198198199,0.16485328058028353,0.2699988925394071,0.23634938203283523,0.30424969987995193,0.3458359821996186
13-1199.02,0.31588906749140333,0.34824726134585293,0.374287072243346,0.4695930945733401,0.5052210526315789,0.3280327868852459,0.3361743126065368,0.4421338155515371,0.29399082748618244,0.43081561654425976,0.3877358490566038,0.171875,0.16976631055063893,0.28517110266159695,0.29494102010300716,0.45696631823461087,0.3260010537407798,0.02850202429149798,0.4821537353934763,0.23015873015873015,0.1827941176470588,0.001613770844540077,0.0015022985167305993,0.1670252824098978,0.08920521945432977,0.07362498787467261,0.004669589665952302,0.0019703656998738984,0.006555386112242011,0.0,0.0,0.0,0.0,0.0,0.008097165991902834,0.0,0.0016741071428571443,0.0,0.0013149589732800349,0.0,0.23829787234042557,0.33398601398601396,0.002862595419847331,0.19984917043740572,0.20793650793650795,0.0,0.0012213740458015278,0.16337496369445254,0.29075647249190933,0.0018624141543475748,0.3529791551374285,0.31170483460559795,0.3427027027027027,0.3403363006923838,0.3336778766288899,0.24289798930086698,0.3913565426170468,0.5053528289891926
13-1199.03,0.25433902374509126,0.3724569640062597,0.2680608365019011,0.41390416989637346,0.30701754385964913,0.24385245901639344,0.09994070999777666,0.24562989752863168,0.12402493042217083,0.3177425589485891,0.39999999999999997,0.235,0.2370946919378075,0.38022813688212925,0.2712729135515313,0.3386759581881533,0.35216163212738555,0.0,0.11993271307526168,0.19047619047619047,0.1985294117647059,0.0,0.0,0.041689080150618625,0.0,0.0,0.0,0.0,0.0,0.0015593866412544415,0.0,0.0,0.006495726495726497,0.0,0.02008097165991903,0.0,0.0,0.0,0.0,0.0,0.20035460992907797,0.19755524475524477,0.0,0.01885369532428356,0.11936507936507935,0.0,0.0,0.051118210862619806,0.147485167206041,0.0,0.31193506733075077,0.20610687022900764,0.25657657657657656,0.18067919551599076,0.246520727970763,0.2640195535878989,0.3249939975990396,0.40623013350286075
13-1199.04,0.25433902374509126,0.41158059467918623,0.34862167300380226,0.5610282884686297,0.716098245614035,0.4987978142076503,0.41121322167049584,0.5274261603375527,0.41452706675551726,0.641283339775802,0.5094339622641509,0.2708333333333333,0.286676520665332,0.3485424588086185,0.37918120396522126,0.5653333333333334,0.4292237442922375,0.006153846153846155,0.42071634269258457,0.1714285714285714,0.14235294117647057,0.001613770844540077,0.0007211032880306876,0.19203873050026893,0.0006832740213523137,0.0,0.0,0.0,0.0,0.0015593866412544415,0.0,0.0,0.0,0.0,0.006153846153846155,0.0,0.0,0.0,0.0,0.0,0.28900709219858156,0.25748251748251744,0.0,0.11312217194570136,0.18888888888888888,0.0,0.0025445292620865164,0.10165553296543711,0.168554476806904,0.0,0.40057185021213804,0.4075725190839694,0.34878078078078073,0.4807121661721068,0.39730148768872975,0.2939955727725512,0.42016806722689076,0.543178639542276
13-1199.05,0.25433902374509126,0.39480438184663535,0.28517110266159695,0.4408079409396377,0.4304842105263157,0.41704918032786886,0.2417920403172015,0.369427365883062,0.25877072635333775,0.29020487050637805,0.25267924528301894,0.21,0.2005210769547402,0.22813688212927757,0.21970011629838845,0.31358885017421606,0.35216163212738555,0.0,0.24445505897989703,0.1402597402597402,0.1910735294117647,0.0,0.0,0.09760086067778377,0.0,0.0,0.0,0.0,0.0,0.0,0.0,0.0,0.0,0.0,0.0,0.0,0.0,0.0,0.0,0.0,0.15602836879432622,0.24923076923076926,0.0,0.0915837104072398,0.18575238095238095,0.0,0.0,0.18472262561719432,0.22333468176914778,0.0,0.376351226710939,0.3297709923664122,0.3297297297297297,0.3461918892185954,0.3565192513566392,0.2501844678103671,0.3601440576230492,0.37635092180546725
13-1199.06,0.16831139235355155,0.2926447574334899,0.20793726235741444,0.3450455670863404,0.35368421052631577,0.21148907103825137,0.1162084043578152,0.2206871609403255,0.1528164321273176,0.20971008890606885,0.22822641509433964,0.2816666666666667,0.2752446348719292,0.21596958174904943,0.13706595780029907,0.1511637630662021,0.21769991804238378,0.0009327935222672072,0.20200614720053164,0.057190957190957174,0.07305882352941177,0.0007746100053792369,0.009514557272627117,0.1670252824098978,0.0,0.0018187991075759064,0.0,0.0,0.0,0.010287620202720263,0.0,0.004104928541403951,0.0,0.0,0.015261538461538458,0.0,0.0008035714285714293,0.001280000000000001,0.0,0.0,0.15602836879432622,0.12531468531468534,0.0,0.04114630467571644,0.14222222222222222,0.0,0.0,0.07054313099041533,0.04598166127292341,0.0,0.31193506733075077,0.17557251908396945,0.2465057057057057,0.1490273656445763,0.36383772010779286,0.28514111787493085,0.16956782713085233,0.4675270184361094
13-2011.01,0.3296233747736383,0.46097026604068864,0.3208174904942966,0.4221822532943009,0.2231578947368421,0.16939890710382516,0.22974875861557847,0.3164556962025316,0.22049312061463683,0.36858136838036337,0.4245283018867924,0.52,0.5738769248040115,0.26996197718631176,0.22476740322312677,0.3010452961672474,0.4266186629200328,0.0019433198380566818,0.17444758265492608,0.1656445406445406,0.17470588235294118,0.0710059171597633,0.055084278946788585,0.28187197417966653,0.052194543297746136,0.0,0.0,0.0,0.0,0.0,0.0,0.0,0.0,0.0,0.0019433198380566818,0.0,0.0,0.0,0.0,0.0,0.26595744680851063,0.15734265734265737,0.0,0.04114630467571644,0.13368888888888888,0.0,0.0,0.09410397908800465,0.08722694174757281,0.0,0.23132263420033203,0.1561730279898219,0.24118198198198199,0.1846356742499176,0.17257927572077228,0.196957818360696,0.22861944777911158,0.315956770502225
13-2011.02,0.2976376991474556,0.41158059467918623,0.4358365019011407,0.5282922313950076,0.4094315789473685,0.30540983606557376,0.3361743126065368,0.5527426160337553,0.410489592724707,0.5736374178585234,0.3877358490566038,0.49439999999999995,0.5388515725859263,0.4879594423320659,0.3476837237636374,0.432,0.43905865823674034,0.0,0.16514371157999666,0.19047619047619047,0.10999999999999999,0.0007746100053792369,0.0,0.041689080150618625,0.0,0.0,0.0,0.0,0.0,0.010287620202720263,0.0,0.0,0.0,0.0,0.008097165991902834,0.0,0.0,0.0,0.0,0.0,0.3546099290780142,0.24475524475524474,0.0,0.028989441930618403,0.12698412698412698,0.0,0.0,0.10165553296543711,0.13652912621359223,0.0,0.426351226710939,0.3330788804071247,0.2974366366366366,0.2407649192218925,0.4121783749861567,0.30132816823464303,0.3814165666266507,0.392879847425302
13-2021.01,0.3052068284941095,0.3724569640062597,0.30988593155893535,0.35327849730209737,0.29969122807017545,0.24385245901639344,0.14244423034165868,0.3930078360458107,0.29845948806397243,0.43081561654425976,0.5292452830188679,0.3515625,0.3395887514734223,0.22915082382762988,0.2803621864097026,0.31358885017421606,0.41271513874253596,0.032388663967611336,0.1730630780306806,0.1714285714285714,0.1985294117647059,0.10758472296933837,0.06910573176960749,0.17428725121032815,0.09990984578884934,0.08366475894849161,0.01843259078665382,0.024629571248423705,0.025876524127271098,0.0,0.04960000000000001,0.0305406683480454,0.017094017094017096,0.0,0.1451012145748988,0.06257777777777777,0.04185267857142857,0.0,0.057858194824321474,0.05848147532812759,0.2970780141843972,0.31384615384615383,0.022480916030534346,0.18853695324283556,0.19714285714285712,0.023559999999999994,0.008057675996607293,0.11617775196049956,0.1887810140237325,0.018675875269985383,0.3271997786386276,0.2885496183206107,0.3351351351351351,0.09891196834817012,0.2699988925394071,0.2174414314702084,0.18720288115246095,0.3989319771137953
13-2021.02,0.28079028221458074,0.3724569640062597,0.25190114068441066,0.43347054883692926,0.27223859649122806,0.1871584699453552,0.07868894982583563,0.3194695599758891,0.27635137783701147,0.20177812137611134,0.29323270440251575,0.2756,0.2638127490785264,0.13307984790874525,0.18431217810267483,0.3386759581881533,0.25131717597471026,0.10493927125506074,0.2836503848922856,0.13708513708513706,0.1354705882352941,0.08284023668639053,0.038779332378539165,0.12049488972565897,0.08920521945432977,0.10609661460859443,0.05406893297418453,0.025246952501050864,0.06801040581290238,0.0,0.006666666666666667,0.0009457755359394711,0.0009846153846153854,0.0,0.009353846153846152,0.000914285714285715,0.005301339285714285,0.0,0.02038186408584053,0.0063133410865592295,0.3102836879432624,0.31384615384615383,0.0366793893129771,0.18853695324283556,0.1507555555555556,0.03844000000000001,0.03944020356234097,0.060121986639558526,0.11124595469255663,0.018675875269985383,0.23132263420033203,0.12881424936386768,0.21859939939939937,0.06132542037586549,0.14950718003617705,0.10483920555863,0.08028811524609841,0.2881436745073108
13-2031.00,0.3052068284941095,0.39480438184663535,0.28517110266159695,0.46164613451132963,0.3280701754385965,0.2315573770491803,0.2538353220188246,0.369427365883062,0.3242522833287601,0.4684035562427522,0.3509433962264151,0.515,0.5563642486949689,0.31254752851711026,0.15506451791548984,0.31358885017421606,0.3783222105139913,0.0,0.11170875560724373,0.17316017316017313,0.11161764705882352,0.0,0.0,0.037353415814954286,0.0,0.0,0.0,0.0,0.0,0.0015593866412544415,0.0,0.0,0.0,0.0,0.02008097165991903,0.0019047619047619063,0.0,0.0,0.0,0.0,0.10859574468085108,0.20839160839160842,0.0,0.02337858220211161,0.13368888888888888,0.0,0.0,0.10165553296543711,0.10234627831715208,0.0,0.27089097952407304,0.22900763358778625,0.25657657657657656,0.16485328058028353,0.16242755361955036,0.14757424829367274,0.29157262905162057,0.3095486331849968
13-2041.00,0.27118644067796616,0.3333802816901409,0.3255703422053232,0.325102911627697,0.2631578947368421,0.1804098360655738,0.30079485659230715,0.4541892706449669,0.29399082748618244,0.36858136838036337,0.3306666666666667,0.4720833333333333,0.5121896458173518,0.22915082382762988,0.36343246386442934,0.3567386759581882,0.4292237442922375,0.0,0.12815667054327964,0.1558441558441558,0.05558823529411764,0.05043033889187735,0.04206435846845675,0.2178590640129102,0.020877817319098456,0.0,0.0007078114862075072,0.0,0.0,0.0015593866412544415,0.0,0.0,0.0,0.0,0.0009327935222672072,0.0,0.0,0.0,0.0,0.0,0.2836879432624113,0.17482517482517482,0.0,0.04114630467571644,0.09523809523809523,0.0,0.0,0.07667731629392971,0.2616808252427184,0.003880029488224114,0.34698395130049803,0.22894656488549617,0.20348348348348347,0.08605341246290801,0.23360035438738974,0.19713460001229788,0.16956782713085233,0.37635092180546725
13-2051.00,0.36319612590799033,0.4777464788732394,0.3959125475285171,0.5282922313950076,0.3936842105263158,0.25614754098360654,0.2435336841325132,0.5021097046413502,0.3242522833287601,0.33629686896018557,0.3446540880503145,0.4445833333333333,0.5009074410163339,0.176425855513308,0.22476740322312677,0.44459930313588847,0.28213909378292945,0.0,0.1730630780306806,0.17316017316017313,0.06670588235294117,0.0,0.0,0.06532544378698225,0.0,0.0,0.0,0.0,0.0,0.033570129082560865,0.0,0.0,0.004273504273504274,0.0,0.048582995951417005,0.0,0.0,0.0,0.0,0.0,0.397872340425532,0.14895104895104896,0.0,0.028989441930618403,0.047619047619047616,0.0,0.0,0.051118210862619806,0.063207928802589,0.0,0.2922339051835454,0.2885496183206107,0.21441441441441442,0.03758654797230464,0.275591568533353,0.10483920555863,0.1532893157262905,0.21169739351557534
13-2052.00,0.3235192382037561,0.4147104851330204,0.4358365019011407,0.520954839292299,0.4042105263157894,0.24385245901639344,0.2945971985473949,0.5274261603375527,0.34636039355572107,0.26478546579049095,0.330188679245283,0.390625,0.48760454281811894,0.2370088719898606,0.2523259677687324,0.22276422764227644,0.33551399133590915,0.0,0.0903389267320153,0.07996632996632995,0.16864705882352943,0.0,0.0,0.1395589026358257,0.0,0.0,0.0,0.0,0.0,0.0015593866412544415,0.0,0.0,0.0,0.0,0.0019433198380566818,0.0,0.0,0.0,0.0,0.0,0.2970780141843972,0.14332307692307694,0.0,0.01885369532428356,0.047619047619047616,0.0,0.0,0.07054313099041533,0.055622977346278316,0.0,0.4521306032097399,0.3330788804071247,0.3663663663663663,0.1490273656445763,0.4753959171619477,0.196957818360696,0.33853541416566624,0.6276223776223776
13-2053.00,0.28079028221458074,0.43818466353677626,0.28517110266159695,0.43347054883692926,0.2288140350877193,0.16939890710382516,0.15007781812791818,0.24412296564195302,0.25877072635333775,0.2372477773482799,0.3239748427672956,0.235,0.21043276516923307,0.17743979721166034,0.13568145317605362,0.2606271777003485,0.2469704952581665,0.0,0.18431217810267483,0.13708513708513706,0.13183823529411764,0.04518558364712211,0.022033711578715434,0.15737493275954814,0.03985765124555161,0.0,0.0,0.0,0.0,0.0,0.0,0.0,0.0,0.0,0.0019433198380566818,0.0,0.0,0.0,0.0,0.0,0.21843971631205672,0.14895104895104896,0.0,0.04114630467571644,0.10285714285714287,0.0,0.0,0.05445832123148417,0.063207928802589,0.0,0.2298468917173953,0.19083969465648853,0.3016216216216216,0.1490273656445763,0.16058178596478279,0.16528315808891347,0.24849939975990393,0.36930705657978385
13-2061.00,0.38150853561763687,0.5340845070422535,0.4888307984790875,0.5282922313950076,0.4094315789473685,0.3678688524590164,0.38203142370117843,0.5906449668474985,0.39057661400964294,0.500966370313104,0.5660377358490565,0.40937500000000004,0.4228488034875671,0.47433206590621035,0.4132746303372654,0.4343786295005807,0.44678609062170704,0.0,0.1659674918314227,0.1714285714285714,0.16180147058823527,0.0,0.0,0.11767079074771382,0.0,0.0,0.0,0.0,0.0,0.0,0.0,0.0,0.0,0.0,0.0009327935222672072,0.0,0.0,0.0,0.0,0.0,0.42970212765957455,0.24923076923076926,0.0,0.0010859728506787338,0.15873015873015872,0.0,0.0,0.09410397908800465,0.15844120819848972,0.0,0.4794687327061427,0.35782188295165396,0.43052972972972975,0.4615891856247939,0.318394920447414,0.3255088237102625,0.544717887154862,0.3610934520025429
13-2071.00,0.3595743382098602,0.3748982785602504,0.33269961977186313,0.46164613451132963,0.42105263157894735,0.2694672131147541,0.2690654413399541,0.29294755877034356,0.23813257026380777,0.15066099729416316,0.18867924528301885,0.2756,0.29889423166875595,0.20278833967046897,0.20200614720053164,0.21545180023228808,0.28213909378292945,0.0,0.1730630780306806,0.1558441558441558,0.16864705882352943,0.0,0.0,0.1008606777837547,0.0,0.0,0.0,0.0,0.0,0.003248722169280087,0.0,0.0,0.0,0.0,0.0019433198380566818,0.0,0.0,0.0,0.0,0.0,0.10638297872340427,0.09101538461538464,0.0,0.0,0.08380952380952379,0.0,0.0,0.08713331397037466,0.0105346548004315,0.0,0.270890979524073,0.22264631043256997,0.3762258258258258,0.22584899439498846,0.45457565801616895,0.349689479185882,0.3528691476590636,0.55631277813096
13-2071.01,0.3052068284941095,0.39480438184663535,0.30988593155893535,0.3870003988531092,0.3377192982456141,0.2227185792349727,0.2417920403172015,0.42194092827004215,0.27940888244286777,0.43081561654425976,0.25267924528301894,0.33518333333333333,0.3487099369468819,0.30038022813688214,0.28711164645289916,0.3386759581881533,0.44678609062170704,0.0,0.10279946835022431,0.15079365079365076,0.18661764705882353,0.020677783754706837,0.012519154306088316,0.10543302850995159,0.02588849347568209,0.0018187991075759064,0.0,0.0,0.009964186890607853,0.041626960062375484,0.0,0.0,0.017094017094017096,0.0,0.06384453441295547,0.0,0.0,0.0,0.0,0.0,0.3660425531914894,0.12237762237762238,0.0,0.007164404223227752,0.05333333333333334,0.0,0.0,0.060121986639558526,0.20352953074433655,0.0,0.4794687327061427,0.3826972010178117,0.3990582582582583,0.24933728981206724,0.285281848720883,0.2640195535878989,0.4585114045618247,0.5308328035600763
13-2072.00,0.3235192382037561,0.34824726134585293,0.3959125475285171,0.4221822532943009,0.20017543859649123,0.07581967213114756,0.19037649151411845,0.33996383363471966,0.25877072635333775,0.2372477773482799,0.2037735849056604,0.316875,0.33675416768013167,0.18960709759188848,0.144985324250983,0.1696260162601626,0.1737501463528861,0.0,0.019210001661405556,0.03655603655603656,0.08625,0.029349112426035513,0.0192494516610414,0.11767079074771382,0.02206405693950178,0.0,0.0,0.0,0.0,0.0,0.0,0.0,0.0,0.0,0.0019433198380566818,0.0,0.0,0.0,0.0,0.0,0.3191489361702127,0.031468531468531465,0.0,0.01885369532428356,0.029523809523809525,0.0,0.0,0.04356665698518734,0.14158576051779936,0.0,0.40057185021213804,0.3118982188295165,0.28864864864864864,0.16485328058028353,0.26047473144080624,0.24289798930086698,0.3249939975990396,0.543178639542276
13-2081.00,0.36319612590799033,0.43627543035993743,0.33269961977186313,0.3292419533266607,0.2631578947368421,0.16295081967213115,0.18609649447861856,0.42194092827004215,0.32240994080984675,0.3706996521066873,0.23396226415094346,0.26,0.3616620203191947,0.39169581749049426,0.2657833527163981,0.3831637630662021,0.3783222105139913,0.0,0.1263775821011242,0.09090909090909088,0.12379411764705882,0.04034427111350188,0.05007661722435326,0.21439483593329747,0.04175563463819691,0.0,0.0,0.0,0.0,0.0015593866412544415,0.0,0.0,0.0,0.0,0.008097165991902834,0.0,0.0,0.0,0.0,0.0,0.2589503546099291,0.20839160839160842,0.0,0.01885369532428356,0.08380952380952379,0.0,0.0,0.07667731629392971,0.168554476806904,0.0,0.40057185021213804,0.26717557251908397,0.2719711711711712,0.16485328058028353,0.285281848720883,0.23016971038553768,0.27783913565426166,0.3610934520025429
13-2082.00,0.3052068284941095,0.3536776212832551,0.22338403041825095,0.2185715038267322,0.2087719298245614,0.16939890710382516,0.07678055287927077,0.2890295358649789,0.12402493042217083,0.21473521453420955,0.21132075471698114,0.3046875,0.32742717084214273,0.2440456273764258,0.16514371157999666,0.27113588850174214,0.26672813487881986,0.0,0.04849919698731794,0.07996632996632995,0.101875,0.05301775147928994,0.04406742315743087,0.17667563206024742,0.02669039145907473,0.0,0.0,0.0,0.0,0.010287620202720263,0.0,0.0,0.0,0.0,0.0,0.0,0.0,0.0,0.0,0.0,0.2970780141843972,0.07300699300699301,0.0,0.0,0.10285714285714287,0.0,0.0,0.07667731629392971,0.0707928802588997,0.0,0.19627375023058477,0.12881424936386768,0.245045045045045,0.09891196834817012,0.19501458156447266,0.14376191354608622,0.27003601440576225,0.37635092180546725
13-2099.01,0.3860866380450485,0.45070422535211263,0.33935361216730037,0.39509034399199283,0.5526315789473684,0.34229508196721314,0.2573186096494479,0.514840265220012,0.4743052016777076,0.4607653652879784,0.36533333333333334,0.6174999999999999,0.6237206952682097,0.2440456273764258,0.2712729135515313,0.31358885017421606,0.3105900948366702,0.0,0.15506451791548984,0.1558441558441558,0.06670588235294117,0.05301775147928994,0.055084278946788585,0.07423345884884347,0.03558718861209965,0.0,0.0,0.0,0.0,0.11911981287360304,0.0,0.0,0.0,0.0,0.09716599190283401,0.0,0.0,0.0,0.0,0.0,0.12482269503546098,0.12531468531468534,0.0,0.06334841628959276,0.08380952380952379,0.0,0.0,0.07054313099041533,0.07900991100323625,0.0,0.376351226710939,0.26717557251908397,0.25657657657657656,0.2407649192218925,0.39412676732252944,0.17647420525118365,0.3913565426170468,0.23458359821996186
13-2099.02,0.3509878527682259,0.40384976525821603,0.40595057034220533,0.4756586720449123,0.4264912280701755,0.2827868852459016,0.3932038834951457,0.514840265220012,0.410489592724707,0.34316196366447627,0.43200000000000005,0.501875,0.3985256422250079,0.22915082382762988,0.23709641690203243,0.47781649245063873,0.3783222105139913,0.0,0.23709641690203243,0.0753246753246753,0.11745588235294115,0.0007746100053792369,0.0,0.1815492200107585,0.0006832740213523137,0.0,0.0,0.0,0.0,0.0015593866412544415,0.0,0.0,0.0,0.0,0.008097165991902834,0.0,0.0,0.0,0.0,0.0,0.2589503546099291,0.26010629370629373,0.0,0.02828054298642534,0.08380952380952379,0.0,0.0,0.07667731629392971,0.16518338727076592,0.0,0.3329643977125991,0.26717557251908397,0.245045045045045,0.18067919551599076,0.3336778766288899,0.17647420525118365,0.281812725090036,0.32508582326764146
13-2099.04,0.31588906749140333,0.48375586854460095,0.33269961977186313,0.5503044077031329,0.42105263157894735,0.29713114754098363,0.2779218854220707,0.41658830620855936,0.39057661400964294,0.4607653652879784,0.30157232704402515,0.25,0.2005210769547402,0.3292167300380228,0.21970011629838845,0.40418118466898956,0.30477988525933736,0.0,0.15143019327684554,0.23015873015873015,0.21143382352941176,0.0,0.0,0.041689080150618625,0.020877817319098456,0.026675720244446602,0.0,0.0,0.0,0.003248722169280087,0.0,0.0,0.0,0.0,0.024291497975708502,0.0,0.0,0.0,0.0,0.0,0.319063829787234,0.25748251748251744,0.0,0.07070135746606335,0.11936507936507935,0.0,0.0,0.07667731629392971,0.11124595469255663,0.0,0.3529791551374285,0.4075725190839694,0.34878078078078073,0.427299703264095,0.3760751596589021,0.3255088237102625,0.33853541416566624,0.3610934520025429
15-1111.00,0.2848597065945022,0.375774647887324,0.3255703422053232,0.3986649709138252,0.6236842105263158,0.4317349726775957,0.33252427184466027,0.514840265220012,0.410489592724707,0.5160572091225358,0.560377358490566,0.36393333333333333,0.31921342638501693,0.3472750316856781,0.29602785623303984,0.3347828106852497,0.42149631190727077,0.0,0.39371850251979845,0.2754930254930254,0.1213235294117647,0.11767079074771382,0.09389365729566237,0.3155244755244755,0.08609252669039147,0.0,0.0007078114862075072,0.0,0.000993658526487211,0.04764792514944122,0.0,0.0,0.0,0.0,0.06704453441295546,0.0,0.0,0.0,0.0,0.0,0.2780141843971632,0.22923076923076927,0.0,0.05656108597285067,0.17857142857142858,0.0,0.0,0.08281150159744409,0.08722694174757281,0.0018624141543475748,0.27089097952407304,0.17557251908396945,0.28060060060060055,0.2466205077481042,0.29930045405884304,0.1575662546885568,0.3043217286914766,0.2881436745073108
15-1121.00,0.38150853561763687,0.45070422535211263,0.33935361216730037,0.38271837207727216,0.5821052631578947,0.3463524590163935,0.3112725116727192,0.4421338155515371,0.338638234487084,0.500966370313104,0.36533333333333334,0.3197666666666667,0.31620109641326927,0.3472750316856781,0.4311831976518802,0.40418118466898956,0.43905865823674034,0.0,0.46424516807886146,0.17316017316017313,0.13183823529411764,0.07668639053254438,0.04694682864783118,0.30338891877353413,0.067644128113879,0.0,0.0,0.0,0.0,0.015637182708134797,0.0,0.0,0.004273504273504274,0.0,0.02850202429149798,0.0,0.0,0.0,0.0,0.0,0.33156028368794327,0.23835524475524478,0.0,0.03506787330316743,0.24952380952380954,0.0,0.0,0.09410397908800465,0.18962378640776698,0.0,0.3539937280944475,0.22900763358778625,0.25657657657657656,0.21496867787668972,0.2085717449887408,0.13758224189878865,0.3972148859543817,0.3394278448823903
15-1121.01,0.4120292184670478,0.5258215962441315,0.4358365019011407,0.5087258524544517,0.6681122807017543,0.5665983606557377,0.2945971985473949,0.580168776371308,0.36846850378268203,0.5310243525318903,0.4716981132075471,0.33854166666666663,0.25767582839074216,0.4544993662864385,0.29494102010300716,0.44459930313588847,0.43905865823674034,0.0,0.46424516807886146,0.17316017316017313,0.1354705882352941,0.10758472296933837,0.0981501697597324,0.2781065088757396,0.09489916963226572,0.0,0.0030720984644423037,0.0,0.0,0.006768171186000174,0.0,0.0,0.0,0.0,0.0019433198380566818,0.0,0.0,0.0,0.0,0.0,0.2589503546099291,0.2500699300699301,0.0,0.10751131221719457,0.1507555555555556,0.0,0.0,0.12231193726401395,0.1887810140237325,0.0,0.2922339051835454,0.3297709923664122,0.28060060060060055,0.3956478733926805,0.39412676732252944,0.24289798930086698,0.496062424969988,0.5053528289891926
15-1122.00,0.3341404358353511,0.39480438184663535,0.26045627376425856,0.39509034399199283,0.3568842105263158,0.25614754098360654,0.2945971985473949,0.33996383363471966,0.3194700325349849,0.34316196366447627,0.35471698113207545,0.185625,0.1402697999887739,0.30038022813688214,0.24445505897989703,0.4343786295005807,0.42149631190727077,0.0019433198380566818,0.2712729135515313,0.23015873015873015,0.21143382352941176,0.10543302850995159,0.07511492583652989,0.22404518558364708,0.07117437722419928,0.005759530507323698,0.004669589665952302,0.0,0.0,0.0,0.0,0.0,0.0,0.0,0.0,0.0,0.0,0.0,0.0,0.0,0.2127659574468085,0.20391608391608396,0.0,0.04675716440422323,0.17523809523809522,0.0,0.0,0.10165553296543711,0.1887810140237325,0.0018624141543475748,0.24954805386460063,0.19083969465648853,0.2681081081081081,0.18067919551599076,0.246520727970763,0.2213613724405091,0.35320528211284513,0.3293070565797838
15-1131.00,0.256373735935052,0.41158059467918623,0.20193916349809882,0.29575334321686325,0.29969122807017545,0.2827868852459016,0.18053805677017717,0.3194695599758891,0.25424326761005056,0.5310243525318903,0.29323270440251575,0.33518333333333333,0.3118463150410687,0.2440456273764258,0.07112892507060974,0.2787456445993032,0.46540217773094483,0.0,0.24445505897989703,0.23015873015873015,0.10808823529411762,0.06724045185583648,0.06910573176960749,0.16137708445400753,0.046766310794780545,0.0,0.0,0.0,0.0,0.004938057697305731,0.0,0.0,0.0,0.0,0.0019433198380566818,0.0,0.0,0.0,0.0,0.0,0.217645390070922,0.13076923076923078,0.0,0.01885369532428356,0.13368888888888888,0.0,0.0,0.05445832123148417,0.07900991100323625,0.0,0.19627375023058477,0.1561730279898219,0.24118198198198199,0.1450708869106495,0.14131197164900883,0.06147389780483307,0.1953421368547419,0.23862682771773677
15-1132.00,0.16175961910187805,0.2793427230046948,0.26045627376425856,0.2969273259532966,0.5621473684210526,0.4164071038251367,0.2945971985473949,0.3930078360458107,0.34494923758378737,0.500966370313104,0.48498113207547167,0.3966666666666666,0.3077815405916141,0.28517110266159695,0.29494102010300716,0.40418118466898956,0.4292237442922375,0.0,0.2712729135515313,0.23015873015873015,0.1213235294117647,0.09413663259817107,0.0876340801426182,0.22189349112426035,0.08920521945432977,0.0,0.0,0.0,0.0,0.015637182708134797,0.0,0.0,0.002051282051282053,0.0,0.02008097165991903,0.0,0.0,0.0,0.0,0.0,0.3102836879432624,0.15664335664335666,0.0,0.049773755656108594,0.1507555555555556,0.0,0.0,0.10920708684286957,0.147485167206041,0.0,0.23132263420033206,0.14249363867684478,0.24118198198198199,0.21496867787668972,0.246520727970763,0.18446781036709092,0.34439375750300116,0.3394278448823903
15-1133.00,0.3235192382037561,0.39480438184663535,0.30988593155893535,0.4052949631625289,0.3377192982456141,0.34229508196721314,0.2690654413399541,0.36166365280289325,0.3003018305828858,0.4236567452647855,0.24654088050314465,0.2870833333333333,0.19364978389806722,0.2440456273764258,0.15506451791548984,0.2968641114982578,0.2403407095187917,0.0009327935222672072,0.3083984050506729,0.1714285714285714,0.14235294117647057,0.05043033889187735,0.04694682864783118,0.171059709521248,0.03985765124555161,0.0,0.0,0.0,0.0,0.0015593866412544415,0.0,0.0,0.0,0.0,0.0009327935222672072,0.0,0.0,0.0,0.0,0.0,0.23120567375886522,0.16573426573426575,0.0,0.00471342383107089,0.1285714285714286,0.0,0.0,0.07054313099041533,0.08306364617044229,0.0,0.3329643977125991,0.19083969465648853,0.2597477477477477,0.1490273656445763,0.19501458156447266,0.10914345446719546,0.2070828331332533,0.3095486331849968
15-1134.00,0.25433902374509126,0.30769953051643195,0.19011406844106465,0.2701213868047351,0.4378947368421052,0.3565573770491804,0.2148150893055659,0.3930078360458107,0.18662537728822856,0.3961190568225744,0.3446540880503145,0.2544,0.21958201582876494,0.26996197718631176,0.3476837237636374,0.42519860627177697,0.4566210045662101,0.0,0.46424516807886146,0.23015873015873015,0.039882352941176466,0.10112963959117804,0.10015323444870652,0.28240989779451314,0.067644128113879,0.0,0.0007078114862075072,0.0,0.0,0.10829073897600279,0.0,0.0,0.006495726495726497,0.0,0.06384453441295547,0.0,0.0,0.0,0.0,0.0,0.2780141843971632,0.15734265734265737,0.0,0.04242081447963801,0.2571428571428572,0.0,0.0,0.065349985477781,0.12978694714131606,0.0,0.3316362294779561,0.19242748091603054,0.21859939939939937,0.16485328058028353,0.26047473144080624,0.18446781036709092,0.30623649459783914,0.32508582326764146
15-1141.00,0.2976376991474556,0.32403755868544604,0.24168250950570339,0.33864886627885105,0.4264912280701755,0.3463524590163935,0.3181649744311866,0.44725738396624476,0.3242522833287601,0.6129725550831079,0.4101383647798742,0.2816666666666667,0.286676520665332,0.3333333333333333,0.37152489339314393,0.4887340301974447,0.4566210045662101,0.0,0.3559907515091101,0.20952380952380953,0.10808823529411762,0.10112963959117804,0.06081304395725459,0.18558364712210865,0.0930011862396204,0.000873023571636435,0.0007078114862075072,0.0,0.0,0.033570129082560865,0.0,0.0,0.004273504273504274,0.0,0.0353425101214575,0.0,0.0,0.0,0.0,0.0,0.23829787234042557,0.22923076923076927,0.0,0.01885369532428356,0.15111111111111108,0.0,0.0,0.07054313099041533,0.2359762675296656,0.0,0.289153292750415,0.22894656488549617,0.22450450450450452,0.2584899439498846,0.17257927572077228,0.07386398573448932,0.40962785114045625,0.315956770502225
15-1142.00,0.22890512137058214,0.39123630672926446,0.28517110266159695,0.31042812742228015,0.45614035087719296,0.3565573770491804,0.3181649744311866,0.36166365280289325,0.3194700325349849,0.5736374178585234,0.36533333333333334,0.26,0.2532602391153853,0.38022813688212925,0.2712729135515313,0.44459930313588847,0.43905865823674034,0.0,0.39371850251979845,0.2698412698412698,0.1462205882352941,0.2178590640129102,0.15924364277344338,0.2588757396449704,0.1760379596678529,0.0627485692113687,0.05087395057116454,0.08209857082807902,0.08625508042423698,0.2544832365936065,0.0,0.0,0.006495726495726497,0.0,0.0353425101214575,0.0,0.11160714285714285,0.0,0.0,0.0,0.2589503546099291,0.280979020979021,0.0,0.15082956259426847,0.358095238095238,0.0,0.0,0.1379262271275051,0.22333468176914778,0.0,0.24954805386460063,0.14249363867684478,0.25657657657657656,0.16485328058028353,0.22108604968806525,0.1575662546885568,0.36974789915966383,0.3610934520025429
15-1143.00,0.26312898040572164,0.28638497652582157,0.26734790874524716,0.3172011047478571,0.46982456140350876,0.36348360655737705,0.25728155339805825,0.38018083182640144,0.23666261612637682,0.4687437185929649,0.3415849056603774,0.2498833333333333,0.24321758003255564,0.35560963244613436,0.38835354710084735,0.4139372822299651,0.45285973539398194,0.0019433198380566818,0.473888242786731,0.24848484848484845,0.10036764705882353,0.17667563206024742,0.15792162007872043,0.3431952662721893,0.04092526690391459,0.001382287321757689,0.0011207015198285532,0.0,0.0,0.006378324525686562,0.0,0.0,0.0,0.0,0.0019433198380566818,0.0,0.0,0.0,0.0,0.0,0.17340425531914894,0.21536783216783217,0.0,0.15879336349924583,0.24594285714285713,0.0,0.0,0.2012779552715655,0.23070894012944984,0.0009312070771737874,0.2902047592695075,0.22894656488549617,0.21193513513513512,0.27621496867787676,0.281405736645871,0.16678964520691136,0.3899999999999999,0.3852511125238398
15-1143.01,0.28079028221458074,0.3403755868544602,0.2680608365019011,0.32138529962899137,0.3779368421052632,0.35928961748633875,0.19402653227599498,0.19529837251356238,0.18521422131629492,0.34316196366447627,0.2364779874213836,0.26,0.2638127490785264,0.24030418250950572,0.22476740322312677,0.286411149825784,0.35216163212738555,0.021661538461538458,0.31860912665448304,0.20923520923520922,0.16864705882352943,0.2509736417428725,0.19680110569170833,0.30338891877353413,0.14827995255041518,0.19912212629741002,0.004669589665952302,0.0019703656998738984,0.0020701219301816893,0.0015593866412544415,0.0,0.09363177805800756,0.08303589743589743,0.0,0.0997570850202429,0.12444444444444445,0.13950892857142858,0.0,0.057858194824321474,0.07476324970925403,0.23120567375886522,0.2692307692307692,0.0,0.26923076923076916,0.3879365079365079,0.0,0.0,0.24655242521057222,0.2844356796116505,0.030471164914186676,0.25110680686220255,0.23791348600508905,0.3156756756756756,0.32970656116056707,0.2547159363579312,0.2174414314702084,0.3306602641056422,0.392879847425302
15-1151.00,0.3235192382037561,0.39480438184663535,0.35266159695817495,0.36870583454368944,0.30701754385964913,0.24385245901639344,0.18609649447861856,0.24773960216998192,0.1793932029320685,0.4684035562427522,0.22822641509433964,0.1910416666666667,0.13749134656762774,0.3239543726235741,0.1946959627845157,0.27113588850174214,0.41271513874253596,0.0009327935222672072,0.29494102010300716,0.1402597402597402,0.16864705882352943,0.2588757396449704,0.18778731459132472,0.35580419580419587,0.12648161328588375,0.11397807740809002,0.02764888617998073,0.03694435687263556,0.04554268246399713,0.16243610846400416,0.0,0.1471206389239176,0.07521367521367521,0.005963740458015267,0.1451012145748988,0.06349206349206349,0.109375,0.0,0.043831965776001125,0.02554577172287756,0.2681702127659575,0.16671328671328675,0.0,0.09954751131221717,0.26948571428571433,0.0,0.0,0.065349985477781,0.168554476806904,0.0,0.26083748385906663,0.22264631043256994,0.21859939939939937,0.13114408176722714,0.14950718003617705,0.14376191354608622,0.3814165666266507,0.392879847425302
15-1152.00,0.31588906749140333,0.32403755868544604,0.28517110266159695,0.3373318984655444,0.3684210526315789,0.21174863387978143,0.22511672719187725,0.3930078360458107,0.25877072635333775,0.3961190568225744,0.26485534591194965,0.13685,0.1257975190375512,0.3168567807351077,0.24445505897989703,0.3386759581881533,0.29636459430979983,0.0009327935222672072,0.36343246386442934,0.20952380952380953,0.101875,0.2283162990855299,0.15548789648161687,0.30984400215169444,0.12574139976275206,0.16732951789698322,0.0,0.0,0.0,0.020575240405440523,0.0,0.07224674232870952,0.0,0.0,0.0019433198380566818,0.0,0.07700892857142856,0.0,0.0,0.0,0.12482269503546098,0.22657342657342658,0.0,0.15879336349924583,0.2742857142857143,0.0,0.0,0.10920708684286957,0.25072478425026967,0.003880029488224114,0.24954805386460063,0.17557251908396945,0.2303423423423423,0.09891196834817012,0.10116652515781313,0.06744604316546761,0.281812725090036,0.2593769866497139
15-1199.01,0.2390786823203858,0.3724569640062597,0.2680608365019011,0.43347054883692926,0.3608771929824562,0.29102459016393445,0.280645519899207,0.42194092827004215,0.36846850378268203,0.5310243525318903,0.26485534591194965,0.21,0.1257975190375512,0.176425855513308,0.16514371157999666,0.3831637630662021,0.33551399133590915,0.004048582995951417,0.2803621864097026,0.17316017316017313,0.16180147058823527,0.10112963959117804,0.0876340801426182,0.14254975793437333,0.0830367734282325,0.000873023571636435,0.0,0.0,0.0,0.05908342718530713,0.0,0.0,0.004273504273504274,0.0,0.030121457489878545,0.0,0.0,0.0,0.0,0.0,0.26595744680851063,0.16325034965034968,0.0,0.05656108597285067,0.19714285714285712,0.0,0.0,0.11617775196049956,0.168554476806904,0.0,0.24534218778823094,0.12722646310432567,0.2303423423423423,0.1450708869106495,0.1518697626342796,0.087253274303634,0.27003601440576225,0.22722186904005082
15-1199.02,0.43180662095346617,0.431924882629108,0.374287072243346,0.5644147771314183,0.4378947368421052,0.4987978142076503,0.3610761135403544,0.3833634719710669,0.34494923758378737,0.4684035562427522,0.39999999999999997,0.2708333333333333,0.24855464291728255,0.30038022813688214,0.22476740322312677,0.3386759581881533,0.3260010537407798,0.0,0.46424516807886146,0.20952380952380953,0.08625,0.15129101667563208,0.12519154306088318,0.30338891877353413,0.0930011862396204,0.0,0.0,0.0,0.0,0.02551329810274625,0.0,0.0,0.0,0.0,0.0019433198380566818,0.0,0.0008035714285714293,0.0,0.0,0.0,0.19432624113475178,0.17244755244755247,0.0,0.06334841628959276,0.19714285714285712,0.0,0.0012213740458015278,0.08281150159744409,0.12014563106796115,0.0,0.24954805386460063,0.19242748091603054,0.25657657657657656,0.22584899439498846,0.285281848720883,0.20365246264526835,0.3913565426170468,0.2736808645899555
15-1199.03,0.2861314017132277,0.41158059467918623,0.29301330798479086,0.4515318217051347,0.367719298245614,0.3280327868852459,0.2598569628696361,0.34388185654008435,0.2795362784681118,0.33629686896018557,0.3239748427672956,0.1875,0.17815780118622182,0.38200253485424585,0.25786398626571416,0.31358885017421606,0.33551399133590915,0.0,0.29494102010300716,0.19047619047619047,0.10808823529411762,0.12641204948897256,0.14650415135156789,0.30984400215169444,0.10628706998813763,0.0,0.0,0.0,0.0,0.006768171186000174,0.0,0.0,0.0,0.0,0.0019433198380566818,0.0,0.0,0.0,0.0,0.0,0.23120567375886522,0.1875524475524476,0.0,0.04675716440422323,0.24952380952380954,0.0014400000000000012,0.0012213740458015278,0.08281150159744409,0.13652912621359223,0.0,0.18880280391071758,0.143765903307888,0.2303423423423423,0.22156280909990111,0.19501458156447266,0.1540921109266433,0.4474789915966387,0.3394278448823903
15-1199.04,0.39982094532728346,0.5486071987480439,0.35266159695817495,0.520954839292299,0.4304842105263157,0.29102459016393445,0.2538353220188246,0.3930078360458107,0.34494923758378737,0.5310243525318903,0.49245283018867925,0.33937500000000004,0.2928134413531162,0.28517110266159695,0.22476740322312677,0.4343786295005807,0.3962065331928345,0.0,0.3559907515091101,0.20952380952380953,0.16864705882352943,0.09413663259817107,0.09414404038178412,0.2074018289402905,0.09489916963226572,0.000873023571636435,0.0,0.0,0.0,0.003248722169280087,0.0,0.0,0.008547008547008548,0.0,0.0353425101214575,0.0,0.0,0.0,0.0,0.0,0.319063829787234,0.3002461538461539,0.0,0.07070135746606335,0.3055555555555556,0.0,0.0,0.0801626488527447,0.09439050701186624,0.0,0.24534218778823094,0.22589312977099238,0.25657657657657656,0.2407649192218925,0.16058178596478279,0.1540921109266433,0.35320528211284513,0.3610934520025429
15-1199.05,0.21307506053268763,0.375774647887324,0.22338403041825095,0.28352435637901585,0.3294315789473684,0.2694672131147541,0.15563625583635962,0.3303194695599759,0.29845948806397243,0.44907614998067263,0.4245283018867924,0.40856666666666663,0.32742717084214273,0.3292167300380228,0.28711164645289916,0.5909407665505227,0.46540217773094483,0.12955465587044535,0.5955515866422993,0.15584415584415579,0.1213235294117647,0.13448090371167296,0.0981501697597324,0.31360946745562135,0.11266429418742586,0.005759530507323698,0.0030720984644423037,0.0062394913829340055,0.008625508042423699,0.02551329810274625,0.0015360000000000013,0.0019703656998738984,0.0009846153846153854,0.0013740458015267186,0.018461538461538456,0.000914285714285715,0.0016741071428571443,0.0,0.0006311803071744167,0.001993686658913442,0.3102836879432624,0.26010629370629373,0.0013740458015267186,0.1368325791855204,0.2619047619047619,0.0014400000000000012,0.0025445292620865164,0.136508858553587,0.3008697411003236,0.003880029488224114,0.27089097952407304,0.19242748091603054,0.19255255255255255,0.19782393669634024,0.17257927572077228,0.087253274303634,0.31895558223289316,0.3293070565797838
15-1199.06,0.3331841211060696,0.3724569640062597,0.2760836501901141,0.35327849730209737,0.3936842105263158,0.31868852459016395,0.2945971985473949,0.5021097046413502,0.3003018305828858,0.5736374178585234,0.3773584905660377,0.2444,0.2532602391153853,0.21596958174904943,0.2712729135515313,0.31358885017421606,0.35216163212738555,0.0,0.33314642520906024,0.19047619047619047,0.0661764705882353,0.06532544378698225,0.04206435846845675,0.06532544378698225,0.03558718861209965,0.0,0.0,0.0,0.0,0.21224984839296546,0.0,0.0,0.067391452991453,0.0,0.1088259109311741,0.0,0.0,0.0,0.0,0.0,0.2127659574468085,0.14895104895104896,0.0,0.0743288084464555,0.07710476190476188,0.0,0.0,0.07667731629392971,0.08722694174757281,0.0,0.19627375023058477,0.19083969465648853,0.28419459459459456,0.24727992087042533,0.24715751781165782,0.17647420525118365,0.33069627851140454,0.315956770502225
15-1199.08,0.36783526970110075,0.4777464788732394,0.40595057034220533,0.4756586720449123,0.4378947368421052,0.34229508196721314,0.18053805677017717,0.580168776371308,0.43118654697973424,0.43081561654425976,0.43200000000000005,0.3589833333333334,0.31620109641326927,0.2864385297845373,0.2712729135515313,0.45696631823461087,0.28758342114506497,0.0,0.18967713352162596,0.1111111111111111,0.09375,0.0,0.0,0.13448090371167296,0.0014234875444839872,0.0,0.0,0.0,0.0,0.0,0.0,0.0,0.0,0.0,0.0019433198380566818,0.0,0.0,0.0,0.0,0.0,0.15602836879432622,0.19160839160839163,0.0,0.01885369532428356,0.06571428571428571,0.0014400000000000012,0.0,0.07054313099041533,0.063207928802589,0.0,0.426351226710939,0.3562340966921119,0.36250330330330327,0.28849324101549617,0.3460814352689283,0.24289798930086698,0.35707082833133247,0.315956770502225
15-1199.09,0.36319612590799033,0.4578403755868545,0.374287072243346,0.5079732994182765,0.42105263157894735,0.3280327868852459,0.2598569628696361,0.37160940325497294,0.21908196464270313,0.36858136838036337,0.3773584905660377,0.25458333333333333,0.2638127490785264,0.2715437262357414,0.23709641690203243,0.3567386759581882,0.3105900948366702,0.0,0.25786398626571416,0.1558441558441558,0.09375,0.0,0.0,0.13448090371167296,0.0,0.0,0.0,0.0,0.0,0.0,0.0,0.0,0.0,0.0,0.0019433198380566818,0.0,0.0,0.0,0.0,0.0,0.17730496453900707,0.17482517482517482,0.0,0.049773755656108594,0.1388888888888889,0.0,0.0,0.08713331397037466,0.12641585760517798,0.0,0.426351226710939,0.26876335877862595,0.36972972972972973,0.587616221562809,0.45129019159068257,0.3591357683084302,0.30623649459783914,0.392879847425302
15-1199.10,0.28079028221458074,0.41158059467918623,0.35266159695817495,0.4221822532943009,0.5405263157894737,0.4453551912568306,0.18609649447861856,0.31050030138637735,0.2572419740504096,0.3455740239659838,0.3830943396226415,0.25458333333333333,0.21048889554137748,0.30038022813688214,0.23709641690203243,0.3386759581881533,0.26457674745345977,0.0,0.18431217810267483,0.2092352092352092,0.18661764705882353,0.029349112426035513,0.03104750267909903,0.1670252824098978,0.02588849347568209,0.0,0.0,0.0,0.0,0.0,0.0,0.0,0.0,0.0,0.0009327935222672072,0.0,0.0,0.0,0.0,0.0,0.17100709219858154,0.23835524475524478,0.0,0.0143288084464555,0.16825396825396827,0.0,0.0,0.07667731629392971,0.0707928802588997,0.0,0.37677550267478327,0.26717557251908397,0.31067867867867865,0.28849324101549617,0.3626933441618369,0.270475926950747,0.34439375750300116,0.4339732994278449
15-1199.11,0.2390786823203858,0.3116666666666667,0.24952471482889732,0.3450455670863404,0.6681122807017543,0.6263661202185793,0.22083673015637742,0.31050030138637735,0.25424326761005056,0.36858136838036337,0.26485534591194965,0.21875,0.18452859842460756,0.4182509505703422,0.2657833527163981,0.2968641114982578,0.36043788783514813,0.0,0.5653970759262336,0.372053872053872,0.2317941176470588,0.12049488972565897,0.12519154306088318,0.28187197417966653,0.0830367734282325,0.0,0.0,0.0,0.0,0.010287620202720263,0.0,0.0,0.0,0.0,0.008097165991902834,0.0,0.0,0.0,0.0,0.0,0.319063829787234,0.23835524475524478,0.0,0.02828054298642534,0.38095238095238093,0.0,0.0,0.14522218995062447,0.07900991100323625,0.0,0.23132263420033203,0.1561730279898219,0.31067867867867865,0.3184965380811078,0.3460814352689283,0.2174414314702084,0.3306602641056422,0.26673871582962494
15-1199.12,0.28079028221458074,0.39480438184663535,0.2680608365019011,0.41390416989637346,0.3377192982456141,0.30540983606557376,0.18609649447861856,0.24773960216998192,0.20285367096546586,0.3732199458832625,0.3830943396226415,0.17685000000000003,0.15500402267667032,0.38022813688212925,0.24445505897989703,0.2968641114982578,0.35216163212738555,0.0,0.25786398626571416,0.19047619047619047,0.21143382352941176,0.15129101667563208,0.10544132522759823,0.2283162990855299,0.1115065243179122,0.0,0.0,0.0062394913829340055,0.004140243860363379,0.004938057697305731,0.0,0.0,0.0,0.0,0.0019433198380566818,0.0019047619047619063,0.0016741071428571443,0.0,0.0,0.0,0.17100709219858154,0.15734265734265737,0.0,0.04114630467571644,0.18575238095238095,0.0,0.0,0.09410397908800465,0.11124595469255663,0.0,0.2495480538646006,0.22894656488549617,0.28060060060060055,0.22584899439498846,0.21744988740817303,0.1719778023734858,0.3249939975990396,0.3610934520025429
15-2011.00,0.38150853561763687,0.49765258215962443,0.4260931558935361,0.4515318217051347,0.4592982456140351,0.34229508196721314,0.34740235677758835,0.6199517781796263,0.48269373995531345,0.641283339775802,0.6289308176100628,0.7291666666666667,0.7144647969016036,0.36045627376425854,0.29494102010300716,0.4887340301974447,0.41271513874253596,0.0,0.24942543058093813,0.34579124579124576,0.14235294117647057,0.0007746100053792369,0.0,0.041689080150618625,0.0,0.0,0.0,0.0,0.0,0.006768171186000174,0.0,0.0,0.0,0.0,0.02008097165991903,0.0,0.0,0.0,0.0,0.0,0.37234042553191493,0.21922797202797203,0.0,0.03506787330316743,0.1111111111111111,0.0,0.0,0.07667731629392971,0.13652912621359223,0.0,0.34698395130049803,0.30534351145038163,0.2303423423423423,0.16485328058028353,0.34896083281036583,0.2640195535878989,0.3814165666266507,0.3537698664971392
15-2021.00,0.4133009135857733,0.5805946791862285,0.3564638783269962,0.49386292998999104,0.7068421052631579,0.5983606557377049,0.2148150893055659,0.7326702833031947,0.530594645447062,0.7922381136451488,0.5471698113207547,0.9375,0.7510664770707429,0.34220532319391633,0.4397532812759594,0.4515679442508711,0.3783222105139913,0.0,0.36343246386442934,0.17316017316017313,0.049852941176470586,0.0,0.0,0.15737493275954814,0.0,0.0,0.0,0.0,0.0,0.0,0.0,0.0,0.0,0.0,0.0019433198380566818,0.0,0.0,0.0,0.0,0.0,0.2589503546099291,0.10965034965034966,0.0,0.028989441930618403,0.05952380952380952,0.0,0.0,0.0326749927388905,0.039188915857605186,0.0,0.19627375023058477,0.1561730279898219,0.19255255255255255,0.1160567095285196,0.1845767654767618,0.06766894176966119,0.35707082833133247,0.1395549904640814
15-2031.00,0.4196593891794006,0.5804460093896714,0.4230608365019012,0.5079732994182765,0.6350877192982456,0.547172131147541,0.2842955606610836,0.5365400843881856,0.49678570028615116,0.5736374178585234,0.4490566037735848,0.7421875,0.6412614365633245,0.38022813688212925,0.18431217810267483,0.3567386759581882,0.26672813487881986,0.0,0.21632884753835074,0.17316017316017313,0.07941176470588236,0.0,0.0,0.04034427111350188,0.0,0.0,0.0,0.0,0.0,0.006768171186000174,0.0,0.0,0.0009846153846153854,0.0,0.040161943319838064,0.0,0.0,0.0,0.0,0.0,0.28900709219858156,0.16325034965034968,0.0,0.00471342383107089,0.08380952380952379,0.0,0.0,0.014522218995062446,0.03239617044228695,0.0,0.21309721453606348,0.21068702290076335,0.24118198198198199,0.1490273656445763,0.2085717449887408,0.10318668142409149,0.33853541416566624,0.26033057851239666
15-2041.00,0.4380328402547459,0.5289514866979655,0.46482889733840305,0.5839811560719742,0.45614035087719296,0.3565573770491804,0.2538353220188246,0.6492585895117541,0.4899847124769708,0.6476691148047933,0.5471698113207547,0.840625,0.7016296518045916,0.38022813688212925,0.37152489339314393,0.36655052264808363,0.42149631190727077,0.0,0.31860912665448304,0.17316017316017313,0.11745588235294115,0.0007746100053792369,0.003129788576522079,0.1960731576116192,0.0014234875444839872,0.0,0.0,0.0,0.0,0.0,0.0,0.0,0.0,0.0,0.0019433198380566818,0.0,0.0,0.0,0.0,0.0,0.37234042553191493,0.2107692307692308,0.0,0.04242081447963801,0.08380952380952379,0.0,0.0,0.07667731629392971,0.12014563106796115,0.0,0.25110680686220255,0.24580152671755726,0.19255255255255255,0.13114408176722714,0.1814574181402045,0.04384184959724529,0.34439375750300116,0.19930069930069932
15-2041.01,0.4761226524508108,0.5924256651017215,0.5190114068441065,0.6411751868212912,0.5052210526315789,0.38745901639344266,0.3172941525235307,0.6492585895117541,0.5644623887734703,0.6852570545032857,0.6018867924528302,0.6689583333333333,0.4829550769921605,0.38022813688212925,0.31860912665448304,0.42519860627177697,0.3783222105139913,0.0,0.38835354710084735,0.17316017316017313,0.10808823529411762,0.05301775147928994,0.03305056736807315,0.18558364712210865,0.03558718861209965,0.005759530507323698,0.001474607262932307,0.0009457755359394711,0.000993658526487211,0.02551329810274625,0.0032000000000000028,0.0062394913829340055,0.006495726495726497,0.0,0.015261538461538458,0.006031746031746031,0.005301339285714285,0.0,0.0013149589732800349,0.001993686658913442,0.26595744680851063,0.19160839160839163,0.0,0.03506787330316743,0.07142857142857142,0.0,0.0,0.04879465582340982,0.10234627831715208,0.0,0.4759269507470947,0.4452926208651399,0.26376456456456454,0.21496867787668972,0.2085717449887408,0.13865830412592997,0.5280252100840336,0.2881436745073108
15-2041.02,0.3433576820558732,0.43627543035993743,0.35266159695817495,0.5001166457206071,0.3936842105263158,0.30540983606557376,0.2779218854220707,0.5072332730560579,0.3242522833287601,0.6523076923076924,0.4101383647798742,0.3589833333333334,0.2928134413531162,0.3292167300380228,0.25786398626571416,0.40418118466898956,0.41271513874253596,0.0,0.144985324250983,0.17316017316017313,0.070625,0.007767616998386228,0.007231063527196609,0.07668639053254438,0.0029655990510083037,0.0,0.0,0.0,0.0,0.07147188772416183,0.0,0.0,0.009873504273504271,0.0,0.0353425101214575,0.0,0.0,0.0,0.0,0.0,0.2681702127659575,0.15734265734265737,0.0,0.01088989441930618,0.0419047619047619,0.0,0.0,0.04356665698518734,0.06526429341963322,0.0,0.3529791551374285,0.2903307888040712,0.32290210210210213,0.29665677546983177,0.1814574181402045,0.11913546086207955,0.40962785114045625,0.2736808645899555
15-2091.00,0.18515880928642645,0.08901408450704229,0.2623574144486692,0.022576591085256732,0.315438596491228,0.11090163934426234,0.08730452827391982,0.590717299578059,0.00627180431970523,0.1160262852725164,0.016603773584905675,1.0,0.9945553539019963,0.0975918884664132,0.24176912000886086,0.033728222996515705,0.1287905397494439,0.005182186234817813,0.004603477875616108,0.0,0.0,0.010758472296933833,0.0200306468897413,0.0860677783754707,0.045551601423487555,0.0,0.0,0.0,0.011040650294302333,0.2598977735424067,0.0,0.0,0.0,0.0,0.031093117408906877,0.0076190476190476164,0.0,0.0,0.0052598358931201334,0.0,0.0673758865248227,0.0029370629370629397,0.0,0.009049773755656106,0.015238095238095235,0.011999999999999999,0.016963528413910085,0.0,0.0,0.0,0.0,0.03969465648854962,0.0,0.02524233432245302,0.00287939754143747,0.0,0.011092436974789914,0.0
17-1011.00,0.4394978330315176,0.43627543035993743,0.4790874524714829,0.5001166457206071,0.8056140350877192,0.672896174863388,0.41121322167049584,0.6582278481012658,0.39057661400964294,0.6852570545032857,0.677433962264151,0.43434999999999996,0.4597732332965368,0.39999999999999997,0.40518220080855066,0.7156794425087109,0.5707762557077626,0.1451012145748988,1.0,0.1904761904761905,0.1985294117647059,0.12049488972565897,0.09414404038178412,0.2781065088757396,0.10628706998813763,0.07362498787467261,0.0,0.0,0.000993658526487211,0.0,0.0,0.0,0.0,0.0,0.004048582995951417,0.0,0.0,0.0,0.0,0.0,0.5042553191489363,0.6153846153846154,0.0,0.389894419306184,0.4126984126984127,0.0,0.0012213740458015278,0.09410397908800465,0.22464940668824165,0.0,0.424792473713337,0.3330788804071247,0.32290210210210213,0.5469831849653808,0.45129019159068257,0.3635860542335363,0.3306602641056422,0.4246662428480611
17-1012.00,0.3296233747736383,0.39480438184663535,0.3768441064638784,0.48088139011596837,0.6140350877192983,0.5566939890710383,0.2779218854220707,0.3930078360458107,0.29399082748618244,0.4884112872052571,0.5987421383647797,0.25,0.2532602391153853,0.2440456273764258,0.15506451791548984,0.3386759581881533,0.3260010537407798,0.015261538461538458,0.74503655092208,0.17316017316017313,0.27999999999999997,0.10112963959117804,0.0811241199034523,0.19203873050026893,0.09489916963226572,0.09821515180909886,0.0,0.0,0.0,0.0,0.0,0.0,0.0,0.0,0.0019433198380566818,0.000914285714285715,0.0,0.0,0.0,0.0,0.2936170212765958,0.3002461538461539,0.0,0.15987933634992457,0.22666666666666666,0.0,0.0,0.10920708684286957,0.11630258899676374,0.0,0.3329643977125991,0.3297709923664122,0.3951951951951952,0.5281107814045499,0.42556019048322197,0.30132816823464303,0.375750300120048,0.41645263827082013
17-1021.00,0.26959936516979677,0.32403755868544604,0.24482889733840305,0.4052949631625289,0.3217543859649123,0.24385245901639344,0.15007781812791818,0.23839662447257381,0.23666261612637682,0.33629686896018557,0.3306666666666667,0.235,0.22873126648829684,0.3168567807351077,0.2712729135515313,0.47781649245063873,0.44678609062170704,0.0019433198380566818,0.40518220080855066,0.1714285714285714,0.1985294117647059,0.2588757396449704,0.17877352349094114,0.37762237762237766,0.25691103202846977,0.011519061014647393,0.001474607262932307,0.0019703656998738984,0.0020701219301816893,0.003248722169280087,0.0,0.0,0.0,0.0,0.015261538461538458,0.0,0.0,0.0,0.0,0.0,0.3102836879432624,0.34,0.0,0.25452488687782804,0.3333333333333333,0.0,0.0,0.12231193726401395,0.16518338727076592,0.0,0.194798007747648,0.143765903307888,0.2303423423423423,0.20236069897790968,0.19501458156447266,0.1540921109266433,0.3306602641056422,0.26673871582962494
17-1022.00,0.2976376991474556,0.39480438184663535,0.3284790874524715,0.4515318217051347,0.28596491228070176,0.2315573770491803,0.22083673015637742,0.44725738396624476,0.29399082748618244,0.4236567452647855,0.3877358490566038,0.515,0.5163994237281793,0.4131812420785804,0.39536606302265054,0.543842044134727,0.4566210045662101,0.41198380566801623,0.4945727418729579,0.20923520923520922,0.2459411764705882,0.32275416890801506,0.28844131521227473,0.3356643356643357,0.2846975088967971,0.3282568629352992,0.07569650616385834,0.10114543926019333,0.27946646057452784,0.21658147795200558,0.12,0.18127364438839846,0.11076923076923079,0.0357824427480916,0.242914979757085,0.17857142857142858,0.2685546875,0.0,0.08766393155200225,0.1329124439275627,0.3102836879432624,0.4589874125874126,0.10496183206106868,0.5196078431372549,0.34377142857142856,0.1035,0.20139100932994067,0.136508858553587,0.2633663700107875,0.09700073720560277,0.42479247371333706,0.3826972010178117,0.23255255255255255,0.3956478733926805,0.2085717449887408,0.196957818360696,0.4357743097238896,0.2736808645899555
17-1022.01,0.4196593891794006,0.5192175273865415,0.4158745247148289,0.4515318217051347,0.3377192982456141,0.2766393442622951,0.23733602608760102,0.3930078360458107,0.36564619183881464,0.6129725550831079,0.49245283018867925,0.6608333333333334,0.5388515725859263,0.4544993662864385,0.2803621864097026,0.8130081300813008,0.48401826484018273,0.19271255060728743,0.4945727418729579,0.23015873015873015,0.1910735294117647,0.2958579881656805,0.16900858313219225,0.2588757396449704,0.25691103202846977,0.257323697739839,0.08601875700438451,0.10151324085750314,0.08625508042423698,0.10673135233474833,0.02666666666666667,0.12347625052543083,0.04512820512820513,0.009064885496183206,0.15380728744939273,0.07936507936507936,0.06975446428571429,0.0,0.07100778455712184,0.07443096859943514,0.3102836879432624,0.38965034965034967,0.09541984732824427,0.26923076923076916,0.23809523809523808,0.11200000000000002,0.08481764206955046,0.11617775196049956,0.20010787486515644,0.12933431627413702,0.25110680686220255,0.19083969465648853,0.25657657657657656,0.20236069897790968,0.12182066521466277,0.10914345446719546,0.31692677070828323,0.2231404958677686
17-2011.00,0.4043380063889962,0.6134585289514868,0.4260931558935361,0.6011017376449604,0.5526315789473684,0.4781420765027322,0.3361743126065368,0.580168776371308,0.41452706675551726,0.6129725550831079,0.5094339622641509,0.57,0.38373528916496713,0.3292167300380228,0.2657833527163981,0.40418118466898956,0.4566210045662101,0.0,0.4593509442321537,0.1904761904761905,0.21143382352941176,0.0,0.0,0.13448090371167296,0.0,0.0,0.0,0.0,0.0,0.006768171186000174,0.0,0.0,0.0,0.0,0.02008097165991903,0.0,0.0,0.0,0.0,0.0,0.28900709219858156,0.31951328671328677,0.0,0.1319758672699849,0.38095238095238093,0.0,0.0,0.24655242521057222,0.38641113807982747,0.0,0.31193506733075077,0.22589312977099238,0.2681081081081081,0.28849324101549617,0.31008896600095986,0.2501844678103671,0.35320528211284513,0.3095486331849968
17-2021.00,0.3494007772600566,0.5713928012519561,0.4358365019011407,0.5417930328639909,0.4663578947368421,0.39344262295081966,0.3556844289631661,0.4746835443037975,0.41550703618047125,0.5310243525318903,0.6289308176100628,0.3966666666666666,0.3974778752783131,0.24030418250950572,0.21632884753835074,0.4343786295005807,0.4292237442922375,0.0353425101214575,0.5676884310793598,0.20952380952380953,0.26588235294117646,0.04034427111350188,0.027321802357607144,0.1815492200107585,0.10628706998813763,0.11397807740809002,0.022856412575450742,0.0305406683480454,0.12075711259393178,0.010287620202720263,0.0,0.020360445565363598,0.012991452991452988,0.018129770992366408,0.032388663967611336,0.01968253968253968,0.015904017857142853,0.0,0.00832807349744021,0.012626682173118456,0.319063829787234,0.2876923076923077,0.04437022900763359,0.2963800904977375,0.34377142857142856,0.046500000000000014,0.026293469041560644,0.2117339529480105,0.4357133225458468,0.06014045706747372,0.33163622947795607,0.22589312977099238,0.3156756756756756,0.22156280909990111,0.285281848720883,0.2501844678103671,0.35320528211284513,0.3610934520025429
17-2031.00,0.4578102427411643,0.5713928012519561,0.4462357414448669,0.5610282884686297,0.5715789473684211,0.7052595628415301,0.4307233380271252,0.6199517781796263,0.5389831837246679,0.4884112872052571,0.6566037735849057,0.5256,0.3974778752783131,0.3292167300380228,0.35101345738494766,0.6514471544715448,0.504185692541857,0.0,0.6032978900149527,0.23015873015873015,0.13455882352941176,0.2074018289402905,0.0876340801426182,0.23238300161377082,0.16370106761565836,0.026675720244446602,0.012288393857769215,0.009484026902059685,0.01966615833672603,0.11911981287360304,0.0,0.0,0.0,0.0,0.0353425101214575,0.0,0.03044642857142858,0.0,0.0,0.0,0.319063829787234,0.31384615384615383,0.0,0.2206334841628959,0.358095238095238,0.0,0.0,0.15393552134766195,0.21069309600863,0.0,0.376351226710939,0.21068702290076335,0.32290210210210213,0.28849324101549617,0.3626933441618369,0.27019922523519646,0.496062424969988,0.3989319771137953
17-2041.00,0.4578102427411643,0.5924256651017215,0.33935361216730037,0.3521948209300051,0.5929824561403508,0.5665983606557377,0.41121322167049584,0.6075949367088608,0.45188350123476145,0.7922381136451488,0.9013333333333333,0.53125,0.4920762624656202,0.38022813688212925,0.3559907515091101,0.616548199767712,0.6304589626507434,0.0019433198380566818,0.5136512155950601,0.2754930254930254,0.14235294117647057,0.04518558364712211,0.0007211032880306876,0.10112963959117804,0.02941874258600238,0.0,0.0,0.0407208911307272,0.053478149863026944,0.06714025816512174,0.0,0.0,0.0,0.0,0.0353425101214575,0.0,0.0,0.0,0.0,0.0,0.2970780141843972,0.4151048951048951,0.0,0.1689291101055807,0.4444444444444444,0.0,0.0,0.16994481556781876,0.34132281553398064,0.0,0.3014204021398266,0.1743002544529262,0.2681081081081081,0.2466205077481042,0.285281848720883,0.2501844678103671,0.367875150060024,0.3394278448823903
17-2051.00,0.4578102427411643,0.5289514866979655,0.4990494296577947,0.48088139011596837,0.5526315789473684,0.46174863387978143,0.45023345438375456,0.580168776371308,0.39057661400964294,0.6129725550831079,0.691823899371069,0.5856,0.5240612195258855,0.4544993662864385,0.4362504845766185,0.6892543554006969,0.6622468095070835,0.10493927125506074,0.7019023093537132,0.1904761904761905,0.2317941176470588,0.001613770844540077,0.0015022985167305993,0.1960731576116192,0.067644128113879,0.053351440488893204,0.0,0.0,0.0,0.0,0.0,0.0,0.0,0.0,0.0009327935222672072,0.0,0.0,0.0,0.0,0.0,0.3102836879432624,0.4640559440559441,0.002862595419847331,0.33597285067873306,0.3333333333333333,0.0,0.0012213740458015278,0.2541388324135928,0.4357133225458468,0.003880029488224114,0.37677550267478327,0.28549618320610687,0.3483675675675676,0.37091988130563797,0.3460814352689283,0.279007563180225,0.375750300120048,0.3610934520025429
17-2051.01,0.4394978330315176,0.4777464788732394,0.4574619771863118,0.5282922313950076,0.6350877192982456,0.38745901639344266,0.3932038834951457,0.6492585895117541,0.39057661400964294,0.6476691148047933,0.6591194968553459,0.5475,0.4829550769921605,0.3292167300380228,0.2836503848922856,0.37630662020905925,0.43905865823674034,0.030121457489878545,0.7614775433349947,0.19047619047619047,0.16180147058823527,0.025013448090371173,0.03305056736807315,0.12990855298547604,0.07686832740213523,0.015156659229799205,0.0,0.0,0.0,0.033570129082560865,0.0,0.0,0.0,0.0,0.048582995951417005,0.0,0.0,0.0,0.0,0.0,0.28900709219858156,0.31951328671328677,0.0,0.15987933634992457,0.20190476190476192,0.0,0.0,0.10165553296543711,0.147485167206041,0.0,0.40057185021213804,0.31170483460559795,0.2303423423423423,0.3956478733926805,0.3655173686736313,0.2640195535878989,0.31692677070828323,0.3394278448823903
17-2061.00,0.39982094532728346,0.43627543035993743,0.36876425855513306,0.39509034399199283,0.3936842105263158,0.3831967213114755,0.3181649744311866,0.5021097046413502,0.36846850378268203,0.4684035562427522,0.4101383647798742,0.2708333333333333,0.21958201582876494,0.3168567807351077,0.1053954145206845,0.3386759581881533,0.301852827537759,0.0,0.4699077919920252,0.17316017316017313,0.07191176470588236,0.14254975793437333,0.09085901429186659,0.2711135018827326,0.046766310794780545,0.0,0.0,0.0,0.0,0.0015593866412544415,0.0,0.0,0.0,0.0,0.006153846153846155,0.0,0.0,0.0,0.0,0.0,0.2429078014184397,0.15734265734265737,0.0,0.10407239819004524,0.28285714285714286,0.0,0.0,0.08281150159744409,0.168554476806904,0.0018624141543475748,0.27089097952407304,0.19242748091603054,0.20685645645645645,0.19782393669634024,0.23360035438738974,0.06147389780483307,0.34243697478991597,0.2881436745073108
17-2071.00,0.36319612590799033,0.5192175273865415,0.3564638783269962,0.5001166457206071,0.4663578947368421,0.3525409836065574,0.3556844289631661,0.42194092827004215,0.3194700325349849,0.5736374178585234,0.5031446540880502,0.3966666666666666,0.3699927030516212,0.2958783269961977,0.13706595780029907,0.3567386759581882,0.3962065331928345,0.0009327935222672072,0.4132746303372654,0.1904761904761905,0.2459411764705882,0.12641204948897256,0.0876340801426182,0.19203873050026893,0.08920521945432977,0.000873023571636435,0.0007078114862075072,0.0009457755359394711,0.000993658526487211,0.020575240405440523,0.0,0.0,0.0,0.0,0.015261538461538458,0.0,0.005301339285714285,0.0,0.0,0.0,0.1773049645390071,0.2692307692307692,0.0,0.15082956259426847,0.32825396825396824,0.0,0.0,0.13011908219575952,0.20010787486515644,0.0,0.289153292750415,0.1743002544529262,0.28419459459459456,0.19782393669634024,0.2547159363579312,0.23634938203283523,0.3249939975990396,0.3394278448823903
17-2072.00,0.3235192382037561,0.43627543035993743,0.33269961977186313,0.4695930945733401,0.5131578947368421,0.4164071038251367,0.3361743126065368,0.42194092827004215,0.36846850378268203,0.5736374178585234,0.48498113207547167,0.4445833333333333,0.29889423166875595,0.38022813688212925,0.3028603865536911,0.45696631823461087,0.43905865823674034,0.0009327935222672072,0.6027787007808606,0.2507936507936508,0.2317941176470588,0.30338891877353413,0.25238615081074045,0.3854545454545455,0.22835112692763937,0.11397807740809002,0.08601875700438451,0.09063682219419923,0.11178658422981114,0.14944121978688382,0.0,0.04334804539722572,0.038461538461538464,0.0,0.08550607287449392,0.02952380952380953,0.021450892857142863,0.0,0.016849007644294835,0.03738162485462702,0.3425531914893617,0.31384615384615383,0.0,0.1689291101055807,0.5171428571428571,0.0,0.0,0.26633749636944526,0.21237864077669905,0.0,0.23132263420033206,0.19083969465648853,0.25657657657657656,0.22156280909990111,0.2699988925394071,0.2640195535878989,0.33853541416566624,0.3610934520025429
17-2072.01,0.3235192382037561,0.3724569640062597,0.2680608365019011,0.3373318984655444,0.4042105263157894,0.2766393442622951,0.24312606536722745,0.4746835443037975,0.30183058288581394,0.4684035562427522,0.36533333333333334,0.2444,0.25767582839074216,0.164958174904943,0.12815667054327964,0.27113588850174214,0.2524587284861257,0.0019433198380566818,0.3476837237636374,0.1402597402597402,0.09375,0.1506186121570737,0.11217162258255133,0.16003227541689077,0.1553973902728351,0.009397128722475508,0.0,0.03583438419503994,0.05175304825454219,0.1754309971411245,0.0015360000000000013,0.0019703656998738984,0.0,0.0,0.16194331983805668,0.0,0.06138392857142856,0.0,0.0,0.0,0.3102836879432624,0.20839160839160842,0.0,0.0915837104072398,0.19714285714285712,0.0,0.0,0.13011908219575952,0.20010787486515644,0.0,0.3539937280944475,0.26876335877862595,0.2681081081081081,0.2407649192218925,0.2907084056258997,0.14757424829367274,0.3814165666266507,0.30260648442466626
17-2081.00,0.46645776954849744,0.5904225352112676,0.39995247148288976,0.6242427435073487,0.4926315789473684,0.47207650273224044,0.45388349514563114,0.5072332730560579,0.4605856297283525,0.44907614998067263,0.4490566037735848,0.41666666666666663,0.41858289520459524,0.5214195183776933,0.3404566096250761,0.511033681765389,0.48401826484018273,0.0019433198380566818,0.48751869081242727,0.3095238095238095,0.24816176470588236,0.001613770844540077,0.0,0.12772458310919851,0.02941874258600238,0.03307789310311379,0.0,0.0,0.0,0.0,0.0,0.0,0.0,0.0,0.006153846153846155,0.0,0.0,0.0,0.0,0.0,0.26595744680851063,0.33398601398601396,0.0,0.15987933634992457,0.3055555555555556,0.0,0.0,0.19078710426953235,0.25072478425026967,0.003880029488224114,0.40057185021213804,0.3709923664122137,0.36250330330330327,0.4451038575667655,0.42556019048322197,0.3591357683084302,0.4585114045618247,0.3989319771137953
17-2081.01,0.4196593891794006,0.4777464788732394,0.4358365019011407,0.520954839292299,0.5821052631578947,0.47207650273224044,0.37519454531979546,0.6075949367088608,0.3880678922817608,0.641283339775802,0.6018867924528302,0.5544,0.4742455142477595,0.3013333333333333,0.309436783518857,0.511033681765389,0.3962065331928345,0.032388663967611336,0.7254804231046131,0.2528258778258778,0.16176470588235295,0.0,0.0,0.1484669176976869,0.04911032028469751,0.03758851488990204,0.0,0.0,0.0,0.0,0.0,0.0,0.0,0.0,0.0019433198380566818,0.0,0.0,0.0,0.0,0.0,0.33156028368794327,0.3002461538461539,0.0,0.23416289592760178,0.2085333333333333,0.0,0.0,0.13011908219575952,0.24656148867313912,0.0,0.2922339051835454,0.22900763358778625,0.29309309309309306,0.363996043521266,0.3760751596589021,0.23016971038553768,0.4513805522208883,0.3394278448823903
17-2111.01,0.4532321403137527,0.5258215962441315,0.4574619771863118,0.5417930328639909,0.6350877192982456,0.48945355191256834,0.5197139257392722,0.514840265220012,0.530594645447062,0.5610823347506765,0.560377358490566,0.41666666666666663,0.3118463150410687,0.38022813688212925,0.36343246386442934,0.7421045296167248,0.5565068493150684,0.06384453441295547,0.5653970759262336,0.27549302549302546,0.18661764705882353,0.13448090371167296,0.007231063527196609,0.15737493275954814,0.04911032028469751,0.0800271607333398,0.0007078114862075072,0.0009457755359394711,0.11416032404308614,0.0015593866412544415,0.0,0.08209857082807902,0.037305982905982915,0.0,0.20113360323886637,0.02952380952380953,0.15625,0.0,0.07952871870397646,0.024921083236418014,0.3660425531914894,0.45692307692307693,0.002862595419847331,0.389894419306184,0.40345396825396823,0.0014400000000000012,0.008057675996607293,0.20040662213186172,0.40958737864077677,0.0018624141543475748,0.4521306032097399,0.3826972010178117,0.3807807807807808,0.3699307616221563,0.4872826608586511,0.2939955727725512,0.537142857142857,0.47774952320406866
17-2111.02,0.25433902374509126,0.34824726134585293,0.36876425855513306,0.4221822532943009,0.4592982456140351,0.4017213114754099,0.40298673386200257,0.5021097046413502,0.36846850378268203,0.500966370313104,0.5598238993710691,0.22559999999999997,0.21043276516923307,0.36045627376425854,0.3083984050506729,0.616548199767712,0.504185692541857,0.015261538461538458,0.5451486957966439,0.1904761904761905,0.1462205882352941,0.0,0.0,0.2178590640129102,0.0830367734282325,0.10609661460859443,0.0007078114862075072,0.0,0.0,0.003248722169280087,0.0,0.0009457755359394711,0.0,0.0,0.0009327935222672072,0.0,0.0008035714285714293,0.0,0.0006311803071744167,0.0009569695962784524,0.2589503546099291,0.4241958041958042,0.0,0.25452488687782804,0.3961904761904762,0.0014400000000000012,0.0012213740458015278,0.19604995643334303,0.316039644012945,0.0,0.40057185021213804,0.3297709923664122,0.25657657657657656,0.16485328058028353,0.285281848720883,0.20848705650863922,0.3249939975990396,0.37635092180546725
17-2111.03,0.38150853561763687,0.4578403755868545,0.374287072243346,0.5282922313950076,0.3936842105263158,0.29713114754098363,0.45388349514563114,0.44725738396624476,0.41452706675551726,0.3156242752222652,0.3239748427672956,0.2925,0.19364978389806722,0.22915082382762988,0.25786398626571416,0.46684320557491293,0.43905865823674034,0.0249004048582996,0.4132746303372654,0.1402597402597402,0.08629411764705883,0.025013448090371173,0.0007211032880306876,0.06051640667025282,0.03558718861209965,0.04546997768939762,0.04608147696663455,0.020360445565363598,0.05175304825454219,0.05908342718530713,0.0,0.0,0.0,0.0,0.06704453441295546,0.0,0.0,0.0,0.0006311803071744167,0.0,0.37234042553191493,0.2876923076923077,0.0357824427480916,0.15082956259426847,0.24952380952380954,0.009500000000000001,0.016115351993214583,0.18036595991867557,0.3577063106796117,0.032333579068534256,0.33163622947795607,0.22900763358778625,0.2303423423423423,0.1490273656445763,0.16894311344088003,0.16044856422554263,0.30424969987995193,0.2736808645899555
17-2112.00,0.37082629662034305,0.46097026604068864,0.3959125475285171,0.5417930328639909,0.3936842105263158,0.34229508196721314,0.3181649744311866,0.33996383363471966,0.3194700325349849,0.43081561654425976,0.39999999999999997,0.34708333333333335,0.23127584335884147,0.22915082382762988,0.144985324250983,0.4117909407665505,0.36043788783514813,0.008097165991902834,0.4945727418729579,0.3173400673400673,0.28582352941176464,0.12641204948897256,0.004757278636313559,0.2074018289402905,0.15584341637010674,0.16732951789698322,0.09634100784491065,0.1287305590584279,0.20528709140968404,0.13536342372000348,0.010133333333333334,0.0,0.0,0.0,0.08550607287449392,0.0,0.0,0.0,0.0,0.0,0.28900709219858156,0.3002461538461539,0.0,0.2206334841628959,0.3055555555555556,0.0,0.0,0.26633749636944526,0.40958737864077677,0.0,0.25110680686220255,0.19083969465648853,0.2597477477477477,0.26871084734586215,0.26047473144080624,0.18446781036709092,0.3913565426170468,0.30260648442466626
17-2112.01,0.3815085356176369,0.5192175273865415,0.3411977186311787,0.5417930328639909,0.5526315789473684,0.4453551912568306,0.3640776699029126,0.6075949367088608,0.4605856297283525,0.5736374178585234,0.4308176100628931,0.410625,0.3395887514734223,0.3472750316856781,0.32185578999833864,0.3958745644599303,0.3962065331928345,0.015261538461538458,0.4821537353934763,0.17316017316017313,0.08629411764705883,0.001613770844540077,0.0007211032880306876,0.14254975793437333,0.0021637010676156605,0.0018187991075759064,0.001474607262932307,0.0,0.0,0.0,0.0,0.0,0.0,0.0,0.0019433198380566818,0.0,0.0,0.0,0.0,0.0,0.2127659574468085,0.2937062937062937,0.0,0.16496983408748112,0.18888888888888888,0.0,0.0,0.10920708684286957,0.20010787486515644,0.0,0.426351226710939,0.3297709923664122,0.4141645645645646,0.26376524892845365,0.26071468123592595,0.196957818360696,0.4357743097238896,0.32508582326764146
17-2121.01,0.3509878527682259,0.5407824726134585,0.4260931558935361,0.5610282884686297,0.45614035087719296,0.46174863387978143,0.3556844289631661,0.6582278481012658,0.4605856297283525,0.7922381136451488,0.6018867924528302,0.47815,0.43659138960091304,0.39169581749049426,0.29494102010300716,0.42519860627177697,0.5243531202435312,0.1373279352226721,0.6894833028742317,0.19047619047619047,0.21143382352941176,0.24663797740720816,0.13270303564453614,0.2283162990855299,0.17155871886120996,0.18945824037249004,0.11059554471992293,0.10114543926019333,0.2259883107115009,0.21658147795200558,0.06,0.13829340058848255,0.11076923076923079,0.0366793893129771,0.20113360323886637,0.09523809523809523,0.11160714285714285,0.0,0.08240409565888211,0.1329124439275627,0.37234042553191493,0.4149986013986014,0.07389312977099236,0.2907692307692308,0.3879365079365079,0.066,0.16963528413910092,0.2073772872494917,0.4055842098166128,0.2263350534797398,0.3529791551374285,0.22900763358778625,0.2681081081081081,0.27621496867787676,0.275591568533353,0.256686958125807,0.3814165666266507,0.30260648442466626
17-2121.02,0.4761226524508108,0.5805946791862285,0.4790874524714829,0.5001166457206071,0.5799578947368421,0.5068306010928961,0.37519454531979546,0.6075949367088608,0.41452706675551726,0.7089292616930808,0.5188679245283018,0.5544,0.49815705278126,0.21425602027883395,0.33314642520906024,0.2545876887340302,0.41271513874253596,0.040161943319838064,0.8319142160934817,0.2528258778258778,0.12682352941176467,0.11326519634211943,0.04406742315743087,0.13448090371167296,0.01779359430604982,0.03758851488990204,0.0,0.0,0.057963414045087265,0.041626960062375484,0.0,0.004104928541403951,0.060170940170940164,0.0,0.18218623481781376,0.003968253968253968,0.07366071428571427,0.0,0.0027394978610000703,0.0009569695962784524,0.3660425531914894,0.4972027972027972,0.0,0.3054298642533937,0.28285714285714286,0.0,0.04627650551314674,0.136508858553587,0.2616808252427184,0.0,0.40057185021213804,0.2870229007633588,0.28419459459459456,0.28849324101549617,0.2907084056258997,0.23016971038553768,0.31692677070828323,0.315956770502225
17-2131.00,0.4196593891794006,0.5192175273865415,0.4462357414448669,0.5802635440732685,0.45614035087719296,0.4159836065573771,0.3556844289631661,0.5527426160337553,0.4384775195013916,0.44907614998067263,0.682867924528302,0.49125,0.41147772559732065,0.20050697084917615,0.22476740322312677,0.42519860627177697,0.48401826484018273,0.0,0.5840878883535471,0.1558441558441558,0.101875,0.13448090371167296,0.08412871693691348,0.18474448628294787,0.11266429418742586,0.059753613347560394,0.026818190755195537,0.025246952501050864,0.12075711259393178,0.07147188772416183,0.0,0.0,0.0,0.0,0.0019433198380566818,0.0,0.0,0.0,0.0,0.0,0.319063829787234,0.34845874125874127,0.0,0.1689291101055807,0.2857142857142857,0.0,0.0,0.12231193726401395,0.25072478425026967,0.0,0.25110680686220255,0.29917557251908394,0.26376456456456454,0.19782393669634024,0.2907084056258997,0.20848705650863922,0.40962785114045625,0.25335028607755883
17-2141.00,0.4394978330315176,0.5192175273865415,0.34220532319391633,0.3521948209300051,0.5052210526315789,0.4317349726775957,0.3112725116727192,0.5659312839059674,0.36564619183881464,0.7228449942017782,0.4943396226415094,0.57,0.4829550769921605,0.3292167300380228,0.33314642520906024,0.42519860627177697,0.4946727549467275,0.009353846153846152,0.5955515866422993,0.22077922077922074,0.21143382352941176,0.09413663259817107,0.03104750267909903,0.1960731576116192,0.04911032028469751,0.000873023571636435,0.0,0.009484026902059685,0.16384325036744668,0.033570129082560865,0.0015360000000000013,0.0,0.0,0.0,0.032388663967611336,0.0,0.0,0.0,0.0,0.0,0.3102836879432624,0.2937062937062937,0.0,0.17948717948717946,0.32000000000000006,0.0,0.0,0.23961661341853036,0.33120954692556637,0.0,0.3271997786386276,0.20737913486005086,0.2303423423423423,0.23079459281239692,0.3336778766288899,0.23016971038553768,0.34243697478991597,0.3458359821996186
17-2141.01,0.36783526970110075,0.5192175273865415,0.3411977186311787,0.5417930328639909,0.5715789473684211,0.39980191256830605,0.3293374342251537,0.3833634719710669,0.338638234487084,0.43081561654425976,0.4075471698113208,0.4869791666666667,0.32742717084214273,0.3472750316856781,0.33314642520906024,0.5653333333333334,0.6174262381454162,0.010040485829959514,0.5249003156670544,0.2698412698412698,0.21143382352941176,0.2396449704142012,0.17276432942401873,0.2711135018827326,0.22835112692763937,0.13262076826074304,0.059692102003499725,0.06797761664564943,0.0837985357337547,0.14294377544832365,0.0,0.0,0.0,0.0,0.0019433198380566818,0.0,0.0,0.0,0.0,0.0,0.2127659574468085,0.33398601398601396,0.0,0.2828054298642534,0.40345396825396823,0.0,0.0,0.2795527156549521,0.2616808252427184,0.005897644822100654,0.31193506733075077,0.22894656488549617,0.2520216216216216,0.20236069897790968,0.26047473144080624,0.196957818360696,0.3306602641056422,0.30260648442466626
17-2141.02,0.39982094532728346,0.49765258215962443,0.4358365019011407,0.4515318217051347,0.6020631578947369,0.5936612021857923,0.3293374342251537,0.6329113924050632,0.5066441927011878,0.6562659451101662,0.6018867924528302,0.57,0.4453009523453141,0.3292167300380228,0.22476740322312677,0.3958745644599303,0.41271513874253596,0.08550607287449392,0.6562551918923408,0.25079365079365074,0.14411764705882352,0.10112963959117804,0.0661011347361463,0.2178590640129102,0.11293001186239619,0.09821515180909886,0.06488271956902143,0.07224674232870952,0.10626625908265996,0.013536342372000349,0.058197333333333344,0.0,0.0,0.0,0.0019433198380566818,0.0,0.0,0.0,0.0,0.0,0.2429078014184397,0.2937062937062937,0.08945610687022901,0.16496983408748112,0.3333333333333333,0.1035,0.07124681933842239,0.2501074644205634,0.2616808252427184,0.17072129748186085,0.33163622947795607,0.2903307888040712,0.245045045045045,0.427299703264095,0.275591568533353,0.16528315808891347,0.42429771908763503,0.26033057851239666
17-2151.00,0.4761226524508108,0.5407824726134585,0.4574619771863118,0.6129544479647203,0.5405263157894737,0.4317349726775957,0.3932038834951457,0.589511754068716,0.41850574262083023,0.7089292616930808,0.691823899371069,0.46395833333333336,0.3395887514734223,0.3472750316856781,0.37918120396522126,0.6638234610917538,0.48401826484018273,0.07125506072874493,0.6562551918923408,0.3229918229918229,0.1213235294117647,0.006724045185583648,0.003129788576522079,0.14254975793437333,0.03677342823250297,0.04209913667669029,0.0007078114862075072,0.0,0.12972764095805242,0.0015593866412544415,0.0,0.0019703656998738984,0.0,0.0,0.015261538461538458,0.0,0.0008035714285714293,0.0,0.0027394978610000703,0.0,0.28900709219858156,0.4405594405594405,0.0,0.23416289592760178,0.28285714285714286,0.0155,0.0012213740458015278,0.13011908219575952,0.11124595469255663,0.0018624141543475748,0.37677550267478327,0.2903307888040712,0.2520216216216216,0.32970656116056707,0.24715751781165782,0.19713460001229788,0.39495798319327735,0.18335664335664334
17-2161.00,0.49443506216045746,0.5924256651017215,0.5332699619771863,0.656978800580971,0.5336842105263158,0.3831967213114755,0.5891943970947899,0.5021097046413502,0.3880678922817608,0.6476691148047933,0.6666666666666666,0.44976666666666665,0.41858289520459524,0.38022813688212925,0.3404566096250761,0.511033681765389,0.5243531202435312,0.0009327935222672072,0.37883507780916,0.2528258778258778,0.27205882352941174,0.10112963959117804,0.03477320300059092,0.05917159763313609,0.02941874258600238,0.0,0.0,0.012478982765868007,0.021391259945210774,0.013536342372000349,0.0,0.0,0.0,0.0,0.024291497975708502,0.0,0.0,0.0,0.0,0.0,0.28900709219858156,0.33398601398601396,0.0,0.15987933634992457,0.34377142857142856,0.0,0.0,0.2117339529480105,0.2844356796116505,0.0,0.33163622947795607,0.26876335877862595,0.29309309309309306,0.39952522255192885,0.2699988925394071,0.23016971038553768,0.33853541416566624,0.32508582326764146
17-2171.00,0.3922518159806296,0.5340845070422535,0.44439163498098866,0.5926355159879892,0.4926315789473684,0.3831967213114755,0.3361743126065368,0.3833634719710669,0.41452706675551726,0.5411673753382296,0.573433962264151,0.40856666666666663,0.3049750219843958,0.2958783269961977,0.3083984050506729,0.45696631823461087,0.36043788783514813,0.015261538461538458,0.4211939967879493,0.2507936507936508,0.28582352941176464,0.0051102743410435724,0.004757278636313559,0.2074018289402905,0.07117437722419928,0.056837472111747014,0.0,0.0,0.0,0.0,0.0,0.0,0.0,0.0,0.018461538461538456,0.0,0.0,0.0,0.0,0.0,0.217645390070922,0.31384615384615383,0.002862595419847331,0.19984917043740572,0.28285714285714286,0.0030000000000000027,0.0,0.21783328492593668,0.2326051779935275,0.012286760046043017,0.3271997786386276,0.2903307888040712,0.3951951951951952,0.45507418397626115,0.26047473144080624,0.33245711123408966,0.3913565426170468,0.30260648442466626
17-2199.01,0.4578102427411643,0.5606885758998436,0.4990494296577947,0.7134202782941127,0.5052210526315789,0.46174863387978143,0.41121322167049584,0.5021097046413502,0.530594645447062,0.6129725550831079,0.5880503144654088,0.4583333333333333,0.3865698729582577,0.4544993662864385,0.33314642520906024,0.5574912891986062,0.4566210045662101,0.0,0.40518220080855066,0.23015873015873015,0.25899999999999995,0.2614308768154922,0.17276432942401873,0.2588757396449704,0.2113879003558719,0.12765544669706083,0.038094020959084575,0.08669609079445144,0.06469131031817774,0.15437927748418953,0.0,0.03583438419503994,0.026283760683760687,0.05206106870229008,0.1451012145748988,0.02952380952380953,0.038750000000000014,0.0,0.02391472052738622,0.02554577172287756,0.28900709219858156,0.33398601398601396,0.0,0.14177978883861234,0.3961904761904762,0.0,0.0,0.22828928260238165,0.316039644012945,0.0,0.270890979524073,0.30534351145038163,0.25657657657657656,0.20236069897790968,0.246520727970763,0.2174414314702084,0.3913565426170468,0.28012714558169105
17-2199.02,0.3433576820558732,0.43627543035993743,0.3284790874524715,0.48088139011596837,0.3217543859649123,0.26336065573770495,0.2842955606610836,0.4421338155515371,0.3194700325349849,0.36858136838036337,0.41147169811320755,0.3589833333333334,0.286676520665332,0.22915082382762988,0.11993271307526168,0.2968641114982578,0.42149631190727077,0.0019433198380566818,0.31860912665448304,0.20952380952380953,0.27999999999999997,0.10112963959117804,0.0015022985167305993,0.1960731576116192,0.11862396204033215,0.07362498787467261,0.041289003362104566,0.055170239596469106,0.057963414045087265,0.11911981287360304,0.0,0.0,0.0,0.0,0.08550607287449392,0.0,0.0,0.0,0.0,0.0,0.23829787234042557,0.23835524475524478,0.0,0.21210407239819004,0.34377142857142856,0.0,0.0,0.17426662794074935,0.21864886731391583,0.0,0.289153292750415,0.24885496183206104,0.3016216216216216,0.24933728981206724,0.2085717449887408,0.1719778023734858,0.3306602641056422,0.30260648442466626
17-2199.03,0.4196593891794006,0.49765258215962443,0.3284790874524715,0.43347054883692926,0.4378947368421052,0.3831967213114755,0.3610761135403544,0.44725738396624476,0.39057661400964294,0.6129725550831079,0.4245283018867924,0.48,0.3865698729582577,0.28517110266159695,0.2523259677687324,0.3567386759581882,0.41271513874253596,0.0,0.4945727418729579,0.23015873015873015,0.21143382352941176,0.0,0.0,0.06724045185583648,0.03677342823250297,0.011519061014647393,0.0,0.0,0.0,0.0015593866412544415,0.0,0.0,0.0,0.0,0.0353425101214575,0.0,0.0,0.0,0.0,0.0,0.28900709219858156,0.30615384615384617,0.0,0.1161387631975867,0.32000000000000006,0.0,0.0,0.1379262271275051,0.21069309600863,0.0,0.4521306032097399,0.3826972010178117,0.3427027027027027,0.21496867787668972,0.2699988925394071,0.23016971038553768,0.3249939975990396,0.3610934520025429
17-2199.04,0.4394978330315176,0.5101721439749608,0.4260931558935361,0.4756586720449123,0.6020631578947369,0.5355191256830601,0.37519454531979546,0.6075949367088608,0.4384775195013916,0.6061074603788171,0.768,0.529375,0.5388235073998541,0.4365019011406844,0.4362504845766185,0.6764227642276424,0.5817527221636811,0.048582995951417005,0.74503655092208,0.3095238095238095,0.15205882352941177,0.2017213555675094,0.15548789648161687,0.19203873050026893,0.17793594306049823,0.1882457076341061,0.05529777235996146,0.09063682219419923,0.19321138015029085,0.24257125530624626,0.0032000000000000028,0.13829340058848255,0.07521367521367521,0.022480916030534346,0.16323886639676113,0.07111111111111111,0.09765625,0.0,0.05322953923837575,0.05146369828875229,0.3468085106382979,0.4151048951048951,0.0,0.3054298642533937,0.40345396825396823,0.0,0.0,0.2927679349404589,0.4753236245954693,0.008083394767133564,0.3539937280944475,0.23791348600508905,0.30462462462462464,0.2466205077481042,0.3793052530547455,0.2640195535878989,0.4357743097238896,0.3458359821996186
17-2199.05,0.3179237796813641,0.3498591549295775,0.30994296577946767,0.4756586720449123,0.47368421052631576,0.46174863387978143,0.27225227895946047,0.4128993369499699,0.34984908470855713,0.266347120216467,0.220125786163522,0.3847666666666666,0.286676520665332,0.3292167300380228,0.22476740322312677,0.27113588850174214,0.301852827537759,0.015261538461538458,0.46424516807886146,0.1714285714285714,0.21143382352941176,0.1484669176976869,0.014271835908940676,0.1670252824098978,0.10628706998813763,0.0800271607333398,0.06783193409488607,0.09063682219419923,0.0837985357337547,0.09096422073984234,0.0,0.0,0.0,0.0,0.008097165991902834,0.0,0.0,0.0,0.0,0.0,0.19432624113475178,0.2692307692307692,0.0,0.2828054298642534,0.2619047619047619,0.0,0.0,0.24655242521057222,0.37545509708737873,0.0,0.289153292750415,0.1590330788804071,0.23459459459459459,0.22156280909990111,0.2699988925394071,0.2174414314702084,0.3249939975990396,0.28012714558169105
17-2199.06,0.4532321403137527,0.5258215962441315,0.38735741444866917,0.526787125322657,0.5821052631578947,0.48945355191256834,0.30079485659230715,0.49125979505726336,0.410489592724707,0.5160572091225358,0.5094339622641509,0.37187499999999996,0.37461410369150744,0.4958174904942966,0.33314642520906024,0.47781649245063873,0.5565068493150684,0.012307692307692304,0.5528949991692973,0.3229918229918229,0.3094117647058824,0.2614308768154922,0.20656604605045722,0.2509736417428725,0.20139501779359434,0.0666893006111165,0.001474607262932307,0.07224674232870952,0.057963414045087265,0.16243610846400416,0.0,0.055170239596469106,0.0,0.05206106870229008,0.13639514170040487,0.0019047619047619063,0.05231584821428571,0.0,0.0,0.0,0.23120567375886522,0.24475524475524474,0.0,0.21210407239819004,0.4126984126984127,0.0,0.0,0.23961661341853036,0.29075647249190933,0.0,0.3539937280944475,0.2626564885496183,0.29309309309309306,0.18067919551599076,0.246520727970763,0.279007563180225,0.4057623049219688,0.3610934520025429
17-2199.07,0.3052068284941095,0.42845070422535214,0.2737642585551331,0.4767423484170047,0.5921052631578947,0.5618579234972677,0.2871859482694731,0.5424954792043398,0.32186115793187253,0.6036026285272517,0.5886792452830188,0.529375,0.4742455142477595,0.39999999999999997,0.32185578999833864,0.464,0.4946727549467275,0.0019433198380566818,0.6432754610400399,0.27549302549302546,0.12682352941176467,0.2937062937062937,0.2409937203922001,0.3792361484669176,0.24982206405693952,0.19912212629741002,0.10349776842767544,0.06473308112652375,0.07590447077332854,0.06714025816512174,0.020266666666666662,0.06473308112652375,0.0,0.0,0.006153846153846155,0.0,0.0008035714285714293,0.0,0.0,0.0,0.23341843971631204,0.4151048951048951,0.0,0.33597285067873306,0.4444444444444444,0.0,0.2523324851569126,0.23961661341853036,0.21237864077669905,0.0018624141543475748,0.2663715181700793,0.22264631043256997,0.21441441441441442,0.21496867787668972,0.275591568533353,0.16678964520691136,0.3814165666266507,0.26673871582962494
17-2199.08,0.39676887704234237,0.6436306729264476,0.4462357414448669,0.4925459621766844,0.6453052631578948,0.6685860655737705,0.42233009708737873,0.6582278481012658,0.4605856297283525,0.7922381136451488,0.6303396226415094,0.573125,0.4101633393829401,0.54417237008872,0.47696184305255585,0.6514471544715448,0.6304589626507434,0.11336032388663968,0.9045176385889129,0.27549302549302546,0.1910735294117647,0.31360946745562135,0.2588961110499064,0.5739644970414202,0.3269276393831554,0.265241536521486,0.14380370028115844,0.3235077763766288,0.3622713377817954,0.21224984839296546,0.0896,0.009484026902059685,0.0,0.0,0.17878542510121453,0.007936507936507936,0.10491071428571426,0.0,0.0,0.0,0.28900709219858156,0.3751776223776224,0.11969465648854964,0.40832579185520357,0.4711111111111111,0.056249999999999994,0.1484308736217133,0.34072611094975314,0.4357133225458468,0.14226774790155072,0.3539937280944475,0.21068702290076335,0.3427027027027027,0.4213649851632047,0.3336778766288899,0.1283588513804341,0.4357743097238896,0.19476160203432927
17-2199.09,0.515799540155045,0.5884194053208137,0.4990494296577947,0.5802635440732685,0.5410947368421052,0.525655737704918,0.34740235677758835,0.6582278481012658,0.530594645447062,0.5460069578662544,0.8176100628930817,0.529375,0.41147772559732065,0.4182509505703422,0.3476837237636374,0.5653333333333334,0.38417632595714785,0.0019433198380566818,0.4362504845766185,0.22799422799422794,0.12682352941176467,0.2832167832167833,0.16400092140975694,0.30594405594405594,0.2598149466192171,0.09821515180909886,0.004669589665952302,0.04925914249684741,0.0837985357337547,0.22801697998787146,0.0032000000000000028,0.050861706599411506,0.0009846153846153854,0.023854961832061067,0.1451012145748988,0.0,0.09040178571428571,0.0,0.0,0.0,0.4404255319148936,0.22657342657342658,0.0,0.1689291101055807,0.2619047619047619,0.0,0.0,0.09410397908800465,0.22333468176914778,0.0,0.3539937280944475,0.3083358778625955,0.2974366366366366,0.21496867787668972,0.26071468123592595,0.20848705650863922,0.34439375750300116,0.32508582326764146
17-2199.10,0.21307506053268763,0.40384976525821603,0.2556463878326996,0.35327849730209737,0.3936842105263158,0.3565573770491804,0.17323797524642406,0.4676793248945147,0.3003018305828858,0.28624661770390414,0.2515723270440251,0.501875,0.4041106142533725,0.30038022813688214,0.21338677521182922,0.34843205574912894,0.36880927291886195,0.012307692307692304,0.5165932879215817,0.08085618085618086,0.05982352941176471,0.08714362560516407,0.003129788576522079,0.1815492200107585,0.057622775800711734,0.05092637501212533,0.041289003362104566,0.04925914249684741,0.03764861750357097,0.050355193623841304,0.0015360000000000013,0.0009457755359394711,0.0,0.0,0.0019433198380566818,0.0,0.0,0.0,0.0,0.0,0.15957446808510642,0.2392335664335665,0.0,0.21210407239819004,0.16,0.0,0.0,0.10920708684286957,0.11124595469255663,0.0018624141543475748,0.21309721453606348,0.20737913486005086,0.2719711711711712,0.23079459281239692,0.318394920447414,0.196957818360696,0.31895558223289316,0.2881436745073108
17-2199.11,0.36319612590799033,0.5047887323943662,0.33935361216730037,0.4695930945733401,0.5189052631578948,0.4275956284153005,0.2435336841325132,0.3833634719710669,0.27047156128728783,0.36142249710088903,0.3306666666666667,0.4041666666666666,0.29722903062847306,0.38200253485424585,0.25786398626571416,0.286411149825784,0.3161222339304531,0.0,0.38835354710084735,0.19047619047619047,0.23625,0.15129101667563208,0.14897793624245095,0.20414201183431951,0.13345195729537365,0.11397807740809002,0.001474607262932307,0.0,0.0,0.13150827341245774,0.0,0.07976040353089531,0.06410256410256411,0.10496183206106868,0.15380728744939273,0.08380952380952379,0.07955357142857142,0.0,0.03043691703485519,0.10765907958132581,0.10992907801418442,0.26010629370629373,0.0,0.11312217194570136,0.2742857142857143,0.0,0.10300254452926207,0.14522218995062447,0.21069309600863,0.0,0.270890979524073,0.19083969465648853,0.2520216216216216,0.16485328058028353,0.246520727970763,0.196957818360696,0.3249939975990396,0.3394278448823903
17-3011.01,0.256373735935052,0.31690140845070425,0.17870722433460076,0.246461119347386,0.3936842105263158,0.34229508196721314,0.2538353220188246,0.31050030138637735,0.21908196464270313,0.44907614998067263,0.37122012578616354,0.3125,0.22873126648829684,0.2440456273764258,0.29494102010300716,0.511033681765389,0.43905865823674034,0.10493927125506074,0.7862255634933821,0.12337662337662333,0.07874999999999999,0.35580419580419587,0.15548789648161687,0.37762237762237766,0.18647686832740215,0.10185275002425066,0.0007078114862075072,0.0009457755359394711,0.000993658526487211,0.07519708914493635,0.0,0.09851828499369482,0.0,0.0,0.015261538461538458,0.0,0.0,0.0,0.0006311803071744167,0.0,0.39148936170212767,0.3751776223776224,0.0013740458015267186,0.3054298642533937,0.3879365079365079,0.0014400000000000012,0.0012213740458015278,0.0801626488527447,0.19805151024811218,0.0,0.289153292750415,0.143765903307888,0.2303423423423423,0.3082756346851303,0.13843257410757134,0.14757424829367274,0.2817767106842737,0.25335028607755883
17-3011.02,0.2390786823203858,0.35333333333333333,0.24952471482889732,0.46164613451132963,0.25052631578947365,0.2227185792349727,0.15563625583635962,0.13110307414104883,0.13523578064364392,0.36858136838036337,0.3306666666666667,0.33854166666666663,0.286676520665332,0.2534854245880862,0.11170875560724373,0.3386759581881533,0.32014693829762325,0.0019433198380566818,0.5451486957966439,0.23015873015873015,0.17470588235294118,0.15737493275954814,0.0811241199034523,0.28187197417966653,0.0830367734282325,0.0,0.0,0.0,0.0,0.0,0.0,0.0,0.0,0.0,0.0019433198380566818,0.0,0.0,0.0,0.0,0.0,0.319063829787234,0.2692307692307692,0.0,0.19984917043740572,0.18575238095238095,0.0,0.0,0.07667731629392971,0.11124595469255663,0.0,0.23132263420033203,0.1743002544529262,0.2303423423423423,0.1669106495219255,0.13156631843183578,0.1283588513804341,0.24849939975990393,0.2409917355371901
17-3012.01,0.25433902374509126,0.3724569640062597,0.28517110266159695,0.3450455670863404,0.2298245614035088,0.24385245901639344,0.08615578448084193,0.15732368896925858,0.12935596409392028,0.16680324700425206,0.21132075471698114,0.21875,0.11945478698523769,0.07604562737642585,0.11993271307526168,0.2606271777003485,0.22721285563751317,0.0009327935222672072,0.44771418286537085,0.17316017316017313,0.1462205882352941,0.2560516406670253,0.13270303564453614,0.2958579881656805,0.13345195729537365,0.02273498884469881,0.0030720984644423037,0.004104928541403951,0.004312754021211849,0.04060902711600104,0.0,0.0,0.0,0.0,0.0009327935222672072,0.0,0.0,0.0,0.0,0.0,0.319063829787234,0.15734265734265737,0.0,0.08295625942684764,0.34377142857142856,0.0,0.0,0.05725239616613419,0.12641585760517798,0.0,0.19627375023058477,0.14249363867684478,0.245045045045045,0.1490273656445763,0.19501458156447266,0.1334317161655291,0.27783913565426166,0.2052892561983471
17-3012.02,0.3052068284941095,0.3536776212832551,0.33269961977186313,0.4221822532943009,0.3217543859649123,0.24385245901639344,0.18609649447861856,0.2206871609403255,0.18521422131629492,0.30132199458832626,0.27295597484276735,0.25,0.22721574644039885,0.12395437262357413,0.144985324250983,0.2968641114982578,0.35216163212738555,0.030121457489878545,0.47696184305255585,0.1402597402597402,0.11745588235294115,0.09760086067778377,0.04406742315743087,0.26495965572888647,0.0045077105575326215,0.0,0.0007078114862075072,0.0,0.0,0.015637182708134797,0.0,0.0,0.0,0.0,0.012307692307692304,0.0,0.0,0.0,0.0006311803071744167,0.0,0.28900709219858156,0.23835524475524478,0.0,0.1161387631975867,0.24095238095238095,0.0,0.0,0.04356665698518734,0.10234627831715208,0.0,0.14849658734550822,0.08956743002544527,0.19255255255255255,0.16485328058028353,0.19501458156447266,0.05003689356207342,0.24849939975990393,0.1660839160839161
17-3013.00,0.14344720939223146,0.2066666666666667,0.17870722433460076,0.25398664970913826,0.38596491228070173,0.3525409836065574,0.11105758541465949,0.1699095840867993,0.14699541374309125,0.2515500579822188,0.28176100628930817,0.3770833333333334,0.286676520665332,0.15209125475285173,0.23709641690203243,0.432,0.41271513874253596,0.0009327935222672072,0.6152392423990696,0.2528258778258778,0.08629411764705883,0.19203873050026893,0.09414404038178412,0.3496503496503497,0.1800711743772242,0.000873023571636435,0.0,0.0,0.0,0.04060902711600104,0.0,0.0,0.008547008547008548,0.0,0.024291497975708502,0.0,0.0,0.0,0.0,0.0,0.3102836879432624,0.2692307692307692,0.0,0.15879336349924583,0.38095238095238093,0.0,0.0,0.11617775196049956,0.1887810140237325,0.0,0.21306032097399003,0.1590330788804071,0.25657657657657656,0.16485328058028353,0.09609066410720217,0.0818575908503966,0.33853541416566624,0.19476160203432927
17-3021.00,0.3509878527682259,0.3748982785602504,0.30988593155893535,0.37209232320647795,0.30315789473684207,0.2227185792349727,0.3181649744311866,0.33996383363471966,0.2795362784681118,0.4236567452647855,0.3773584905660377,0.235,0.20341646865118712,0.3016476552598225,0.2523259677687324,0.4343786295005807,0.4580845334269992,0.006153846153846155,0.47696184305255585,0.25269360269360264,0.18178676470588231,0.2781065088757396,0.2409937203922001,0.3165357719203873,0.19572953736654805,0.20461489960228926,0.041657655177837635,0.031033259773013865,0.038255853269757584,0.09177640128216233,0.0,0.08669609079445144,0.08303589743589743,0.0,0.11336032388663968,0.029999999999999992,0.0982142857142857,0.011111111111111112,0.041092467915001055,0.03684332945672038,0.200354609929078,0.2876923076923077,0.0,0.25452488687782804,0.40345396825396823,0.0,0.04240882103477523,0.32762126052860874,0.442455501618123,0.008083394767133564,0.21306032097399003,0.14376590330788802,0.245045045045045,0.15899769205407185,0.14950718003617705,0.14376191354608622,0.27003601440576225,0.2231404958677686
17-3022.00,0.2976376991474556,0.3724569640062597,0.28517110266159695,0.4221822532943009,0.3217543859649123,0.25008196721311476,0.2538353220188246,0.3930078360458107,0.21608325820234406,0.38654812524159254,0.3446540880503145,0.44999999999999996,0.36292027616143097,0.22813688212927757,0.3404566096250761,0.3831637630662021,0.3962065331928345,0.0725506072874494,0.6463905964445922,0.17316017316017313,0.17941176470588238,0.11326519634211943,0.09414404038178412,0.19203873050026893,0.09489916963226572,0.0666893006111165,0.01843259078665382,0.020360445565363598,0.04791642227727215,0.05908342718530713,0.0,0.0,0.012991452991452988,0.0,0.054412955465587054,0.0,0.0,0.0,0.0,0.0,0.319063829787234,0.3776223776223776,0.01377862595419847,0.15879336349924583,0.24480000000000002,0.031,0.016115351993214583,0.15393552134766195,0.26800161812297735,0.018675875269985383,0.27089097952407304,0.19242748091603054,0.2303423423423423,0.16485328058028353,0.12182066521466277,0.14757424829367274,0.17092436974789912,0.2736808645899555
17-3023.01,0.25433902374509126,0.34824726134585293,0.22789923954372623,0.2701213868047351,0.292280701754386,0.26336065573770495,0.30015563625583636,0.36166365280289325,0.3003018305828858,0.4236567452647855,0.3446540880503145,0.26,0.20206933971972232,0.3653333333333333,0.272574347898322,0.3637630662020906,0.42149631190727077,0.0019433198380566818,0.37152489339314393,0.1714285714285714,0.17470588235294118,0.35580419580419587,0.31848728554688677,0.39335664335664344,0.2609727164887307,0.20461489960228926,0.09830715086215372,0.07976040353089531,0.18286077049938243,0.10673135233474833,0.0,0.11493799915931062,0.0009846153846153854,0.0,0.006153846153846155,0.000914285714285715,0.0008035714285714293,0.0,0.0,0.0,0.3102836879432624,0.21922797202797203,0.0,0.15082956259426847,0.41996190476190476,0.0,0.0,0.16337496369445254,0.20010787486515644,0.0,0.21309721453606348,0.12722646310432567,0.19255255255255255,0.16485328058028353,0.19501458156447266,0.08935159564655966,0.2817767106842737,0.28012714558169105
17-3023.03,0.22788776527560178,0.3016901408450704,0.21482889733840302,0.29575334321686325,0.3438175438596492,0.26336065573770495,0.30015563625583636,0.33996383363471966,0.21908196464270313,0.34634712021646696,0.3306666666666667,0.24,0.1402697999887739,0.26996197718631176,0.25786398626571416,0.3831637630662021,0.48401826484018273,0.016194331983805668,0.5136512155950601,0.19047619047619047,0.20273529411764704,0.39335664335664344,0.3380171662643845,0.41608391608391615,0.2846975088967971,0.17736928897080223,0.08601875700438451,0.05779739386296762,0.0983721941222338,0.21224984839296546,0.0,0.13829340058848255,0.05128205128205128,0.0,0.1716599190283401,0.049168253968253965,0.08370535714285714,0.0,0.02892909741216074,0.012626682173118456,0.319063829787234,0.2876923076923077,0.0,0.18853695324283556,0.5357142857142857,0.0,0.0,0.2587859424920128,0.23702973300970873,0.0018624141543475748,0.21306032097399003,0.143765903307888,0.21859939939939937,0.18067919551599076,0.14131197164900883,0.16528315808891347,0.31692677070828323,0.2881436745073108
17-3024.00,0.14344720939223146,0.21439749608763695,0.15547528517110268,0.2185715038267322,0.2288140350877193,0.15923497267759565,0.23733602608760102,0.31050030138637735,0.22049312061463683,0.4607653652879784,0.23396226415094346,0.21,0.2370946919378075,0.3333333333333333,0.2657833527163981,0.4117909407665505,0.6402938765952464,0.06704453441295546,0.4821537353934763,0.322991822991823,0.25899999999999995,0.580957504034427,0.4749466684026562,0.6010973641742873,0.5523131672597865,0.34920942865457366,0.15262185171349363,0.25861049810844894,0.5295647913662115,0.2869704582864074,0.17280000000000004,0.3160794976881042,0.06410256410256411,0.041984732824427475,0.2623481781376518,0.1111111111111111,0.05231584821428571,0.0,0.08240409565888211,0.04614720053164979,0.3425531914893617,0.4309090909090909,0.011927480916030533,0.36293363499245856,0.5622603174603176,0.0030000000000000027,0.15945716709075486,0.4147545744989834,0.5697141316073354,0.008083394767133564,0.19627375023058477,0.1590330788804071,0.2681081081081081,0.16485328058028353,0.09609066410720217,0.05575539568345324,0.30424969987995193,0.17641449459631278
17-3024.01,0.2415610311921379,0.3403755868544602,0.2760836501901141,0.3373318984655444,0.3377192982456141,0.2694672131147541,0.2573186096494479,0.33996383363471966,0.359403786601858,0.6061074603788171,0.37122012578616354,0.2708333333333333,0.22873126648829684,0.5092522179974651,0.40518220080855066,0.3958745644599303,0.48401826484018273,0.15380728744939273,0.5955515866422993,0.3229918229918229,0.27999999999999997,0.5637439483593331,0.4531933858803971,0.6584185045723507,0.48235349940688016,0.3282568629352992,0.2189791785454474,0.2787673392181589,0.4305853614777911,0.4060902711600104,0.2826666666666667,0.30643127364438844,0.16068376068376067,0.041984732824427475,0.27983805668016193,0.19047619047619047,0.16601562499999997,0.0053333333333333375,0.1479328844940038,0.2182688154178435,0.3660425531914894,0.37122237762237764,0.2137404580152672,0.38009049773755654,0.6454349206349207,0.19600000000000004,0.18999151823579305,0.30496659889631134,0.3577063106796117,0.2263350534797398,0.31193506733075077,0.26876335877862595,0.245045045045045,0.19782393669634024,0.17257927572077228,0.1540921109266433,0.3306602641056422,0.3394278448823903
17-3025.00,0.3509878527682259,0.5192175273865415,0.30988593155893535,0.3092992978680173,0.3217543859649123,0.26336065573770495,0.3112725116727192,0.39662447257383965,0.36846850378268203,0.5736374178585234,0.5471698113207547,0.2916666666666667,0.29722903062847306,0.39999999999999997,0.29494102010300716,0.3567386759581882,0.43905865823674034,0.12178137651821863,0.36343246386442934,0.20952380952380953,0.2459411764705882,0.32275416890801506,0.2588961110499064,0.30984400215169444,0.2846975088967971,0.27797313027451737,0.09830715086215372,0.12347625052543083,0.23720147116665175,0.2035865892748852,0.11946666666666668,0.1847217843631778,0.12854700854700854,0.018129770992366408,0.1716599190283401,0.13368888888888888,0.11830357142857142,0.0,0.07670594010800197,0.11629838843661738,0.3102836879432624,0.3002461538461539,0.13358778625954199,0.27978883861236803,0.3724190476190476,0.11200000000000002,0.1484308736217133,0.14522218995062447,0.21069309600863,0.1616678953426713,0.2495480538646006,0.24402035623409668,0.25657657657657656,0.16485328058028353,0.23256672450071983,0.20365246264526835,0.29157262905162057,0.30260648442466626
17-3026.00,0.3052068284941095,0.34824726134585293,0.2376425855513308,0.325102911627697,0.45614035087719296,0.3831967213114755,0.30015563625583636,0.42194092827004215,0.36846850378268203,0.36142249710088903,0.4245283018867924,0.3197666666666667,0.3049750219843958,0.3292167300380228,0.2803621864097026,0.3386759581881533,0.46540217773094483,0.015261538461538458,0.5136512155950601,0.2092352092352092,0.2317941176470588,0.16003227541689077,0.10544132522759823,0.2074018289402905,0.12574139976275206,0.13262076826074304,0.06783193409488607,0.09063682219419923,0.1545691041202327,0.18950879320800484,0.11946666666666668,0.020360445565363598,0.006495726495726497,0.0,0.11336032388663968,0.07111111111111111,0.005301339285714285,0.008444444444444445,0.02892909741216074,0.012626682173118456,0.28900709219858156,0.3002461538461539,0.009064885496183206,0.15082956259426847,0.29111111111111115,0.009500000000000001,0.016115351993214583,0.18472262561719432,0.26800161812297735,0.024573520092086028,0.25110680686220255,0.1561730279898219,0.2520216216216216,0.1740850642927794,0.275591568533353,0.17647420525118365,0.33853541416566624,0.26673871582962494
17-3027.00,0.28079028221458074,0.29000000000000004,0.24482889733840305,0.30666536224140395,0.3438175438596492,0.2766393442622951,0.23733602608760102,0.3164556962025316,0.21908196464270313,0.3961190568225744,0.39999999999999997,0.2756,0.31620109641326927,0.3168567807351077,0.1946959627845157,0.40418118466898956,0.5351027397260274,0.07866558704453441,0.48751869081242727,0.18831168831168826,0.2317941176470588,0.35580419580419587,0.3124780914799643,0.39335664335664344,0.3817034400948991,0.3940731399747794,0.19535597019327186,0.24629571248423704,0.3622713377817954,0.32216494845360827,0.3,0.22659205548549805,0.11076923076923079,0.0,0.22348178137651817,0.20190476190476192,0.20176339285714284,0.0,0.13609825373448345,0.09170958631001827,0.23829787234042557,0.280979020979021,0.11587786259541982,0.3054298642533937,0.4374603174603175,0.16200000000000003,0.11704834605597962,0.28612256752831833,0.3687129180151025,0.15706359368331196,0.24954805386460063,0.19242748091603054,0.2520216216216216,0.22156280909990111,0.19501458156447266,0.196957818360696,0.31692677070828323,0.26673871582962494
17-3027.01,0.22788776527560178,0.3724569640062597,0.20793726235741444,0.2919454248538166,0.3684210526315789,0.29102459016393445,0.23733602608760102,0.34388185654008435,0.23960252440123866,0.34316196366447627,0.3773584905660377,0.25,0.19060938874024735,0.26996197718631176,0.25786398626571416,0.42519860627177697,0.504185692541857,0.1716599190283401,0.4132746303372654,0.2528258778258778,0.1910735294117647,0.363098440021517,0.27814556271094776,0.39944055944055945,0.296085409252669,0.3182898438257833,0.19317355144413204,0.16419714165615804,0.29288085068210523,0.3362427445204886,0.0,0.19215006305170237,0.09025641025641025,0.2137404580152672,0.22348178137651817,0.07936507936507936,0.2193080357142857,0.0,0.07670594010800197,0.07310184416015948,0.22163120567375885,0.30615384615384617,0.1870229007633588,0.26923076923076916,0.29622857142857145,0.14256,0.13740458015267176,0.21783328492593668,0.316039644012945,0.303935643244222,0.2298468917173953,0.19242748091603054,0.20852852852852852,0.16485328058028353,0.12204215733323487,0.096046239931132,0.1890756302521008,0.1869040050858233
17-3029.01,0.26394286528170585,0.3333333333333333,0.24482889733840305,0.35327849730209737,0.27223859649122806,0.1804098360655738,0.3361743126065368,0.34388185654008435,0.34494923758378737,0.36858136838036337,0.24654088050314465,0.25,0.2370946919378075,0.3653333333333333,0.3404566096250761,0.5574912891986062,0.48401826484018273,0.1451012145748988,0.39536606302265054,0.322991822991823,0.25899999999999995,0.32275416890801506,0.30045970334611954,0.30984400215169444,0.3138505338078292,0.34193423222427005,0.11671024950354891,0.23939943253467844,0.3567510126346442,0.24257125530624626,0.152064,0.17404897015552753,0.15316239316239316,0.0536736641221374,0.29700404858299595,0.13368888888888888,0.21177455357142855,0.001280000000000001,0.09292376744512239,0.19770726034224956,0.397872340425532,0.4309090909090909,0.14694656488549615,0.389894419306184,0.4642857142857143,0.11249999999999999,0.20139100932994067,0.19604995643334303,0.4357133225458468,0.2431485145953776,0.24954805386460063,0.143765903307888,0.24118198198198199,0.15899769205407185,0.14950718003617705,0.11913546086207955,0.3601440576230492,0.22863318499682136
17-3029.02,0.18159806295399517,0.3333802816901409,0.19682509505703424,0.29575334321686325,0.3217543859649123,0.20158469945355192,0.2598569628696361,0.33996383363471966,0.2572419740504096,0.4236567452647855,0.3877358490566038,0.3770833333333334,0.32479839841338143,0.31254752851711026,0.24445505897989703,0.4343786295005807,0.5565068493150684,0.0,0.5136512155950601,0.19047619047619047,0.09375,0.19203873050026893,0.12519154306088318,0.23534158149542764,0.1693950177935943,0.11882820836162576,0.07007333713454315,0.03583438419503994,0.12972764095805242,0.14294377544832365,0.0015360000000000013,0.0062394913829340055,0.0,0.0,0.018461538461538456,0.0019047619047619063,0.013147321428571425,0.0,0.0,0.0,0.28900709219858156,0.2783216783216783,0.0,0.19984917043740572,0.41996190476190476,0.0,0.0,0.14522218995062447,0.3008697411003236,0.0018624141543475748,0.2495480538646006,0.17099236641221377,0.21441441441441442,0.2407649192218925,0.15711174277381962,0.112955789214782,0.31895558223289316,0.2736808645899555
17-3029.03,0.3433576820558732,0.41158059467918623,0.30988593155893535,0.35327849730209737,0.31456140350877193,0.2582786885245902,0.3361743126065368,0.2890295358649789,0.2572419740504096,0.3961190568225744,0.30157232704402515,0.34708333333333335,0.33675416768013167,0.5688212927756655,0.3364346236916432,0.4343786295005807,0.6304589626507434,0.015261538461538458,0.4945727418729579,0.23015873015873015,0.20458823529411763,0.35580419580419587,0.30045970334611954,0.3706293706293707,0.2113879003558719,0.18945824037249004,0.10349776842767544,0.08669609079445144,0.21563770106059246,0.24257125530624626,0.09999999999999999,0.13923917612442202,0.09747692307692309,0.002862595419847331,0.17267044534412956,0.09523809523809523,0.08593749999999999,0.0,0.06750122729504172,0.08772221299219139,0.2780141843971632,0.280979020979021,0.0,0.21210407239819004,0.4711111111111111,0.0,0.0,0.15393552134766195,0.2616808252427184,0.0,0.3119350673307507,0.22894656488549617,0.2303423423423423,0.19782393669634024,0.22108604968806525,0.16528315808891347,0.30623649459783914,0.29248569612205977
17-3029.04,0.3133456772539525,0.3921126760563381,0.26734790874524716,0.3373318984655444,0.38596491228070173,0.2766393442622951,0.2538353220188246,0.4421338155515371,0.3194700325349849,0.5059914959412446,0.39999999999999997,0.40937500000000004,0.3487099369468819,0.4131812420785804,0.33314642520906024,0.5973333333333334,0.6183409436834094,0.016194331983805668,0.7019023093537132,0.3001924001924001,0.21143382352941176,0.4706831629908553,0.28844131521227473,0.5540613232920926,0.27832028469750886,0.27797313027451737,0.10349776842767544,0.04560739806641447,0.22663694891629116,0.1754309971411245,0.006666666666666667,0.11493799915931062,0.060170940170940164,0.0,0.242914979757085,0.03571428571428571,0.17438616071428573,0.0,0.06048811277088155,0.01661405549094534,0.4787234042553192,0.4090909090909091,0.0,0.36293363499245856,0.6653968253968254,0.0,0.0,0.23525994772001163,0.2616808252427184,0.008083394767133564,0.31193506733075077,0.19083969465648853,0.2303423423423423,0.26871084734586215,0.246520727970763,0.079136690647482,0.35320528211284513,0.2736808645899555
17-3029.05,0.2848597065945022,0.3580751173708921,0.25190114068441066,0.3679984346896848,0.3431578947368421,0.3073770491803279,0.23733602608760102,0.4421338155515371,0.23813257026380777,0.36858136838036337,0.3509433962264151,0.34273333333333333,0.31620109641326927,0.2715437262357414,0.2803621864097026,0.42519860627177697,0.34141201264488935,0.006153846153846155,0.5327296893171624,0.22799422799422794,0.1354705882352941,0.15737493275954814,0.16900858313219225,0.24663797740720816,0.16370106761565836,0.0627485692113687,0.06488271956902143,0.04925914249684741,0.13800812867877918,0.05908342718530713,0.0015360000000000013,0.0009457755359394711,0.0009846153846153854,0.0,0.006153846153846155,0.000914285714285715,0.0008035714285714293,0.0,0.0,0.0,0.28900709219858156,0.2718881118881119,0.0,0.2828054298642534,0.24095238095238095,0.0,0.0,0.21783328492593668,0.3198321197411003,0.0018624141543475748,0.2663715181700793,0.22589312977099238,0.25657657657657656,0.28849324101549617,0.2907084056258997,0.17647420525118365,0.30623649459783914,0.30260648442466626
17-3029.06,0.36783526970110075,0.5192175273865415,0.38735741444866917,0.4695930945733401,0.6350877192982456,0.46174863387978143,0.3181649744311866,0.5659312839059674,0.36564619183881464,0.6476691148047933,0.7849056603773584,0.5775,0.4773139745916516,0.4131812420785804,0.40518220080855066,0.6243902439024391,0.6860291534949069,0.03643724696356275,0.6670750955308191,0.39831649831649835,0.22433823529411764,0.2912533620225927,0.24665738580027446,0.30338891877353413,0.28991696322657173,0.1606605878358716,0.05529777235996146,0.1471206389239176,0.3074131066319807,0.27072684744000697,0.0015360000000000013,0.01871847414880201,0.006495726495726497,0.0,0.12955465587044535,0.023809523809523808,0.15694754464285715,0.001280000000000001,0.027175818781120704,0.01661405549094534,0.3425531914893617,0.4405594405594405,0.0,0.38009049773755654,0.40345396825396823,0.0,0.0,0.2587859424920128,0.40958737864077677,0.018675875269985383,0.37677550267478327,0.26876335877862595,0.24118198198198199,0.2466205077481042,0.275591568533353,0.2174414314702084,0.39495798319327735,0.26673871582962494
17-3029.07,0.26959936516979677,0.3016901408450704,0.22789923954372623,0.3292419533266607,0.3438175438596492,0.26336065573770495,0.2538353220188246,0.2890295358649789,0.23666261612637682,0.4607653652879784,0.3446540880503145,0.316875,0.21958201582876494,0.38022813688212925,0.3559907515091101,0.42519860627177697,0.4566210045662101,0.12955465587044535,0.5742232929057983,0.2092352092352092,0.23625,0.3706293706293707,0.3254980119582962,0.4480903711672943,0.3952550415183867,0.36375982151518094,0.17547826428894436,0.30643127364438844,0.3487741427970108,0.3865979381443299,0.17280000000000004,0.12347625052543083,0.07076923076923076,0.002862595419847331,0.20113360323886637,0.10285714285714287,0.06277901785714285,0.0026666666666666687,0.049310961498001266,0.08070443595281608,0.28900709219858156,0.34845874125874127,0.08015267175572519,0.45248868778280543,0.4549587301587302,0.084,0.07124681933842239,0.3145164101074644,0.5360032362459547,0.209521592364102,0.19627375023058477,0.13944020356234096,0.22450450450450452,0.15899769205407185,0.19501458156447266,0.1719778023734858,0.24849939975990393,0.28012714558169105
17-3029.08,0.17803731662156388,0.2535211267605634,0.16112167300380226,0.3292419533266607,0.2631578947368421,0.19142076502732241,0.18609649447861856,0.1663652802893309,0.09744815961741991,0.3177425589485891,0.22822641509433964,0.25458333333333333,0.21958201582876494,0.2577946768060836,0.23207758763914277,0.2968641114982578,0.46540217773094483,0.006153846153846155,0.37152489339314393,0.20952380952380953,0.17941176470588238,0.4090909090909091,0.3661852634530833,0.521785906401291,0.3736654804270462,0.27797313027451737,0.17547826428894436,0.19215006305170237,0.2846417653999821,0.3362427445204886,0.0032000000000000028,0.12347625052543083,0.0,0.0,0.20113360323886637,0.0,0.00864955357142857,0.0026666666666666687,0.0,0.0,0.23120567375886522,0.24475524475524474,0.0,0.3054298642533937,0.4549587301587302,0.0,0.0,0.2927679349404589,0.29075647249190933,0.0,0.13576830843017892,0.12270737913486003,0.21441441441441442,0.12363996043521265,0.11362545682749452,0.0818575908503966,0.24849939975990393,0.26673871582962494
17-3029.09,0.24569149693775816,0.1747339593114241,0.1953422053231939,0.25398664970913826,0.25052631578947365,0.2315573770491803,0.23733602608760102,0.1702833031946956,0.12402493042217083,0.20971008890606885,0.22822641509433964,0.20052083333333331,0.19060938874024735,0.3472750316856781,0.15458686382012515,0.3831637630662021,0.48401826484018273,0.0353425101214575,0.6347953702165365,0.1904761904761905,0.2317941176470588,0.37762237762237766,0.31848728554688677,0.3706293706293707,0.3269276393831554,0.31343971287224753,0.09240872181042449,0.2925993064312737,0.41402438603633757,0.24257125530624626,0.0,0.1559478772593527,0.12854700854700854,0.08015267175572519,0.36534412955465584,0.12698412698412698,0.21177455357142855,0.0,0.07670594010800197,0.11629838843661738,0.1202127659574468,0.25748251748251744,0.05916030534351146,0.2963800904977375,0.38095238095238093,0.05456000000000001,0.026293469041560644,0.30496659889631134,0.42475728155339804,0.13386101734373182,0.19627375023058477,0.14249363867684478,0.24118198198198199,0.16485328058028353,0.14131197164900883,0.096046239931132,0.29157262905162057,0.32508582326764146
17-3029.11,0.3509878527682259,0.41158059467918623,0.33935361216730037,0.3521948209300051,0.35368421052631577,0.31258196721311476,0.2538353220188246,0.36166365280289325,0.2572419740504096,0.36142249710088903,0.36533333333333334,0.3016666666666667,0.2638127490785264,0.20278833967046897,0.3083984050506729,0.464,0.4292237442922375,0.0,0.38835354710084735,0.23015873015873015,0.14235294117647057,0.2912533620225927,0.212545194147045,0.3155244755244755,0.3207591933570581,0.011519061014647393,0.004669589665952302,0.028898696931483815,0.07141920659126823,0.2035865892748852,0.010133333333333334,0.0,0.0,0.0,0.09716599190283401,0.0019047619047619063,0.034598214285714295,0.0,0.0,0.0,0.33156028368794327,0.25748251748251744,0.0,0.1319758672699849,0.34377142857142856,0.0,0.0,0.12231193726401395,0.23702973300970873,0.003880029488224114,0.24954805386460063,0.22894656488549617,0.21441441441441442,0.18067919551599076,0.1845767654767618,0.11913546086207955,0.35320528211284513,0.2736808645899555
17-3029.12,0.26394286528170585,0.3306885758998435,0.22789923954372623,0.28220738856570915,0.3377192982456141,0.2766393442622951,0.18609649447861856,0.2890295358649789,0.18521422131629492,0.3177425589485891,0.330188679245283,0.25,0.2752446348719292,0.4544993662864385,0.33314642520906024,0.4343786295005807,0.6860291534949069,0.0353425101214575,0.4311831976518802,0.42676767676767674,0.3161764705882353,0.43272727272727274,0.3873426342303725,0.4800968262506724,0.4723606168446026,0.2946454554272966,0.059692102003499725,0.26599936948297603,0.4384794264382172,0.3865979381443299,0.025130666666666662,0.26599936948297603,0.15316239316239316,0.25286259541984735,0.28858299595141707,0.16825396825396827,0.2603571428571429,0.016888888888888884,0.10300511957360263,0.1561721216148862,0.21843971631205672,0.32744615384615383,0.0,0.19984917043740572,0.5107555555555556,0.0,0.0,0.2587859424920128,0.3476436084142395,0.003880029488224114,0.2922339051835454,0.19083969465648853,0.19255255255255255,0.12363996043521265,0.11362545682749452,0.09626913853532558,0.2178151260504201,0.2052892561983471
17-3031.01,0.1994017946161516,0.29000000000000004,0.22789923954372623,0.1994265545864345,0.28596491228070176,0.2227185792349727,0.15563625583635962,0.1506931886678722,0.09799694249539416,0.2597603401623502,0.21132075471698114,0.325,0.2532602391153853,0.3472750316856781,0.21970011629838845,0.3567386759581882,0.43905865823674034,0.19271255060728743,0.3559907515091101,0.1904761904761905,0.22433823529411764,0.32275416890801506,0.30045970334611954,0.4034427111350188,0.32028469750889677,0.34193423222427005,0.11059554471992293,0.13135771332492643,0.2846417653999821,0.2035865892748852,0.08266666666666668,0.2925993064312737,0.16235213675213678,0.022480916030534346,0.38866396761133604,0.15075555555555556,0.17327008928571427,0.0,0.2109413352970054,0.1329124439275627,0.3102836879432624,0.45692307692307693,0.1793893129770992,0.3200904977375566,0.358095238095238,0.14256,0.18999151823579305,0.15393552134766195,0.20010787486515644,0.17848135645830907,0.19627375023058477,0.14249363867684478,0.23255255255255255,0.16485328058028353,0.14287164531728747,0.13758224189878865,0.2817767106842737,0.315956770502225
17-3031.02,0.11858302643091137,0.3306885758998435,0.15547528517110268,0.2701213868047351,0.3217543859649123,0.26336065573770495,0.12865930482472396,0.2206871609403255,0.1224961781192427,0.44907614998067263,0.25267924528301894,0.3689833333333334,0.29722903062847306,0.3653333333333333,0.33314642520906024,0.5212543554006969,0.402470436717012,0.03643724696356275,0.4132746303372654,0.1714285714285714,0.11745588235294115,0.26495965572888647,0.1412160605726762,0.342119419042496,0.20759193357058126,0.07578329614899602,0.05406893297418453,0.05779739386296762,0.06900406433938959,0.12128562765312312,0.0,0.0,0.0,0.0,0.004048582995951417,0.0,0.0,0.0,0.0,0.0,0.397872340425532,0.3002461538461539,0.0,0.33597285067873306,0.4828571428571429,0.0,0.0,0.10920708684286957,0.12978694714131606,0.0,0.21309721453606348,0.12722646310432567,0.21441441441441442,0.16485328058028353,0.12182066521466277,0.06052850027670171,0.3249939975990396,0.21524475524475528
19-1011.00,0.4394978330315176,0.5192175273865415,0.5332699619771863,0.5926355159879892,0.5405263157894737,0.34229508196721314,0.3112725116727192,0.5021097046413502,0.5644623887734703,0.5310243525318903,0.6289308176100628,0.33518333333333333,0.33675416768013167,0.36045627376425854,0.18431217810267483,0.3386759581881533,0.33551399133590915,0.03643724696356275,0.3559907515091101,0.1558441558441558,0.1910735294117647,0.020677783754706837,0.0007211032880306876,0.08068854222700376,0.09489916963226572,0.12125327383839364,0.01843259078665382,0.009484026902059685,0.025876524127271098,0.050355193623841304,0.0,0.020360445565363598,0.009873504273504271,0.01377862595419847,0.12696356275303644,0.009168253968253966,0.010602678571428568,0.0,0.01358790939056035,0.004153513872736335,0.319063829787234,0.2937062937062937,0.005963740458015267,0.15879336349924583,0.2571428571428572,0.009500000000000001,0.03180661577608142,0.06389776357827476,0.2844356796116505,0.008083394767133564,0.426351226710939,0.4007633587786259,0.29309309309309306,0.24727992087042533,0.246520727970763,0.196957818360696,0.3913565426170468,0.32508582326764146
19-1012.00,0.36319612590799033,0.4578403755868545,0.34862167300380226,0.4891594735138959,0.4857894736842105,0.43442622950819676,0.3361743126065368,0.41658830620855936,0.4384775195013916,0.43081561654425976,0.6591194968553459,0.36374999999999996,0.38373528916496713,0.3292167300380228,0.24445505897989703,0.42519860627177697,0.48401826484018273,0.0,0.3623040925956693,0.27549302549302546,0.28582352941176464,0.17667563206024742,0.0981501697597324,0.24206562668101128,0.15584341637010674,0.13580366669900087,0.09830715086215372,0.09363177805800756,0.11416032404308614,0.14294377544832365,0.004864000000000005,0.0062394913829340055,0.006495726495726497,0.0,0.11336032388663968,0.006031746031746031,0.005301339285714285,0.0,0.004164036748720107,0.0063133410865592295,0.26595744680851063,0.26010629370629373,0.0,0.19565610859728502,0.4038095238095238,0.0,0.0,0.24655242521057222,0.2616808252427184,0.0,0.2663715181700793,0.26717557251908397,0.3297297297297297,0.3403363006923838,0.3626933441618369,0.33245711123408966,0.4321368547418968,0.3537698664971392
19-1013.00,0.49443506216045746,0.5486071987480439,0.4790874524714829,0.6129544479647203,0.523157894736842,0.5068306010928961,0.3293374342251537,0.5527426160337553,0.5066441927011878,0.6129725550831079,0.6666666666666666,0.33937500000000004,0.2752446348719292,0.36045627376425854,0.29494102010300716,0.4343786295005807,0.402470436717012,0.06704453441295546,0.2803621864097026,0.1558441558441558,0.18661764705882353,0.12049488972565897,0.09414404038178412,0.24663797740720816,0.10059311981020166,0.13580366669900087,0.04608147696663455,0.025246952501050864,0.026525162332061366,0.050355193623841304,0.04100266666666667,0.10639974779319042,0.0765811965811966,0.0,0.16194331983805668,0.07111111111111111,0.0625,0.0,0.03857212988288098,0.05848147532812759,0.19432624113475178,0.280979020979021,0.023854961832061067,0.2748868778280543,0.34377142857142856,0.025,0.03944020356234097,0.15070577984316,0.2326051779935275,0.049716111175778274,0.3316362294779561,0.28549618320610687,0.24118198198198199,0.16485328058028353,0.26047473144080624,0.13758224189878865,0.4001740696278511,0.2736808645899555
19-1020.01,0.3815085356176369,0.5289514866979655,0.40631178707224336,0.5460223809272958,0.47438596491228063,0.4164071038251367,0.27225227895946047,0.5527426160337553,0.530594645447062,0.5310243525318903,0.7644654088050314,0.42356666666666665,0.2469736374352162,0.3718631178707224,0.23709641690203243,0.5212543554006969,0.3260010537407798,0.006153846153846155,0.2836503848922856,0.1558441558441558,0.1213235294117647,0.21140398063474986,0.13821146353921498,0.2588757396449704,0.04911032028469751,0.09821515180909886,0.0007078114862075072,0.004104928541403951,0.004312754021211849,0.013536342372000349,0.0,0.07224674232870952,0.031794871794871796,0.0,0.16194331983805668,0.07111111111111111,0.04910714285714285,0.0,0.02892909741216074,0.0438611064960957,0.2780141843971632,0.4151048951048951,0.0,0.1368325791855204,0.3755555555555556,0.0014400000000000012,0.0012213740458015278,0.16337496369445254,0.25072478425026967,0.016166789534267128,0.3539937280944475,0.3083358778625955,0.3297297297297297,0.21496867787668972,0.21744988740817303,0.1575662546885568,0.4474789915966387,0.2231404958677686
19-1021.00,0.5921012472785725,0.636244131455399,0.6021863117870723,0.7416410171506838,0.7603929824561403,0.6830601092896176,0.3807529830282369,0.703363471971067,0.6115009211712595,0.7228449942017782,1.0,0.5544,0.3985256422250079,0.5092522179974651,0.37918120396522126,0.6514471544715448,0.46540217773094483,0.0,0.48751869081242727,0.25079365079365074,0.10808823529411762,0.2509736417428725,0.16447164161166583,0.2912533620225927,0.14733096085409253,0.0933650208555631,0.041289003362104566,0.0305406683480454,0.04554268246399713,0.14294377544832365,0.0,0.05779739386296762,0.0,0.0,0.11336032388663968,0.0,0.0,0.0,0.0,0.0,0.397872340425532,0.34,0.0,0.19984917043740572,0.34377142857142856,0.0,0.0,0.1603252977054894,0.20010787486515644,0.0,0.289153292750415,0.6448447837150127,0.30462462462462464,0.23079459281239692,0.24715751781165782,0.11913546086207955,0.6085714285714285,0.26033057851239666
19-1022.00,0.4761226524508108,0.6268075117370893,0.4790874524714829,0.7134202782941127,0.6459649122807016,0.510928961748634,0.4682427925591047,0.6329113924050632,0.678383834424366,0.6852570545032857,0.9333333333333333,0.3333333333333333,0.33064531217841975,0.3292167300380228,0.37918120396522126,0.7828106852497096,0.5297974476056667,0.0,0.42071634269258457,0.372053872053872,0.1462205882352941,0.3660892953200645,0.25238615081074045,0.3894566971490049,0.2676156583629893,0.1572897468231642,0.05087395057116454,0.09851828499369482,0.12075711259393178,0.21658147795200558,0.0,0.08209857082807902,0.008547008547008548,0.005963740458015267,0.16194331983805668,0.000914285714285715,0.010602678571428568,0.0,0.0,0.0,0.48936170212765956,0.3064335664335664,0.0,0.1689291101055807,0.4126984126984127,0.0,0.0,0.11617775196049956,0.168554476806904,0.0,0.3995572772551189,0.17099236641221377,0.28060060060060055,0.27621496867787676,0.21744988740817303,0.20365246264526835,0.4513805522208883,0.3610934520025429
19-1023.00,0.5127474718701039,0.5563380281690141,0.46572243346007614,0.6456453518561721,0.3438175438596492,0.31258196721311476,0.2690654413399541,0.3303194695599759,0.3116302771353534,0.3961190568225744,0.4245283018867924,0.26,0.25767582839074216,0.18960709759188848,0.1730630780306806,0.3567386759581882,0.36880927291886195,0.0728744939271255,0.2803621864097026,0.2092352092352092,0.1985294117647059,0.19203873050026893,0.12519154306088318,0.2614308768154922,0.14827995255041518,0.1882457076341061,0.11010400896561218,0.09851828499369482,0.10626625908265996,0.16243610846400416,0.04000000000000001,0.22659205548549805,0.07076923076923076,0.002862595419847331,0.1373279352226721,0.1111111111111111,0.07366071428571427,0.0,0.049310961498001266,0.06878218973251371,0.17730496453900707,0.2692307692307692,0.10496183206106868,0.23416289592760178,0.26948571428571433,0.132,0.06361323155216284,0.22828928260238165,0.23702973300970873,0.10864082567027512,0.289153292750415,0.26717557251908397,0.28419459459459456,0.3224530168150346,0.246520727970763,0.24289798930086698,0.3913565426170468,0.3394278448823903
19-1029.01,0.4532321403137527,0.6045539906103287,0.4574619771863118,0.7299764450899677,0.6681122807017543,0.5876434426229509,0.41121322167049584,0.580168776371308,0.48269373995531345,0.6852570545032857,0.6162767295597484,0.5256,0.4829550769921605,0.5688212927756655,0.37918120396522126,0.5333333333333332,0.542969207352769,0.0019433198380566818,0.39371850251979845,0.34579124579124576,0.1985294117647059,0.05043033889187735,0.051829298827205626,0.2396449704142012,0.0830367734282325,0.0,0.0,0.0,0.0,0.0,0.0,0.0,0.0,0.0,0.006153846153846155,0.0,0.0,0.0,0.0,0.0,0.3102836879432624,0.31951328671328677,0.0,0.17906485671191555,0.26948571428571433,0.0,0.0,0.22828928260238165,0.22333468176914778,0.0,0.35297915513742856,0.31603053435114503,0.3427027027027027,0.23079459281239692,0.304662409095943,0.20848705650863922,0.35320528211284513,0.3394278448823903
19-1029.02,0.6394693470608583,0.846682316118936,0.6238117870722434,0.7619599491274148,0.716098245614035,0.5936612021857923,0.3640776699029126,0.6856540084388185,0.7751558151385676,0.7575415539234635,0.9333333333333333,0.5775,0.4101633393829401,0.4544993662864385,0.39536606302265054,0.5212543554006969,0.43905865823674034,0.004048582995951417,0.39536606302265054,0.27549302549302546,0.16864705882352943,0.2588757396449704,0.15548789648161687,0.30984400215169444,0.17793594306049823,0.10609661460859443,0.01843259078665382,0.03694435687263556,0.08625508042423698,0.14944121978688382,0.0015360000000000013,0.06473308112652375,0.004273504273504274,0.01377862595419847,0.1522267206477733,0.0,0.036830357142857144,0.0,0.0,0.0,0.5042553191489363,0.37122237762237764,0.0,0.14177978883861234,0.358095238095238,0.0,0.0,0.065349985477781,0.10234627831715208,0.0,0.424792473713337,0.4452926208651399,0.2974366366366366,0.27621496867787676,0.19501458156447266,0.13758224189878865,0.59,0.1869040050858233
19-1029.03,0.5341119498646917,0.724663536776213,0.5119391634980989,0.791685794056336,0.6985964912280701,0.6198770491803278,0.42233009708737873,0.5635925256178421,0.6262004625455686,0.6476691148047933,0.6666666666666666,0.4445833333333333,0.42448593934177786,0.38022813688212925,0.23207758763914277,0.4887340301974447,0.46540217773094483,0.0009327935222672072,0.33314642520906024,0.18831168831168826,0.1985294117647059,0.15737493275954814,0.13821146353921498,0.21140398063474986,0.15584341637010674,0.03758851488990204,0.0093391793319046,0.012478982765868007,0.021391259945210774,0.1754309971411245,0.0,0.012478982765868007,0.0,0.0,0.10493927125506074,0.0,0.0,0.0,0.0,0.0,0.3425531914893617,0.3002461538461539,0.0,0.10751131221719457,0.28285714285714286,0.0,0.0,0.1379262271275051,0.22333468176914778,0.0,0.27089097952407304,0.32519083969465645,0.44084084084084085,0.24727992087042533,0.32808520063494406,0.23016971038553768,0.544717887154862,0.3610934520025429
19-1031.01,0.43180662095346617,0.4777464788732394,0.35266159695817495,0.39509034399199283,0.4094315789473685,0.38745901639344266,0.3361743126065368,0.44725738396624476,0.36564619183881464,0.34316196366447627,0.3446540880503145,0.3589833333333334,0.3077815405916141,0.3653333333333333,0.31860912665448304,0.37630662020905925,0.36880927291886195,0.12955465587044535,0.3364346236916432,0.17316017316017313,0.27999999999999997,0.171059709521248,0.12519154306088318,0.2178590640129102,0.22835112692763937,0.257323697739839,0.10420557991388295,0.12347625052543083,0.0983721941222338,0.04764792514944122,0.1408,0.10865910046237913,0.13675213675213677,0.0,0.19271255060728743,0.13368888888888888,0.18275669642857142,0.0,0.08766393155200225,0.09968433294567206,0.2780141843971632,0.39968671328671335,0.13167938931297707,0.3299396681749623,0.34377142857142856,0.10999999999999999,0.12091603053435114,0.18472262561719432,0.3008697411003236,0.14226774790155072,0.37677550267478327,0.3709923664122137,0.39109189189189186,0.32970656116056707,0.3655173686736313,0.27019922523519646,0.375750300120048,0.4675270184361094
19-1031.02,0.3250452723462266,0.4578403755868545,0.36876425855513306,0.45980990510306213,0.42877192982456136,0.39980191256830605,0.3293374342251537,0.3851717902350813,0.2781937203559249,0.3177425589485891,0.4340377358490566,0.27,0.24779688289333354,0.18675792141951836,0.18431217810267483,0.2545876887340302,0.2469704952581665,0.17878542510121453,0.3115135404552251,0.19191919191919188,0.1625735294117647,0.1395589026358257,0.11768005047723017,0.16137708445400753,0.20498220640569398,0.3567513822873217,0.13087139458524213,0.10705653635981505,0.09897942988842041,0.07147188772416183,0.10606933333333331,0.1669884930643127,0.1352136752136752,0.0,0.19040647773279348,0.12936507936507938,0.08702008928571428,0.001502222222222221,0.0866777123220422,0.056321648114304707,0.1811205673758865,0.4309090909090909,0.11587786259541982,0.43438914027149317,0.3055555555555556,0.09375,0.1484308736217133,0.1707464420563462,0.23702973300970873,0.14226774790155072,0.289153292750415,0.2870229007633588,0.3156756756756756,0.427299703264095,0.3760751596589021,0.44887167189325455,0.33853541416566624,0.47774952320406866
19-1031.03,0.3052068284941095,0.3724569640062597,0.4230608365019012,0.43347054883692926,0.38596491228070173,0.3525409836065574,0.15737789965167126,0.18497890295358652,0.1514640743208812,0.2580286045612679,0.21132075471698114,0.09333333333333334,0.12909985593204482,0.4346666666666666,0.2242897491277621,0.3386759581881533,0.38344456152675327,0.17878542510121453,0.31860912665448304,0.15079365079365076,0.2317941176470588,0.171059709521248,0.1412160605726762,0.15169445938676707,0.12310320284697508,0.2082161218352896,0.09240872181042449,0.09851828499369482,0.12075711259393178,0.10673135233474833,0.02666666666666667,0.26599936948297603,0.12854700854700854,0.06625954198473284,0.21862348178137653,0.13368888888888888,0.10491071428571426,0.0,0.08766393155200225,0.09170958631001827,0.1602836879432624,0.36125874125874124,0.10687022900763359,0.2262443438914027,0.358095238095238,0.125,0.12722646310432567,0.2117339529480105,0.3687129180151025,0.12933431627413702,0.426351226710939,0.48244274809160304,0.4030030030030029,0.20236069897790968,0.2547159363579312,0.17713521490499906,0.42459783913565424,0.4605848696757788
19-1032.00,0.3433576820558732,0.4147104851330204,0.35266159695817495,0.46164613451132963,0.3991228070175439,0.48945355191256834,0.2842955606610836,0.369427365883062,0.3003018305828858,0.4236567452647855,0.573433962264151,0.25458333333333333,0.18452859842460756,0.24030418250950572,0.31860912665448304,0.49866666666666665,0.26123990165086053,0.3348987854251012,0.37918120396522126,0.1558441558441558,0.25899999999999995,0.24663797740720816,0.1189019199375044,0.1882732651963421,0.2609727164887307,0.30555825007275195,0.09240872181042449,0.09851828499369482,0.19407393095453324,0.11911981287360304,0.1104,0.37042875157629257,0.25641025641025644,0.041984732824427475,0.4284631578947369,0.14222222222222222,0.1325,0.001280000000000001,0.09818360333824253,0.11629838843661738,0.19432624113475178,0.34845874125874127,0.1793893129770992,0.3200904977375566,0.29841269841269835,0.2,0.16963528413910092,0.18036595991867557,0.2760079557713053,0.15706359368331196,0.30741560597675704,0.20916030534351143,0.34878078078078073,0.5469831849653808,0.318394920447414,0.3927627129065978,0.3601440576230492,0.3610934520025429
19-1041.00,0.5554764278592793,0.6490610328638499,0.5332699619771863,0.6456453518561721,0.6350877192982456,0.4987978142076503,0.5317572074408953,0.6317058468957202,0.6011524440437459,0.4607653652879784,0.7245283018867924,0.42916666666666664,0.3487099369468819,0.4879594423320659,0.4311831976518802,0.6243902439024391,0.46540217773094483,0.0,0.37152489339314393,0.22799422799422794,0.1985294117647059,0.0,0.0007211032880306876,0.10892953200645508,0.0006832740213523137,0.0,0.0,0.0,0.0,0.020575240405440523,0.0,0.0,0.008547008547008548,0.0,0.02850202429149798,0.0,0.0,0.0,0.0,0.0,0.3425531914893617,0.3064335664335664,0.0,0.01885369532428356,0.24480000000000002,0.0,0.0,0.04356665698518734,0.09270496224379718,0.0,0.4794687327061427,0.37938931297709916,0.46906906906906903,0.427299703264095,0.3626933441618369,0.256686958125807,0.49242496998799523,0.4605848696757788
19-1042.00,0.5356379840071622,0.673169014084507,0.4990494296577947,0.697616664534433,0.4298245614035088,0.3607377049180328,0.4682427925591047,0.6075949367088608,0.685978597467759,0.7228449942017782,0.6591194968553459,0.36374999999999996,0.31921342638501693,0.3472750316856781,0.23207758763914277,0.47781649245063873,0.4566210045662101,0.0,0.1938306473943623,0.1714285714285714,0.21143382352941176,0.09413663259817107,0.0811241199034523,0.2283162990855299,0.10059311981020166,0.0,0.0,0.0,0.0,0.0,0.0,0.0,0.0,0.0,0.0009327935222672072,0.0,0.0,0.0,0.0,0.0,0.33156028368794327,0.2692307692307692,0.0,0.1319758672699849,0.32000000000000006,0.0,0.0,0.1379262271275051,0.17745415318230853,0.0,0.376351226710939,0.42213740458015264,0.3297297297297297,0.22156280909990111,0.318394920447414,0.196957818360696,0.45138055222088835,0.40940877304513673
19-2011.00,0.4578102427411643,0.5805946791862285,0.4990494296577947,0.677297732557702,0.5410947368421052,0.5171584699453553,0.2690654413399541,0.5635925256178421,0.5135039786758654,0.4884112872052571,0.5433962264150943,0.6344000000000001,0.5163994237281793,0.4879594423320659,0.25959461704602094,0.8257839721254355,0.4756468797564688,0.012307692307692304,0.38835354710084735,0.29641654641654636,0.2317941176470588,0.0,0.0,0.10758472296933837,0.0,0.0,0.0,0.0,0.0,0.0,0.0,0.0,0.0,0.0,0.0009327935222672072,0.0,0.0,0.0,0.0,0.0,0.37234042553191493,0.5131132867132867,0.0,0.12217194570135748,0.38095238095238093,0.05456000000000001,0.0,0.05445832123148417,0.055622977346278316,0.0,0.2922339051835454,0.34351145038167935,0.2974366366366366,0.22156280909990111,0.21744988740817303,0.16528315808891347,0.4513805522208883,0.3827590591226955
19-2012.00,0.7352941176470589,0.79,0.714828897338403,0.6968641114982578,0.9166666666666666,0.9166666666666666,0.4335581412584303,0.7932489451476793,0.7305672063031634,0.9396984924623115,0.9132075471698112,0.875,0.8067010309278351,0.6854245880861851,0.6562551918923408,0.5816492450638792,0.5886605783866058,0.006153846153846155,0.7355180816303927,0.4426887926887927,0.25899999999999995,0.006724045185583648,0.004757278636313559,0.2528240989779451,0.0015421115065243167,0.0,0.0008306954247851982,0.0011099726775956275,0.004312754021211849,0.006768171186000174,0.0,0.0,0.0,0.0,0.006153846153846155,0.0,0.0,0.0,0.0,0.0,0.3102836879432624,0.3916083916083916,0.0,0.26923076923076916,0.32000000000000006,0.0064999999999999945,0.0014334181509754018,0.19078710426953235,0.316039644012945,0.0021857499450329138,0.4759269507470947,0.6467582697201018,0.2974366366366366,0.27621496867787676,0.39730148768872975,0.17647420525118365,0.6799999999999999,0.3610934520025429
19-2021.00,0.4746576596740391,0.6268075117370893,0.5475285171102662,0.6584839066533213,0.3608771929824562,0.2766393442622951,0.3181649744311866,0.4746835443037975,0.39057661400964294,0.5411673753382296,0.389937106918239,0.36374999999999996,0.286676520665332,0.3472750316856781,0.3083984050506729,0.5855423925667829,0.41271513874253596,0.0009327935222672072,0.24942543058093813,0.20923520923520922,0.22433823529411764,0.0,0.0,0.029349112426035513,0.0006832740213523137,0.0,0.0,0.0,0.0,0.0015593866412544415,0.0,0.0,0.0,0.0,0.0009327935222672072,0.0,0.0,0.0,0.0,0.0,0.3425531914893617,0.31384615384615383,0.0,0.08446455505279035,0.3657142857142857,0.0,0.0,0.065349985477781,0.0948118932038835,0.0,0.2663715181700793,0.5113893129770992,0.3016216216216216,0.19782393669634024,0.2699988925394071,0.2174414314702084,0.4585114045618247,0.3989319771137953
19-2031.00,0.4761226524508108,0.5407824726134585,0.4106463878326996,0.526787125322657,0.4435508771929825,0.31868852459016395,0.2945971985473949,0.5274261603375527,0.4605856297283525,0.5610823347506765,0.6018867924528302,0.49439999999999995,0.4453009523453141,0.4346666666666666,0.2608060585922357,0.45696631823461087,0.43905865823674034,0.0009327935222672072,0.4362504845766185,0.19047619047619047,0.15788235294117647,0.35580419580419587,0.21908520035654552,0.39944055944055945,0.18647686832740215,0.17736928897080223,0.07373036314661528,0.03583438419503994,0.07590447077332854,0.13150827341245774,0.0015360000000000013,0.10639974779319042,0.0423931623931624,0.0,0.16194331983805668,0.0419047619047619,0.046875,0.0,0.019286064941440497,0.030902143213158338,0.3660425531914894,0.31384615384615383,0.0,0.2243589743589743,0.47619047619047616,0.0,0.0,0.2204472843450479,0.2760079557713053,0.0018624141543475748,0.2663715181700793,0.19949109414758273,0.245045045045045,0.18067919551599076,0.16058178596478279,0.08935159564655966,0.39495798319327735,0.2736808645899555
19-2032.00,0.39982094532728346,0.5047887323943662,0.5119391634980989,0.6011017376449604,0.4378947368421052,0.46174863387978143,0.3361743126065368,0.4746835443037975,0.36564619183881464,0.43081561654425976,0.5471698113207547,0.38625,0.2806518607218367,0.28517110266159695,0.23709641690203243,0.5646922183507549,0.42149631190727077,0.0,0.5249003156670544,0.20952380952380953,0.18661764705882353,0.13448090371167296,0.10544132522759823,0.171059709521248,0.11862396204033215,0.06790183334950045,0.04915357543107686,0.06567885666246322,0.12075711259393178,0.09529585029888243,0.0,0.0,0.0,0.0,0.0019433198380566818,0.0,0.0,0.0,0.0,0.0,0.319063829787234,0.2692307692307692,0.0,0.15082956259426847,0.38095238095238093,0.0,0.0,0.16337496369445254,0.1887810140237325,0.0,0.24954805386460063,0.22894656488549617,0.25657657657657656,0.1450708869106495,0.285281848720883,0.196957818360696,0.3913565426170468,0.30260648442466626
19-2041.00,0.49443506216045746,0.5924256651017215,0.4990494296577947,0.5926355159879892,0.4435508771929825,0.3565573770491804,0.41121322167049584,0.44725738396624476,0.48269373995531345,0.5059914959412446,0.49245283018867925,0.3515625,0.3699927030516212,0.39999999999999997,0.29602785623303984,0.464,0.4292237442922375,0.09234655870445345,0.2803621864097026,0.20923520923520922,0.2459411764705882,0.09413663259817107,0.051829298827205626,0.1815492200107585,0.09489916963226572,0.12125327383839364,0.05087395057116454,0.06797761664564943,0.0776295723818133,0.0,0.02666666666666667,0.009484026902059685,0.004273504273504274,0.0,0.012307692307692304,0.003968253968253968,0.008058035714285712,0.0,0.0027394978610000703,0.004153513872736335,0.319063829787234,0.32744615384615383,0.08015267175572519,0.1689291101055807,0.32000000000000006,0.09375,0.08778625954198471,0.15393552134766195,0.22464940668824165,0.08536064874093044,0.37677550267478327,0.37938931297709916,0.32290210210210213,0.3956478733926805,0.30183838458414847,0.196957818360696,0.4657863145258103,0.3610934520025429
19-2041.01,0.37082629662034305,0.48375586854460095,0.35266159695817495,0.6028401351585253,0.3280701754385965,0.31868852459016395,0.2538353220188246,0.41658830620855936,0.338638234487084,0.33629686896018557,0.29323270440251575,0.2708333333333333,0.2638127490785264,0.30038022813688214,0.24445505897989703,0.37630662020905925,0.22721285563751317,0.0,0.3028603865536911,0.20952380952380953,0.16176470588235295,0.0,0.0,0.05301775147928994,0.0,0.0,0.0,0.0,0.0,0.0,0.0,0.0,0.0,0.0,0.0,0.0,0.0,0.0,0.0,0.0,0.1795177304964539,0.23835524475524478,0.0,0.033182503770739065,0.15873015873015872,0.0,0.0,0.07054313099041533,0.063207928802589,0.0,0.31193506733075077,0.29917557251908394,0.32290210210210213,0.13114408176722714,0.4121783749861567,0.28514111787493085,0.367875150060024,0.3537698664971392
19-2041.02,0.3433576820558732,0.41158059467918623,0.3284790874524715,0.520954839292299,0.42105263157894735,0.4098360655737705,0.2690654413399541,0.369427365883062,0.36564619183881464,0.34316196366447627,0.39999999999999997,0.2925,0.2806518607218367,0.2715437262357414,0.24445505897989703,0.40418118466898956,0.3962065331928345,0.10493927125506074,0.36343246386442934,0.20952380952380953,0.25899999999999995,0.17667563206024742,0.12519154306088318,0.24663797740720816,0.13285883748517202,0.17051241633524106,0.07007333713454315,0.07224674232870952,0.07590447077332854,0.003248722169280087,0.058197333333333344,0.09851828499369482,0.07521367521367521,0.0,0.17878542510121453,0.10666666666666666,0.07700892857142856,0.0,0.032873974332000844,0.05582322644957635,0.19432624113475178,0.3558041958041958,0.10496183206106868,0.2828054298642534,0.3961904761904762,0.12143999999999998,0.10300254452926207,0.19078710426953235,0.18962378640776698,0.14226774790155072,0.37677550267478327,0.32519083969465645,0.3156756756756756,0.3082756346851303,0.30183838458414847,0.2174414314702084,0.30424969987995193,0.3610934520025429
19-2041.03,0.4211854233218711,0.48982785602503914,0.4260931558935361,0.6129544479647203,0.49122807017543857,0.4017213114754099,0.3640776699029126,0.6492585895117541,0.4605856297283525,0.44907614998067263,0.5188679245283018,0.44270833333333337,0.3395887514734223,0.2715437262357414,0.3364346236916432,0.49866666666666665,0.33551399133590915,0.006153846153846155,0.2836503848922856,0.09090909090909088,0.07191176470588236,0.0,0.0,0.001613770844540077,0.0,0.0,0.0,0.0,0.0,0.1754309971411245,0.0,0.0,0.002051282051282053,0.0,0.07866558704453441,0.0,0.0,0.0,0.0,0.0,0.26595744680851063,0.31384615384615383,0.0,0.05656108597285067,0.16825396825396827,0.0,0.0,0.08713331397037466,0.11124595469255663,0.0,0.3329643977125991,0.24402035623409668,0.2974366366366366,0.2407649192218925,0.2907084056258997,0.2174414314702084,0.39495798319327735,0.24698029243483788
19-2042.00,0.4578102427411643,0.5407824726134585,0.4358365019011407,0.5723165840112582,0.5052210526315789,0.31258196721311476,0.3361743126065368,0.4746835443037975,0.4664654462780762,0.4884112872052571,0.7333333333333333,0.44976666666666665,0.33675416768013167,0.2440456273764258,0.25786398626571416,0.464,0.43905865823674034,0.06384453441295547,0.42071634269258457,0.17316017316017313,0.1175,0.12641204948897256,0.0773984195819604,0.15737493275954814,0.13345195729537365,0.16732951789698322,0.048445763944869345,0.04334804539722572,0.07590447077332854,0.09529585029888243,0.04100266666666667,0.07976040353089531,0.067391452991453,0.0,0.07866558704453441,0.06257777777777777,0.036830357142857144,0.0,0.032873974332000844,0.02554577172287756,0.23120567375886522,0.33398601398601396,0.0366793893129771,0.2963800904977375,0.34377142857142856,0.018999999999999996,0.03944020356234097,0.07667731629392971,0.20010787486515644,0.032333579068534256,0.3539937280944475,0.4007633587786259,0.21441441441441442,0.18067919551599076,0.2907084056258997,0.196957818360696,0.33853541416566624,0.3095486331849968
19-2043.00,0.32815838199686653,0.4694835680751174,0.3411977186311787,0.5417930328639909,0.5080701754385964,0.46174863387978143,0.33252427184466027,0.4128993369499699,0.45188350123476145,0.4236567452647855,0.4490566037735848,0.51,0.37461410369150744,0.28517110266159695,0.21632884753835074,0.6514471544715448,0.5136986301369864,0.1716599190283401,0.500062302708091,0.20952380952380953,0.15205882352941177,0.15737493275954814,0.056085811291275656,0.171059709521248,0.10059311981020166,0.17736928897080223,0.06451406775328837,0.06157392812105926,0.09108536492799427,0.06714025816512174,0.058197333333333344,0.09363177805800756,0.05743589743589744,0.0,0.09234655870445345,0.024406349206349213,0.020926339285714284,0.0,0.027175818781120704,0.020601428808772224,0.24822695035460993,0.33398601398601396,0.05206106870229008,0.25452488687782804,0.26948571428571433,0.037500000000000006,0.052586938083121294,0.13011908219575952,0.24656148867313912,0.04850036860280138,0.289153292750415,0.24580152671755726,0.29309309309309306,0.2407649192218925,0.3336778766288899,0.17647420525118365,0.33853541416566624,0.25335028607755883
19-2099.01,0.4043380063889962,0.5924256651017215,0.4158745247148289,0.5802635440732685,0.5758315789473684,0.4098360655737705,0.3181649744311866,0.5274261603375527,0.4384775195013916,0.6129725550831079,0.6289308176100628,0.53125,0.41858289520459524,0.3472750316856781,0.144985324250983,0.5203252032520325,0.48401826484018273,0.006153846153846155,0.39536606302265054,0.19047619047619047,0.21143382352941176,0.10112963959117804,0.09414404038178412,0.22404518558364708,0.0830367734282325,0.0,0.0,0.0,0.0,0.003248722169280087,0.0,0.0,0.0,0.0,0.0353425101214575,0.0019047619047619063,0.0016741071428571443,0.0,0.0006311803071744167,0.0009569695962784524,0.37234042553191493,0.280979020979021,0.0,0.1319758672699849,0.2571428571428572,0.0,0.0025445292620865164,0.13011908219575952,0.10234627831715208,0.0,0.270890979524073,0.24885496183206104,0.25657657657657656,0.18067919551599076,0.23256672450071983,0.16528315808891347,0.30623649459783914,0.3394278448823903
19-3011.00,0.3860866380450485,0.49765258215962443,0.46482889733840305,0.697616664534433,0.5336842105263158,0.29102459016393445,0.22974875861557847,0.4746835443037975,0.39057661400964294,0.23406262079628917,0.23396226415094346,0.49439999999999995,0.4503339757142589,0.4131812420785804,0.144985324250983,0.23803948896631827,0.26123990165086053,0.0,0.1730630780306806,0.10649350649350649,0.05558823529411764,0.0,0.0007211032880306876,0.07668639053254438,0.0,0.0,0.0,0.0,0.0,0.010287620202720263,0.0,0.0,0.0,0.0,0.0019433198380566818,0.0,0.0,0.0,0.0,0.0,0.17100709219858154,0.19160839160839163,0.0,0.01885369532428356,0.02440634920634921,0.0,0.0,0.038338658146964855,0.016012675296655877,0.0,0.289153292750415,0.35782188295165396,0.21859939939939937,0.16485328058028353,0.3336778766288899,0.10318668142409149,0.4657142857142857,0.32508582326764146
19-3011.01,0.2985329725110384,0.5340845070422535,0.3921102661596958,0.5926355159879892,0.4857894736842105,0.4098360655737705,0.2573186096494479,0.36166365280289325,0.36564619183881464,0.2597603401623502,0.35471698113207545,0.5625,0.49815705278126,0.5688212927756655,0.23709641690203243,0.44459930313588847,0.41271513874253596,0.0,0.3476837237636374,0.27549302549302546,0.08629411764705883,0.001613770844540077,0.0,0.05917159763313609,0.0,0.0,0.0,0.0,0.0,0.0,0.0,0.0,0.0,0.0,0.006153846153846155,0.0,0.0,0.0,0.0,0.0,0.2589503546099291,0.2937062937062937,0.0,0.017767722473604818,0.1507555555555556,0.0,0.0,0.036015103107754874,0.0,0.0,0.37677550267478327,0.36183206106870225,0.29309309309309306,0.21496867787668972,0.3336778766288899,0.18680440263174075,0.3913565426170468,0.30260648442466626
19-3022.00,0.3494007772600566,0.43627543035993743,0.39995247148288976,0.5723165840112582,0.3936842105263158,0.34229508196721314,0.18609649447861856,0.44725738396624476,0.39057661400964294,0.5736374178585234,0.4490566037735848,0.515,0.5163994237281793,0.420532319391635,0.29494102010300716,0.34843205574912894,0.33551399133590915,0.0,0.1946959627845157,0.17316017316017313,0.12682352941176467,0.047337278106508875,0.038779332378539165,0.1670252824098978,0.07117437722419928,0.0,0.0,0.0,0.0,0.0,0.0,0.0,0.0,0.0,0.0009327935222672072,0.0,0.0,0.0,0.0,0.0,0.2780141843971632,0.19755524475524477,0.0,0.06636500754147812,0.09523809523809523,0.0,0.0,0.09410397908800465,0.15844120819848972,0.0,0.40057185021213804,0.351206106870229,0.3427027027027027,0.26871084734586215,0.3565192513566392,0.2174414314702084,0.3913565426170468,0.3394278448823903
19-3031.01,0.5595458522392008,0.612284820031299,0.5061787072243347,0.6584839066533213,0.4304842105263157,0.39344262295081966,0.3556844289631661,0.44725738396624476,0.410489592724707,0.34316196366447627,0.3239748427672956,0.235,0.18452859842460756,0.2958783269961977,0.18431217810267483,0.3386759581881533,0.33551399133590915,0.0,0.20629118901257132,0.1656445406445406,0.25058823529411767,0.0,0.0,0.15737493275954814,0.0,0.0,0.0,0.0,0.0,0.0,0.0,0.0,0.0,0.0,0.015261538461538458,0.0019047619047619063,0.0,0.0,0.0,0.0,0.22163120567375885,0.23835524475524478,0.0,0.0,0.15873015873015872,0.0,0.0,0.11385419692128959,0.16518338727076592,0.0,0.4521306032097399,0.4596030534351145,0.7105105105105105,0.427299703264095,0.5057403374063274,0.46174598782512455,0.4828571428571428,0.576300063572791
19-3031.02,0.4450932915539097,0.5258215962441315,0.4888307984790875,0.5282922313950076,0.42105263157894735,0.3831967213114755,0.578077521677907,0.5527426160337553,0.48269373995531345,0.18429068419018169,0.26485534591194965,0.08166666666666668,0.07624375549609895,0.2440456273764258,0.2803621864097026,0.40418118466898956,0.2286763844983023,0.0,0.11170875560724373,0.19047619047619047,0.10999999999999999,0.0,0.0,0.0710059171597633,0.0,0.0,0.0,0.0,0.0,0.0,0.0,0.0,0.0,0.0,0.004048582995951417,0.0,0.0,0.0,0.0,0.0,0.0801418439716312,0.14895104895104896,0.0,0.0143288084464555,0.03464126984126984,0.0,0.0,0.04033691548068546,0.10234627831715208,0.0,0.3539937280944475,0.3806615776081425,0.8630630630630631,0.19782393669634024,0.5067739672929971,0.2640195535878989,0.41679471788715483,0.7552447552447553
19-3031.03,0.6592467495472766,0.511830985915493,0.5902471482889734,0.5350652087205846,0.5701754385964912,0.5171584699453553,0.474672052175202,0.4746835443037975,0.48269373995531345,0.43081561654425976,0.464,0.14375,0.08793758302617548,0.3472750316856781,0.3083984050506729,0.286411149825784,0.26123990165086053,0.0,0.07787838511380628,0.20952380952380953,0.21143382352941176,0.0,0.0,0.04518558364712211,0.0,0.0,0.0,0.0,0.0,0.0,0.0,0.0,0.0,0.0,0.006153846153846155,0.0,0.0,0.0,0.0,0.0,0.23120567375886522,0.25748251748251744,0.0,0.0,0.07714285714285715,0.0,0.0,0.060121986639558526,0.055622977346278316,0.0,0.5299391256225788,0.4854961832061069,0.9315315315315316,0.427299703264095,0.6507438443648713,0.5274626452684007,0.5642256902761105,0.7854545454545455
19-3032.00,0.4896026207093008,0.6045539906103287,0.5228136882129278,0.7299764450899677,0.6681122807017543,0.5171584699453553,0.3361743126065368,0.5527426160337553,0.36846850378268203,0.500966370313104,0.5209056603773584,0.4296875,0.31921342638501693,0.3986717363751584,0.29494102010300716,0.286411149825784,0.35216163212738555,0.0,0.3028603865536911,0.12337662337662335,0.12682352941176467,0.0,0.0,0.10543302850995159,0.0,0.0,0.0,0.0,0.0,0.0,0.0,0.0,0.0,0.0,0.0009327935222672072,0.0,0.0,0.0,0.0,0.0,0.28900709219858156,0.3064335664335664,0.0,0.01885369532428356,0.08380952380952379,0.0,0.0,0.060121986639558526,0.055622977346278316,0.0,0.5047039291643608,0.5089058524173027,0.5244540540540541,0.4688427299703264,0.5205064786444682,0.2939955727725512,0.4657863145258103,0.41645263827082013
19-3039.01,0.601766130180886,0.7503912363067294,0.6882129277566541,0.7751296272604812,0.5715789473684211,0.3720081967213115,0.760060772252279,0.8228571428571428,0.9329896907216495,0.6129725550831079,0.6986666666666667,0.25,0.2638127490785264,0.5214195183776933,0.46424516807886146,0.7828106852497096,0.49394099051633295,0.0009327935222672072,0.4362504845766185,0.27549302549302546,0.17941176470588238,0.10543302850995159,0.07711799052550401,0.1395589026358257,0.02669039145907473,0.00875448637113202,0.0,0.0,0.0,0.015637182708134797,0.0,0.016419714165615804,0.0,0.0,0.02850202429149798,0.0,0.0,0.0,0.0,0.0,0.3425531914893617,0.24923076923076926,0.0,0.04242081447963801,0.19047619047619047,0.0,0.0,0.05445832123148417,0.147485167206041,0.0,0.6972883231876038,0.4783715012722646,0.7885885885885886,0.21496867787668972,0.3793052530547455,0.23016971038553768,0.5714285714285714,0.6276223776223776
19-3041.00,0.49443506216045746,0.5563380281690141,0.5703422053231939,0.6920176699452895,0.4094315789473685,0.4164071038251367,0.15071703846438897,0.4746835443037975,0.36564619183881464,0.24797835330498652,0.2986666666666667,0.25520833333333337,0.11132523808632852,0.2715437262357414,0.09816830038212326,0.22165853658536583,0.1639152324083831,0.0,0.1053954145206845,0.12337662337662333,0.09375,0.0,0.0,0.013448090371167296,0.0,0.0,0.0,0.0,0.0,0.003248722169280087,0.0,0.0,0.0,0.0,0.024291497975708502,0.000914285714285715,0.0,0.0,0.0,0.0,0.17730496453900707,0.11716923076923079,0.0,0.00471342383107089,0.08761904761904761,0.0,0.0,0.027011327330816154,0.08306364617044229,0.0,0.424792473713337,0.5491704834605597,0.565045045045045,0.20236069897790968,0.31008896600095986,0.23016971038553768,0.5642256902761105,0.37635092180546725
19-3051.00,0.36319612590799033,0.4578403755868545,0.46572243346007614,0.5503044077031329,0.5715789473684211,0.46174863387978143,0.2945971985473949,0.3930078360458107,0.3194700325349849,0.4607653652879784,0.4101383647798742,0.3016666666666667,0.28813591034108554,0.21596958174904943,0.18375145372985546,0.36655052264808363,0.3260010537407798,0.06384453441295547,0.5653970759262336,0.1714285714285714,0.1985294117647059,0.0,0.0,0.12772458310919851,0.07117437722419928,0.06062663691919682,0.0,0.0,0.0,0.0,0.0,0.0,0.0,0.0,0.0009327935222672072,0.0,0.0,0.0,0.0,0.0,0.24822695035460993,0.36615384615384616,0.0,0.1368325791855204,0.24952380952380954,0.0,0.0,0.10165553296543711,0.20010787486515644,0.003880029488224114,0.4521306032097399,0.43053435114503813,0.3762258258258258,0.35113748763600394,0.45129019159068257,0.3429948349013097,0.3306602641056422,0.41645263827082013
19-3091.01,0.4578102427411643,0.5407824726134585,0.5190114068441065,0.677297732557702,0.4592982456140351,0.4017213114754099,0.2690654413399541,0.5274261603375527,0.48269373995531345,0.33629686896018557,0.4943396226415094,0.24,0.13319737309858362,0.3653333333333333,0.3364346236916432,0.37630662020905925,0.1737501463528861,0.0,0.20507974746635652,0.15584415584415579,0.07874999999999999,0.0,0.0,0.08714362560516407,0.02206405693950178,0.02819138616742653,0.0,0.0,0.0,0.0,0.0,0.0,0.0,0.0,0.008097165991902834,0.0,0.0,0.0,0.0013149589732800349,0.0,0.23120567375886522,0.2718881118881119,0.0,0.1319758672699849,0.15873015873015872,0.0,0.0,0.038338658146964855,0.07416396979503775,0.0,0.4695074709463199,0.48982188295165385,0.43052972972972975,0.19782393669634024,0.23360035438738974,0.1575662546885568,0.4657863145258103,0.32508582326764146
19-3091.02,0.4746576596740391,0.5868544600938967,0.5703422053231939,0.7055184714142728,0.6459649122807016,0.547172131147541,0.2435336841325132,0.5365400843881856,0.5135039786758654,0.6476691148047933,0.6289308176100628,0.2816666666666667,0.2469736374352162,0.4131812420785804,0.4362504845766185,0.7549361207897793,0.3962065331928345,0.048582995951417005,0.5136512155950601,0.2964165464165464,0.19152941176470586,0.2711135018827326,0.2409937203922001,0.32275416890801506,0.17155871886120996,0.2209840915704724,0.001474607262932307,0.0009457755359394711,0.000993658526487211,0.0,0.0,0.30643127364438844,0.15316239316239316,0.0,0.27983805668016193,0.15873015873015872,0.2193080357142857,0.0,0.12097622554176309,0.11629838843661738,0.39148936170212767,0.4972027972027972,0.0,0.36293363499245856,0.358095238095238,0.0014400000000000012,0.19083969465648853,0.13011908219575952,0.13652912621359223,0.0,0.376351226710939,0.5089058524173027,0.2974366366366366,0.4615891856247939,0.2699988925394071,0.18446781036709092,0.4640996398559424,0.3095486331849968
19-3092.00,0.4394978330315176,0.5192175273865415,0.4990494296577947,0.6129544479647203,0.4663578947368421,0.3831967213114755,0.2538353220188246,0.44725738396624476,0.39057661400964294,0.500966370313104,0.5880503144654088,0.2816666666666667,0.286676520665332,0.3292167300380228,0.18375145372985546,0.49866666666666665,0.36880927291886195,0.0,0.31860912665448304,0.15584415584415579,0.1462205882352941,0.0,0.0,0.037353415814954286,0.0,0.0,0.0,0.0,0.0,0.0015593866412544415,0.0,0.0,0.0,0.0,0.024291497975708502,0.0,0.0,0.0,0.0,0.0,0.28900709219858156,0.34,0.0,0.0743288084464555,0.21904761904761902,0.0,0.0,0.10920708684286957,0.168554476806904,0.0,0.40057185021213804,0.45349618320610685,0.2681081081081081,0.19782393669634024,0.17257927572077228,0.18446781036709092,0.4474789915966387,0.3610934520025429
19-3093.00,0.39982094532728346,0.7590453834115806,0.4574619771863118,0.7299764450899677,0.3936842105263158,0.2766393442622951,0.15007781812791818,0.24412296564195302,0.3242522833287601,0.26478546579049095,0.3239748427672956,0.0625,0.026428050217972947,0.18960709759188848,0.09816830038212326,0.18583042973286873,0.1639152324083831,0.0,0.09816830038212326,0.13708513708513706,0.07305882352941177,0.013448090371167296,0.04406742315743087,0.013448090371167296,0.03131672597864769,0.00875448637113202,0.0,0.0,0.0,0.027072684744000697,0.0015360000000000013,0.0,0.0211965811965812,0.0,0.12178137651821863,0.01968253968253968,0.010602678571428568,0.0,0.00832807349744021,0.0,0.28900709219858156,0.14895104895104896,0.0,0.028989441930618403,0.07936507936507936,0.0,0.005301102629346904,0.008388033691548067,0.17745415318230853,0.0,0.3539937280944475,0.37938931297709916,0.34878078078078073,0.16485328058028353,0.22108604968806525,0.0818575908503966,0.41679471788715483,0.18335664335664334
19-3094.00,0.36783526970110075,0.6989358372456964,0.4888307984790875,0.6011017376449604,0.3991228070175439,0.3831967213114755,0.19402653227599498,0.3833634719710669,0.34494923758378737,0.21792037108620024,0.28176100628930817,0.21875,0.1255355773008775,0.3168567807351077,0.17444758265492608,0.22276422764227644,0.13757171291417863,0.0,0.0903389267320153,0.1558441558441558,0.08629411764705883,0.0,0.0,0.01667563206024745,0.0,0.0,0.0,0.0,0.0,0.0015593866412544415,0.0,0.0,0.0,0.0,0.015261538461538458,0.0,0.0,0.0,0.0,0.0,0.26595744680851063,0.15734265734265737,0.0,0.00471342383107089,0.06257777777777777,0.0,0.0,0.04356665698518734,0.11630258899676374,0.0,0.376351226710939,0.526208651399491,0.46906906906906903,0.16485328058028353,0.2699988925394071,0.20365246264526835,0.4001740696278511,0.3537698664971392
19-3099.01,0.2976376991474556,0.43627543035993743,0.35266159695817495,0.48088139011596837,0.623817543859649,0.5067008196721312,0.2945971985473949,0.3930078360458107,0.3242522833287601,0.4607653652879784,0.31194968553459124,0.3197666666666667,0.29722903062847306,0.38022813688212925,0.32185578999833864,0.3831637630662021,0.38417632595714785,0.024291497975708502,0.6032978900149527,0.2888888888888889,0.2135,0.0,0.0,0.06724045185583648,0.020877817319098456,0.015156659229799205,0.0,0.0,0.0,0.020575240405440523,0.0,0.0,0.0,0.0,0.024291497975708502,0.0,0.0,0.0,0.0,0.0,0.26595744680851063,0.31951328671328677,0.0,0.15082956259426847,0.26948571428571433,0.0,0.0,0.1379262271275051,0.1887810140237325,0.003880029488224114,0.4521306032097399,0.37938931297709916,0.3156756756756756,0.4615891856247939,0.3793052530547455,0.2501844678103671,0.3601440576230492,0.44198982835346473
19-4011.01,0.22788776527560178,0.34824726134585293,0.26045627376425856,0.3621661486593268,0.30701754385964913,0.26336065573770495,0.2148150893055659,0.18083182640144663,0.1793932029320685,0.26478546579049095,0.30157232704402515,0.28125,0.26942578629296315,0.187893536121673,0.11993271307526168,0.3637630662020906,0.402470436717012,0.0893927125506073,0.2657833527163981,0.11832611832611833,0.2317941176470588,0.32275416890801506,0.21633098640920606,0.32275416890801506,0.2846975088967971,0.30555825007275195,0.09240872181042449,0.12347625052543083,0.16384325036744668,0.14944121978688382,0.08260266666666666,0.1847217843631778,0.0211965811965812,0.0,0.12955465587044535,0.09813333333333332,0.11749999999999998,0.0026666666666666687,0.06048811277088155,0.0830702774547267,0.3102836879432624,0.280979020979021,0.15458015267175573,0.2963800904977375,0.41996190476190476,0.132,0.14249363867684478,0.15393552134766195,0.23702973300970873,0.14485443422703348,0.1807784541597491,0.12722646310432567,0.24118198198198199,0.16485328058028353,0.16058178596478279,0.1540921109266433,0.3249939975990396,0.3095486331849968
19-4011.02,0.26959936516979677,0.30769953051643195,0.28517110266159695,0.41390416989637346,0.25052631578947365,0.12021857923497266,0.15737789965167126,0.24773960216998192,0.23960252440123866,0.21473521453420955,0.3056603773584906,0.25,0.2638127490785264,0.2577946768060836,0.1659674918314227,0.32061324041811845,0.42149631190727077,0.009353846153846152,0.2712729135515313,0.17316017316017313,0.21143382352941176,0.24663797740720816,0.17877352349094114,0.2912533620225927,0.18294661921708186,0.13580366669900087,0.05406893297418453,0.009484026902059685,0.12075711259393178,0.09529585029888243,0.10513066666666666,0.11034047919293821,0.026283760683760687,0.0,0.1716599190283401,0.049168253968253965,0.021450892857142863,0.0,0.03857212988288098,0.01661405549094534,0.19858156028368795,0.21922797202797203,0.023854961832061067,0.10751131221719457,0.3657142857142857,0.025,0.021204410517387615,0.07667731629392971,0.2616808252427184,0.032333579068534256,0.17945028592510606,0.14249363867684478,0.24118198198198199,0.16485328058028353,0.057218797297796165,0.06147389780483307,0.31692677070828323,0.19476160203432927
19-4021.00,0.36783526970110075,0.3403755868544602,0.28517110266159695,0.4052949631625289,0.3377192982456141,0.25614754098360654,0.2199659082487216,0.3303194695599759,0.36564619183881464,0.500966370313104,0.48498113207547167,0.2916666666666667,0.2638127490785264,0.2370088719898606,0.2803621864097026,0.4850174216027875,0.4566210045662101,0.0009327935222672072,0.37152489339314393,0.322991822991823,0.1213235294117647,0.32275416890801506,0.2588961110499064,0.32275416890801506,0.22835112692763937,0.24553787952274714,0.08601875700438451,0.0305406683480454,0.11178658422981114,0.2869704582864074,0.0015360000000000013,0.15434531315678854,0.09572649572649575,0.01377862595419847,0.16194331983805668,0.07111111111111111,0.07700892857142856,0.0,0.024655480749000633,0.03738162485462702,0.3660425531914894,0.2937062937062937,0.0,0.14177978883861234,0.38095238095238093,0.0014400000000000012,0.0012213740458015278,0.1379262271275051,0.22333468176914778,0.0018624141543475748,0.289153292750415,0.20916030534351143,0.20348348348348347,0.08605341246290801,0.043486285946325066,0.016064071819467497,0.17999999999999997,0.1557533375715194
19-4031.00,0.28079028221458074,0.3724569640062597,0.21482889733840302,0.3870003988531092,0.30701754385964913,0.26336065573770495,0.2075150077818128,0.3164556962025316,0.2795362784681118,0.5411673753382296,0.45849056603773586,0.25,0.2370946919378075,0.39999999999999997,0.2657833527163981,0.4117909407665505,0.4292237442922375,0.0009327935222672072,0.33314642520906024,0.17316017316017313,0.15205882352941177,0.32275416890801506,0.28844131521227473,0.37762237762237766,0.296085409252669,0.2917656901736347,0.07373036314661528,0.1559478772593527,0.13800812867877918,0.2035865892748852,0.17280000000000004,0.11493799915931062,0.10256410256410256,0.0,0.1451012145748988,0.11936507936507935,0.10491071428571426,0.0,0.08240409565888211,0.0830702774547267,0.3102836879432624,0.2876923076923077,0.0,0.17906485671191555,0.41996190476190476,0.0,0.0,0.18036595991867557,0.2730582524271845,0.0,0.19627375023058477,0.14249363867684478,0.25657657657657656,0.16485328058028353,0.111262874229392,0.1540921109266433,0.375750300120048,0.32508582326764146
19-4041.01,0.27087106028852215,0.41158059467918623,0.3208174904942966,0.3536999270023554,0.13877192982456138,0.1372950819672131,0.08685058919439709,0.11301989150090415,0.11184391046999331,0.26478546579049095,0.2751572327044025,0.171875,0.16976631055063893,0.10494296577946768,0.05191892340920418,0.32061324041811845,0.240567556492214,0.002105263157894735,0.28555407875062305,0.1402597402597402,0.07407352941176469,0.1670252824098978,0.04694682864783118,0.2588757396449704,0.08920521945432977,0.17820593656028713,0.041657655177837635,0.031033259773013865,0.04347256053381544,0.07709217707701635,0.006666666666666667,0.08669609079445144,0.05128205128205128,0.0,0.1522267206477733,0.030000000000000002,0.04185267857142857,0.0,0.03714759099516095,0.026376474497424814,0.15602836879432622,0.23076923076923078,0.0,0.2601809954751131,0.22666666666666666,0.0,0.0,0.22916061574208538,0.30587580906148865,0.0,0.2298468917173953,0.17557251908396945,0.245045045045045,0.1490273656445763,0.1814574181402045,0.04035233351780114,0.1532893157262905,0.1660839160839161
19-4041.02,0.2861314017132277,0.4147104851330204,0.21482889733840302,0.2701213868047351,0.30701754385964913,0.26336065573770495,0.23733602608760102,0.33996383363471966,0.34494923758378737,0.5411673753382296,0.464,0.2756,0.31620109641326927,0.3292167300380228,0.2803621864097026,0.5909407665505227,0.46540217773094483,0.12696356275303644,0.3559907515091101,0.1714285714285714,0.18661764705882353,0.32275416890801506,0.28844131521227473,0.32275416890801506,0.2846975088967971,0.19643030361819772,0.10349776842767544,0.19215006305170237,0.23806402197089405,0.24257125530624626,0.1472,0.26599936948297603,0.12854700854700854,0.023854961832061067,0.2312550607287449,0.11520000000000001,0.11830357142857142,0.0026666666666666687,0.10300511957360263,0.13025419504901148,0.3102836879432624,0.31384615384615383,0.1870229007633588,0.35444947209653094,0.3657142857142857,0.18144000000000005,0.1484308736217133,0.16994481556781876,0.2768001618122977,0.2263350534797398,0.16528315808891345,0.10121119592875315,0.21441441441441442,0.1450708869106495,0.1293144818930193,0.07436358605423353,0.1890756302521008,0.19930069930069932
19-4051.01,0.22788776527560178,0.34824726134585293,0.2680608365019011,0.1994265545864345,0.2150456140350877,0.0891393442622951,0.2945971985473949,0.42194092827004215,0.36846850378268203,0.5782759953614225,0.30157232704402515,0.2816666666666667,0.29722903062847306,0.34220532319391633,0.2803621864097026,0.7270615563298489,0.8781173164734808,0.10493927125506074,0.37918120396522126,0.5502645502645502,0.3134117647058823,0.30984400215169444,0.23536010095446033,0.2912533620225927,0.2846975088967971,0.27009166747502183,0.2189791785454474,0.16419714165615804,0.5295647913662115,0.2035865892748852,0.09386666666666665,0.12347625052543083,0.08547008547008547,0.05916030534351146,0.19271255060728743,0.1111111111111111,0.2685546875,0.0,0.08766393155200225,0.19936866589134408,0.37234042553191493,0.4587748251748252,0.11927480916030533,0.36293363499245856,0.41996190476190476,0.125,0.15945716709075486,0.39816439151902405,0.7993190399137002,0.2534952598973086,0.26083748385906663,0.20610687022900764,0.18517717717717716,0.13114408176722714,0.057218797297796165,0.06147389780483307,0.1444717887154862,0.1395549904640814
19-4051.02,0.3052068284941095,0.3724569640062597,0.33269961977186313,0.43347054883692926,0.28596491228070176,0.26336065573770495,0.38203142370117843,0.42194092827004215,0.36846850378268203,0.500966370313104,0.43200000000000005,0.265,0.26942578629296315,0.3653333333333333,0.2803621864097026,0.44041811846689893,0.6480213089802132,0.0019433198380566818,0.31860912665448304,0.48773448773448774,0.26588235294117646,0.32275416890801506,0.20856911073943135,0.30338891877353413,0.22835112692763937,0.13580366669900087,0.11010400896561218,0.11493799915931062,0.21563770106059246,0.18950879320800484,0.09999999999999999,0.1471206389239176,0.10256410256410256,0.0,0.1451012145748988,0.11520000000000001,0.11749999999999998,0.0,0.07100778455712184,0.13993022096693805,0.3425531914893617,0.3002461538461539,0.0,0.18853695324283556,0.4126984126984127,0.0,0.09499575911789652,0.22872494917223354,0.45631067961165045,0.0,0.23132263420033206,0.20916030534351143,0.245045045045045,0.16485328058028353,0.21744988740817303,0.18446781036709092,0.36821128451380547,0.3095486331849968
19-4061.00,0.27087106028852215,0.3928012519561815,0.30370722433460073,0.4074623159067135,0.32298245614035087,0.26336065573770495,0.15007781812791818,0.24562989752863168,0.18521422131629492,0.375724777734828,0.2751572327044025,0.2816666666666667,0.2752446348719292,0.38022813688212925,0.23363515534141882,0.4065040650406504,0.3962065331928345,0.0,0.24713407542781193,0.13708513708513706,0.12682352941176467,0.0009090909090909083,0.009514557272627117,0.3299838622915546,0.0008018979833926448,0.0010245901639344254,0.0008306954247851982,0.0,0.0,0.04060902711600104,0.0,0.0,0.0,0.0,0.015507692307692306,0.0,0.0,0.0,0.0,0.0,0.19574468085106383,0.3502097902097902,0.0,0.12292609351432879,0.1866285714285714,0.0,0.0,0.136508858553587,0.19805151024811218,0.0,0.27089097952407304,0.26406106870229007,0.28060060060060055,0.16485328058028353,0.1814574181402045,0.14376191354608622,0.29157262905162057,0.3095486331849968
19-4061.01,0.3433576820558732,0.3116666666666667,0.33269961977186313,0.36870583454368944,0.2631578947368421,0.3280327868852459,0.18609649447861856,0.22792043399638334,0.16904472580455487,0.18981059141863166,0.21132075471698114,0.16375,0.22873126648829684,0.11406844106463879,0.12815667054327964,0.1737514518002323,0.2403407095187917,0.0,0.3028603865536911,0.1714285714285714,0.16176470588235295,0.0,0.0,0.13448090371167296,0.067644128113879,0.056837472111747014,0.0,0.0,0.0,0.0,0.0,0.0,0.0,0.0,0.0019433198380566818,0.0,0.0,0.0,0.0,0.0,0.17730496453900707,0.19160839160839163,0.0,0.17906485671191555,0.09051428571428571,0.0,0.0,0.05445832123148417,0.0707928802588997,0.0,0.289153292750415,0.24402035623409668,0.28864864864864864,0.20236069897790968,0.17257927572077228,0.24289798930086698,0.21785114045618245,0.37635092180546725
19-4091.00,0.3052068284941095,0.4147104851330204,0.30988593155893535,0.4515318217051347,0.27223859649122806,0.26336065573770495,0.2779218854220707,0.33996383363471966,0.27635137783701147,0.3961190568225744,0.3877358490566038,0.3046875,0.29889423166875595,0.3292167300380228,0.3028603865536911,0.3831637630662021,0.46540217773094483,0.12178137651821863,0.33314642520906024,0.17316017316017313,0.2459411764705882,0.30984400215169444,0.22960128997365975,0.2781065088757396,0.22835112692763937,0.24553787952274714,0.09240872181042449,0.17404897015552753,0.2711859728538011,0.24257125530624626,0.05333333333333334,0.13135771332492643,0.11076923076923079,0.022480916030534346,0.16323886639676113,0.10285714285714287,0.1478794642857143,0.0,0.08591065292096221,0.09170958631001827,0.2780141843971632,0.2876923076923077,0.15458015267175573,0.2828054298642534,0.38095238095238093,0.16200000000000003,0.18999151823579305,0.16337496369445254,0.3577063106796117,0.14485443422703348,0.2663715181700793,0.20610687022900764,0.3016216216216216,0.16485328058028353,0.285281848720883,0.20848705650863922,0.33853541416566624,0.3665861411315957
19-4092.00,0.4196593891794006,0.43627543035993743,0.40595057034220533,0.4695930945733401,0.4592982456140351,0.30540983606557376,0.30079485659230715,0.5527426160337553,0.41550703618047125,0.5310243525318903,0.5338867924528302,0.21875,0.20206933971972232,0.3653333333333333,0.4945727418729579,0.9241533101045296,0.6095597705186746,0.0997570850202429,0.4821537353934763,0.1904761904761905,0.19152941176470586,0.3706293706293707,0.27542139473394295,0.342119419042496,0.23914590747330963,0.30555825007275195,0.14623188690745365,0.10639974779319042,0.11178658422981114,0.1754309971411245,0.13333333333333333,0.17404897015552753,0.09435897435897436,0.0,0.18218623481781376,0.07111111111111111,0.11160714285714285,0.0,0.0624868504102672,0.05146369828875229,0.4787234042553192,0.5584615384615385,0.13603053435114504,0.25900452488687786,0.5288888888888889,0.14256,0.179813401187447,0.19604995643334303,0.33120954692556637,0.13386101734373182,0.4521306032097399,0.3562340966921119,0.31067867867867865,0.18917243653148694,0.26047473144080624,0.096046239931132,0.3834813925570228,0.30260648442466626
19-4093.00,0.22788776527560178,0.27,0.22338403041825095,0.2453774429752937,0.23684210526315788,0.2227185792349727,0.18053805677017717,0.2890295358649789,0.18662537728822856,0.34316196366447627,0.3239748427672956,0.22916666666666666,0.22721574644039885,0.34220532319391633,0.22476740322312677,0.47781649245063873,0.402470436717012,0.3190672064777328,0.46424516807886146,0.23015873015873015,0.2459411764705882,0.34857450242065624,0.3380171662643845,0.28187197417966653,0.3608540925266904,0.41771752837326614,0.212343445862252,0.28734499789827656,0.42161483311367043,0.15437927748418953,0.47726933333333327,0.3448139974779319,0.2692307692307692,0.0013740458015267186,0.4210526315789474,0.35266031746031745,0.2368526785714286,0.008444444444444445,0.17751946139280456,0.25622860940355546,0.217645390070922,0.4972027972027972,0.17891221374045801,0.5196078431372549,0.358095238095238,0.09375,0.3710771840542833,0.16994481556781876,0.33120954692556637,0.14226774790155072,0.25110680686220255,0.19242748091603054,0.3156756756756756,0.3082756346851303,0.1814574181402045,0.10483920555863,0.3601440576230492,0.28012714558169105
19-4099.01,0.3296233747736383,0.31298904538341155,0.2912927756653992,0.36870583454368944,0.27578947368421053,0.2227185792349727,0.19988141999555328,0.24773960216998192,0.1703970836109913,0.31310398144569,0.29323270440251575,0.2708333333333333,0.20206933971972232,0.38022813688212925,0.2523259677687324,0.40418118466898956,0.5565068493150684,0.0019433198380566818,0.23709641690203243,0.20923520923520922,0.2459411764705882,0.30338891877353413,0.2230913297344938,0.2781065088757396,0.20139501779359434,0.1606605878358716,0.05087395057116454,0.07388871374527112,0.07590447077332854,0.11208091484016285,0.12953599999999998,0.10639974779319042,0.07521367521367521,0.0,0.12955465587044535,0.09523809523809523,0.06277901785714285,0.0,0.07670594010800197,0.062302708091045024,0.3745531914893617,0.3558041958041958,0.0,0.23416289592760178,0.3657142857142857,0.0,0.0,0.16994481556781876,0.2616808252427184,0.0,0.22984689171739528,0.1659033078880407,0.2681081081081081,0.16485328058028353,0.1518697626342796,0.1540921109266433,0.2701080432172869,0.26673871582962494
19-4099.02,0.3052068284941095,0.39480438184663535,0.30988593155893535,0.46164613451132963,0.3217543859649123,0.2766393442622951,0.18528125694804712,0.44725738396624476,0.36846850378268203,0.4607653652879784,0.3877358490566038,0.2870833333333333,0.3118463150410687,0.3653333333333333,0.3404566096250761,0.4850174216027875,0.4566210045662101,0.15380728744939273,0.4593509442321537,0.17316017316017313,0.21143382352941176,0.2689618074233459,0.24665738580027446,0.30338891877353413,0.296085409252669,0.3182898438257833,0.09830715086215372,0.19215006305170237,0.21943292459925892,0.18950879320800484,0.015402666666666663,0.13829340058848255,0.067391452991453,0.01377862595419847,0.1716599190283401,0.08761904761904761,0.07366071428571427,0.0,0.057858194824321474,0.05146369828875229,0.2936170212765958,0.31384615384615383,0.09404580152671756,0.2206334841628959,0.358095238095238,0.066,0.11195928753180659,0.11385419692128959,0.15844120819848972,0.07275055290420208,0.24954805386460063,0.19242748091603054,0.2303423423423423,0.16485328058028353,0.23256672450071983,0.14757424829367274,0.25930372148859543,0.3610934520025429
19-4099.03,0.2848597065945022,0.3333802816901409,0.3255703422053232,0.4108939577516726,0.4857894736842105,0.3525409836065574,0.23733602608760102,0.33996383363471966,0.2572419740504096,0.500966370313104,0.4101383647798742,0.38625,0.3395887514734223,0.3292167300380228,0.2836503848922856,0.6262485481997677,0.46540217773094483,0.06704453441295546,0.4945727418729579,0.2754930254930254,0.17227941176470588,0.19203873050026893,0.12519154306088318,0.2711135018827326,0.2113879003558719,0.13580366669900087,0.08918424726214587,0.07224674232870952,0.042782519890421554,0.08121805423200208,0.0,0.0,0.0,0.0,0.008097165991902834,0.0,0.0,0.0,0.0,0.0,0.217645390070922,0.2836699300699301,0.0013740458015267186,0.19984917043740572,0.3333333333333333,0.00625,0.0012213740458015278,0.1728144060412431,0.3008697411003236,0.0,0.2298468917173953,0.19083969465648853,0.21859939939939937,0.2407649192218925,0.16242755361955036,0.1283588513804341,0.281812725090036,0.23458359821996186
21-1011.00,0.4450932915539097,0.43627543035993743,0.47528517110266166,0.5079732994182765,0.367719298245614,0.29102459016393445,0.37519454531979546,0.44725738396624476,0.34494923758378737,0.34316196366447627,0.27295597484276735,0.09893333333333335,0.099631410556252,0.3292167300380228,0.21970011629838845,0.3386759581881533,0.26457674745345977,0.0,0.22476740322312677,0.1558441558441558,0.25058823529411767,0.0,0.0,0.06724045185583648,0.0,0.0,0.08131967519317353,0.0,0.09108536492799427,0.0,0.0,0.09851828499369482,0.0,0.16698473282442747,0.0728744939271255,0.06984126984126983,0.0,0.0,0.04821516235360123,0.030902143213158338,0.1202127659574468,0.280979020979021,0.0,0.049773755656108594,0.09777777777777776,0.0,0.0,0.10165553296543711,0.12978694714131606,0.0,0.426351226710939,0.45801526717557245,0.6820900900900901,0.3082756346851303,0.5205064786444682,0.2640195535878989,0.4001740696278511,0.703064208518754
21-1012.00,0.4450932915539097,0.5563380281690141,0.5061787072243347,0.6242427435073487,0.4484210526315789,0.39344262295081966,0.37519454531979546,0.42194092827004215,0.36564619183881464,0.3177425589485891,0.3446540880503145,0.15625,0.13319737309858362,0.3333333333333333,0.23709641690203243,0.2968641114982578,0.28213909378292945,0.0,0.2523259677687324,0.18831168831168826,0.26938235294117646,0.0333512641204949,0.04694682864783118,0.17667563206024742,0.02588849347568209,0.0018187991075759064,0.04608147696663455,0.0019703656998738984,0.0837985357337547,0.0,0.0,0.08669609079445144,0.006495726495726497,0.14694656488549615,0.04498137651821864,0.08380952380952379,0.005301339285714285,0.0,0.04821516235360123,0.07310184416015948,0.15602836879432622,0.24475524475524474,0.0,0.007164404223227752,0.13368888888888888,0.0,0.0,0.10539645657856522,0.11630258899676374,0.0,0.39955727725511897,0.4071246819338422,0.6902102102102102,0.3461918892185954,0.4753959171619477,0.41551374285187237,0.48919567827130855,0.6713286713286714
21-1013.00,0.4552058111380145,0.39480438184663535,0.4888307984790875,0.5079732994182765,0.5405263157894737,0.4222950819672131,0.38203142370117843,0.42194092827004215,0.41452706675551726,0.3177425589485891,0.3566037735849057,0.08166666666666668,0.08232454581173874,0.4346666666666666,0.46424516807886146,0.3831637630662021,0.2714846036763845,0.0,0.18375145372985546,0.22799422799422794,0.25899999999999995,0.0,0.0,0.171059709521248,0.0,0.0,0.0093391793319046,0.0,0.013110772224484018,0.0,0.0,0.028898696931483815,0.0,0.022480916030534346,0.0019433198380566818,0.006031746031746031,0.0,0.0,0.00832807349744021,0.012626682173118456,0.17340425531914894,0.22657342657342658,0.0,0.0,0.09523809523809523,0.0,0.0,0.15393552134766195,0.2894417475728156,0.0,0.5047039291643608,0.4315521628498728,0.8666666666666667,0.3699307616221563,0.6507438443648713,0.5274626452684007,0.5642256902761105,0.7854545454545455
21-1014.00,0.5859971107086902,0.48375586854460095,0.6159695817490494,0.5796539761139666,0.6236842105263158,0.46174863387978143,0.578077521677907,0.5274261603375527,0.6115009211712595,0.4236567452647855,0.5094339622641509,0.09893333333333335,0.08767564128950174,0.39999999999999997,0.31860912665448304,0.3016864111498258,0.2777046013347383,0.0,0.13568145317605362,0.372053872053872,0.10808823529411762,0.0,0.0,0.12772458310919851,0.0,0.0,0.04325514637934763,0.0,0.06801040581290238,0.0,0.0,0.04925914249684741,0.0,0.0536736641221374,0.0019433198380566818,0.024406349206349213,0.0,0.0,0.016849007644294835,0.02554577172287756,0.17100709219858154,0.21922797202797203,0.0,0.0,0.05952380952380952,0.0,0.0,0.08281150159744409,0.13652912621359223,0.0,0.6685113447703377,0.559796437659033,0.9315315315315316,0.363996043521266,0.6460186791686663,0.37527670171555066,0.375750300120048,0.7616528925619835
21-1015.00,0.36319612590799033,0.3748982785602504,0.35266159695817495,0.5079732994182765,0.3684210526315789,0.31868852459016395,0.2435336841325132,0.3013863773357444,0.3194700325349849,0.18981059141863166,0.21132075471698114,0.08166666666666668,0.05680393661009971,0.2715437262357414,0.24445505897989703,0.2545876887340302,0.30477988525933736,0.0,0.11262252865924574,0.1402597402597402,0.17941176470588238,0.010220548682087141,0.0,0.2074018289402905,0.0,0.011519061014647393,0.09240872181042449,0.0,0.09108536492799427,0.0,0.046933333333333334,0.1559478772593527,0.012991452991452988,0.1793893129770992,0.1451012145748988,0.1111111111111111,0.07366071428571427,0.0,0.09229258713794797,0.11629838843661738,0.18723404255319148,0.280979020979021,0.0,0.0,0.13368888888888888,0.0,0.0,0.12231193726401395,0.1887810140237325,0.0,0.4794687327061427,0.4335877862595419,0.6558558558558558,0.427299703264095,0.4317342832884197,0.3684744512082641,0.3913565426170468,0.6395931341385888
21-1021.00,0.48426150121065376,0.46361502347417843,0.48122623574144485,0.5350652087205846,0.367719298245614,0.3280327868852459,0.41057400133402505,0.3930078360458107,0.34494923758378737,0.3732199458832625,0.3239748427672956,0.14375,0.11258349392856473,0.34220532319391633,0.2657833527163981,0.3443623693379791,0.34392928228544667,0.0,0.0903389267320153,0.2528258778258778,0.25058823529411767,0.05917159763313609,0.0,0.2074018289402905,0.052194543297746136,0.10609661460859443,0.04608147696663455,0.0,0.06469131031817774,0.0,0.0,0.11493799915931062,0.05128205128205128,0.0715648854961832,0.15380728744939273,0.11936507936507935,0.03044642857142858,0.0,0.057858194824321474,0.062302708091045024,0.2127659574468085,0.22657342657342658,0.002862595419847331,0.08295625942684764,0.17523809523809522,0.0030000000000000027,0.0,0.1270694162067964,0.18841019417475727,0.0,0.5047039291643608,0.4596030534351145,0.6251243243243244,0.4451038575667655,0.5205064786444682,0.4688556846830228,0.41679471788715483,0.7800381436745074
21-1022.00,0.4120292184670478,0.43627543035993743,0.4230608365019012,0.45736410773549263,0.5336842105263158,0.33196721311475413,0.37519454531979546,0.4746835443037975,0.36846850378268203,0.2899110939311944,0.3306666666666667,0.08333333333333333,0.09355062024061221,0.4346666666666666,0.3083984050506729,0.33031358885017426,0.2777046013347383,0.0,0.15506451791548984,0.17316017316017313,0.26588235294117646,0.0007746100053792369,0.0007211032880306876,0.12772458310919851,0.01352313167259786,0.02273498884469881,0.09240872181042449,0.0,0.13800812867877918,0.0,0.0,0.09363177805800756,0.0,0.12595419847328243,0.18218623481781376,0.049168253968253965,0.0,0.0,0.05322953923837575,0.05146369828875229,0.14334751773049648,0.31951328671328677,0.0,0.02828054298642534,0.09051428571428571,0.0,0.0,0.08945686900958466,0.1786677454153182,0.0,0.5572772551189817,0.3826972010178117,0.7375567567567569,0.587616221562809,0.3793052530547455,0.27019922523519646,0.375750300120048,0.715034965034965
21-1023.00,0.5330945937697114,0.43627543035993743,0.5061787072243347,0.5079732994182765,0.5405263157894737,0.47207650273224044,0.44167346031275484,0.44725738396624476,0.39057661400964294,0.3961190568225744,0.43200000000000005,0.16375,0.11693827530076527,0.4544993662864385,0.4132746303372654,0.3909407665505226,0.3962065331928345,0.0009327935222672072,0.13568145317605362,0.20923520923520922,0.22433823529411764,0.0,0.0,0.09413663259817107,0.0,0.0,0.07569650616385834,0.0,0.07141920659126823,0.0,0.0,0.10114543926019333,0.0,0.13167938931297707,0.0997570850202429,0.049168253968253965,0.0,0.0,0.03857212988288098,0.05146369828875229,0.14574468085106385,0.23835524475524478,0.0,0.0,0.1647238095238095,0.0,0.0,0.19604995643334303,0.3577063106796117,0.0,0.4521306032097399,0.4075725190839694,0.747987987987988,0.5578635014836795,0.541326737790247,0.41024872409764496,0.4357743097238896,0.725034965034965
21-1091.00,0.3235192382037561,0.39480438184663535,0.45556083650190116,0.5282922313950076,0.3936842105263158,0.3280327868852459,0.19037649151411845,0.2833031946955998,0.30183058288581394,0.15066099729416316,0.22822641509433964,0.09893333333333335,0.08232454581173874,0.11406844106463879,0.144985324250983,0.1821138211382114,0.2140850017562346,0.009353846153846152,0.1730630780306806,0.1402597402597402,0.17227941176470588,0.14254975793437333,0.10015323444870652,0.18474448628294787,0.0830367734282325,0.12765544669706083,0.0093391793319046,0.004104928541403951,0.004312754021211849,0.0015593866412544415,0.0015360000000000013,0.09063682219419923,0.009873504273504271,0.0,0.07125506072874493,0.015873015873015872,0.008058035714285712,0.0,0.006329335858054561,0.004153513872736335,0.24822695035460993,0.25748251748251744,0.0013740458015267186,0.0915837104072398,0.15873015873015872,0.00625,0.005301102629346904,0.11617775196049956,0.12641585760517798,0.0,0.289153292750415,0.4854961832061069,0.41081081081081083,0.3224530168150346,0.3565192513566392,0.23016971038553768,0.4422328931572629,0.41645263827082013
21-1092.00,0.3052068284941095,0.32403755868544604,0.374287072243346,0.4221822532943009,0.24035087719298248,0.23394808743169399,0.38203142370117843,0.33996383363471966,0.30183058288581394,0.16680324700425206,0.2037735849056604,0.04106666666666666,0.03128332740846071,0.164958174904943,0.0825095530819073,0.17282229965156798,0.11854583772391991,0.006153846153846155,0.06489865426150522,0.09367484367484367,0.14235294117647057,0.05917159763313609,0.04406742315743087,0.0710059171597633,0.07117437722419928,0.056837472111747014,0.08601875700438451,0.0,0.12075711259393178,0.003248722169280087,0.06613333333333335,0.10114543926019333,0.0,0.08945610687022901,0.145748987854251,0.10285714285714287,0.0,0.0,0.08240409565888211,0.06549925236750291,0.14574468085106385,0.13076923076923078,0.0,0.04675716440422323,0.01206349206349206,0.0,0.0,0.03169329073482429,0.168554476806904,0.0,0.39955727725511897,0.20610687022900764,0.6010810810810812,0.3184965380811078,0.4872826608586511,0.3175152185943553,0.3249939975990396,0.5492689129052766
21-1093.00,0.28079028221458074,0.30769953051643195,0.35266159695817495,0.43347054883692926,0.30701754385964913,0.24385245901639344,0.2779218854220707,0.2833031946955998,0.10779663674493356,0.16680324700425206,0.21132075471698114,0.1219,0.12301906561640505,0.39999999999999997,0.24942543058093813,0.32061324041811845,0.35216163212738555,0.07866558704453441,0.15506451791548984,0.15584415584415579,0.23625,0.09413663259817107,0.04406742315743087,0.14254975793437333,0.09489916963226572,0.12852847026869726,0.10420557991388295,0.025246952501050864,0.14628861639950594,0.006768171186000174,0.015402666666666663,0.13135771332492643,0.04512820512820513,0.09404580152671756,0.1716599190283401,0.07111111111111111,0.031389508928571425,0.0,0.057858194824321474,0.07310184416015948,0.13297872340425532,0.24475524475524474,0.023854961832061067,0.15082956259426847,0.1111111111111111,0.025,0.03180661577608142,0.08945686900958466,0.2768001618122977,0.008083394767133564,0.3995572772551189,0.3826972010178117,0.5837837837837838,0.3224530168150346,0.33696334305437636,0.20848705650863922,0.31692677070828323,0.7323585505403688
21-1094.00,0.3347101552485401,0.3333333333333333,0.33418250950570344,0.39433779095581756,0.3431578947368421,0.26336065573770495,0.23733602608760102,0.2890295358649789,0.23666261612637682,0.21473521453420955,0.27916981132075475,0.15065,0.11132523808632852,0.26996197718631176,0.1928822617267542,0.2454076655052265,0.26457674745345977,0.054412955465587054,0.21338677521182922,0.1402597402597402,0.25058823529411767,0.2396449704142012,0.19004076236642062,0.32275416890801506,0.1693950177935943,0.1882457076341061,0.11010400896561218,0.13829340058848255,0.13524796610520362,0.13150827341245774,0.152064,0.1287305590584279,0.08303589743589743,0.0,0.15380728744939273,0.13368888888888888,0.06776785714285713,0.0,0.0624868504102672,0.04120285761754445,0.1795177304964539,0.2147916083916084,0.08015267175572519,0.2243589743589743,0.21904761904761902,0.084,0.052586938083121294,0.15070577984316,0.18435645900755124,0.08018727608996497,0.37677550267478327,0.37938931297709916,0.5876468468468469,0.39952522255192885,0.49795119790320796,0.2501844678103671,0.5,0.6810934520025428
21-2011.00,0.3922518159806296,0.46097026604068864,0.6844106463878327,0.5796539761139666,0.623817543859649,0.5067008196721312,0.3932038834951457,0.42194092827004215,0.3003018305828858,0.4684035562427522,0.3773584905660377,0.15065,0.19364978389806725,0.8281368821292775,0.33314642520906024,0.2787456445993032,0.33551399133590915,0.009353846153846152,0.18431217810267483,0.2092352092352092,0.29411764705882354,0.012673480365788055,0.012519154306088316,0.05917159763313609,0.01352313167259786,0.02273498884469881,0.0093391793319046,0.0009457755359394711,0.004312754021211849,0.041626960062375484,0.006666666666666667,0.0,0.0,0.0,0.1716599190283401,0.0,0.0,0.0,0.0,0.0,0.2127659574468085,0.3002461538461539,0.005963740458015267,0.007164404223227752,0.09051428571428571,0.014439999999999998,0.005301102629346904,0.08281150159744409,0.15844120819848972,0.008083394767133564,0.7743589743589744,1.0,0.7885885885885886,0.4451038575667655,0.7300011074605928,0.5579382647727971,0.6499879951980791,0.8450413223140496
21-2021.00,0.3433576820558732,0.39480438184663535,0.4158745247148289,0.4515318217051347,0.4378947368421052,0.31258196721311476,0.18053805677017717,0.31050030138637735,0.2000313590215985,0.18981059141863166,0.23396226415094346,0.16065000000000002,0.1754074129511479,0.4346666666666666,0.24445505897989703,0.1946016260162602,0.19391757405456034,0.0009327935222672072,0.22476740322312677,0.10649350649350649,0.15788235294117647,0.003362022592791824,0.0007211032880306876,0.041689080150618625,0.005931198102016607,0.0037891648074498013,0.0,0.0,0.0,0.033570129082560865,0.0015360000000000013,0.0,0.0,0.0,0.1522267206477733,0.000914285714285715,0.0,0.0,0.0006311803071744167,0.0,0.15602836879432622,0.26010629370629373,0.0,0.07070135746606335,0.06984126984126983,0.0,0.0,0.07667731629392971,0.11124595469255663,0.0,0.40057185021213804,0.42213740458015264,0.6010810810810812,0.4915924826904055,0.4121783749861567,0.23634938203283523,0.46968787515006005,0.5308328035600763
23-1011.00,0.610413656988219,0.692926447574335,0.75,0.7134202782941127,0.5929824561403508,0.4789071038251366,0.2945971985473949,0.5021097046413502,0.41452706675551726,0.5411673753382296,0.5292452830188679,0.16065000000000002,0.1402697999887739,0.47433206590621035,0.2657833527163981,0.286411149825784,0.29636459430979983,0.0,0.21338677521182922,0.24531024531024526,0.1985294117647059,0.007767616998386228,0.007231063527196609,0.13448090371167296,0.02669039145907473,0.0037891648074498013,0.0,0.0,0.0,0.020575240405440523,0.0,0.0,0.006495726495726497,0.0,0.02008097165991903,0.0,0.0,0.0,0.0,0.0,0.46391489361702126,0.25748251748251744,0.0,0.058401206636500745,0.12698412698412698,0.0,0.0,0.05725239616613419,0.17745415318230853,0.0,0.3119350673307507,0.6297709923664121,0.4849249249249249,0.29665677546983177,0.7951197903207944,0.6571665744327614,0.3601440576230492,0.4838397965670694
23-1012.00,0.42372881355932207,0.5633802816901409,0.4277566539923955,0.5723165840112582,0.25052631578947365,0.19142076502732241,0.19402653227599498,0.33996383363471966,0.3003018305828858,0.40086586780054123,0.3830943396226415,0.16375,0.15362882855913332,0.30038022813688214,0.1946959627845157,0.21545180023228808,0.27441166139796275,0.0,0.0846278451570028,0.1714285714285714,0.13183823529411764,0.0,0.0,0.13448090371167296,0.0,0.0,0.0,0.0,0.0,0.010287620202720263,0.0,0.0,0.0,0.0,0.0019433198380566818,0.0,0.0,0.0,0.0,0.0,0.2589503546099291,0.232027972027972,0.0,0.0,0.23142857142857143,0.0,0.0,0.12231193726401395,0.1706614077669903,0.0,0.4521306032097399,0.3083358778625955,0.32290210210210213,0.12363996043521265,0.304662409095943,0.13758224189878865,0.21785114045618245,0.2593769866497139
23-1021.00,0.5967403910716829,0.6134585289514868,0.5777091254752852,0.7134202782941127,0.31456140350877193,0.23394808743169399,0.2842955606610836,0.6492585895117541,0.5389831837246679,0.4358407421724005,0.29323270440251575,0.13685,0.1473422268789642,0.3333333333333333,0.21970011629838845,0.27113588850174214,0.3105900948366702,0.0,0.05364955418951099,0.2507936507936508,0.21143382352941176,0.013448090371167296,0.012519154306088316,0.13448090371167296,0.014709371293001185,0.0,0.0093391793319046,0.0,0.013110772224484018,0.003248722169280087,0.0,0.004104928541403951,0.0,0.005963740458015267,0.008097165991902834,0.000914285714285715,0.0,0.0,0.0006311803071744167,0.004153513872736335,0.48936170212765956,0.23835524475524478,0.0,0.00471342383107089,0.05333333333333334,0.0,0.0,0.08713331397037466,0.2326051779935275,0.0,0.4471499723298285,0.5491704834605597,0.4468948948948949,0.18067919551599076,0.31861641256598616,0.34739900387382405,0.30424969987995193,0.32508582326764146
23-1022.00,0.4578102427411643,0.4777464788732394,0.4990494296577947,0.5926355159879892,0.4094315789473685,0.31868852459016395,0.2435336841325132,0.4746835443037975,0.39057661400964294,0.2597603401623502,0.21132075471698114,0.08833333333333333,0.07244560031433007,0.18960709759188848,0.2657833527163981,0.2968641114982578,0.2403407095187917,0.0,0.1263775821011242,0.101010101010101,0.1462205882352941,0.0,0.0,0.08284023668639053,0.0,0.0,0.0,0.0,0.0,0.0,0.0,0.0,0.0,0.0,0.0019433198380566818,0.0,0.0,0.0,0.0,0.0,0.2393617021276596,0.18164475524475526,0.0,0.00471342383107089,0.07710476190476188,0.0,0.0,0.04879465582340982,0.0707928802588997,0.0,0.4794687327061427,0.4071246819338422,0.43052972972972975,0.29665677546983177,0.8628963786038614,1.0,0.27003601440576225,0.44198982835346473
23-1023.00,0.621604574033003,0.673169014084507,0.5332699619771863,0.697616664534433,0.3991228070175439,0.25614754098360654,0.3361743126065368,0.8137432188065099,0.6644192701187722,0.3961190568225744,0.29323270440251575,0.13020833333333334,0.0773850730630344,0.5553865652724969,0.33314642520906024,0.3386759581881533,0.3105900948366702,0.0,0.07528243894334606,0.25079365079365074,0.17941176470588238,0.0,0.0,0.07423345884884347,0.0,0.0,0.0093391793319046,0.0009457755359394711,0.013110772224484018,0.0,0.0,0.016419714165615804,0.0,0.01377862595419847,0.008097165991902834,0.009168253968253966,0.0,0.0,0.010957991444000281,0.009596278451570026,0.46391489361702126,0.17482517482517482,0.0,0.0,0.06257777777777777,0.0,0.0,0.03169329073482429,0.10534654800431498,0.0,0.4794687327061427,0.5674910941475827,0.45525525525525523,0.21496867787668972,0.4485215401085311,0.4754042919510545,0.3913565426170468,0.315956770502225
23-2011.00,0.35607463324312777,0.44136150234741783,0.3802281368821293,0.46564219113342015,0.2163157894736842,0.1993237704918033,0.13896094271103535,0.1879927667269439,0.13842068127474422,0.29020487050637805,0.3773584905660377,0.129375,0.1255355773008775,0.3292167300380228,0.1263775821011242,0.3443623693379791,0.32014693829762325,0.0,0.1946959627845157,0.12337662337662333,0.15788235294117647,0.0,0.0,0.171059709521248,0.0,0.0,0.0,0.0,0.0,0.003248722169280087,0.0,0.0,0.0,0.0,0.0019433198380566818,0.0,0.0,0.0,0.0,0.0,0.3177304964539007,0.20157202797202797,0.0,0.0,0.10285714285714287,0.0,0.0,0.07667731629392971,0.19805151024811218,0.0,0.3329643977125991,0.24732824427480918,0.24118198198198199,0.18067919551599076,0.1814574181402045,0.1283588513804341,0.17999999999999997,0.3458359821996186
23-2091.00,0.3296233747736383,0.3116666666666667,0.24952471482889732,0.4029921508718327,0.039473684210526314,0.008879781420765027,0.04632031423701178,0.09041591320072331,0.04617615930382972,0.2597603401623502,0.09308176100628933,0.052083333333333336,0.020581136452934686,0.2715437262357414,0.09389018109320486,0.09419744483159119,0.28213909378292945,0.0,0.0429196433516088,0.36267436267436265,0.19152941176470586,0.11403980634749868,0.1502298516730598,0.3284346422807961,0.22586002372479239,0.059753613347560394,0.03806452881382591,0.009484026902059685,0.03208688991781617,0.47377198302001217,0.0,0.0,0.0,0.0,0.006153846153846155,0.0,0.0,0.0,0.0,0.0,0.2936170212765958,0.09692307692307695,0.0,0.00471342383107089,0.03571428571428571,0.0,0.0,0.0801626488527447,0.39610302049622437,0.0,0.5047039291643608,0.12722646310432567,0.17343423423423424,0.025057698648203088,0.008878142419432236,0.019568960216442225,0.005930372148859539,0.14881118881118882
23-2093.00,0.3052068284941095,0.39480438184663535,0.33269961977186313,0.41390416989637346,0.10526315789473684,0.06368852459016394,0.08059734677240052,0.20795660036166363,0.12402493042217083,0.15066099729416316,0.2037735849056604,0.09333333333333334,0.08232454581173872,0.13307984790874525,0.09389018109320486,0.3010452961672474,0.26123990165086053,0.0,0.10279946835022431,0.1085257335257335,0.05558823529411764,0.016675632060247445,0.023285627009324274,0.07423345884884347,0.02206405693950178,0.0,0.0,0.0,0.0,0.033570129082560865,0.0,0.0,0.017094017094017096,0.0,0.06072874493927125,0.0,0.0,0.0,0.0,0.0,0.24822695035460993,0.13346013986013988,0.0,0.01088989441930618,0.04916825396825396,0.0,0.0,0.038338658146964855,0.11630258899676374,0.0,0.2663715181700793,0.19242748091603054,0.21859939939939937,0.16485328058028353,0.12182066521466277,0.06766894176966119,0.11284513805522207,0.32508582326764146
25-1011.00,0.4578102427411643,0.5924256651017215,0.7028897338403043,0.7196288408425584,0.30701754385964913,0.31868852459016395,0.1421477803305418,0.49125979505726336,0.338638234487084,0.28054116737533824,0.29323270440251575,0.3016666666666667,0.2638127490785264,0.4365019011406844,0.2712729135515313,0.2454076655052265,0.1737501463528861,0.0,0.11993271307526168,0.11832611832611833,0.11745588235294115,0.0,0.0,0.08068854222700376,0.0006832740213523137,0.0,0.0,0.0,0.0,0.0015593866412544415,0.0,0.0,0.0,0.0,0.10493927125506074,0.000914285714285715,0.0,0.0,0.0,0.0,0.2034609929078014,0.21922797202797203,0.0,0.01088989441930618,0.05333333333333334,0.0,0.0,0.038338658146964855,0.09270496224379718,0.0,0.3329643977125991,0.7832671755725191,0.32290210210210213,0.21496867787668972,0.318394920447414,0.1575662546885568,0.7779111644657863,0.3537698664971392
25-1021.00,0.4761226524508108,0.5924256651017215,0.6434790874524716,0.5839811560719742,0.3217543859649123,0.31868852459016395,0.16808715630326837,0.5021097046413502,0.29399082748618244,0.5310243525318903,0.3877358490566038,0.3966666666666666,0.2928134413531162,0.47433206590621035,0.14597524505731851,0.27113588850174214,0.25131717597471026,0.0,0.1946959627845157,0.101010101010101,0.049852941176470586,0.0710059171597633,0.06259577153044157,0.19956966110812266,0.07117437722419928,0.0,0.0,0.0,0.0,0.006768171186000174,0.0,0.0,0.0,0.0,0.1451012145748988,0.0,0.0,0.0,0.0,0.0,0.2970780141843972,0.2199664335664336,0.0,0.0743288084464555,0.07710476190476188,0.0,0.0,0.06389776357827476,0.019855717367853284,0.0,0.31193506733075077,0.6860050890585242,0.3807807807807808,0.22156280909990111,0.23360035438738974,0.1283588513804341,0.7887154861944778,0.32508582326764146
25-1022.00,0.4196593891794006,0.4578403755868545,0.5119391634980989,0.6129544479647203,0.3779368421052632,0.31868852459016395,0.11041836507818871,0.44725738396624476,0.36564619183881464,0.20177812137611134,0.27916981132075475,0.61685,0.5738769248040115,0.4544993662864385,0.18431217810267483,0.1821138211382114,0.14342582835733522,0.0,0.11993271307526168,0.1714285714285714,0.21143382352941176,0.0,0.0,0.03025820333512641,0.0,0.0,0.0,0.0,0.0,0.0,0.0,0.0,0.0,0.0,0.06704453441295546,0.0,0.0,0.0,0.0,0.0,0.217645390070922,0.13346013986013988,0.0,0.0010859728506787338,0.05587301587301586,0.0,0.0,0.008388033691548067,0.04740594660194175,0.0,0.21306032097399003,0.5491704834605597,0.2974366366366366,0.1669106495219255,0.2085717449887408,0.18446781036709092,0.7671068427370948,0.2736808645899555
25-1031.00,0.4761226524508108,0.5924256651017215,0.5546007604562738,0.677297732557702,0.4857894736842105,0.44706284153005466,0.19402653227599498,0.4421338155515371,0.36846850378268203,0.3961190568225744,0.4490566037735848,0.2816666666666667,0.2469736374352162,0.39999999999999997,0.20200614720053164,0.3386759581881533,0.18294110759864185,0.015261538461538458,0.5840878883535471,0.09090909090909088,0.15205882352941177,0.0,0.0,0.10112963959117804,0.0,0.0,0.0,0.0,0.0,0.0,0.0,0.0,0.0,0.0,0.13639514170040487,0.0,0.0,0.0,0.0,0.0,0.23120567375886522,0.280979020979021,0.0,0.0942684766214178,0.16825396825396827,0.0,0.0,0.04879465582340982,0.20010787486515644,0.0,0.27089097952407304,0.6615776081424936,0.3807807807807808,0.2407649192218925,0.3336778766288899,0.17647420525118365,0.8103241296518607,0.37635092180546725
25-1032.00,0.4394978330315176,0.5606885758998436,0.6653992395437263,0.697616664534433,0.4264912280701755,0.4453551912568306,0.18528125694804712,0.3833634719710669,0.34494923758378737,0.4607653652879784,0.5292452830188679,0.4583333333333333,0.4041106142533725,0.4346666666666666,0.25786398626571416,0.32061324041811845,0.30477988525933736,0.0,0.4132746303372654,0.2092352092352092,0.18661764705882353,0.0,0.0,0.1484669176976869,0.0,0.0,0.0,0.0,0.0,0.0,0.0,0.0,0.0,0.0,0.006153846153846155,0.0,0.0,0.0,0.0,0.0,0.2589503546099291,0.24923076923076926,0.0,0.09954751131221717,0.23809523809523808,0.0,0.0,0.1379262271275051,0.21864886731391583,0.0,0.4521306032097399,0.526208651399491,0.3427027027027027,0.13188262446422683,0.2699988925394071,0.23634938203283523,0.7571668667466988,0.2881436745073108
25-1041.00,0.5356379840071622,0.5606885758998436,0.8020437262357414,0.677297732557702,0.4378947368421052,0.3831967213114755,0.15563625583635962,0.5021097046413502,0.41550703618047125,0.36142249710088903,0.29323270440251575,0.2708333333333333,0.22721574644039885,0.49866666666666665,0.15506451791548984,0.1696260162601626,0.1737501463528861,0.0,0.09389018109320486,0.07996632996632995,0.09944117647058821,0.05301775147928994,0.023285627009324274,0.11326519634211943,0.09990984578884934,0.07362498787467261,0.018894634395705948,0.016419714165615804,0.017251016084847397,0.041626960062375484,0.0,0.016419714165615804,0.017094017094017096,0.0,0.15380728744939273,0.015873015873015872,0.021450892857142863,0.0,0.02038186408584053,0.01661405549094534,0.15602836879432622,0.24923076923076926,0.0,0.08295625942684764,0.07936507936507936,0.0,0.0,0.06389776357827476,0.11124595469255663,0.0,0.426351226710939,0.7552162849872773,0.3156756756756756,0.3482492581602374,0.26047473144080624,0.16528315808891347,0.9657142857142856,0.3610934520025429
25-1042.00,0.49596109630292795,0.6268075117370893,0.8317490494296578,0.6920176699452895,0.4094315789473685,0.39980191256830605,0.11105758541465949,0.42194092827004215,0.39057661400964294,0.3061461151913414,0.4101383647798742,0.25,0.1402697999887739,0.3986717363751584,0.13706595780029907,0.13176306620209058,0.1551340592436483,0.0,0.11262252865924574,0.1402597402597402,0.101875,0.10112963959117804,0.0876340801426182,0.14254975793437333,0.08920521945432977,0.0,0.0,0.0,0.0,0.0,0.0,0.0,0.0,0.0,0.10493927125506074,0.000914285714285715,0.0,0.0,0.0,0.0,0.18617021276595747,0.18164475524475526,0.0,0.03506787330316743,0.1507555555555556,0.0,0.0,0.027011327330816154,0.08306364617044229,0.0,0.40057185021213804,0.6473282442748092,0.32290210210210213,0.16485328058028353,0.22108604968806525,0.20365246264526835,0.736422569027611,0.3610934520025429
25-1043.00,0.49443506216045746,0.5924256651017215,0.6758555133079849,0.7134202782941127,0.38315789473684214,0.3463524590163935,0.22083673015637742,0.3833634719710669,0.338638234487084,0.20177812137611134,0.24654088050314465,0.265,0.16698785712949277,0.4666666666666666,0.11993271307526168,0.1878002322880372,0.20580874604847207,0.0,0.1053954145206845,0.09090909090909088,0.09944117647058821,0.0,0.0,0.08068854222700376,0.01779359430604982,0.02273498884469881,0.0,0.0,0.0,0.0,0.0,0.0,0.0,0.0,0.015261538461538458,0.0,0.0,0.0,0.0,0.0,0.2589503546099291,0.2692307692307692,0.0,0.11312217194570136,0.08380952380952379,0.0,0.0,0.04356665698518734,0.09270496224379718,0.0,0.42479247371333706,0.7552162849872773,0.36250330330330327,0.24933728981206724,0.30183838458414847,0.17647420525118365,0.8337334933973589,0.3989319771137953
25-1051.00,0.5142124646468758,0.5924256651017215,0.7028897338403043,0.677297732557702,0.38315789473684214,0.3720081967213115,0.19402653227599498,0.42194092827004215,0.36846850378268203,0.3238345574023966,0.3509433962264151,0.375,0.2532602391153853,0.4544993662864385,0.17444758265492608,0.286411149825784,0.21769991804238378,0.0,0.16514371157999666,0.15584415584415579,0.12682352941176467,0.012673480365788055,0.0,0.05917159763313609,0.0,0.011519061014647393,0.0,0.0,0.0,0.0,0.0,0.016419714165615804,0.0211965811965812,0.0,0.02008097165991903,0.009168253968253966,0.005301339285714285,0.0,0.004164036748720107,0.004153513872736335,0.2780141843971632,0.2392335664335665,0.0,0.07805429864253394,0.13368888888888888,0.0,0.0,0.06389776357827476,0.14158576051779936,0.0,0.42479247371333706,0.7442748091603053,0.3556756756756757,0.18067919551599076,0.285281848720883,0.23016971038553768,0.7202881152460984,0.37635092180546725
25-1052.00,0.5341119498646917,0.6021596244131455,0.6653992395437263,0.677297732557702,0.3684210526315789,0.33196721311475413,0.2598569628696361,0.5274261603375527,0.4605856297283525,0.28624661770390414,0.389937106918239,0.3197666666666667,0.26942578629296315,0.47433206590621035,0.15506451791548984,0.2787456445993032,0.21769991804238378,0.0,0.23709641690203243,0.1558441558441558,0.15205882352941177,0.01798816568047337,0.022033711578715434,0.12772458310919851,0.0,0.0,0.0,0.0,0.0,0.0,0.0,0.0,0.0,0.0,0.12955465587044535,0.0,0.0,0.0,0.0,0.0,0.23120567375886522,0.21922797202797203,0.0,0.0942684766214178,0.15873015873015872,0.0,0.0,0.051118210862619806,0.12014563106796115,0.0,0.37677550267478327,0.5740458015267176,0.28419459459459456,0.1846356742499176,0.21744988740817303,0.087253274303634,0.7256182472989195,0.3610934520025429
25-1053.00,0.49443506216045746,0.5924256651017215,0.5703422053231939,0.677297732557702,0.3377192982456141,0.34229508196721314,0.12089602015860078,0.42194092827004215,0.36846850378268203,0.266347120216467,0.28176100628930817,0.26,0.14588283720321063,0.39999999999999997,0.16514371157999666,0.1696260162601626,0.14635288607891347,0.0,0.07787838511380628,0.1558441558441558,0.15205882352941177,0.0007746100053792369,0.0,0.03550295857988166,0.0,0.0,0.0,0.0,0.0,0.0,0.0,0.0,0.0,0.0,0.004048582995951417,0.0,0.0,0.0,0.0,0.0,0.28900709219858156,0.21922797202797203,0.0,0.028989441930618403,0.10285714285714287,0.0,0.0,0.027011327330816154,0.11630258899676374,0.0018624141543475748,0.289153292750415,0.6473282442748092,0.36160960960960964,0.26871084734586215,0.285281848720883,0.196957818360696,0.7436974789915967,0.392879847425302
25-1054.00,0.6231306081754737,0.6490610328638499,0.8155323193916351,0.7348228866429362,0.3936842105263158,0.31868852459016395,0.18609649447861856,0.5365400843881856,0.4664654462780762,0.34634712021646696,0.3169811320754717,0.42916666666666664,0.32479839841338143,0.4666666666666666,0.11993271307526168,0.1272938443670151,0.1737501463528861,0.0,0.1730630780306806,0.07996632996632995,0.101875,0.05917159763313609,0.04406742315743087,0.12641204948897256,0.0,0.0,0.0,0.0,0.0,0.0,0.0,0.0,0.0,0.0,0.0997570850202429,0.0,0.0,0.0,0.0,0.0,0.2589503546099291,0.2692307692307692,0.0,0.028989441930618403,0.1111111111111111,0.0,0.0,0.04356665698518734,0.06526429341963322,0.0,0.33163622947795607,0.7271653944020356,0.34878078078078073,0.24727992087042533,0.285281848720883,0.096046239931132,0.7436974789915967,0.3610934520025429
25-1061.00,0.4394978330315176,0.6268075117370893,0.6416349809885932,0.656978800580971,0.4094315789473685,0.3720081967213115,0.16119469354480104,0.3930078360458107,0.36846850378268203,0.30132199458832626,0.4490566037735848,0.2275,0.11258349392856473,0.4879594423320659,0.14597524505731851,0.3010452961672474,0.1639152324083831,0.0,0.144985324250983,0.17316017316017313,0.22433823529411764,0.0,0.0,0.02017213555675094,0.0,0.0,0.0,0.0,0.0,0.0,0.0,0.0,0.0,0.0,0.0009327935222672072,0.0,0.0,0.0,0.0,0.0,0.2589503546099291,0.2692307692307692,0.0,0.0010859728506787338,0.09523809523809523,0.0,0.0,0.018007551553877434,0.055622977346278316,0.0,0.21309721453606348,0.6473282442748092,0.4059579579579579,0.19782393669634024,0.30183838458414847,0.2174414314702084,0.6707322929171669,0.3458359821996186
25-1062.00,0.49443506216045746,0.6045539906103287,0.6074144486692016,0.656978800580971,0.35368421052631577,0.3463524590163935,0.09994070999777666,0.42194092827004215,0.39198776998157664,0.18429068419018169,0.24654088050314465,0.09375,0.08767564128950174,0.4182509505703422,0.11993271307526168,0.1425691056910569,0.22721285563751317,0.0,0.1053954145206845,0.101010101010101,0.17227941176470588,0.007767616998386228,0.003129788576522079,0.07423345884884347,0.0029655990510083037,0.0,0.0,0.0,0.0,0.0,0.0,0.0,0.0,0.0,0.08097165991902834,0.0,0.0,0.0,0.0,0.0,0.19858156028368795,0.20157202797202797,0.0,0.01885369532428356,0.03571428571428571,0.0,0.0,0.038338658146964855,0.147485167206041,0.0,0.25110680686220255,0.5740458015267176,0.3297297297297297,0.16485328058028353,0.26047473144080624,0.10483920555863,0.6499879951980791,0.3610934520025429
25-1063.00,0.49443506216045746,0.5924256651017215,0.5703422053231939,0.677297732557702,0.4042105263157894,0.29713114754098363,0.2199659082487216,0.41658830620855936,0.29399082748618244,0.2372477773482799,0.30157232704402515,0.3589833333333334,0.43194192377495466,0.4879594423320659,0.23886858282106663,0.27113588850174214,0.2469704952581665,0.0,0.22476740322312677,0.1558441558441558,0.21764705882352942,0.0,0.0,0.10543302850995159,0.0,0.0,0.0,0.0,0.0,0.0,0.0,0.0,0.0,0.0,0.07125506072874493,0.0,0.0,0.0,0.0,0.0,0.23120567375886522,0.20839160839160842,0.0,0.04675716440422323,0.1388888888888889,0.0,0.0,0.1270694162067964,0.18435645900755124,0.0,0.37677550267478327,0.5842239185750635,0.3556756756756757,0.16485328058028353,0.1814574181402045,0.14891932607759945,0.6707322929171669,0.26033057851239666
25-1064.00,0.4578102427411643,0.5606885758998436,0.6416349809885932,0.677297732557702,0.38315789473684214,0.33196721311475413,0.15563625583635962,0.41658830620855936,0.3194700325349849,0.21792037108620024,0.28176100628930817,0.20052083333333331,0.1402697999887739,0.3653333333333333,0.12815667054327964,0.1696260162601626,0.1737501463528861,0.009353846153846152,0.144985324250983,0.12337662337662333,0.11161764705882352,0.0,0.0,0.05301775147928994,0.0,0.0,0.0,0.0,0.0,0.0,0.0,0.0,0.0,0.0,0.13639514170040487,0.0,0.0,0.0,0.0,0.0,0.09937588652482271,0.22923076923076927,0.0,0.00471342383107089,0.05587301587301586,0.0,0.0,0.038338658146964855,0.11630258899676374,0.0,0.426351226710939,0.7271653944020356,0.31067867867867865,0.23079459281239692,0.246520727970763,0.1283588513804341,0.7887154861944778,0.3537698664971392
25-1065.00,0.5341119498646917,0.5924256651017215,0.6074144486692016,0.677297732557702,0.3438175438596492,0.2766393442622951,0.12089602015860078,0.2724532851115129,0.27047156128728783,0.16680324700425206,0.22822641509433964,0.13020833333333334,0.09936946881957827,0.47433206590621035,0.11262252865924574,0.1425691056910569,0.1540803184638801,0.0,0.05191892340920418,0.12337662337662333,0.14235294117647057,0.0,0.0,0.020677783754706837,0.0,0.0,0.0,0.0,0.0,0.0,0.0,0.0,0.0,0.0,0.08550607287449392,0.0,0.0,0.0,0.0,0.0,0.24822695035460993,0.16573426573426575,0.0,0.0,0.04916825396825396,0.0,0.0,0.014522218995062446,0.055622977346278316,0.0,0.2922339051835454,0.5740458015267176,0.33512552552552555,0.1450708869106495,0.22108604968806525,0.1719778023734858,0.7139495798319327,0.3394278448823903
25-1066.00,0.4578102427411643,0.5606885758998436,0.6416349809885932,0.677297732557702,0.3684210526315789,0.31868852459016395,0.161194693544801,0.41658830620855936,0.36564619183881464,0.22960958639350604,0.27295597484276735,0.19440000000000002,0.1257975190375512,0.4544993662864385,0.11993271307526168,0.15784436701509874,0.1737501463528861,0.0,0.09816830038212326,0.10649350649350649,0.07305882352941177,0.0,0.0,0.047337278106508875,0.0,0.0,0.0,0.0,0.0,0.0,0.0,0.0,0.0,0.0,0.1451012145748988,0.0,0.0,0.0,0.0,0.0,0.18723404255319148,0.2107692307692308,0.0,0.01088989441930618,0.02440634920634921,0.0,0.0,0.027011327330816154,0.063207928802589,0.0,0.4759269507470947,0.7271653944020356,0.5668468468468468,0.16485328058028353,0.23360035438738974,0.16528315808891347,0.736422569027611,0.37635092180546725
25-1067.00,0.49443506216045746,0.5486071987480439,0.7129277566539924,0.7134202782941127,0.3217543859649123,0.2766393442622951,0.13056770177128885,0.36166365280289325,0.27635137783701147,0.16680324700425206,0.23396226415094346,0.13645833333333335,0.08232454581173872,0.31508238276299105,0.144985324250983,0.09419744483159119,0.10976466455918509,0.0,0.02544027247051006,0.1085257335257335,0.07941176470588236,0.0,0.0,0.016675632060247445,0.0,0.0,0.0,0.0,0.0,0.0,0.0,0.0,0.0,0.0,0.054412955465587054,0.0,0.0,0.0,0.0,0.0,0.19432624113475178,0.14849790209790212,0.0,0.0,0.03571428571428571,0.0,0.0,0.0036305547487656114,0.026125943905070115,0.0,0.35297915513742856,0.6106870229007634,0.4141645645645646,0.16485328058028353,0.246520727970763,0.18680440263174075,0.7671068427370948,0.3458359821996186
25-1071.00,0.49443506216045746,0.5924256651017215,0.6758555133079849,0.677297732557702,0.35368421052631577,0.33196721311475413,0.1402393833839769,0.42194092827004215,0.34494923758378737,0.28624661770390414,0.28176100628930817,0.21875,0.16137481991505603,0.3485424588086185,0.18024173450739328,0.1511637630662021,0.1551340592436483,0.0,0.1053954145206845,0.1904761904761905,0.2135,0.012673480365788055,0.003129788576522079,0.04518558364712211,0.0045077105575326215,0.015156659229799205,0.0,0.0,0.0,0.0,0.0,0.016419714165615804,0.017094017094017096,0.0,0.040161943319838064,0.01968253968253968,0.008058035714285712,0.0,0.006329335858054561,0.009596278451570026,0.2127659574468085,0.18164475524475526,0.0,0.02828054298642534,0.09777777777777776,0.0,0.0,0.05445832123148417,0.12978694714131606,0.0,0.35297915513742856,0.5740458015267176,0.36972972972972973,0.23079459281239692,0.24715751781165782,0.18680440263174075,0.7671068427370948,0.44198982835346473
25-1072.00,0.4761226524508108,0.5407824726134585,0.5931558935361217,0.656978800580971,0.3684210526315789,0.31868852459016395,0.37519454531979546,0.44725738396624476,0.41452706675551726,0.4236567452647855,0.3509433962264151,0.21,0.16976631055063893,0.4879594423320659,0.3559907515091101,0.32061324041811845,0.30477988525933736,0.0,0.17444758265492608,0.1558441558441558,0.2317941176470588,0.1849112426035503,0.13270303564453614,0.2178590640129102,0.11957295373665482,0.11397807740809002,0.026818190755195537,0.009484026902059685,0.03208688991781617,0.033570129082560865,0.0015360000000000013,0.0919503993274485,0.038461538461538464,0.0,0.19271255060728743,0.07936507936507936,0.055,0.0,0.02892909741216074,0.02554577172287756,0.3102836879432624,0.3002461538461539,0.0,0.07541478129713423,0.1507555555555556,0.0,0.0,0.06389776357827476,0.1887810140237325,0.0,0.37677550267478327,0.637150127226463,0.49347267267267264,0.4915924826904055,0.3460814352689283,0.17647420525118365,0.8103241296518607,0.41645263827082013
25-1081.00,0.4578102427411643,0.5606885758998436,0.6074144486692016,0.677297732557702,0.3438175438596492,0.29102459016393445,0.19988141999555328,0.36166365280289325,0.3194700325349849,0.20177812137611134,0.22822641509433964,0.11106666666666667,0.099631410556252,0.38022813688212925,0.11262252865924574,0.08594657375145182,0.14635288607891347,0.0,0.058668383452400726,0.1402597402597402,0.12682352941176467,0.03025820333512641,0.038779332378539165,0.07423345884884347,0.02669039145907473,0.0,0.0,0.0,0.0,0.0,0.0,0.0,0.0,0.0,0.12955465587044535,0.0,0.0,0.0,0.0,0.0,0.24822695035460993,0.16573426573426575,0.0,0.00471342383107089,0.04916825396825396,0.0,0.0,0.014522218995062446,0.07416396979503775,0.0,0.4794687327061427,0.637150127226463,0.33512552552552555,0.24933728981206724,0.23256672450071983,0.2174414314702084,0.6914765906362546,0.37635092180546725
25-1082.00,0.4746576596740391,0.612284820031299,0.5831178707224335,0.656978800580971,0.35368421052631577,0.31868852459016395,0.16808715630326837,0.3833634719710669,0.34494923758378737,0.34634712021646696,0.36533333333333334,0.11666666666666668,0.08232454581173872,0.4879594423320659,0.1946959627845157,0.27113588850174214,0.19391757405456034,0.0,0.11993271307526168,0.1558441558441558,0.16180147058823527,0.003362022592791824,0.003129788576522079,0.047337278106508875,0.0029655990510083037,0.0,0.0,0.0,0.0,0.0,0.0,0.0,0.0,0.0,0.015261538461538458,0.0,0.0,0.0,0.0,0.0,0.3102836879432624,0.2392335664335665,0.0,0.01885369532428356,0.04916825396825396,0.0,0.0,0.038338658146964855,0.07416396979503775,0.0,0.31193506733075077,0.6106870229007634,0.3762258258258258,0.28849324101549617,0.23256672450071983,0.1540921109266433,0.6986794717887155,0.3458359821996186
25-1111.00,0.4578102427411643,0.6377151799687011,0.5703422053231939,0.677297732557702,0.3377192982456141,0.2694672131147541,0.16808715630326837,0.3930078360458107,0.36846850378268203,0.22960958639350604,0.24654088050314465,0.10916666666666668,0.0773850730630344,0.4182509505703422,0.144985324250983,0.12125435540069687,0.14635288607891347,0.0,0.1053954145206845,0.09090909090909088,0.1985294117647059,0.0,0.0,0.06532544378698225,0.0,0.0,0.0,0.0,0.0,0.0,0.0,0.0,0.0,0.0,0.06704453441295546,0.0,0.0,0.0,0.0,0.0,0.2127659574468085,0.16573426573426575,0.0,0.00471342383107089,0.06257777777777777,0.0,0.0,0.018007551553877434,0.08306364617044229,0.0,0.23132263420033203,0.526208651399491,0.31615615615615617,0.16485328058028353,0.285281848720883,0.2174414314702084,0.6914765906362546,0.3610934520025429
25-1112.00,0.5570635033674487,0.7355242566510172,0.8317490494296578,0.697616664534433,0.38315789473684214,0.33196721311475413,0.17323797524642406,0.5527426160337553,0.4384775195013916,0.266347120216467,0.3169811320754717,0.08833333333333333,0.08232454581173872,0.4182509505703422,0.11262252865924574,0.1272938443670151,0.1639152324083831,0.0,0.06489865426150522,0.07996632996632995,0.09944117647058821,0.0,0.0,0.053792361484669184,0.0,0.0,0.0,0.0,0.0,0.0,0.0,0.0,0.0,0.0,0.015261538461538458,0.0,0.0,0.0,0.0,0.0,0.3021276595744681,0.11716923076923079,0.0,0.0,0.0419047619047619,0.0,0.0,0.027011327330816154,0.11124595469255663,0.0,0.4794687327061427,0.7552162849872773,0.2681081081081081,0.22156280909990111,0.3793052530547455,0.2939955727725512,0.7671068427370948,0.3394278448823903
25-1113.00,0.4394978330315176,0.5407824726134585,0.6673003802281369,0.677297732557702,0.4094315789473685,0.3463524590163935,0.15071703846438897,0.4746835443037975,0.39057661400964294,0.24797835330498652,0.26485534591194965,0.129375,0.099631410556252,0.3292167300380228,0.15506451791548984,0.13937282229965156,0.1639152324083831,0.0,0.11993271307526168,0.12337662337662333,0.11745588235294115,0.0,0.0,0.06724045185583648,0.0,0.0,0.0,0.0,0.0,0.0,0.0,0.0,0.0,0.0,0.024291497975708502,0.0,0.0,0.0,0.0,0.0,0.2127659574468085,0.2718881118881119,0.0,0.01885369532428356,0.02440634920634921,0.0,0.0,0.027011327330816154,0.1302588996763754,0.0,0.426351226710939,0.7552162849872773,0.4620012012012012,0.3082756346851303,0.30183838458414847,0.23016971038553768,0.9726890756302521,0.4605848696757788
25-1121.00,0.4532321403137527,0.5192175273865415,0.5831178707224335,0.6129544479647203,0.49122807017543857,0.48945355191256834,0.14244423034165868,0.26371308016877637,0.2572419740504096,0.20177812137611134,0.28301886792452824,0.08333333333333333,0.05794525417703517,0.3802281368821293,0.09708838677521184,0.1878002322880372,0.1639152324083831,0.0019433198380566818,0.31860912665448304,0.1558441558441558,0.16864705882352943,0.12049488972565897,0.11217162258255133,0.12772458310919851,0.07686832740213523,0.02273498884469881,0.0,0.0,0.0,0.0,0.0,0.0019703656998738984,0.0,0.0,0.0997570850202429,0.0,0.0,0.0,0.0,0.0,0.2589503546099291,0.31951328671328677,0.0,0.049773755656108594,0.29622857142857145,0.0,0.0,0.1379262271275051,0.23702973300970873,0.0,0.426351226710939,0.6106870229007634,0.41081081081081083,0.22156280909990111,0.26047473144080624,0.20365246264526835,0.9129651860744298,0.41645263827082013
25-1122.00,0.4394978330315176,0.5192175273865415,0.6074144486692016,0.656978800580971,0.3377192982456141,0.30540983606557376,0.15007781812791818,0.41658830620855936,0.34494923758378737,0.18981059141863166,0.22822641509433964,0.08833333333333333,0.08767564128950174,0.4544993662864385,0.13568145317605362,0.19094076655052267,0.1737501463528861,0.0,0.07528243894334606,0.09090909090909088,0.07305882352941177,0.007767616998386228,0.007231063527196609,0.06724045185583648,0.0029655990510083037,0.0,0.0,0.0,0.0,0.0,0.0,0.0,0.0,0.0,0.13639514170040487,0.0,0.0,0.0,0.0,0.0,0.13297872340425532,0.2392335664335665,0.0,0.01088989441930618,0.03571428571428571,0.0,0.0,0.027011327330816154,0.147485167206041,0.0,0.40057185021213804,0.6615776081424936,0.36250330330330327,0.1846356742499176,0.2547159363579312,0.1540921109266433,0.8228931572629051,0.37635092180546725
25-1123.00,0.5737888375689258,0.7590453834115806,0.6416349809885932,0.7525530361752244,0.4592982456140351,0.4317349726775957,0.18053805677017717,0.42194092827004215,0.36846850378268203,0.23406262079628917,0.3306666666666667,0.07833333333333332,0.05680393661009971,0.4958174904942966,0.1624231599933544,0.23803948896631827,0.14635288607891347,0.0,0.11262252865924574,0.1558441558441558,0.1462205882352941,0.0,0.0,0.029349112426035513,0.0,0.0,0.0,0.0,0.0,0.0,0.0,0.0,0.0,0.0,0.07125506072874493,0.0,0.0,0.0,0.0,0.0,0.23120567375886522,0.12461538461538464,0.0,0.0,0.015873015873015872,0.0,0.0,0.014522218995062446,0.021069309600863,0.0,0.3316362294779561,0.6106870229007634,0.33512552552552555,0.16485328058028353,0.22108604968806525,0.2174414314702084,0.8378991596638655,0.3989319771137953
25-1124.00,0.5341119498646917,0.5924256651017215,0.6074144486692016,0.677297732557702,0.38315789473684214,0.31868852459016395,0.15007781812791818,0.2724532851115129,0.23666261612637682,0.18429068419018169,0.21132075471698114,0.07291666666666667,0.05332385353714894,0.5688212927756655,0.12815667054327964,0.13937282229965156,0.20580874604847207,0.0,0.12815667054327964,0.12337662337662333,0.09944117647058821,0.0,0.0,0.04518558364712211,0.0,0.0,0.0,0.0,0.0,0.0,0.0,0.0,0.0,0.0,0.1451012145748988,0.0,0.0,0.0,0.0,0.0,0.18723404255319148,0.20157202797202797,0.0,0.0,0.03571428571428571,0.0,0.0,0.07667731629392971,0.20010787486515644,0.0,0.6740453790813503,0.8905852417302799,0.36250330330330327,0.22584899439498846,0.2085717449887408,0.14757424829367274,0.7671068427370948,0.37635092180546725
25-1125.00,0.4578102427411643,0.6490610328638499,0.7129277566539924,0.6688315109007307,0.3294315789473684,0.25614754098360654,0.11041836507818871,0.33996383363471966,0.36564619183881464,0.3061461151913414,0.22822641509433964,0.1171875,0.08232454581173874,0.532319391634981,0.1730630780306806,0.1272938443670151,0.1540803184638801,0.0,0.058668383452400726,0.19047619047619047,0.09375,0.0,0.0,0.007767616998386228,0.0,0.0,0.0,0.0,0.0,0.0,0.0,0.0,0.0,0.0,0.07866558704453441,0.000914285714285715,0.0,0.0,0.0,0.0,0.23829787234042557,0.20157202797202797,0.0,0.0,0.05587301587301586,0.0,0.0,0.008388033691548067,0.04740594660194175,0.0018624141543475748,0.2922339051835454,0.6192773536895674,0.32290210210210213,0.20236069897790968,0.2699988925394071,0.23016971038553768,0.6914765906362546,0.3610934520025429
25-1126.00,0.4578102427411643,0.5924256651017215,0.5703422053231939,0.677297732557702,0.35368421052631577,0.30540983606557376,0.13896094271103535,0.41658830620855936,0.338638234487084,0.18429068419018169,0.21132075471698114,0.09333333333333334,0.08232454581173872,0.4666666666666666,0.13568145317605362,0.1272938443670151,0.22721285563751317,0.0,0.09816830038212326,0.10649350649350649,0.10808823529411762,0.0,0.0007211032880306876,0.05301775147928994,0.0,0.0,0.0,0.0,0.0,0.0,0.0,0.0,0.0,0.0,0.1451012145748988,0.0,0.0,0.0,0.0,0.0,0.23120567375886522,0.21922797202797203,0.0,0.0,0.03571428571428571,0.0,0.0,0.03169329073482429,0.10234627831715208,0.0,0.2922339051835454,0.637150127226463,0.3156756756756756,0.1160567095285196,0.22108604968806525,0.12107237287093399,0.7202881152460984,0.3610934520025429
25-1191.00,0.43180662095346617,0.39480438184663535,0.4230608365019012,0.39509034399199283,0.3608771929824562,0.31258196721311476,0.08500704068776406,0.18354430379746836,0.13523578064364392,0.15066099729416316,0.21132075471698114,0.1171875,0.1255355773008775,0.20278833967046897,0.11993271307526168,0.15609756097560978,0.1639152324083831,0.0,0.12815667054327964,0.1558441558441558,0.10808823529411762,0.029349112426035513,0.023285627009324274,0.037353415814954286,0.02206405693950178,0.0,0.0,0.0,0.0,0.033570129082560865,0.0,0.0,0.0,0.0,0.12178137651821863,0.0,0.0,0.0,0.0,0.0,0.10638297872340427,0.1839160839160839,0.0013740458015267186,0.049773755656108594,0.09051428571428571,0.0,0.0,0.09410397908800465,0.147485167206041,0.0018624141543475748,0.25110680686220255,0.30534351145038163,0.28419459459459456,0.1846356742499176,0.12204215733323487,0.096046239931132,0.4828571428571428,0.3989319771137953
25-1192.00,0.43180662095346617,0.4777464788732394,0.5831178707224335,0.5503044077031329,0.30701754385964913,0.29102459016393445,0.15563625583635962,0.3303194695599759,0.3003018305828858,0.22960958639350604,0.24654088050314465,0.21541666666666665,0.13319737309858362,0.4544993662864385,0.13706595780029907,0.1821138211382114,0.20580874604847207,0.0,0.15506451791548984,0.1402597402597402,0.12682352941176467,0.0,0.0,0.09413663259817107,0.0,0.0,0.0,0.0,0.0,0.0,0.0,0.0,0.0,0.0,0.15380728744939273,0.0,0.0,0.0,0.0,0.0,0.17100709219858154,0.24923076923076926,0.0,0.028989441930618403,0.12444444444444444,0.0,0.0,0.04879465582340982,0.11630258899676374,0.0,0.2922339051835454,0.6473282442748092,0.2974366366366366,0.20236069897790968,0.285281848720883,0.13758224189878865,0.7436974789915967,0.3827590591226955
25-1193.00,0.39982094532728346,0.49765258215962443,0.5567965779467681,0.5503044077031329,0.3280701754385965,0.29102459016393445,0.11041836507818871,0.26371308016877637,0.2572419740504096,0.24797835330498652,0.27295597484276735,0.15625,0.10571220087189177,0.39999999999999997,0.13706595780029907,0.12125435540069687,0.1737501463528861,0.0,0.11993271307526168,0.10649350649350649,0.16864705882352943,0.04518558364712211,0.009514557272627117,0.06532544378698225,0.02206405693950178,0.056837472111747014,0.0,0.0,0.0,0.0,0.0,0.06157392812105926,0.0423931623931624,0.0,0.09234655870445345,0.09051428571428571,0.057756696428571425,0.0,0.010957991444000281,0.01661405549094534,0.23829787234042557,0.19160839160839163,0.0,0.10751131221719457,0.08380952380952379,0.0,0.0,0.04356665698518734,0.147485167206041,0.003880029488224114,0.24954805386460063,0.559796437659033,0.36972972972972973,0.22156280909990111,0.246520727970763,0.196957818360696,0.7202881152460984,0.3989319771137953
25-1194.00,0.36319612590799033,0.31690140845070425,0.4990494296577947,0.43906954342607296,0.30701754385964913,0.2694672131147541,0.19037649151411845,0.2833031946955998,0.1224961781192427,0.20177812137611134,0.17728301886792455,0.08333333333333333,0.0773850730630344,0.31254752851711026,0.11170875560724373,0.1425691056910569,0.1551340592436483,0.0,0.13706595780029907,0.101010101010101,0.16180147058823527,0.15737493275954814,0.13821146353921498,0.1815492200107585,0.13345195729537365,0.14395188670094095,0.02764888617998073,0.025246952501050864,0.03208688991781617,0.050355193623841304,0.03306666666666667,0.09851828499369482,0.05128205128205128,0.0,0.18218623481781376,0.05587301587301586,0.021450892857142863,0.0,0.05322953923837575,0.030902143213158338,0.1202127659574468,0.26010629370629373,0.0,0.11312217194570136,0.11936507936507935,0.0,0.0,0.06389776357827476,0.15844120819848972,0.0,0.30741560597675704,0.45349618320610685,0.3156756756756756,0.20606660072535443,0.26047473144080624,0.1540921109266433,0.7759243697478991,0.3610934520025429
25-2011.00,0.3235192382037561,0.20661971830985915,0.3574144486692015,0.27599882601726355,0.4547368421052631,0.4662295081967213,0.280645519899207,0.18836648583484028,0.12347614754419661,0.3156242752222652,0.30157232704402515,0.10125,0.07928415065391883,0.34220532319391633,0.2757310184416016,0.28147735191637635,0.28213909378292945,0.012307692307692304,0.3028603865536911,0.19047619047619047,0.2897426470588235,0.11326519634211943,0.10140514987931538,0.08714362560516407,0.009015421115065241,0.11367494422349404,0.001474607262932307,0.0,0.03036178830933142,0.02551329810274625,0.17920000000000003,0.21571563682219416,0.11794871794871795,0.0,0.242914979757085,0.16666666666666666,0.23018973214285712,0.020942222222222216,0.12097622554176309,0.07443096859943514,0.12482269503546098,0.29279440559440556,0.018129770992366408,0.0942684766214178,0.2685714285714285,0.0,0.0,0.1995004356665699,0.3008697411003236,0.05690709916062029,0.3529791551374285,0.3053435114503817,0.4386594594594595,0.43389383448730623,0.25886891358115843,0.1719778023734858,0.4546458583433374,0.4910998092816275
25-2012.00,0.26394286528170585,0.31298904538341155,0.3555133079847909,0.3870003988531092,0.4573684210526316,0.3359357923497268,0.18609649447861856,0.20433996383363467,0.16610481752969306,0.2372477773482799,0.27916981132075475,0.140625,0.149447115834378,0.39169581749049426,0.21970011629838845,0.2606271777003485,0.29636459430979983,0.0019433198380566818,0.22476740322312677,0.1714285714285714,0.21143382352941176,0.13448090371167296,0.004757278636313559,0.10543302850995159,0.0,0.0666893006111165,0.0,0.0,0.0,0.0,0.0,0.07976040353089531,0.05743589743589744,0.0,0.17878542510121453,0.047619047619047616,0.05231584821428571,0.0,0.04821516235360123,0.03625851470343912,0.09361702127659574,0.1875524475524476,0.0,0.04675716440422323,0.19714285714285712,0.0,0.0,0.1603252977054894,0.147485167206041,0.0,0.376351226710939,0.3330788804071247,0.4386594594594595,0.32047477744807124,0.2934770571080512,0.2640195535878989,0.5186074429771909,0.47043865225683407
25-2021.00,0.40547744521537427,0.39480438184663535,0.48122623574144485,0.48088139011596837,0.5536842105263157,0.5277459016393443,0.30015563625583636,0.369427365883062,0.23960252440123866,0.375724777734828,0.35471698113207545,0.21023333333333336,0.16698785712949277,0.4740177439797212,0.21970011629838845,0.3010452961672474,0.36043788783514813,0.008097165991902834,0.2657833527163981,0.23015873015873015,0.32375,0.029349112426035513,0.004757278636313559,0.17428725121032815,0.0006832740213523137,0.00875448637113202,0.0007078114862075072,0.0009457755359394711,0.0,0.006768171186000174,0.04000000000000001,0.012478982765868007,0.0,0.0,0.18218623481781376,0.10666666666666666,0.003487723214285714,0.0,0.02391472052738622,0.0009569695962784524,0.2127659574468085,0.34,0.0,0.007164404223227752,0.22666666666666666,0.0,0.0,0.08713331397037466,0.2844356796116505,0.04850036860280138,0.5299391256225788,0.4596030534351145,0.49124324324324325,0.39952522255192885,0.2547159363579312,0.18986349382032833,0.6350180072028812,0.5053528289891926
25-2022.00,0.37082629662034305,0.41715179968701094,0.47528517110266166,0.5564678170694081,0.3508771929824561,0.35928961748633875,0.19988141999555328,0.24412296564195302,0.2000313590215985,0.3732199458832625,0.3056603773584906,0.22559999999999997,0.2005210769547402,0.5576679340937896,0.3028603865536911,0.28147735191637635,0.33551399133590915,0.0019433198380566818,0.22476740322312677,0.1714285714285714,0.25058823529411767,0.012673480365788055,0.004757278636313559,0.1484669176976869,0.0,0.0,0.0,0.0,0.0,0.0,0.0,0.0,0.0,0.0,0.17878542510121453,0.006031746031746031,0.0,0.0,0.0,0.0,0.15886524822695036,0.3002461538461539,0.002862595419847331,0.02828054298642534,0.20190476190476192,0.0,0.0,0.16994481556781876,0.19805151024811218,0.0,0.3743220807969009,0.5089058524173027,0.43471471471471473,0.3461918892185954,0.30183838458414847,0.3175152185943553,0.6986794717887155,0.4675270184361094
25-2023.00,0.3235192382037561,0.39480438184663535,0.374287072243346,0.48088139011596837,0.37368421052631573,0.3193306010928962,0.2945971985473949,0.294755877034358,0.1514640743208812,0.18981059141863166,0.23396226415094346,0.125,0.1257975190375512,0.3239543726235741,0.25786398626571416,0.2606271777003485,0.38344456152675327,0.0019433198380566818,0.31860912665448304,0.17316017316017313,0.25058823529411767,0.15129101667563208,0.13270303564453614,0.2074018289402905,0.10628706998813763,0.14395188670094095,0.05406893297418453,0.04334804539722572,0.10350609650908439,0.09529585029888243,0.10513066666666666,0.1559478772593527,0.08303589743589743,0.0,0.21862348178137653,0.08888888888888889,0.07955357142857142,0.0,0.0624868504102672,0.04984216647283602,0.22163120567375885,0.33398601398601396,0.0,0.15879336349924583,0.23809523809523808,0.0,0.0,0.2117339529480105,0.32493932038834955,0.0,0.33163622947795607,0.43053435114503813,0.3990582582582583,0.24933728981206724,0.19501458156447266,0.18446781036709092,0.6770708283313325,0.3610934520025429
25-2031.00,0.35607463324312777,0.3333333333333333,0.47528517110266166,0.3870003988531092,0.4573684210526316,0.4789071038251366,0.30015563625583636,0.39451476793248946,0.27940888244286777,0.3455740239659838,0.27295597484276735,0.20523333333333335,0.1754074129511479,0.4131812420785804,0.3028603865536911,0.27113588850174214,0.33551399133590915,0.0019433198380566818,0.2803621864097026,0.20952380952380953,0.2317941176470588,0.016675632060247445,0.004757278636313559,0.15737493275954814,0.0,0.005759530507323698,0.0007078114862075072,0.0,0.004312754021211849,0.0015593866412544415,0.0032000000000000028,0.0009457755359394711,0.0009846153846153854,0.0,0.2127546558704453,0.014958730158730154,0.0008035714285714293,0.0,0.01358790939056035,0.0009569695962784524,0.2034609929078014,0.36181818181818187,0.0,0.03506787330316743,0.1492063492063492,0.0,0.0,0.12231193726401395,0.2616808252427184,0.0018624141543475748,0.5312672938572219,0.45349618320610685,0.43052972972972975,0.4038905374216947,0.2934770571080512,0.2501844678103671,0.6819867947178871,0.47774952320406866
25-2032.00,0.3494007772600566,0.44136150234741783,0.39995247148288976,0.5869913682166751,0.4304842105263157,0.41704918032786886,0.2417920403172015,0.3303194695599759,0.23813257026380777,0.36858136838036337,0.5292452830188679,0.265,0.21958201582876494,0.4666666666666666,0.34439552528105444,0.3010452961672474,0.32014693829762325,0.0019433198380566818,0.2657833527163981,0.24531024531024526,0.2529411764705882,0.24663797740720816,0.212545194147045,0.2912533620225927,0.1309608540925267,0.12765544669706083,0.06783193409488607,0.07224674232870952,0.18286077049938243,0.18192844147968468,0.19353600000000004,0.17404897015552753,0.10256410256410256,0.0,0.16194331983805668,0.09523809523809523,0.06776785714285713,0.0,0.10300511957360263,0.05582322644957635,0.1795177304964539,0.30615384615384617,0.0,0.1478129713423831,0.2777777777777778,0.0,0.0,0.19078710426953235,0.22333468176914778,0.0,0.37677550267478327,0.35782188295165396,0.43052972972972975,0.4615891856247939,0.46616707888810954,0.3858144253827707,0.7289555822328931,0.5402097902097902
25-2052.00,0.2868944187844629,0.3724569640062597,0.4030418250950571,0.46164613451132963,0.42105263157894735,0.3565573770491804,0.2779218854220707,0.33996383363471966,0.23666261612637682,0.31310398144569,0.21132075471698114,0.20052083333333331,0.19364978389806722,0.4182509505703422,0.25786398626571416,0.36655052264808363,0.26123990165086053,0.0,0.18431217810267483,0.2092352092352092,0.27999999999999997,0.006724045185583648,0.04694682864783118,0.001613770844540077,0.0,0.0627485692113687,0.03047521676726766,0.0,0.0983721941222338,0.16243610846400416,0.08,0.06797761664564943,0.03418803418803419,0.05916030534351146,0.18218623481781376,0.04920634920634922,0.06780133928571429,0.0,0.04536608457816116,0.08070443595281608,0.09255319148936172,0.1875524475524476,0.0,0.0,0.19714285714285712,0.0,0.0,0.18036595991867557,0.3510146979503776,0.036860280138129045,0.4794687327061427,0.4335877862595419,0.5876468468468469,0.4041411144081766,0.4374469341799254,0.3175152185943553,0.6536614645858344,0.633490146217419
25-2053.00,0.3494007772600566,0.39480438184663535,0.3768441064638784,0.5282922313950076,0.4378947368421052,0.41704918032786886,0.2779218854220707,0.31050030138637735,0.27635137783701147,0.3961190568225744,0.3239748427672956,0.20052083333333331,0.1754074129511479,0.3718631178707224,0.3028603865536911,0.2787456445993032,0.28213909378292945,0.0,0.21338677521182922,0.22799422799422794,0.21764705882352942,0.0051102743410435724,0.004757278636313559,0.15737493275954814,0.0,0.0,0.0,0.0,0.0,0.0,0.0,0.0,0.0,0.0,0.12696356275303644,0.000914285714285715,0.0,0.0,0.0,0.0,0.1795177304964539,0.26153846153846155,0.0,0.0,0.19714285714285712,0.0,0.0,0.15070577984316,0.19805151024811218,0.0,0.426351226710939,0.4596030534351145,0.4518918918918919,0.4315858885591824,0.318394920447414,0.349689479185882,0.6302521008403361,0.5146726001271457
25-2054.00,0.2976376991474556,0.39480438184663535,0.374287072243346,0.4515318217051347,0.5315368421052631,0.3831967213114755,0.2148150893055659,0.369427365883062,0.23813257026380777,0.40578275995361424,0.39999999999999997,0.22916666666666666,0.18146013808071546,0.420532319391635,0.24445505897989703,0.3909407665505226,0.402470436717012,0.0009327935222672072,0.2803621864097026,0.2698412698412698,0.32375,0.025013448090371173,0.003129788576522079,0.171059709521248,0.0,0.014283635658162768,0.041289003362104566,0.0009457755359394711,0.04791642227727215,0.0,0.0,0.06797761664564943,0.0009846153846153854,0.047709923664122134,0.2127546558704453,0.06984126984126983,0.0008035714285714293,0.0,0.041092467915001055,0.02554577172287756,0.24468085106382978,0.3854545454545455,0.0,0.03506787330316743,0.19047619047619047,0.0,0.0,0.1270694162067964,0.38641113807982747,0.0,0.5299391256225788,0.45801526717557245,0.4849249249249249,0.376195186284207,0.2934770571080512,0.20365246264526835,0.6050420168067228,0.633490146217419
25-2059.01,0.3494007772600566,0.3748982785602504,0.4030418250950571,0.46164613451132963,0.367719298245614,0.3770491803278688,0.18053805677017717,0.2260397830018083,0.1703970836109913,0.31310398144569,0.220125786163522,0.1171875,0.08793758302617548,0.3292167300380228,0.2712729135515313,0.3010452961672474,0.29636459430979983,0.024291497975708502,0.22476740322312677,0.19047619047619047,0.2459411764705882,0.31360946745562135,0.25238615081074045,0.2912533620225927,0.16370106761565836,0.36375982151518094,0.09830715086215372,0.0009457755359394711,0.0776295723818133,0.010287620202720263,0.18666666666666668,0.37042875157629257,0.22457435897435893,0.25286259541984735,0.4042105263157895,0.3961904761904762,0.27120535714285715,0.011111111111111112,0.26762045024195247,0.29074597109154343,0.217645390070922,0.31192167832167833,0.0,0.1319758672699849,0.2085333333333333,0.0,0.0,0.1728144060412431,0.29075647249190933,0.0,0.4521306032097399,0.37938931297709916,0.5424432432432432,0.28849324101549617,0.39412676732252944,0.23016971038553768,0.6086434573829532,0.6624793388429753
25-3011.00,0.37082629662034305,0.46361502347417843,0.39995247148288976,0.5869913682166751,0.3438175438596492,0.31258196721311476,0.16808715630326837,0.2675587703435805,0.2000313590215985,0.30132199458832626,0.29323270440251575,0.24,0.19060938874024735,0.5214195183776933,0.29494102010300716,0.3010452961672474,0.35216163212738555,0.0,0.18431217810267483,0.18831168831168826,0.301,0.0051102743410435724,0.004757278636313559,0.1484669176976869,0.0,0.0,0.0,0.0,0.0,0.0,0.0,0.0,0.0,0.0,0.12696356275303644,0.0,0.0,0.0,0.0,0.0,0.1795177304964539,0.21922797202797203,0.0,0.0,0.17857142857142858,0.0,0.0,0.14522218995062447,0.10234627831715208,0.0,0.3743220807969009,0.45801526717557245,0.3807807807807808,0.3184965380811078,0.275591568533353,0.23016971038553768,0.7357503001200479,0.4910998092816275
25-3021.00,0.26394286528170585,0.1940532081377152,0.3284790874524715,0.22388452826212926,0.292280701754386,0.2694672131147541,0.0902690283850886,0.09041591320072331,0.08623730939594684,0.1331735601082335,0.1761006289308176,0.052083333333333336,0.051864463861395385,0.2370088719898606,0.1053954145206845,0.17282229965156798,0.2469704952581665,0.0,0.17734811984272028,0.0753246753246753,0.1488970588235294,0.15737493275954814,0.10544132522759823,0.16137708445400753,0.07307236061684459,0.11000097002619073,0.02764888617998073,0.025246952501050864,0.026525162332061366,0.041626960062375484,0.0015360000000000013,0.09851828499369482,0.060170940170940164,0.0,0.15380728744939273,0.049168253968253965,0.10125,0.0,0.032873974332000844,0.04984216647283602,0.04468085106382978,0.20839160839160842,0.0,0.028989441930618403,0.1388888888888889,0.0,0.0,0.065349985477781,0.1887810140237325,0.0,0.23132263420033203,0.351206106870229,0.3053261261261261,0.1669106495219255,0.17257927572077228,0.10483920555863,0.42459783913565424,0.3458359821996186
25-3099.02,0.3494007772600566,0.39480438184663535,0.45556083650190116,0.4515318217051347,0.38596491228070173,0.30540983606557376,0.161194693544801,0.1506931886678722,0.13842068127474422,0.2372477773482799,0.17358490566037735,0.22559999999999997,0.15856830130783767,0.4131812420785804,0.20200614720053164,0.21545180023228808,0.22721285563751317,0.0,0.1263775821011242,0.2092352092352092,0.17941176470588238,0.04518558364712211,0.03305056736807315,0.1395589026358257,0.02588849347568209,0.0,0.0,0.0,0.0,0.0,0.0,0.0,0.0,0.0,0.0009327935222672072,0.0,0.0,0.0,0.0,0.0,0.10859574468085108,0.13076923076923078,0.0,0.0,0.09051428571428571,0.0,0.0,0.07057798431600348,0.11124595469255663,0.0,0.4521306032097399,0.4315521628498728,0.3839519519519519,0.22156280909990111,0.30183838458414847,0.23634938203283523,0.6819867947178871,0.48719643992371264
25-4011.00,0.28079028221458074,0.4147104851330204,0.19011406844106465,0.5079732994182765,0.31456140350877193,0.24385245901639344,0.08500704068776406,0.2260397830018083,0.15434518443024575,0.5753846153846154,0.5880503144654088,0.1219,0.14588283720321063,0.18960709759188848,0.12045190230935371,0.15145180023228802,0.2469704952581665,0.0,0.16514371157999666,0.15079365079365076,0.09375,0.08714362560516407,0.056085811291275656,0.19203873050026893,0.0014234875444839872,0.0800271607333398,0.0,0.0,0.0,0.0,0.0,0.12347625052543083,0.038461538461538464,0.0,0.09716599190283401,0.03571428571428571,0.06138392857142856,0.0,0.010957991444000281,0.0438611064960957,0.33156028368794327,0.21922797202797203,0.0,0.03506787330316743,0.2619047619047619,0.0,0.0,0.07667731629392971,0.05852211434735709,0.0,0.17945028592510606,0.1590330788804071,0.25657657657657656,0.18067919551599076,0.19501458156447266,0.1540921109266433,0.31692677070828323,0.3610934520025429
25-4012.00,0.36319612590799033,0.4214084507042254,0.3959125475285171,0.5802635440732685,0.4378947368421052,0.49590163934426224,0.30079485659230715,0.3930801687763713,0.25424326761005056,0.33629686896018557,0.6162767295597484,0.27416666666666667,0.20206933971972232,0.3292167300380228,0.17444758265492608,0.5212543554006969,0.3783222105139913,0.06072874493927125,0.4945727418729579,0.27549302549302546,0.21764705882352942,0.15737493275954814,0.0876340801426182,0.19203873050026893,0.03294899169632266,0.10185275002425066,0.0007078114862075072,0.0,0.0,0.0015593866412544415,0.0,0.10639974779319042,0.060170940170940164,0.0,0.13639514170040487,0.049168253968253965,0.01729910714285714,0.0,0.01358790939056035,0.024921083236418014,0.3383829787234043,0.4151048951048951,0.0,0.04675716440422323,0.4177777777777777,0.0,0.0025445292620865164,0.065349985477781,0.11124595469255663,0.0018624141543475748,0.3995572772551189,0.32519083969465645,0.32290210210210213,0.32970656116056707,0.34896083281036583,0.307830658550083,0.3913565426170468,0.3394278448823903
25-4013.00,0.2390786823203858,0.30769953051643195,0.24952471482889732,0.37928673023231313,0.42105263157894735,0.3193306010928962,0.13896094271103535,0.20433996383363467,0.18662537728822856,0.3732199458832625,0.28176100628930817,0.171875,0.1473422268789642,0.3292167300380228,0.0846278451570028,0.3443623693379791,0.33551399133590915,0.0019433198380566818,0.4132746303372654,0.17316017316017313,0.20458823529411763,0.41608391608391615,0.33122677696876224,0.43272727272727274,0.24911032028469748,0.21643709380153264,0.09240872181042449,0.09851828499369482,0.11178658422981114,0.16243610846400416,0.0,0.22166614123581335,0.08547008547008547,0.0,0.20599190283400812,0.0419047619047619,0.09040178571428571,0.0,0.06574794866400169,0.07310184416015948,0.26595744680851063,0.30615384615384617,0.0,0.19984917043740572,0.4374603174603175,0.0,0.0,0.19604995643334303,0.3577063106796117,0.0,0.2663715181700793,0.24885496183206104,0.25657657657657656,0.1846356742499176,0.16894311344088003,0.16044856422554263,0.3114525810324129,0.32508582326764146
25-4021.00,0.31588906749140333,0.41158059467918623,0.35266159695817495,0.48088139011596837,0.3217543859649123,0.26336065573770495,0.12089602015860078,0.2206871609403255,0.2572419740504096,0.6129725550831079,0.5880503144654088,0.14875,0.099631410556252,0.4346666666666666,0.3083984050506729,0.3637630662020906,0.42149631190727077,0.0,0.17444758265492608,0.19047619047619047,0.2459411764705882,0.10758472296933837,0.09414404038178412,0.2178590640129102,0.053143534994068806,0.059753613347560394,0.0,0.0,0.0,0.013536342372000349,0.0,0.06473308112652375,0.008547008547008548,0.02719465648854961,0.040161943319838064,0.014958730158730154,0.013147321428571425,0.0,0.010326811136825861,0.015657085894666887,0.319063829787234,0.23835524475524478,0.0,0.03506787330316743,0.21428571428571427,0.0,0.0,0.07667731629392971,0.168554476806904,0.0,0.3529791551374285,0.3826972010178117,0.32290210210210213,0.16485328058028353,0.246520727970763,0.20848705650863922,0.4474789915966387,0.4663191354100446
25-4031.00,0.16831139235355155,0.22833333333333336,0.20193916349809882,0.1881382590438061,0.09890526315789476,0.06352459016393444,0.0518787519454532,0.09041591320072331,0.06554035514091958,0.15066099729416316,0.23396226415094346,0.08333333333333333,0.08232454581173872,0.2577946768060836,0.1053954145206845,0.31358885017421606,0.33551399133590915,0.06384453441295547,0.1053954145206845,0.12337662337662333,0.06088235294117647,0.10112963959117804,0.15924364277344338,0.24068854222700373,0.08920521945432977,0.12125327383839364,0.0007078114862075072,0.0,0.000993658526487211,0.09096422073984234,0.0015360000000000013,0.16419714165615804,0.13401709401709402,0.005963740458015267,0.17878542510121453,0.07111111111111111,0.21177455357142855,0.012835555555555553,0.04909180166912127,0.06549925236750291,0.14574468085106385,0.2751384615384615,0.0,0.00471342383107089,0.12698412698412698,0.0,0.0,0.065349985477781,0.168554476806904,0.0018624141543475748,0.21306032097399003,0.19083969465648853,0.245045045045045,0.16485328058028353,0.05168149433349331,0.012874315931869888,0.24849939975990393,0.41645263827082013
25-9011.00,0.2156794921358374,0.2066666666666667,0.26045627376425856,0.2701213868047351,0.4378947368421052,0.31258196721311476,0.18609649447861856,0.19529837251356238,0.13842068127474422,0.34316196366447627,0.27916981132075475,0.10416666666666666,0.08793758302617548,0.39169581749049426,0.21338677521182922,0.40418118466898956,0.36043788783514813,0.015261538461538458,0.5451486957966439,0.13708513708513706,0.1462205882352941,0.28187197417966653,0.17198313419531885,0.3840774610005379,0.19572953736654805,0.2209840915704724,0.04608147696663455,0.03583438419503994,0.04791642227727215,0.11208091484016285,0.006666666666666667,0.15434531315678854,0.05128205128205128,0.0,0.12955465587044535,0.0419047619047619,0.057756696428571425,0.0,0.02391472052738622,0.020601428808772224,0.23829787234042557,0.5320615384615386,0.0,0.18853695324283556,0.5952380952380952,0.009500000000000001,0.0012213740458015278,0.21783328492593668,0.32493932038834955,0.012286760046043017,0.33163622947795607,0.20916030534351143,0.2303423423423423,0.24727992087042533,0.07965410314149654,0.087253274303634,0.3913565426170468,0.3394278448823903
25-9021.00,0.46645776954849744,0.4578403755868545,0.563212927756654,0.5503044077031329,0.6020631578947369,0.5665983606557377,0.3361743126065368,0.4421338155515371,0.3880678922817608,0.5310243525318903,0.3877358490566038,0.2816666666666667,0.286676520665332,0.5092522179974651,0.33314642520906024,0.40418118466898956,0.3962065331928345,0.12696356275303644,0.31860912665448304,0.1714285714285714,0.26588235294117646,0.1395589026358257,0.04935551393632258,0.055675094136632595,0.14827995255041518,0.209161897371229,0.09240872181042449,0.09851828499369482,0.12075711259393178,0.020575240405440523,0.02666666666666667,0.012478982765868007,0.012991452991452988,0.009064885496183206,0.0353425101214575,0.01968253968253968,0.010602678571428568,0.0,0.00832807349744021,0.012626682173118456,0.09255319148936172,0.25748251748251744,0.13167938931297707,0.20814479638009045,0.22956190476190474,0.16200000000000003,0.11704834605597962,0.14522218995062447,0.21237864077669905,0.17848135645830907,0.4794687327061427,0.515267175572519,0.4849249249249249,0.5578635014836795,0.39730148768872975,0.32166574432761486,0.6229051620648258,0.6810934520025428
25-9031.00,0.4450932915539097,0.6150234741784039,0.47528517110266166,0.6359073155680646,0.4926315789473684,0.4987978142076503,0.2538353220188246,0.369427365883062,0.3194700325349849,0.4684035562427522,0.3830943396226415,0.25,0.21043276516923307,0.5333333333333333,0.3404566096250761,0.3831637630662021,0.3783222105139913,0.0,0.28711164645289916,0.23015873015873015,0.28582352941176464,0.0051102743410435724,0.004757278636313559,0.1395589026358257,0.0,0.0,0.0,0.0,0.0,0.003248722169280087,0.03306666666666667,0.0,0.0,0.0,0.07125506072874493,0.01968253968253968,0.0,0.0,0.01358790939056035,0.0,0.217645390070922,0.33398601398601396,0.0,0.07070135746606335,0.18575238095238095,0.0,0.0,0.1603252977054894,0.252831715210356,0.0,0.40057185021213804,0.4075725190839694,0.4518918918918919,0.5281107814045499,0.445051496917568,0.4288876591034864,0.6427851140456181,0.576300063572791
25-9031.01,0.42372881355932207,0.5144757433489828,0.4030418250950571,0.6114493418923699,0.623817543859649,0.5566939890710383,0.2690654413399541,0.3303194695599759,0.3194700325349849,0.40086586780054123,0.31194968553459124,0.14375,0.1402697999887739,0.4346666666666666,0.29494102010300716,0.3010452961672474,0.30477988525933736,0.0,0.3067993022096694,0.23015873015873015,0.1985294117647059,0.055675094136632595,0.027321802357607144,0.15737493275954814,0.02941874258600238,0.0,0.0,0.0,0.0,0.0,0.0,0.0,0.0,0.0,0.0,0.0019047619047619063,0.0,0.0,0.0,0.015657085894666887,0.2589503546099291,0.26010629370629373,0.0,0.05236802413273002,0.19714285714285712,0.0,0.0,0.07054313099041533,0.09270496224379718,0.0,0.3539937280944475,0.3709923664122137,0.3807807807807808,0.3403363006923838,0.3626933441618369,0.307830658550083,0.6914765906362546,0.5308328035600763
25-9041.00,0.22788776527560178,0.1455399061032864,0.30988593155893535,0.1994265545864345,0.27223859649122806,0.21148907103825137,0.11487437930778922,0.0795660036166365,0.08623730939594684,0.16680324700425206,0.21132075471698114,0.07833333333333332,0.09936946881957827,0.21425602027883395,0.1053954145206845,0.19094076655052267,0.2140850017562346,0.0,0.16181397795868638,0.11832611832611833,0.1213235294117647,0.047337278106508875,0.003129788576522079,0.11326519634211943,0.0006832740213523137,0.0400135803666699,0.0007078114862075072,0.0,0.0,0.0015593866412544415,0.09386666666666665,0.06473308112652375,0.026283760683760687,0.0,0.1716599190283401,0.09813333333333332,0.021450892857142863,0.0,0.06048811277088155,0.01661405549094534,0.08794326241134753,0.24923076923076926,0.0,0.028989441930618403,0.12698412698412698,0.0,0.0,0.10920708684286957,0.21069309600863,0.0018624141543475748,0.30741560597675704,0.2885496183206107,0.3190486486486486,0.1846356742499176,0.21744988740817303,0.1334317161655291,0.38355342136854736,0.40623013350286075
27-1011.00,0.3052068284941095,0.3748982785602504,0.35266159695817495,0.35327849730209737,0.7049122807017544,0.7037158469945356,0.22083673015637742,0.36166365280289325,0.2795362784681118,0.5411673753382296,0.4308176100628931,0.23697916666666666,0.1473422268789642,0.3292167300380228,0.3083984050506729,0.31358885017421606,0.3962065331928345,0.0,0.6463905964445922,0.12337662337662333,0.15205882352941177,0.13448090371167296,0.13821146353921498,0.22404518558364708,0.06263345195729536,0.0,0.0,0.03583438419503994,0.04554268246399713,0.006768171186000174,0.0,0.0,0.0,0.0,0.0019433198380566818,0.0,0.0,0.0,0.0,0.0,0.397872340425532,0.35255384615384616,0.0,0.06334841628959276,0.653968253968254,0.0,0.0,0.04356665698518734,0.147485167206041,0.0,0.376351226710939,0.33486005089058524,0.3190486486486486,0.5063501483679526,0.445051496917568,0.307830658550083,0.39495798319327735,0.392879847425302
27-1012.00,0.05086780474901825,0.107981220657277,0.08269961977186313,0.12191359186038635,0.5189052631578948,0.5566939890710383,0.03561105758541467,0.09041591320072331,0.05585825722237465,0.1939543873212215,0.31194968553459124,0.1325,0.1402697999887739,0.13307984790874525,0.1053954145206845,0.08594657375145182,0.14635288607891347,0.0,0.5955515866422993,0.10649350649350649,0.09375,0.5739644970414202,0.46546215710036354,0.6010973641742873,0.3670225385527876,0.45018915510718793,0.09634100784491065,0.1471206389239176,0.18393723390307692,0.2869704582864074,0.006666666666666667,0.22166614123581335,0.18119658119658122,0.029580152671755722,0.3117408906882591,0.12444444444444445,0.2193080357142857,0.001280000000000001,0.06048811277088155,0.02554577172287756,0.17730496453900707,0.2751384615384615,0.0,0.19984917043740572,0.4444444444444444,0.0,0.0,0.07667731629392971,0.17745415318230853,0.0,0.19627375023058477,0.12881424936386768,0.2597477477477477,0.02439828552588197,0.2547159363579312,0.06147389780483307,0.0020288115246098423,0.32508582326764146
27-1013.00,0.09461411683317397,0.12093896713615024,0.09838403041825095,0.1700769861756007,0.6985964912280701,0.819672131147541,0.06432965241236198,0.09041591320072331,0.08623730939594684,0.15066099729416316,0.27295597484276735,0.0644,0.09355062024061221,0.05069708491761724,0.11170875560724373,0.23803948896631827,0.2469704952581665,0.0,0.7947056543168853,0.15584415584415579,0.08625,0.5547337278106509,0.431440103358138,0.41608391608391615,0.2676156583629893,0.27126782423125423,0.05087395057116454,0.06157392812105926,0.0776295723818133,0.257125530624621,0.0015360000000000013,0.22556746532156371,0.16068376068376067,0.023854961832061067,0.2312550607287449,0.049168253968253965,0.08625000000000001,0.005555555555555556,0.03394347429693526,0.03738162485462702,0.2589503546099291,0.32744615384615383,0.0,0.17906485671191555,0.9166666666666666,0.0,0.0,0.060121986639558526,0.12978694714131606,0.0,0.19627375023058474,0.1150127226463104,0.21859939939939937,0.03297065611605671,0.07855587138690981,0.0353563303203591,0.028739495798319324,0.2231404958677686
27-1014.00,0.26959936516979677,0.31298904538341155,0.30988593155893535,0.36870583454368944,0.45614035087719296,0.4275956284153005,0.18609649447861856,0.24412296564195302,0.18521422131629492,0.31310398144569,0.36533333333333334,0.16065000000000002,0.14588283720321063,0.3168567807351077,0.22476740322312677,0.2968641114982578,0.33551399133590915,0.0019433198380566818,0.6347953702165365,0.27549302549302546,0.15788235294117647,0.2588757396449704,0.14897793624245095,0.2781065088757396,0.14733096085409253,0.059753613347560394,0.05406893297418453,0.06473308112652375,0.057963414045087265,0.15437927748418953,0.0,0.0,0.0,0.0,0.0019433198380566818,0.0019047619047619063,0.0,0.0,0.0,0.0,0.3425531914893617,0.3002461538461539,0.0,0.1689291101055807,0.5746031746031747,0.0,0.0,0.16994481556781876,0.2326051779935275,0.0,0.21306032097399003,0.19083969465648853,0.245045045045045,0.363996043521266,0.2699988925394071,0.23016971038553768,0.30424969987995193,0.30260648442466626
27-1021.00,0.3341404358353511,0.32403755868544604,0.3208174904942966,0.325102911627697,0.6236842105263158,0.6896311475409836,0.2324168087156304,0.4737793851717902,0.26176943279369685,0.44907614998067263,0.4716981132075471,0.3039333333333333,0.1859037925421445,0.3333333333333333,0.1730630780306806,0.464,0.35216163212738555,0.009353846153846152,0.7118915102176442,0.23015873015873015,0.15788235294117647,0.2178590640129102,0.0981501697597324,0.32867132867132864,0.14733096085409253,0.011519061014647393,0.0,0.004104928541403951,0.006555386112242011,0.010287620202720263,0.0015360000000000013,0.006239491382934004,0.0009846153846153854,0.0013740458015267186,0.008097165991902834,0.0,0.0008035714285714293,0.0,0.0,0.0,0.3660425531914894,0.21922797202797203,0.0,0.18853695324283556,0.40222222222222226,0.0,0.0,0.10920708684286957,0.25072478425026967,0.0018624141543475748,0.37677550267478327,0.22900763358778625,0.31067867867867865,0.2466205077481042,0.31861641256598616,0.14376191354608622,0.3306602641056422,0.21169739351557534
27-1022.00,0.3052068284941095,0.3536776212832551,0.3574144486692015,0.37209232320647795,0.623817543859649,0.672896174863388,0.17387719558289486,0.3203013863773357,0.23801497393281326,0.2899110939311944,0.4340377358490566,0.1171875,0.1402697999887739,0.1652724968314322,0.11629838843661738,0.3386759581881533,0.4488935721812433,0.006153846153846152,0.5849532037437004,0.23190235690235686,0.16180147058823527,0.2711135018827326,0.1836559936703156,0.3299838622915546,0.11862396204033215,0.0075783296148996026,0.0,0.01572351828499369,0.0011661686873356834,0.02592480291085506,0.0,0.0011099726775956275,0.0,0.0,0.1522267206477733,0.0,0.05549107142857141,0.014000000000000002,0.0,0.009596278451570026,0.200354609929078,0.34157202797202796,0.0031011450381679363,0.12782805429864252,0.4571428571428572,0.0,0.0027565733672603875,0.11487075225094394,0.18435645900755124,0.0,0.30893746541228556,0.22894656488549617,0.4732540540540541,0.49587866798549285,0.48359112554911593,0.41551374285187237,0.4285714285714285,0.5146726001271457
27-1023.00,0.26705597493234584,0.12093896713615024,0.3127376425855513,0.15987236700506466,0.4304842105263157,0.3825136612021858,0.04029867338620025,0.11746835443037976,0.06554035514091958,0.21473521453420955,0.3301132075471699,0.09791666666666665,0.06454992796602242,0.10418250950570343,0.11629838843661738,0.0808362369337979,0.19391757405456034,0.0249004048582996,0.6187005039596832,0.06493506493506493,0.09375,0.342119419042496,0.2526665798671968,0.29878429263044654,0.0797153024911032,0.2249248229702202,0.015237608383633826,0.0009457755359394711,0.006555386112242011,0.10673135233474833,0.0015360000000000013,0.11034047919293821,0.09572649572649575,0.029580152671755722,0.37765182186234825,0.07964444444444445,0.08625000000000001,0.001280000000000001,0.04909180166912127,0.04984216647283602,0.13821276595744686,0.30615384615384617,0.01377862595419847,0.12217194570135748,0.6653968253968254,0.0,0.005301102629346904,0.0326749927388905,0.10534654800431498,0.008083394767133564,0.21306032097399003,0.22589312977099238,0.3053261261261261,0.13114408176722714,0.23256672450071983,0.112955789214782,0.1444717887154862,0.429701207883026
27-1024.00,0.2390786823203858,0.25752738654147106,0.2680608365019011,0.3292419533266607,0.6459649122807016,0.5834153005464482,0.08500704068776406,0.1506931886678722,0.10975657559484146,0.22960958639350604,0.27916981132075475,0.07833333333333332,0.08232454581173872,0.13307984790874525,0.12815667054327964,0.23803948896631827,0.26672813487881986,0.0,0.5249003156670544,0.1558441558441558,0.14235294117647057,0.23534158149542764,0.12519154306088318,0.2588757396449704,0.12574139976275206,0.0,0.0,0.0,0.0,0.02551329810274625,0.0,0.0,0.004273504273504274,0.0,0.024291497975708502,0.0,0.0,0.0,0.0,0.0,0.37234042553191493,0.25748251748251744,0.0,0.0942684766214178,0.5,0.0,0.0,0.03169329073482429,0.03239617044228695,0.0,0.25110680686220255,0.1590330788804071,0.2597477477477477,0.16485328058028353,0.246520727970763,0.2174414314702084,0.24849939975990393,0.32508582326764146
27-1025.00,0.3052068284941095,0.39480438184663535,0.33269961977186313,0.4515318217051347,0.6754385964912281,0.6325956284153007,0.23733602608760102,0.33996383363471966,0.15434518443024575,0.24797835330498652,0.4245283018867924,0.24,0.22721574644039885,0.2440456273764258,0.1946959627845157,0.3386759581881533,0.36043788783514813,0.048582995951417005,0.7688777205515867,0.18831168831168826,0.1985294117647059,0.0,0.0007211032880306876,0.0333512641204949,0.014709371293001185,0.023304879231739264,0.0,0.0,0.0,0.0015593866412544415,0.0,0.0009457755359394711,0.002051282051282053,0.0,0.07866558704453441,0.0,0.0,0.0,0.0,0.0,0.37234042553191493,0.34845874125874127,0.0,0.14177978883861234,0.6653968253968254,0.0,0.0,0.04356665698518734,0.09270496224379718,0.0,0.376351226710939,0.3118982188295165,0.4030030030030029,0.3956478733926805,0.4753959171619477,0.3858144253827707,0.3249939975990396,0.6048951048951049
27-1026.00,0.22788776527560178,0.12093896713615024,0.24482889733840305,0.1881382590438061,0.4304842105263157,0.3359357923497268,0.07678055287927077,0.1350210970464135,0.08623730939594684,0.2372477773482799,0.27916981132075475,0.07560000000000001,0.07244560031433007,0.06615969581749051,0.13568145317605362,0.1878002322880372,0.32014693829762325,0.07125506072874493,0.6910408705765076,0.12337662337662333,0.09375,0.3496503496503497,0.34324516510260694,0.39335664335664344,0.17793594306049823,0.3176835774565913,0.0030720984644423037,0.016419714165615804,0.07590447077332854,0.006768171186000174,0.08266666666666668,0.3940731399747793,0.18119658119658122,0.0715648854961832,0.45473684210526316,0.3657142857142857,0.41406250000000006,0.0,0.22967950066624593,0.25622860940355546,0.1202127659574468,0.39968671328671335,0.002862595419847331,0.0743288084464555,0.4828571428571429,0.0,0.0,0.07054313099041533,0.21069309600863,0.0,0.27089097952407304,0.24732824427480918,0.245045045045045,0.18067919551599076,0.246520727970763,0.096046239931132,0.1532893157262905,0.32508582326764146
27-1027.00,0.36319612590799033,0.3536776212832551,0.34862167300380226,0.3621661486593268,0.729080701754386,0.6550546448087432,0.20560661083524792,0.2890295358649789,0.22049312061463683,0.36858136838036337,0.43200000000000005,0.25,0.26942578629296315,0.3292167300380228,0.2657833527163981,0.4343786295005807,0.5136986301369864,0.1451012145748988,0.8682159273411972,0.2092352092352092,0.2317941176470588,0.32275416890801506,0.28844131521227473,0.3356643356643357,0.22835112692763937,0.23375206130565526,0.05087395057116454,0.09363177805800756,0.13800812867877918,0.11208091484016285,0.12,0.2532313997477932,0.11965811965811966,0.01377862595419847,0.22348178137651817,0.12444444444444445,0.08593749999999999,0.0,0.06750122729504172,0.10234258182422329,0.23829787234042557,0.4241958041958042,0.04437022900763359,0.2828054298642534,0.4374603174603175,0.06200000000000001,0.15945716709075486,0.1270694162067964,0.23702973300970873,0.04009363804498248,0.37677550267478327,0.31170483460559795,0.3156756756756756,0.4915924826904055,0.318394920447414,0.23016971038553768,0.3249939975990396,0.392879847425302
27-2011.00,0.3235192382037561,0.29420970266040686,0.3555133079847909,0.20239161354896484,0.35368421052631577,0.4468032786885246,0.08500704068776406,0.07594936708860757,0.07447767629649954,0.1298801700811751,0.16415094339622643,0.0,0.0,1.0,0.13706595780029907,0.13176306620209058,0.13757171291417863,0.0,0.23207758763914277,0.1904761904761905,0.22433823529411764,0.09413663259817107,0.0876340801426182,0.10112963959117804,0.0,0.12125327383839364,0.0,0.0,0.0,0.003248722169280087,0.0,0.12347625052543083,0.12854700854700854,0.041984732824427475,0.2127546558704453,0.1111111111111111,0.10491071428571426,0.0,0.13697489305000352,0.1329124439275627,0.19858156028368795,0.16573426573426575,0.0,0.0,0.11936507936507935,0.0,0.11195928753180659,0.08945686900958466,0.15844120819848972,0.0,0.16528315808891345,0.5740458015267176,0.4518918918918919,0.1450708869106495,0.1518697626342796,0.13758224189878865,0.24459783913565425,0.14881118881118882
27-2012.01,0.3235192382037561,0.4147104851330204,0.374287072243346,0.5417930328639909,0.4592982456140351,0.4453551912568306,0.30015563625583636,0.3833634719710669,0.23666261612637682,0.31310398144569,0.22822641509433964,0.2275,0.21958201582876494,0.2534854245880862,0.18431217810267483,0.1743925667828107,0.27441166139796275,0.0,0.38835354710084735,0.19047619047619047,0.17941176470588238,0.07668639053254438,0.03755746291826495,0.16137708445400753,0.07307236061684459,0.04209913667669029,0.0030720984644423037,0.0,0.0,0.020575240405440523,0.0,0.0009457755359394711,0.0,0.0,0.11336032388663968,0.0,0.0,0.0,0.0,0.0,0.2780141843971632,0.37122237762237764,0.0,0.14177978883861234,0.2057142857142857,0.0,0.08778625954198471,0.14522218995062447,0.2616808252427184,0.0,0.5312672938572219,0.37938931297709916,0.41081081081081083,0.7438180019782393,0.4485215401085311,0.41024872409764496,0.27003601440576225,0.26673871582962494
27-2012.02,0.3494007772600566,0.3748982785602504,0.3555133079847909,0.43347054883692926,0.5929824561403508,0.5665983606557377,0.19988141999555328,0.369427365883062,0.2795362784681118,0.40578275995361424,0.3773584905660377,0.12395833333333334,0.11258349392856473,0.39999999999999997,0.3083984050506729,0.3443623693379791,0.33551399133590915,0.0019433198380566818,0.4132746303372654,0.20519480519480515,0.3639705882352941,0.1960731576116192,0.16447164161166583,0.2283162990855299,0.06263345195729536,0.08366475894849161,0.0,0.0,0.0,0.0,0.0,0.08669609079445144,0.0,0.0,0.0019433198380566818,0.0,0.0,0.0,0.0,0.0,0.2429078014184397,0.3854545454545455,0.002862595419847331,0.0915837104072398,0.3961904761904762,0.0,0.0,0.16994481556781876,0.3008697411003236,0.0,0.4521306032097399,0.4071246819338422,0.34878078078078073,0.4915924826904055,0.39412676732252944,0.33245711123408966,0.4321368547418968,0.2736808645899555
27-2012.03,0.38252589171261725,0.44136150234741783,0.3555133079847909,0.5079732994182765,0.47368421052631576,0.5566939890710383,0.3417327503149782,0.3930078360458107,0.34494923758378737,0.5411673753382296,0.48498113207547167,0.19440000000000002,0.17815780118622182,0.38200253485424585,0.25786398626571416,0.2787456445993032,0.184404636459431,0.004048582995951417,0.29494102010300716,0.20952380952380953,0.27999999999999997,0.12049488972565897,0.06910573176960749,0.1670252824098978,0.12574139976275206,0.053351440488893204,0.02764888617998073,0.016419714165615804,0.04554268246399713,0.050355193623841304,0.04000000000000001,0.0,0.0,0.0,0.0009327935222672072,0.0,0.0,0.0,0.0,0.0,0.33156028368794327,0.2876923076923077,0.009064885496183206,0.06334841628959276,0.18575238095238095,0.009500000000000001,0.008057675996607293,0.06389776357827476,0.2616808252427184,0.012286760046043017,0.39955727725511897,0.4335877862595419,0.49124324324324325,0.5934718100890207,0.38495330207833434,0.41551374285187237,0.4057623049219688,0.447857596948506
27-2012.04,0.3532158626162329,0.41901408450704225,0.4277566539923955,0.48088139011596837,0.46785263157894735,0.4468032786885246,0.17370117838879418,0.2712477396021699,0.25871192818784056,0.15461925009663702,0.3773584905660377,0.140625,0.1857587890807716,0.1652724968314322,0.0903389267320153,0.21835075493612077,0.2150948366701791,0.0,0.2257157888907349,0.19191919191919188,0.25058823529411767,0.0,0.0,0.05917159763313609,0.0,0.0,0.0015974912015099966,0.0,0.0,0.013536342372000349,0.07039999999999999,0.0,0.0,0.0,0.002105263157894735,0.047619047619047616,0.0009430803571428563,0.0,0.02892909741216074,0.0,0.17225531914893616,0.1997202797202797,0.0,0.09954751131221717,0.21428571428571427,0.0,0.0,0.14522218995062447,0.3878859897518878,0.0,0.3119350673307507,0.27042239185750633,0.4386594594594595,0.3461918892185954,0.42556019048322197,0.4688556846830228,0.33853541416566624,0.3537698664971392
27-2012.05,0.3922518159806296,0.38482785602503916,0.3959125475285171,0.43347054883692926,0.4926315789473684,0.39980191256830605,0.3293374342251537,0.41658830620855936,0.20285367096546586,0.34316196366447627,0.3830943396226415,0.08773333333333333,0.08232454581173874,0.3472750316856781,0.3083984050506729,0.42519860627177697,0.46540217773094483,0.009353846153846152,0.5653970759262336,0.34579124579124576,0.301,0.1815492200107585,0.0981501697597324,0.2074018289402905,0.17793594306049823,0.09093995537879523,0.07962879219834451,0.03583438419503994,0.06469131031817774,0.06714025816512174,0.0,0.0,0.0,0.0,0.006153846153846155,0.0,0.0,0.0,0.0,0.0,0.26595744680851063,0.5056615384615385,0.004351145038167943,0.2601809954751131,0.5222603174603174,0.006000000000000005,0.003867684478371505,0.22396747022945107,0.4357133225458468,0.024573520092086028,0.42479247371333706,0.35782188295165396,0.41081081081081083,0.6937026046818331,0.43375539887039016,0.23634938203283523,0.48072028811524603,0.3827590591226955
27-2021.00,0.2868944187844629,0.14793427230046952,0.2912927756653992,0.14147997080094218,0.28596491228070176,0.24385245901639344,0.1556362558363596,0.13622664255575645,0.13829328524950021,0.1939543873212215,0.10943396226415095,0.07,0.06454992796602242,0.21425602027883395,0.144985324250983,0.2545876887340302,0.3962065331928345,0.07866558704453441,0.3404566096250761,0.20952380952380953,0.2459411764705882,0.37762237762237766,0.34502789267579403,0.28240989779451314,0.1601423487544484,0.46894703656998743,0.2253691433514874,0.18127364438839846,0.3087517854801648,0.13150827341245774,0.48906666666666665,0.7339218158890289,0.7165811965811966,1.0,0.49263157894736836,0.7314285714285714,0.49804687499999994,0.25,0.43831965776001125,0.46652267818574517,0.17730496453900707,0.39398601398601396,0.1431297709923664,0.26923076923076916,0.17523809523809522,0.075,0.0932994062765055,0.18036595991867557,0.3476436084142395,0.06014045706747372,0.2298468917173953,0.22589312977099238,0.2719711711711712,0.427299703264095,0.2063199084499243,0.16440693598966977,0.3249939975990396,0.3095486331849968
27-2022.00,0.3052068284941095,0.29000000000000004,0.560361216730038,0.43347054883692926,0.6020631578947369,0.5277459016393443,0.3181649744311866,0.44725738396624476,0.34494923758378737,0.5310243525318903,0.48498113207547167,0.129375,0.11258349392856473,0.5173029150823827,0.37918120396522126,0.36655052264808363,0.301852827537759,0.09234655870445345,0.7169587971423824,0.15584415584415579,0.27205882352941174,0.23534158149542764,0.19307540537021645,0.10758472296933837,0.08920521945432977,0.21643709380153264,0.0,0.0,0.0020701219301816893,0.0,0.04100266666666667,0.30643127364438844,0.26871794871794874,0.06297709923664122,0.28858299595141707,0.3282539682539683,0.13950892857142858,0.016888888888888884,0.1709446665264044,0.1860774214985878,0.13821276595744686,0.31951328671328677,0.1431297709923664,0.3299396681749623,0.20190476190476192,0.0014400000000000012,0.012247667514843085,0.16337496369445254,0.42475728155339804,0.003880029488224114,0.42479247371333706,0.5394402035623409,0.5463063063063064,0.5934718100890207,0.6507438443648713,0.5482152739346984,0.9726890756302521,0.583916083916084
27-2023.00,0.19126294585630862,0.093943661971831,0.24952471482889732,0.12191359186038635,0.12846315789473683,0.10245901639344263,0.16808715630326837,0.1879927667269439,0.09658578652346048,0.18981059141863166,0.1572327044025157,0.10062499999999999,0.12135386457612213,0.3779467680608365,0.44027247051005153,0.47781649245063873,0.542969207352769,0.10493927125506074,0.21338677521182922,0.3704906204906204,0.3161764705882353,0.10112963959117804,0.012519154306088316,0.10758472296933837,0.0006832740213523137,0.15156659229799205,0.09634100784491065,0.01547393862967633,0.15094639074241473,0.0015593866412544415,0.33119999999999994,0.13829340058848255,0.16068376068376067,0.05916030534351146,0.3348987854251012,0.2984126984126984,0.15694754464285715,0.001280000000000001,0.17751946139280456,0.10765907958132581,0.24468085106382978,0.5584615384615385,0.14694656488549615,0.10407239819004524,0.22666666666666666,0.00625,0.12091603053435114,0.17426662794074935,0.3577063106796117,0.06014045706747372,0.21306032097399003,0.3083358778625955,0.23326366366366366,0.1846356742499176,0.13843257410757134,0.2213613724405091,0.24459783913565425,0.26033057851239666
27-2031.00,0.19126294585630862,0.09859154929577463,0.16112167300380226,0.11288295542628367,0.32298245614035087,0.3678688524590164,0.06948047135551767,0.056962025316455674,0.030869036886049153,0.21646695013529185,0.21132075471698114,0.029662499999999994,0.02695661122233239,0.4759847908745247,0.1946959627845157,0.2032520325203252,0.35216163212738555,0.16805829959514168,0.3728194052168134,0.09481721981721979,0.1365661764705882,0.2880580957504034,0.14719520866926394,0.09117805271651425,0.07117437722419928,0.9260355029585798,0.014008768997856899,0.129879939050021,0.012938262063635549,0.0018301134886944453,1.0,0.5139370533837747,1.0,0.2633587786259542,1.0,1.0,0.9765625,1.0,1.0,1.0,0.05319148936170213,0.2610125874125874,0.1578625954198473,0.12292609351432879,0.1492063492063492,0.0016899999999999986,0.15945716709075486,0.19078710426953235,0.053094660194174755,0.0021857499450329138,0.21306032097399003,0.20737913486005086,0.25657657657657656,0.3876557863501483,0.17257927572077228,0.079136690647482,0.375750300120048,0.3490654799745709
27-2032.00,0.3347101552485401,0.23850547730829422,0.4049429657794677,0.2336677177324072,0.623817543859649,0.6349043715846995,0.17387719558289486,0.20795660036166363,0.1528164321273176,0.21646695013529185,0.22963522012578616,0.019687499999999997,0.0447920369712051,0.39334854245880857,0.13014343467907183,0.2545876887340302,0.26123990165086053,0.08097165991902834,0.41535138727363347,0.25269360269360264,0.2459411764705882,0.28294782140935987,0.08162488607569582,0.15129101667563208,0.0,0.5389344262295083,0.027250742218989005,0.0011099726775956275,0.009964186890607853,0.007038898033440176,0.5133333333333333,0.22166614123581335,0.5695726495726496,0.06011450381679388,0.5668016194331984,0.5761904761904761,0.5870535714285714,0.3173333333333333,0.740760221614419,0.8134241568366838,0.0786382978723404,0.22657342657342658,0.02719465648854961,0.08295625942684764,0.2085333333333333,0.0,0.04702290076335877,0.08713331397037466,0.17951051779935273,0.0,0.24534218778823094,0.31170483460559795,0.43471471471471473,0.5275304978569073,0.2768651482151427,0.29188187911209496,0.6707322929171669,0.40623013350286075
27-2041.01,0.3052068284941095,0.25,0.35266159695817495,0.25398664970913826,0.6140350877192983,0.5277459016393443,0.2075150077818128,0.20433996383363467,0.10975657559484146,0.38654812524159254,0.31194968553459124,0.057499999999999996,0.07624375549609895,0.5214195183776933,0.37883507780916,0.37630662020905925,0.46540217773094483,0.0,0.39536606302265054,0.17316017316017313,0.1985294117647059,0.1815492200107585,0.0811241199034523,0.09413663259817107,0.03558718861209965,0.11000097002619073,0.015237608383633826,0.0019703656998738984,0.004312754021211849,0.16737416616130987,0.04100266666666667,0.004104928541403951,0.04512820512820513,0.0013740458015267186,0.16194331983805668,0.009168253968253966,0.013950892857142856,0.005555555555555556,0.0027394978610000703,0.0009569695962784524,0.13297872340425532,0.31951328671328677,0.0013740458015267186,0.0010859728506787338,0.05333333333333334,0.0,0.008057675996607293,0.9968051118210863,0.9548611111111112,0.8911134391288043,0.40057185021213804,0.3330788804071247,0.43052972972972975,0.45507418397626115,0.3460814352689283,0.3175152185943553,0.6986794717887155,0.44198982835346473
27-2041.04,0.16831139235355155,0.23830985915492958,0.21482889733840302,0.37928673023231313,0.47368421052631576,0.5771857923497269,0.11041836507818871,0.1702833031946956,0.15434518443024575,0.2899110939311944,0.23584905660377356,0.08851666666666665,0.09495855707523339,0.2534854245880862,0.18431217810267483,0.32061324041811845,0.22721285563751317,0.0,0.15506451791548984,0.2754930254930254,0.06763235294117645,0.07423345884884347,0.0661011347361463,0.3586282947821409,0.07117437722419928,0.005759530507323698,0.0,0.0011099726775956275,0.0,0.01705579138872044,0.0,0.0,0.0,0.0,0.002105263157894735,0.0,0.0,0.0,0.0,0.0,0.24468085106382978,0.14895104895104896,0.0,0.0143288084464555,0.05952380952380952,0.0,0.0014334181509754018,0.9090909090909091,0.6067455501618123,0.10961083304233113,0.22431285740638254,0.1590330788804071,0.21859939939939937,0.29665677546983177,0.13843257410757134,0.10914345446719546,0.17999999999999997,0.2736808645899555
27-2042.01,0.13352798746617292,0.107981220657277,0.14823193916349808,0.11589316757098456,0.379957894736842,0.3678688524590164,0.029821018305788198,0.047848101265822764,0.030869036886049153,0.13451874758407423,0.17358490566037735,0.0,0.018130110202630636,0.7414448669201521,0.07787838511380628,0.09134494773519163,0.017518440463645937,0.012307692307692304,0.14104640859500467,0.1327441077441077,0.08105147058823528,0.05043033889187735,0.0,0.0,0.07850059311981018,0.11397807740809002,0.0015974912015099966,0.0,0.0,0.0,0.001802666666666665,0.012478982765868007,0.04512820512820513,0.0,0.15591255060728743,0.12936507936507938,0.06277901785714285,0.022222222222222223,0.10957991444000283,0.07310184416015948,0.016226950354609915,0.08517482517482519,0.0,0.1319758672699849,0.0,0.0,0.0,0.4356665698518733,0.463524811218986,0.12125092150700348,0.19756502490315442,0.34351145038167935,0.2974366366366366,0.1669106495219255,0.16058178596478279,0.06744604316546761,0.2070828331332533,0.21524475524475528
27-2042.02,0.25433902374509126,0.12093896713615024,0.26045627376425856,0.1881382590438061,0.3377192982456141,0.4098360655737705,0.11487437930778922,0.10126582278481011,0.09658578652346048,0.266347120216467,0.25267924528301894,0.052083333333333336,0.051864463861395385,0.2577946768060836,0.2803621864097026,0.3831637630662021,0.43905865823674034,0.0,0.33314642520906024,0.3400072150072149,0.25899999999999995,0.5422270037654653,0.49851272446843675,0.4868208714362561,0.14733096085409253,0.5456397322727714,0.012288393857769215,0.0062394913829340055,0.013110772224484018,0.6107597678246557,0.025130666666666662,0.19215006305170237,0.16235213675213678,0.022480916030534346,0.20113360323886637,0.07710476190476188,0.06776785714285713,0.001280000000000001,0.06574794866400169,0.0830702774547267,0.15602836879432622,0.24923076923076926,0.0,0.017767722473604818,0.08888888888888889,0.0,0.0,0.8504211443508568,0.9270496224379721,0.024573520092086028,0.2298468917173953,0.1590330788804071,0.2974366366366366,0.27621496867787676,0.246520727970763,0.17647420525118365,0.23855942376950776,0.32508582326764146
27-3011.00,0.3052068284941095,0.39480438184663535,0.53,0.46164613451132963,0.4342105263157895,0.45901639344262296,0.1028310976061662,0.23839662447257381,0.1703970836109913,0.20971008890606885,0.21132075471698114,0.03125,0.035549235691432625,0.6210392902408112,0.3559907515091101,0.0808362369337979,0.1737501463528861,0.0353425101214575,0.0825095530819073,0.2092352092352092,0.29411764705882354,0.10892953200645508,0.10954260017827276,0.11767079074771382,0.1388185053380783,0.03758851488990204,0.03686518157330764,0.09851828499369482,0.10350609650908439,0.04060902711600104,0.0,0.020360445565363598,0.0211965811965812,0.029580152671755722,0.1088259109311741,0.0,0.03044642857142858,0.0,0.0,0.0,0.10638297872340427,0.14895104895104896,0.029580152671755722,0.03770739064856712,0.1492063492063492,0.031,0.026293469041560644,0.07667731629392971,0.3008697411003236,0.07056480295916917,0.4794687327061427,0.7333333333333333,0.41081081081081083,0.23079459281239692,0.23256672450071983,0.2174414314702084,0.15126050420168063,0.3610934520025429
27-3012.00,0.3052068284941095,0.2723004694835681,0.3802281368821293,0.13169678133066426,0.27223859649122806,0.1993237704918033,0.06855406507077746,0.0795660036166365,0.07588883226843321,0.13451874758407423,0.15101886792452832,0.059399999999999994,0.06709450483656705,0.2440456273764258,0.24942543058093813,0.31358885017421606,0.3105900948366702,0.0249004048582996,0.22476740322312677,0.17316017316017313,0.26588235294117646,0.12641204948897256,0.10954260017827276,0.15737493275954814,0.11862396204033215,0.07362498787467261,0.01843259078665382,0.004104928541403951,0.009964186890607853,0.0015593866412544415,0.0015360000000000013,0.020360445565363598,0.031794871794871796,0.0013740458015267186,0.16194331983805668,0.024406349206349213,0.010602678571428568,0.001280000000000001,0.0006311803071744167,0.0009569695962784524,0.08794326241134753,0.36181818181818187,0.009064885496183206,0.1319758672699849,0.16825396825396827,0.00625,0.06361323155216284,0.3145164101074644,0.5056634304207119,0.17848135645830907,0.2922339051835454,0.632,0.25657657657657656,0.13114408176722714,0.16058178596478279,0.05575539568345324,0.08609843937575029,0.32508582326764146
27-3021.00,0.38150853561763687,0.39480438184663535,0.4980988593155894,0.5079732994182765,0.4094315789473685,0.44065573770491806,0.2199659082487216,0.3930078360458107,0.3003018305828858,0.40086586780054123,0.35471698113207545,0.1219,0.1257975190375512,0.3472750316856781,0.29494102010300716,0.31358885017421606,0.3962065331928345,0.0,0.23207758763914277,0.1904761904761905,0.27999999999999997,0.08714362560516407,0.06910573176960749,0.1395589026358257,0.08920521945432977,0.02273498884469881,0.0007078114862075072,0.0,0.0,0.020575240405440523,0.0,0.0,0.006495726495726497,0.0,0.015261538461538458,0.0,0.0,0.0,0.0,0.0,0.28900709219858156,0.31384615384615383,0.0,0.0915837104072398,0.14222222222222222,0.0,0.026293469041560644,0.13069997095556202,0.22333468176914778,0.0,0.5047039291643608,0.758208651399491,0.49124324324324325,0.3184965380811078,0.2907084056258997,0.23016971038553768,0.23679471788715487,0.3610934520025429
27-3022.00,0.4450932915539097,0.41715179968701094,0.4230608365019012,0.5503044077031329,0.47438596491228063,0.5067008196721312,0.23733602608760102,0.2266425557564798,0.34494923758378737,0.34316196366447627,0.16415094339622643,0.022733333333333338,0.020581136452934686,0.3168567807351077,0.25786398626571416,0.2074889663182346,0.14635288607891347,0.0,0.12815667054327964,0.17316017316017313,0.13183823529411764,0.025013448090371173,0.04935551393632258,0.12641204948897256,0.07333807829181495,0.023304879231739264,0.0,0.0,0.0,0.0,0.0,0.0,0.0,0.0,0.07866558704453441,0.0,0.0,0.0,0.0,0.0,0.3102836879432624,0.17754965034965037,0.0,0.01885369532428356,0.0419047619047619,0.0,0.0,0.011036886436247456,0.16518338727076592,0.0,0.5572772551189817,0.4854961832061069,0.4620012012012012,0.23079459281239692,0.31008896600095986,0.2501844678103671,0.09930372148859543,0.2052892561983471
27-3031.00,0.38252589171261725,0.3724569640062597,0.3802281368821293,0.5282922313950076,0.5131578947368421,0.4532513661202186,0.2538353220188246,0.33996383363471966,0.27635137783701147,0.17144182450715117,0.21132075471698114,0.09333333333333334,0.08767564128950174,0.22915082382762988,0.15506451791548984,0.13176306620209058,0.20196698278890057,0.0,0.15506451791548984,0.1714285714285714,0.18661764705882353,0.001613770844540077,0.0007211032880306876,0.12049488972565897,0.0,0.0,0.0,0.0,0.0,0.0,0.0,0.0,0.0,0.0,0.0009327935222672072,0.0,0.0,0.0,0.0,0.0,0.26595744680851063,0.16325034965034968,0.0,0.01885369532428356,0.11936507936507935,0.0,0.0,0.10165553296543711,0.15291262135922332,0.0,0.4794687327061427,0.48244274809160304,0.5463063063063064,0.5934718100890207,0.5057403374063274,0.3684744512082641,0.3249939975990396,0.44198982835346473
27-3041.00,0.3433576820558732,0.7652582159624413,0.35266159695817495,0.8639308855291576,0.6921052631578947,0.47207650273224044,0.13896094271103535,0.26371308016877637,0.2000313590215985,0.33629686896018557,0.464,0.08773333333333333,0.08232454581173872,0.3472750316856781,0.2803621864097026,0.464,0.4471080669710807,0.0,0.33314642520906024,0.17316017316017313,0.14235294117647057,0.07423345884884347,0.06259577153044157,0.2017213555675094,0.02669039145907473,0.0,0.0,0.0,0.0,0.07147188772416183,0.0,0.0,0.017094017094017096,0.0,0.06072874493927125,0.0,0.0,0.0,0.0,0.0,0.4404255319148936,0.20839160839160842,0.0,0.0010859728506787338,0.26948571428571433,0.0,0.0,0.060121986639558526,0.168554476806904,0.0,0.4794687327061427,0.33486005089058524,0.32290210210210213,0.21496867787668972,0.318394920447414,0.307830658550083,0.33853541416566624,0.26673871582962494
27-3042.00,0.31588906749140333,0.5047887323943662,0.3022813688212928,0.7751296272604812,0.3377192982456141,0.24385245901639344,0.11487437930778922,0.36166365280289325,0.13829328524950021,0.4884112872052571,0.22822641509433964,0.032266666666666666,0.03128332740846071,0.0859315589353612,0.07744226615716897,0.13176306620209058,0.1540803184638801,0.004048582995951417,0.38835354710084735,0.04882154882154881,0.03529411764705882,0.07423345884884347,0.05007661722435326,0.1395589026358257,0.011179122182680898,0.0,0.0,0.0,0.0,0.015637182708134797,0.0,0.0,0.0,0.0,0.0019433198380566818,0.0,0.0,0.0,0.0,0.0,0.397872340425532,0.07933426573426573,0.0,0.01088989441930618,0.15873015873015872,0.0,0.0,0.038338658146964855,0.12978694714131606,0.0,0.19627375023058477,0.17557251908396945,0.20348348348348347,0.16485328058028353,0.23256672450071983,0.1334317161655291,0.21785114045618245,0.1224666242848061
27-3043.04,0.3296233747736383,0.46361502347417843,0.33269961977186313,0.5869913682166751,0.5336842105263158,0.4789071038251366,0.15563625583635962,0.20433996383363467,0.1528164321273176,0.26478546579049095,0.24654088050314465,0.08773333333333333,0.06174340935880405,0.1984790874524715,0.16514371157999666,0.20162601626016263,0.22721285563751317,0.0,0.15506451791548984,0.11832611832611833,0.1462205882352941,0.0,0.0,0.09760086067778377,0.04448398576512456,0.04546997768939762,0.0,0.0,0.0,0.004938057697305731,0.0,0.0,0.0,0.0,0.0009327935222672072,0.0019047619047619063,0.0,0.0,0.0,0.0,0.26595744680851063,0.1532867132867133,0.0,0.09954751131221717,0.15873015873015872,0.0,0.0,0.07667731629392971,0.063207928802589,0.0,0.25110680686220255,0.1743002544529262,0.28419459459459456,0.20236069897790968,0.3460814352689283,0.2174414314702084,0.2573169267707083,0.3095486331849968
27-3043.05,0.25433902374509126,0.43818466353677626,0.3022813688212928,0.8639308855291576,0.7894736842105263,0.8096379781420765,0.07503890906395909,0.23839662447257381,0.21908196464270313,0.30132199458832626,0.30157232704402515,0.0275,0.020581136452934686,0.16197718631178706,0.22476740322312677,0.2545876887340302,0.14635288607891347,0.0,0.33314642520906024,0.17316017316017313,0.008088235294117655,0.10112963959117804,0.07138922551503801,0.26495965572888647,0.052194543297746136,0.0,0.0,0.0,0.0,0.11911981287360304,0.0,0.0,0.031794871794871796,0.0,0.054412955465587054,0.0,0.0,0.0,0.0,0.0,0.37234042553191493,0.22657342657342658,0.0,0.0,0.07142857142857142,0.0,0.0,0.13011908219575952,0.05225188781014025,0.0,0.21309721453606348,0.2544529262086514,0.31067867867867865,0.1450708869106495,0.26047473144080624,0.1283588513804341,0.1444717887154862,0.1869040050858233
27-3091.00,0.4450932915539097,0.43627543035993743,0.4980988593155894,0.5001166457206071,0.28596491228070176,0.25008196721311476,0.18609649447861856,0.11746835443037976,0.09799694249539416,0.4358407421724005,0.21132075471698114,0.03666666666666666,0.035549235691432625,0.34220532319391633,0.37152489339314393,0.2968641114982578,0.42149631190727077,0.0,0.17734811984272028,0.3704906204906204,0.27999999999999997,0.0333512641204949,0.01552375133954951,0.1960731576116192,0.0,0.03758851488990204,0.0030720984644423037,0.0,0.0,0.0,0.025130666666666662,0.012478982765868007,0.004273504273504274,0.0,0.11336032388663968,0.049168253968253965,0.010602678571428568,0.0,0.016849007644294835,0.0063133410865592295,0.319063829787234,0.2692307692307692,0.0,0.0,0.1507555555555556,0.0,0.0,0.3801916932907348,0.6017394822006472,0.012286760046043017,0.8310274857037447,0.6753791348600509,0.32290210210210213,0.1846356742499176,0.15930820628299308,0.06744604316546761,0.3457382953181272,0.3989319771137953
27-4011.00,0.22788776527560178,0.2535211267605634,0.20793726235741444,0.3292419533266607,0.28596491228070176,0.23394808743169399,0.18609649447861856,0.1879927667269439,0.16610481752969306,0.3732199458832625,0.22822641509433964,0.14875,0.09936946881957827,0.2440456273764258,0.21338677521182922,0.3909407665505226,0.35216163212738555,0.015261538461538458,0.42071634269258457,0.20952380952380953,0.2459411764705882,0.30984400215169444,0.30045970334611954,0.342119419042496,0.3074733096085409,0.1572897468231642,0.11010400896561218,0.13829340058848255,0.14529495787301874,0.14294377544832365,0.0,0.13135771332492643,0.06410256410256411,0.0,0.10716761133603238,0.07936507936507936,0.05231584821428571,0.0,0.027175818781120704,0.04120285761754445,0.23829787234042557,0.39968671328671335,0.0,0.21210407239819004,0.4292063492063492,0.0,0.0,0.2795527156549521,0.4151159654800432,0.012286760046043017,0.19627375023058474,0.1743002544529262,0.245045045045045,0.20236069897790968,0.16058178596478279,0.1540921109266433,0.35320528211284513,0.3458359821996186
27-4012.00,0.2415610311921379,0.23830985915492958,0.20193916349809882,0.23197447340101296,0.30701754385964913,0.24385245901639344,0.2598569628696361,0.2206871609403255,0.13842068127474422,0.26478546579049095,0.26485534591194965,0.17354166666666668,0.11787378150317135,0.3653333333333333,0.36343246386442934,0.42519860627177697,0.4756468797564688,0.006153846153846155,0.40518220080855066,0.2888888888888889,0.14235294117647057,0.2528240989779451,0.22406281610864623,0.35580419580419587,0.2676156583629893,0.22734988844698806,0.12288393857769216,0.19703656998738964,0.2846417653999821,0.13150827341245774,0.0015360000000000013,0.20885876418663304,0.07521367521367521,0.0,0.1522267206477733,0.07111111111111111,0.06776785714285713,0.0,0.05478995722000141,0.01661405549094534,0.26595744680851063,0.3751776223776224,0.009064885496183206,0.23416289592760178,0.4711111111111111,0.0014400000000000012,0.0012213740458015278,0.32762126052860874,0.3577063106796117,0.036860280138129045,0.31193506733075077,0.1743002544529262,0.2303423423423423,0.1740850642927794,0.07209568459522316,0.016064071819467497,0.24849939975990393,0.1719516846789574
27-4013.00,0.3296233747736383,0.22309859154929576,0.33269961977186313,0.36870583454368944,0.2163157894736842,0.15923497267759565,0.20560661083524792,0.15732368896925858,0.1703970836109913,0.26478546579049095,0.17358490566037735,0.08333333333333333,0.04905794525417702,0.26996197718631176,0.21338677521182922,0.46457607433217185,0.36043788783514813,0.0,0.1946959627845157,0.372053872053872,0.27999999999999997,0.1960731576116192,0.19307540537021645,0.43272727272727274,0.2372479240806643,0.0,0.015237608383633826,0.0,0.01966615833672603,0.016785064541280433,0.0,0.0,0.0,0.0,0.008097165991902834,0.0019047619047619063,0.006975446428571428,0.0026666666666666687,0.0,0.0,0.15886524822695036,0.12237762237762238,0.0,0.014328808446455505,0.1647238095238095,0.0,0.07124681933842239,0.48388033691548066,0.883225458468177,0.06014045706747372,0.42479247371333706,0.26717557251908397,0.245045045045045,0.20236069897790968,0.09609066410720217,0.07386398573448932,0.23855942376950776,0.32508582326764146
27-4014.00,0.22788776527560178,0.2535211267605634,0.23098859315589354,0.3518185444119174,0.3936842105263158,0.30540983606557376,0.11487437930778922,0.1506931886678722,0.12402493042217083,0.3961190568225744,0.3239748427672956,0.13685,0.06709450483656705,0.26996197718631176,0.3083984050506729,0.2968641114982578,0.30477988525933736,0.012307692307692304,0.3028603865536911,0.3229918229918229,0.17941176470588238,0.3356643356643357,0.2711348362995383,0.35580419580419587,0.3400047449584816,0.1606605878358716,0.07569650616385834,0.07976040353089531,0.10626625908265996,0.2035865892748852,0.0015360000000000013,0.09363177805800756,0.002051282051282053,0.0,0.008097165991902834,0.0019047619047619063,0.006975446428571428,0.0,0.0013149589732800349,0.001993686658913442,0.22163120567375885,0.24923076923076926,0.0,0.12217194570135748,0.3333333333333333,0.0,0.0,0.5634620970084229,0.6409283980582524,0.04009363804498248,0.289153292750415,0.1725190839694656,0.25657657657657656,0.22156280909990111,0.246520727970763,0.23016971038553768,0.30424969987995193,0.3394278448823903
27-4021.00,0.28079028221458074,0.22065727699530516,0.28517110266159695,0.18028160534613674,0.4663578947368421,0.4789071038251366,0.11928407322315279,0.15732368896925858,0.1224961781192427,0.18981059141863166,0.3239748427672956,0.057499999999999996,0.051864463861395385,0.12395437262357413,0.21632884753835074,0.33031358885017426,0.3962065331928345,0.04275303643724697,0.5808896826715402,0.1904761904761905,0.20273529411764704,0.3284346422807961,0.31848728554688677,0.342119419042496,0.24911032028469748,0.30555825007275195,0.09240872181042449,0.25811790668348045,0.34778048427052355,0.09529585029888243,0.015402666666666663,0.16419714165615804,0.052950427350427355,0.0,0.1451012145748988,0.049168253968253965,0.09040178571428571,0.0,0.06048811277088155,0.09170958631001827,0.24822695035460993,0.48129230769230774,0.029580152671755722,0.3393665158371041,0.5171428571428571,0.025,0.0932994062765055,0.11617775196049956,0.15844120819848972,0.018675875269985383,0.1807784541597491,0.14249363867684478,0.28419459459459456,0.16485328058028353,0.23256672450071983,0.1575662546885568,0.3249939975990396,0.3827590591226955
27-4031.00,0.19126294585630862,0.1275430359937402,0.20793726235741444,0.13094422829448904,0.3779368421052632,0.3193306010928962,0.1162084043578152,0.18083182640144663,0.11073654501979538,0.2372477773482799,0.18867924528301885,0.08773333333333333,0.08793758302617548,0.14378707224334603,0.21970011629838845,0.37630662020905925,0.4292237442922375,0.19433198380566802,0.5808896826715402,0.25079365079365074,0.1985294117647059,0.3840774610005379,0.3277514597333921,0.3840774610005379,0.296085409252669,0.3783102143757882,0.19317355144413204,0.21571563682219416,0.23806402197089405,0.15437927748418953,0.2090666666666667,0.35561160151324084,0.11076923076923079,0.0013740458015267186,0.242914979757085,0.1388888888888889,0.125,0.0,0.10300511957360263,0.05582322644957635,0.23120567375886522,0.5131132867132867,0.11587786259541982,0.38009049773755654,0.5542857142857143,0.17500000000000002,0.23854961832061067,0.17426662794074935,0.34132281553398064,0.08018727608996497,0.31193506733075077,0.22900763358778625,0.2520216216216216,0.3403363006923838,0.1518697626342796,0.04496402877697841,0.16142857142857142,0.2409917355371901
27-4032.00,0.2390786823203858,0.2750860719874805,0.24482889733840305,0.3292419533266607,0.4547368421052631,0.41704918032786886,0.1269176610094123,0.1879927667269439,0.16610481752969306,0.4607653652879784,0.39999999999999997,0.1171875,0.09936946881957827,0.2715437262357414,0.2712729135515313,0.3386759581881533,0.42149631190727077,0.0,0.5135196876557567,0.2698412698412698,0.2317941176470588,0.18558364712210865,0.15548789648161687,0.342119419042496,0.1729537366548043,0.0,0.0,0.0,0.0,0.003248722169280087,0.0,0.0,0.0,0.0,0.0019433198380566818,0.0,0.0,0.0,0.0,0.0,0.319063829787234,0.2937062937062937,0.0,0.07070135746606335,0.3879365079365079,0.0,0.0,0.12231193726401395,0.21069309600863,0.003880029488224114,0.22431285740638254,0.18632061068702288,0.20685645645645645,0.19782393669634024,0.2085717449887408,0.1540921109266433,0.23679471788715487,0.2736808645899555
29-1011.00,0.4196593891794006,0.43627543035993743,0.374287072243346,0.48088139011596837,0.3217543859649123,0.25614754098360654,0.4307233380271252,0.5021097046413502,0.4384775195013916,0.500966370313104,0.37122012578616354,0.171875,0.13901154414653769,0.38022813688212925,0.3476837237636374,0.40418118466898956,0.3962065331928345,0.0,0.33314642520906024,0.1558441558441558,0.1985294117647059,0.342119419042496,0.28243212114535243,0.32275416890801506,0.22835112692763937,0.3855854108060918,0.09240872181042449,0.03694435687263556,0.10350609650908439,0.21224984839296546,0.0896,0.37042875157629257,0.23076923076923078,0.018129770992366408,0.4625101214574899,0.14222222222222222,0.28205357142857146,0.0,0.11615470930640298,0.08772221299219139,0.13821276595744686,0.11716923076923079,0.0,0.14177978883861234,0.07142857142857142,0.0,0.0,0.08945686900958466,0.12978694714131606,0.0,0.376351226710939,0.2903307888040712,0.46906906906906903,0.2407649192218925,0.30183838458414847,0.14376191354608622,0.31692677070828323,0.5705657978385251
29-1021.00,0.4578102427411643,0.43627543035993743,0.4358365019011407,0.32138529962899137,0.45614035087719296,0.38745901639344266,0.561291039798414,0.6492585895117541,0.636980126220062,0.5736374178585234,0.5880503144654088,0.26,0.2532602391153853,0.38022813688212925,0.39371850251979845,0.5909407665505227,0.4566210045662101,0.08550607287449392,0.5136512155950601,0.5202501202501203,0.27205882352941174,0.7753846153846154,0.6662994381403547,0.8304195804195804,0.8,0.5956567077311088,0.24773402017262736,0.1847217843631778,0.34778048427052355,0.5863293771116694,0.0015360000000000013,0.13135771332492643,0.11965811965811966,0.0,0.1716599190283401,0.08888888888888889,0.31473214285714285,0.001280000000000001,0.03857212988288098,0.05848147532812759,0.6043404255319149,0.25748251748251744,0.0,0.45248868778280543,0.48726349206349207,0.0,0.0,0.3145164101074644,0.4357133225458468,0.0,0.4794687327061427,0.3318066157760814,0.4732540540540541,0.5192878338278931,0.589722765698254,0.28514111787493085,0.48072028811524603,0.6572917991099809
29-1022.00,0.4761226524508108,0.48982785602503914,0.4990494296577947,0.43906954342607296,0.4094315789473685,0.39980191256830605,0.5057622470910843,0.6075949367088608,0.552702755674023,0.641283339775802,0.4490566037735848,0.235,0.2370946919378075,0.39999999999999997,0.29494102010300716,0.5574912891986062,0.48401826484018273,0.0,0.5679514869579665,0.42676767676767674,0.25899999999999995,0.8741258741258742,0.7571584524322212,0.8593006993006993,0.7658362989323844,0.42559899117276173,0.19317355144413204,0.17404897015552753,0.29288085068210523,0.5912674348089751,0.0032000000000000028,0.10114543926019333,0.09747692307692309,0.0,0.29700404858299595,0.1111111111111111,0.20926339285714285,0.0,0.04536608457816116,0.03738162485462702,0.574468085106383,0.280979020979021,0.0,0.21210407239819004,0.5,0.0,0.0,0.1603252977054894,0.38641113807982747,0.0,0.426351226710939,0.31170483460559795,0.46906906906906903,0.3738872403560831,0.24715751781165782,0.16528315808891347,0.35707082833133247,0.5321042593769866
29-1023.00,0.3235192382037561,0.3724569640062597,0.33269961977186313,0.4221822532943009,0.367719298245614,0.29102459016393445,0.4835840806344031,0.42194092827004215,0.36846850378268203,0.4607653652879784,0.3773584905660377,0.18,0.1754074129511479,0.28517110266159695,0.18431217810267483,0.31358885017421606,0.36880927291886195,0.0,0.44771418286537085,0.25079365079365074,0.2459411764705882,0.6051640667025282,0.4857431870762266,0.6648735879505111,0.40237247924080666,0.3282568629352992,0.09634100784491065,0.09063682219419923,0.10350609650908439,0.14944121978688382,0.0,0.09851828499369482,0.0,0.0,0.040161943319838064,0.0,0.11749999999999998,0.0,0.0,0.0,0.4255319148936171,0.25748251748251744,0.0,0.19004524886877827,0.29622857142857145,0.0,0.0,0.10920708684286957,0.1887810140237325,0.0,0.3014204021398266,0.2870229007633588,0.4732540540540541,0.4315858885591824,0.32808520063494406,0.279007563180225,0.4357743097238896,0.4339732994278449
29-1024.00,0.3052068284941095,0.28647887323943666,0.3555133079847909,0.31042812742228015,0.3779368421052632,0.26336065573770495,0.2945971985473949,0.33996383363471966,0.27635137783701147,0.22960958639350604,0.21132075471698114,0.16875,0.10571220087189179,0.20050697084917615,0.15506451791548984,0.27113588850174214,0.28758342114506497,0.004048582995951417,0.6027787007808606,0.18831168831168826,0.20458823529411763,0.5121032813340506,0.4857431870762266,0.6094674556213019,0.4144436536180308,0.219201668445048,0.09240872181042449,0.09851828499369482,0.1545691041202327,0.1754309971411245,0.0015360000000000013,0.10639974779319042,0.060170940170940164,0.0,0.1451012145748988,0.06349206349206349,0.1478794642857143,0.0,0.03857212988288098,0.0438611064960957,0.45957446808510644,0.22657342657342658,0.0,0.15879336349924583,0.41996190476190476,0.0,0.0,0.15393552134766195,0.1887810140237325,0.0,0.40057185021213804,0.22589312977099238,0.4732540540540541,0.22584899439498846,0.246520727970763,0.196957818360696,0.4001740696278511,0.47774952320406866
29-1031.00,0.39982094532728346,0.43627543035993743,0.4574619771863118,0.5723165840112582,0.47438596491228063,0.4987978142076503,0.3181649744311866,0.42194092827004215,0.27047156128728783,0.5411673753382296,0.5598238993710691,0.235,0.2638127490785264,0.4346666666666666,0.15419920252533645,0.2968641114982578,0.3962065331928345,0.0,0.24445505897989703,0.1558441558441558,0.19152941176470586,0.0,0.0015022985167305993,0.14254975793437333,0.0,0.0,0.0,0.0,0.0,0.0,0.0,0.0,0.0,0.0,0.08550607287449392,0.000914285714285715,0.0,0.0,0.0,0.0,0.18723404255319148,0.24475524475524474,0.0,0.049773755656108594,0.16825396825396827,0.0,0.0,0.13011908219575952,0.19805151024811218,0.0,0.3995572772551189,0.43053435114503813,0.5604324324324325,0.5281107814045499,0.5067739672929971,0.41024872409764496,0.6427851140456181,0.6395931341385888
29-1041.00,0.4578102427411643,0.4214084507042254,0.3959125475285171,0.4052949631625289,0.3377192982456141,0.26336065573770495,0.4862521307344549,0.5906449668474985,0.6115009211712595,0.5310243525318903,0.5338867924528302,0.26,0.29722903062847306,0.2577946768060836,0.4311831976518802,0.7013983739837399,0.5565068493150684,0.0,0.40518220080855066,0.2092352092352092,0.2317941176470588,0.5121032813340506,0.34502789267579403,0.57154384077461,0.4652716488730723,0.20461489960228926,0.10420557991388295,0.07224674232870952,0.0983721941222338,0.18950879320800484,0.0015360000000000013,0.020360445565363598,0.0,0.0,0.18951255060728742,0.0,0.003487723214285714,0.0,0.0,0.0,0.5585106382978724,0.38965034965034967,0.0,0.23981900452488686,0.41996190476190476,0.00625,0.0,0.11617775196049956,0.12014563106796115,0.0,0.40057185021213804,0.2885496183206107,0.41081081081081083,0.24727992087042533,0.3460814352689283,0.18446781036709092,0.3249939975990396,0.5235092180546727
29-1051.00,0.4896026207093008,0.5563380281690141,0.46572243346007614,0.5610282884686297,0.3217543859649123,0.2694672131147541,0.3610761135403544,0.3930078360458107,0.36564619183881464,0.500966370313104,0.6162767295597484,0.34708333333333335,0.3487099369468819,0.4182509505703422,0.23709641690203243,0.31358885017421606,0.46540217773094483,0.0009327935222672072,0.21338677521182922,0.22799422799422794,0.26588235294117646,0.2588757396449704,0.2028102997586307,0.32275416890801506,0.11266429418742586,0.11397807740809002,0.0,0.0,0.0,0.0015593866412544415,0.08260266666666666,0.09063682219419923,0.004273504273504274,0.0,0.18218623481781376,0.09523809523809523,0.055,0.0,0.03681885125184095,0.009596278451570026,0.5445957446808511,0.2876923076923077,0.0,0.049773755656108594,0.38095238095238093,0.0,0.0,0.065349985477781,0.2326051779935275,0.0,0.426351226710939,0.35782188295165396,0.41081081081081083,0.3403363006923838,0.285281848720883,0.2501844678103671,0.6229051620648258,0.6572917991099809
29-1061.00,0.5859971107086902,0.6045539906103287,0.5332699619771863,0.5079732994182765,0.38596491228070173,0.24385245901639344,0.8786407766990292,0.7459312839059674,0.5740170906667712,0.6061074603788171,0.24654088050314465,0.26,0.2532602391153853,0.22915082382762988,0.31860912665448304,0.6606271777003485,0.7807926472310033,0.0,0.23886858282106663,0.5202501202501203,0.29411764705882354,0.5739644970414202,0.3124780914799643,0.4538730500268962,0.30177935943060497,0.27797313027451737,0.2831245944830027,0.10639974779319042,0.17251016084847398,0.257125530624621,0.010133333333333334,0.17404897015552753,0.10256410256410256,0.0,0.22348178137651817,0.08761904761904761,0.13113839285714285,0.0,0.07100778455712184,0.0830702774547267,0.42970212765957455,0.26153846153846155,0.0,0.2206334841628959,0.32000000000000006,0.0,0.0012213740458015278,0.26633749636944526,0.4357133225458468,0.0,0.4521306032097399,0.4007633587786259,0.4518918918918919,0.2954170787998681,0.318394920447414,0.2174414314702084,0.4357743097238896,0.5135092180546726
29-1062.00,0.6470384764075122,0.6045539906103287,0.7129277566539924,0.5926355159879892,0.3217543859649123,0.30540983606557376,0.8495145631067961,0.5365400843881856,0.6512484810473914,0.28054116737533824,0.28176100628930817,0.16875,0.15856830130783767,0.2577946768060836,0.33314642520906024,0.44459930313588847,0.41271513874253596,0.0,0.17734811984272028,0.1714285714285714,0.26588235294117646,0.23238300161377082,0.17276432942401873,0.22189349112426035,0.12648161328588375,0.000873023571636435,0.0,0.0,0.0,0.0,0.0,0.0,0.0,0.0,0.06072874493927125,0.0,0.0,0.0,0.0,0.0,0.28900709219858156,0.1875524475524476,0.0,0.09954751131221717,0.26948571428571433,0.0,0.0,0.28231193726401393,0.22333468176914778,0.012286760046043017,0.4471499723298285,0.35782188295165396,0.5424432432432432,0.37091988130563797,0.3336778766288899,0.2501844678103671,0.4513805522208883,0.6572917991099809
29-1063.00,0.49443506216045746,0.5924256651017215,0.5931558935361217,0.526787125322657,0.4435508771929825,0.31868852459016395,0.6707181501519306,0.580168776371308,0.8017325859433185,0.5310243525318903,0.5880503144654088,0.2444,0.21043276516923307,0.4131812420785804,0.3476837237636374,0.5212543554006969,0.48401826484018273,0.0,0.24942543058093813,0.19047619047619047,0.26588235294117646,0.1849112426035503,0.11217162258255133,0.30338891877353413,0.10059311981020166,0.005759530507323698,0.0,0.0,0.0,0.0,0.04960000000000001,0.0,0.0,0.0,0.1088259109311741,0.05587301587301586,0.0,0.0,0.02892909741216074,0.0,0.319063829787234,0.24923076923076926,0.0,0.0743288084464555,0.24095238095238095,0.0,0.0,0.21783328492593668,0.13652912621359223,0.0,0.4521306032097399,0.3562340966921119,0.5244540540540541,0.2407649192218925,0.3626933441618369,0.20848705650863922,0.4057623049219688,0.576300063572791
29-1064.00,0.4896026207093008,0.5713928012519561,0.4888307984790875,0.5282922313950076,0.3217543859649123,0.29102459016393445,0.9393203883495146,0.6199517781796263,0.7276860961937988,0.4607653652879784,0.36533333333333334,0.19440000000000002,0.19364978389806722,0.3472750316856781,0.2712729135515313,0.3831637630662021,0.4292237442922375,0.0019433198380566818,0.25786398626571416,0.1904761904761905,0.23625,0.4538730500268962,0.3885945496609813,0.3660892953200645,0.2676156583629893,0.27009166747502183,0.05087395057116454,0.0009457755359394711,0.021391259945210774,0.010287620202720263,0.0,0.1559478772593527,0.07521367521367521,0.0,0.2127546558704453,0.09523809523809523,0.09040178571428571,0.0,0.03681885125184095,0.06549925236750291,0.3660425531914894,0.26010629370629373,0.0,0.18853695324283556,0.3127365079365079,0.0,0.0,0.23525994772001163,0.2616808252427184,0.0,0.4759269507470947,0.4075725190839694,0.4849249249249249,0.3699307616221563,0.30183838458414847,0.2640195535878989,0.42429771908763503,0.6048951048951049
29-1065.00,0.7263922518159807,0.5407824726134585,0.6875,0.6129544479647203,0.35368421052631577,0.30540983606557376,0.6063329133624843,0.5072332730560579,0.7580063502018737,0.5310243525318903,0.24654088050314465,0.16375,0.15362882855913332,0.4131812420785804,0.37152489339314393,0.45696631823461087,0.41271513874253596,0.0,0.1730630780306806,0.20952380952380953,0.2459411764705882,0.23534158149542764,0.11768005047723017,0.2509736417428725,0.11266429418742586,0.00875448637113202,0.0030720984644423037,0.0,0.0,0.0,0.0,0.0,0.0,0.0,0.06384453441295547,0.0019047619047619063,0.0016741071428571443,0.0,0.0,0.0,0.3425531914893617,0.19755524475524477,0.0,0.08295625942684764,0.2742857142857143,0.0,0.0,0.19078710426953235,0.26800161812297735,0.0018624141543475748,0.42479247371333706,0.3236641221374046,0.529009009009009,0.26871084734586215,0.32808520063494406,0.196957818360696,0.48072028811524603,0.6196058486967578
29-1066.00,0.6348302032677478,0.5563380281690141,0.5567965779467681,0.6920176699452895,0.5052210526315789,0.3831967213114755,0.45023345438375456,0.5906449668474985,0.5389831837246679,0.5610823347506765,0.6591194968553459,0.22559999999999997,0.1754074129511479,0.4879594423320659,0.3559907515091101,0.4343786295005807,0.35216163212738555,0.0,0.1946959627845157,0.1714285714285714,0.2317941176470588,0.0,0.0,0.1484669176976869,0.0,0.0,0.07569650616385834,0.0,0.10350609650908439,0.0,0.0,0.08209857082807902,0.0,0.11927480916030533,0.0019433198380566818,0.0419047619047619,0.0,0.0,0.03394347429693526,0.03738162485462702,0.23120567375886522,0.24923076923076926,0.0,0.00471342383107089,0.08380952380952379,0.0,0.0,0.08713331397037466,0.2326051779935275,0.0,0.5312672938572219,0.45801526717557245,0.8492492492492493,0.5281107814045499,0.541326737790247,0.41024872409764496,0.5542857142857143,0.725034965034965
29-1067.00,0.5341119498646917,0.5805946791862285,0.5406368821292776,0.5802635440732685,0.5263157894736842,0.4636680327868853,0.7633587786259541,0.7522603978300181,0.7094978636666537,0.6562659451101662,0.560377358490566,0.2444,0.2370946919378075,0.5092522179974651,0.4821537353934763,0.7707317073170732,0.6757405456035592,0.0,0.6230270809104502,0.5802789802789803,0.3388235294117647,0.669445938676708,0.9968051118210863,0.7665411511565358,0.43843416370106764,0.36375982151518094,0.1609779595367767,0.1559478772593527,0.22663694891629116,0.4109633544139305,0.0015360000000000013,0.20393284993694827,0.12854700854700854,0.0,0.27494089068825917,0.11520000000000001,0.14875,0.0,0.07670594010800197,0.04984216647283602,0.5595744680851064,0.34,0.0,0.2601809954751131,0.4828571428571429,0.0,0.0,0.24655242521057222,0.23702973300970873,0.0,0.426351226710939,0.37938931297709916,0.5668468468468468,0.5063501483679526,0.31861641256598616,0.16528315808891347,0.5919507803121248,0.6196058486967578
29-1069.01,0.621604574033003,0.5804460093896714,0.5090304182509505,0.5503044077031329,0.5405263157894737,0.41704918032786886,0.636329948862373,0.6317058468957202,0.6378424993140214,0.36142249710088903,0.4490566037735848,0.2916666666666667,0.23864295470278968,0.5688212927756655,0.4593509442321537,0.5333333333333332,0.4471080669710807,0.0,0.3404566096250761,0.29641654641654636,0.29411764705882354,0.026896180742334592,0.009389365729566236,0.2178590640129102,0.0014234875444839872,0.0018187991075759064,0.001474607262932307,0.0019703656998738984,0.0020701219301816893,0.003248722169280087,0.0032000000000000028,0.0,0.0,0.0,0.0728744939271255,0.0,0.0,0.0,0.0,0.0,0.2589503546099291,0.2876923076923077,0.0,0.1319758672699849,0.32000000000000006,0.0,0.0,0.15393552134766195,0.17745415318230853,0.0,0.40057185021213804,0.4335877862595419,0.5007807807807808,0.363996043521266,0.39412676732252944,0.23016971038553768,0.5642256902761105,0.5705657978385251
29-1069.02,0.43180662095346617,0.431924882629108,0.5119391634980989,0.5417930328639909,0.38315789473684214,0.29508196721311475,0.5405024827688432,0.6075949367088608,0.685978597467759,0.43081561654425976,0.4308176100628931,0.17685000000000003,0.17815780118622182,0.47433206590621035,0.40518220080855066,0.543842044134727,0.35216163212738555,0.0,0.32185578999833864,0.2092352092352092,0.13183823529411764,0.5121032813340506,0.26365338968622,0.4538730500268962,0.1708185053380783,0.17736928897080223,0.0022414030396571065,0.0019703656998738984,0.003146585333876168,0.04764792514944122,0.0,0.09063682219419923,0.07521367521367521,0.0,0.17878542510121453,0.07111111111111111,0.13950892857142858,0.0026666666666666687,0.043200785468826705,0.02554577172287756,0.4255319148936171,0.21922797202797203,0.0,0.10407239819004524,0.3961904761904762,0.0,0.0,0.10539645657856522,0.08722694174757281,0.0,0.3539937280944475,0.31170483460559795,0.44084084084084085,0.35113748763600394,0.4317342832884197,0.20848705650863922,0.4801920768307323,0.6276223776223776
29-1069.03,0.5554764278592793,0.5407824726134585,0.5546007604562738,0.5503044077031329,0.47438596491228063,0.31868852459016395,0.5432261172459795,0.6329113924050632,0.678383834424366,0.5610823347506765,0.560377358490566,0.2708333333333333,0.2638127490785264,0.4879594423320659,0.47696184305255585,0.6039488966318234,0.5243531202435312,0.0,0.3083984050506729,0.15584415584415579,0.26588235294117646,0.12049488972565897,0.038779332378539165,0.2588757396449704,0.014709371293001185,0.04546997768939762,0.10349776842767544,0.0,0.1545691041202327,0.010287620202720263,0.0,0.12347625052543083,0.026283760683760687,0.08396946564885495,0.18218623481781376,0.08761904761904761,0.036830357142857144,0.0,0.06574794866400169,0.05146369828875229,0.3102836879432624,0.280979020979021,0.0,0.08295625942684764,0.3466666666666667,0.0,0.0,0.13011908219575952,0.2616808252427184,0.0,0.4759269507470947,0.4075725190839694,0.66990990990991,0.5192878338278931,0.3626933441618369,0.24289798930086698,0.5114045618247299,0.7854545454545455
29-1069.04,0.6231306081754737,0.6134585289514868,0.6178707224334601,0.5610282884686297,0.6453052631578948,0.4453551912568306,0.6704309642036612,0.7703435804701626,0.8163145309866332,0.641283339775802,0.7056603773584906,0.3016666666666667,0.3049750219843958,0.4346666666666666,0.5165932879215817,0.7993588850174216,0.6622468095070835,0.0,0.5249003156670544,0.19047619047619047,0.21143382352941176,0.055675094136632595,0.022033711578715434,0.23534158149542764,0.0014234875444839872,0.0,0.0007078114862075072,0.0,0.000993658526487211,0.0015593866412544415,0.0,0.0,0.0,0.0,0.09234655870445345,0.0,0.0,0.0,0.0,0.0,0.3660425531914894,0.3064335664335664,0.0,0.1478129713423831,0.32825396825396824,0.0,0.0,0.19078710426953235,0.20352953074433655,0.0,0.5299391256225789,0.42213740458015264,0.6431135135135135,0.4615891856247939,0.49795119790320796,0.196957818360696,0.6428571428571429,0.5499046408137318
29-1069.05,0.576840905853867,0.6490610328638499,0.5546007604562738,0.6129544479647203,0.4298245614035088,0.3607377049180328,0.5432817016230639,0.703363471971067,0.6624593312688645,0.5610823347506765,0.6162767295597484,0.3091666666666667,0.2928134413531162,0.5092522179974651,0.39536606302265054,0.7421045296167248,0.542969207352769,0.016194331983805668,0.3476837237636374,0.20952380952380953,0.15205882352941177,0.49865519096288335,0.2937294059911665,0.4424744486282948,0.368208778173191,0.15156659229799205,0.10349776842767544,0.08669609079445144,0.09108536492799427,0.15437927748418953,0.04960000000000001,0.016419714165615804,0.0,0.0,0.07866558704453441,0.0,0.0,0.0,0.0,0.0,0.6319148936170212,0.34,0.005963740458015267,0.19984917043740572,0.34377142857142856,0.018999999999999996,0.021204410517387615,0.1603252977054894,0.168554476806904,0.008083394767133564,0.426351226710939,0.4783715012722646,0.5509909909909909,0.4451038575667655,0.3626933441618369,0.2174414314702084,0.6428571428571429,0.6196058486967578
29-1069.06,0.5786212790200826,0.5713928012519561,0.5332699619771863,0.5610282884686297,0.4150877192982456,0.3720081967213115,0.5835247906321798,0.6763110307414105,0.7305672063031634,0.5160572091225358,0.5094339622641509,0.2708333333333333,0.25767582839074216,0.3986717363751584,0.36343246386442934,0.6764227642276424,0.4756468797564688,0.04275303643724697,0.40518220080855066,0.23015873015873015,0.18661764705882353,0.6342119419042497,0.33851793243662803,0.628698224852071,0.4537366548042704,0.31343971287224753,0.20862743555966262,0.1471206389239176,0.22663694891629116,0.2869704582864074,0.0896,0.07224674232870952,0.0,0.0,0.015261538461538458,0.0,0.0,0.0,0.0,0.0,0.7769503546099291,0.34,0.0715648854961832,0.3054298642533937,0.4126984126984127,0.14256,0.07124681933842239,0.1603252977054894,0.168554476806904,0.04850036860280138,0.4794687327061427,0.4452926208651399,0.5424432432432432,0.5578635014836795,0.4753959171619477,0.17647420525118365,0.6947779111644657,0.6503496503496503
29-1069.07,0.5966183083402853,0.6021596244131455,0.5822243346007605,0.5802635440732685,0.4150877192982456,0.33401639344262296,0.6929519009856963,0.6856540084388185,0.9049429657794676,0.62620796289138,0.5868679245283019,0.2444,0.20206933971972232,0.4879594423320659,0.4854419338760591,0.7707317073170732,0.4566210045662101,0.0,0.32185578999833864,0.1656445406445406,0.17941176470588238,0.3181818181818181,0.17276432942401873,0.3991393222162454,0.17155871886120996,0.16732951789698322,0.0007078114862075072,0.0,0.000993658526487211,0.0015593866412544415,0.0,0.09063682219419923,0.0009846153846153854,0.0,0.032388663967611336,0.0,0.0008035714285714293,0.0,0.0,0.0,0.3574468085106383,0.2937062937062937,0.0,0.15879336349924583,0.4292063492063492,0.0,0.0,0.08945686900958466,0.1786677454153182,0.0,0.4521306032097399,0.4122137404580153,0.3427027027027027,0.3082756346851303,0.24715751781165782,0.17647420525118365,0.5753301320528211,0.3394278448823903
29-1069.08,0.4761226524508108,0.5407824726134585,0.4888307984790875,0.520954839292299,0.5336842105263158,0.4453551912568306,0.5029274438597793,0.5906449668474985,0.587981654972365,0.676459219172787,0.5880503144654088,0.21875,0.2370946919378075,0.4131812420785804,0.37152489339314393,0.49866666666666665,0.42149631190727077,0.0009327935222672072,0.46424516807886146,0.17316017316017313,0.15205882352941177,0.2509736417428725,0.18778731459132472,0.2588757396449704,0.13345195729537365,0.21643709380153264,0.07962879219834451,0.04925914249684741,0.0837985357337547,0.13150827341245774,0.010133333333333334,0.20393284993694827,0.13401709401709402,0.002862595419847331,0.18218623481781376,0.08761904761904761,0.09040178571428571,0.0,0.06574794866400169,0.04984216647283602,0.22163120567375885,0.24475524475524474,0.0,0.17906485671191555,0.22666666666666666,0.0,0.0,0.15393552134766195,0.15291262135922332,0.0,0.40057185021213804,0.3562340966921119,0.6010810810810812,0.5192878338278931,0.4121783749861567,0.17647420525118365,0.5822328931572629,0.6395931341385888
29-1069.09,0.5570635033674487,0.5805946791862285,0.6653992395437263,0.656978800580971,0.6921052631578947,0.5171584699453553,0.6238234640183801,0.6763110307414105,0.7556152248049861,0.6476691148047933,0.7056603773584906,0.2985666666666667,0.2638127490785264,0.5214195183776933,0.4132746303372654,0.6764227642276424,0.3962065331928345,0.0,0.38835354710084735,0.1558441558441558,0.25899999999999995,0.007767616998386228,0.007231063527196609,0.07668639053254438,0.011862396204033215,0.00875448637113202,0.0007078114862075072,0.0,0.0,0.050355193623841304,0.0,0.0,0.0,0.0,0.048582995951417005,0.0,0.0,0.0,0.0,0.0,0.3660425531914894,0.25748251748251744,0.0,0.12217194570135748,0.17857142857142858,0.0,0.0,0.06389776357827476,0.09270496224379718,0.0,0.6419479800774766,0.559796437659033,0.6183783783783784,0.6198483349818661,0.4872826608586511,0.30132816823464303,0.6257142857142857,0.8251748251748251
29-1069.10,0.4896026207093008,0.5804460093896714,0.47528517110266166,0.5926355159879892,0.4042105263157894,0.31258196721311476,0.6225450233454385,0.5738396624472573,0.5830818078475952,0.5310243525318903,0.49245283018867925,0.3091666666666667,0.22873126648829684,0.4544993662864385,0.47696184305255585,0.7707317073170732,0.5351027397260274,0.0,0.4311831976518802,0.322991822991823,0.20273529411764704,0.28240989779451314,0.17276432942401873,0.3356643356643357,0.27832028469750886,0.14395188670094095,0.05087395057116454,0.11493799915931062,0.14529495787301874,0.21224984839296546,0.0,0.07976040353089531,0.06410256410256411,0.0,0.08550607287449392,0.05587301587301586,0.06776785714285713,0.0,0.03681885125184095,0.04984216647283602,0.6205673758865249,0.3776223776223776,0.0,0.10751131221719457,0.4642857142857143,0.0,0.0,0.2541388324135928,0.1706614077669903,0.0,0.40057185021213804,0.37938931297709916,0.46906906906906903,0.2407649192218925,0.30183838458414847,0.2325063026501875,0.6392557022809124,0.5053528289891926
29-1069.11,0.610413656988219,0.5868544600938967,0.6074144486692016,0.6242427435073487,0.5131578947368421,0.41704918032786886,0.636329948862373,0.6199517781796263,0.6011524440437459,0.4607653652879784,0.4075471698113208,0.19440000000000002,0.16137481991505603,0.4346666666666666,0.40518220080855066,0.5909407665505227,0.542969207352769,0.0019433198380566818,0.4945727418729579,0.23015873015873015,0.28620588235294114,0.39335664335664344,0.2409937203922001,0.39335664335664344,0.2213807829181495,0.27009166747502183,0.14380370028115844,0.10639974779319042,0.17251016084847398,0.18950879320800484,0.010133333333333334,0.21571563682219416,0.14397264957264957,0.0,0.3044534412955465,0.1647238095238095,0.16601562499999997,0.0,0.07670594010800197,0.08070443595281608,0.3546099290780142,0.32744615384615383,0.0,0.3054298642533937,0.358095238095238,0.0,0.0,0.2204472843450479,0.37545509708737873,0.0,0.426351226710939,0.3806615776081425,0.5424432432432432,0.45507418397626115,0.5205064786444682,0.2939955727725512,0.5935654261704681,0.6713286713286714
29-1069.12,0.5127474718701039,0.5804460093896714,0.5119391634980989,0.6584839066533213,0.38596491228070173,0.29102459016393445,0.661861706069814,0.6317058468957202,0.6909960409235232,0.4607653652879784,0.3877358490566038,0.17685000000000003,0.16698785712949277,0.4435994930291508,0.47696184305255585,0.5212543554006969,0.5243531202435312,0.0019433198380566818,0.2712729135515313,0.2528258778258778,0.25058823529411767,0.4480903711672943,0.3715684998047012,0.5121032813340506,0.3138505338078292,0.27009166747502183,0.11671024950354891,0.08669609079445144,0.09108536492799427,0.19648271679805945,0.16000000000000003,0.21571563682219416,0.06410256410256411,0.0,0.28340080971659914,0.15333333333333332,0.07366071428571427,0.0,0.07100778455712184,0.08070443595281608,0.4531914893617021,0.2692307692307692,0.0,0.2828054298642534,0.4126984126984127,0.0,0.0,0.22828928260238165,0.24656148867313912,0.0,0.40057185021213804,0.37938931297709916,0.4264264264264264,0.28849324101549617,0.2907084056258997,0.24289798930086698,0.4657863145258103,0.47774952320406866
29-1071.00,0.5142124646468758,0.4578403755868545,0.44439163498098866,0.5001166457206071,0.3217543859649123,0.2766393442622951,0.45023345438375456,0.5365400843881856,0.5135039786758654,0.4684035562427522,0.4716981132075471,0.25,0.2638127490785264,0.4346666666666666,0.39536606302265054,0.44459930313588847,0.46540217773094483,0.0,0.3028603865536911,0.12337662337662333,0.2317941176470588,0.34181818181818174,0.17877352349094114,0.3854545454545455,0.13345195729537365,0.18036424483461053,0.014008768997856899,0.0009457755359394711,0.03764861750357097,0.0,0.02666666666666667,0.13135771332492643,0.11076923076923079,0.023854961832061067,0.242914979757085,0.12444444444444445,0.09765625,0.0,0.10407461953853708,0.07310184416015948,0.39148936170212767,0.2692307692307692,0.0,0.12217194570135748,0.3492063492063492,0.0,0.0,0.1270694162067964,0.147485167206041,0.0018624141543475748,0.40057185021213804,0.2903307888040712,0.5837837837837838,0.40949554896142426,0.3460814352689283,0.24289798930086698,0.4378391356542617,0.7552447552447553
29-1071.01,0.3494007772600566,0.4147104851330204,0.2680608365019011,0.3621661486593268,0.25052631578947365,0.16939890710382516,0.3610761135403544,0.369427365883062,0.3242522833287601,0.3961190568225744,0.25267924528301894,0.25,0.2683780193462682,0.4182509505703422,0.3559907515091101,0.5212543554006969,0.7284714904577918,0.0,0.33314642520906024,0.4267676767676768,0.27999999999999997,0.4706831629908553,0.38083267399120657,0.3706293706293707,0.3817034400948991,0.2828596372102047,0.24773402017262736,0.16419714165615804,0.3163836349961013,0.3168153859481937,0.18666666666666668,0.25811790668348045,0.09747692307692309,0.0,0.29700404858299595,0.1492063492063492,0.2193080357142857,0.0026666666666666687,0.1168384879725086,0.09170958631001827,0.37765957446808507,0.2692307692307692,0.0,0.2601809954751131,0.4126984126984127,0.0,0.052586938083121294,0.32762126052860874,0.3932038834951457,0.0,0.3329643977125991,0.2626564885496183,0.33512552552552555,0.2584899439498846,0.16242755361955036,0.13865830412592997,0.30623649459783914,0.47774952320406866
29-1081.00,0.4578102427411643,0.5606885758998436,0.4990494296577947,0.5079732994182765,0.35368421052631577,0.34229508196721314,0.5641814274068035,0.6199517781796263,0.6115009211712595,0.36858136838036337,0.4075471698113208,0.1910416666666667,0.2469736374352162,0.39999999999999997,0.39536606302265054,0.5909407665505227,0.46540217773094483,0.0,0.4311831976518802,0.1402597402597402,0.21764705882352942,0.32275416890801506,0.3124780914799643,0.37762237762237766,0.2590747330960854,0.21643709380153264,0.06488271956902143,0.08669609079445144,0.09108536492799427,0.15437927748418953,0.0,0.09063682219419923,0.0,0.0,0.1716599190283401,0.0,0.0,0.0,0.0,0.0,0.2589503546099291,0.2937062937062937,0.0,0.16496983408748112,0.32000000000000006,0.0,0.0,0.136508858553587,0.12978694714131606,0.0,0.5312672938572219,0.43053435114503813,0.4620012012012012,0.3956478733926805,0.318394920447414,0.24289798930086698,0.4357743097238896,0.543178639542276
29-1122.00,0.3052068284941095,0.3724569640062597,0.33269961977186313,0.4515318217051347,0.49894736842105264,0.48945355191256834,0.367264507522419,0.42194092827004215,0.36846850378268203,0.5310243525318903,0.3239748427672956,0.13440000000000002,0.13749134656762774,0.21596958174904943,0.3028603865536911,0.3637630662020906,0.35216163212738555,0.009353846153846152,0.33314642520906024,0.23015873015873015,0.2317941176470588,0.30984400215169444,0.18027582200767173,0.3356643356643357,0.11293001186239619,0.257323697739839,0.012288393857769215,0.0,0.013110772224484018,0.010287620202720263,0.152064,0.2735524379991593,0.15316239316239316,0.018129770992366408,0.28858299595141707,0.16825396825396827,0.16601562499999997,0.001280000000000001,0.09818360333824253,0.12493769729190896,0.1202127659574468,0.25748251748251744,0.0,0.1689291101055807,0.2355555555555556,0.0,0.0,0.21550972988672673,0.38641113807982747,0.0018624141543475748,0.42479247371333706,0.4071246819338422,0.49297297297297304,0.4315858885591824,0.38495330207833434,0.2640195535878989,0.5525210084033614,0.7378512396694216
29-1122.01,0.3052068284941095,0.39480438184663535,0.3768441064638784,0.4515318217051347,0.38596491228070173,0.3525409836065574,0.3181649744311866,0.2266425557564798,0.2081847046372153,0.24797835330498652,0.27916981132075475,0.19440000000000002,0.1255355773008775,0.3168567807351077,0.31860912665448304,0.3567386759581882,0.402470436717012,0.030121457489878545,0.3404566096250761,0.17316017316017313,0.26588235294117646,0.22404518558364708,0.03305056736807315,0.22754168908015063,0.11957295373665482,0.19279270540304588,0.007097776292247496,0.009484026902059685,0.009964186890607853,0.0015593866412544415,0.09999999999999999,0.13829340058848255,0.11965811965811966,0.0,0.16323886639676113,0.1111111111111111,0.11160714285714285,0.0,0.09818360333824253,0.0830702774547267,0.18723404255319148,0.26010629370629373,0.01377862595419847,0.15082956259426847,0.23142857142857143,0.014439999999999998,0.0746395250212044,0.12314841707812954,0.1887810140237325,0.018675875269985383,0.289153292750415,0.24402035623409668,0.4849249249249249,0.20236069897790968,0.2934770571080512,0.2501844678103671,0.4828571428571428,0.5629370629370629
29-1123.00,0.36319612590799033,0.43627543035993743,0.4574619771863118,0.5503044077031329,0.4042105263157894,0.30540983606557376,0.3556844289631661,0.4746835443037975,0.4384775195013916,0.3961190568225744,0.3877358490566038,0.185625,0.16976631055063893,0.3485424588086185,0.25786398626571416,0.40418118466898956,0.402470436717012,0.0009327935222672072,0.37883507780916,0.1558441558441558,0.2317941176470588,0.342119419042496,0.33122677696876224,0.342119419042496,0.1921708185053381,0.40100882723833553,0.03244135978451072,0.04334804539722572,0.026525162332061366,0.16676773802304426,0.22459733333333334,0.43442622950819676,0.27692307692307694,0.009064885496183206,0.41198380566801623,0.22666666666666663,0.29296875,0.0,0.156480117820324,0.07476324970925403,0.13297872340425532,0.25748251748251744,0.0,0.1161387631975867,0.20190476190476192,0.0,0.0,0.10165553296543711,0.147485167206041,0.0,0.3539937280944475,0.3330788804071247,0.5078486486486486,0.3403363006923838,0.30183838458414847,0.196957818360696,0.42016806722689076,0.6572917991099809
29-1124.00,0.3052068284941095,0.34824726134585293,0.30988593155893535,0.3349312542801454,0.30701754385964913,0.11885245901639346,0.2779218854220707,0.2833031946955998,0.13842068127474422,0.4607653652879784,0.31194968553459124,0.21875,0.21043276516923307,0.3333333333333333,0.3028603865536911,0.3567386759581882,0.4292237442922375,0.07866558704453441,0.3404566096250761,0.20952380952380953,0.2459411764705882,0.4480903711672943,0.30045970334611954,0.3496503496503497,0.3138505338078292,0.36375982151518094,0.19535597019327186,0.23939943253467844,0.373615605959191,0.2035865892748852,0.21333333333333335,0.30643127364438844,0.12854700854700854,0.0,0.16194331983805668,0.12444444444444445,0.15694754464285715,0.0,0.09818360333824253,0.09968433294567206,0.18723404255319148,0.31951328671328677,0.06297709923664122,0.29694570135746606,0.32825396825396824,0.088,0.047709923664122134,0.15393552134766195,0.22333468176914778,0.209521592364102,0.289153292750415,0.24580152671755726,0.3762258258258258,0.22584899439498846,0.17257927572077228,0.14376191354608622,0.367875150060024,0.44198982835346473
29-1125.00,0.3296233747736383,0.34824726134585293,0.3555133079847909,0.48088139011596837,0.3438175438596492,0.4164071038251367,0.3181649744311866,0.3930078360458107,0.34494923758378737,0.34316196366447627,0.21132075471698114,0.09333333333333334,0.11258349392856473,0.164958174904943,0.13706595780029907,0.3386759581881533,0.36880927291886195,0.02850202429149798,0.24942543058093813,0.17316017316017313,0.27999999999999997,0.24663797740720816,0.13270303564453614,0.24663797740720816,0.0930011862396204,0.2986225628091958,0.08601875700438451,0.028898696931483815,0.09108536492799427,0.010287620202720263,0.16000000000000003,0.23746847414880198,0.16235213675213678,0.20229007633587787,0.29700404858299595,0.2495238095238095,0.125,0.001280000000000001,0.19176485027000492,0.1329124439275627,0.13297872340425532,0.2692307692307692,0.023854961832061067,0.14177978883861234,0.15873015873015872,0.025,0.021204410517387615,0.1379262271275051,0.24656148867313912,0.04850036860280138,0.3529791551374285,0.3053435114503817,0.5501693693693694,0.5275304978569073,0.4317342832884197,0.349689479185882,0.5730432172869149,0.7378512396694216
29-1125.01,0.36319612590799033,0.34824726134585293,0.3959125475285171,0.43906954342607296,0.5621473684210526,0.4275956284153005,0.2842955606610836,0.42194092827004215,0.3242522833287601,0.30132199458832626,0.29323270440251575,0.09333333333333334,0.08232454581173874,0.2440456273764258,0.21338677521182922,0.27113588850174214,0.20580874604847207,0.0009327935222672072,0.37152489339314393,0.1714285714285714,0.11745588235294115,0.28240989779451314,0.18252926978276765,0.30338891877353413,0.067644128113879,0.0666893006111165,0.03686518157330764,0.0,0.07590447077332854,0.02551329810274625,0.0,0.07388871374527112,0.0,0.09404580152671756,0.018461538461538456,0.02952380952380953,0.0,0.0,0.02038186408584053,0.0438611064960957,0.217645390070922,0.24923076923076926,0.002862595419847331,0.007164404223227752,0.36111111111111116,0.0,0.0025445292620865164,0.07667731629392971,0.08722694174757281,0.0018624141543475748,0.4794687327061427,0.3806615776081425,0.7105105105105105,0.29665677546983177,0.40606888404887587,0.3255088237102625,0.41679471788715483,0.6713286713286714
29-1125.02,0.37743911123771545,0.3536776212832551,0.4292395437262358,0.46164613451132963,0.5473684210526316,0.5277459016393443,0.2842955606610836,0.2890295358649789,0.27635137783701147,0.34316196366447627,0.25267924528301894,0.11106666666666667,0.10571220087189179,0.4544993662864385,0.29494102010300716,0.3386759581881533,0.3260010537407798,0.0,0.2712729135515313,0.372053872053872,0.3161764705882353,0.35580419580419587,0.21908520035654552,0.37762237762237766,0.20139501779359434,0.13580366669900087,0.06783193409488607,0.0,0.0837985357337547,0.05908342718530713,0.025130666666666662,0.1471206389239176,0.07521367521367521,0.15458015267175573,0.1522267206477733,0.08380952380952379,0.046875,0.001280000000000001,0.06048811277088155,0.04614720053164979,0.12482269503546098,0.232027972027972,0.0,0.11312217194570136,0.20190476190476192,0.0,0.0,0.48388033691548066,0.5697141316073354,0.12125092150700348,0.5047039291643608,0.4075725190839694,0.6121321321321321,0.26871084734586215,0.3760751596589021,0.2640195535878989,0.4585114045618247,0.703064208518754
29-1126.00,0.28079028221458074,0.3116666666666667,0.33269961977186313,0.3450455670863404,0.2573684210526316,0.24385245901639344,0.3181649744311866,0.34388185654008435,0.34636039355572107,0.5059914959412446,0.26485534591194965,0.22559999999999997,0.22721574644039885,0.3472750316856781,0.21632884753835074,0.3386759581881533,0.5136986301369864,0.016194331983805668,0.1946959627845157,0.1714285714285714,0.2459411764705882,0.3356643356643357,0.30574779412501124,0.35580419580419587,0.2846975088967971,0.34920942865457366,0.13102377066907847,0.15631567885666245,0.1738902421352618,0.257125530624621,0.21333333333333335,0.19539459857082805,0.13401709401709402,0.0,0.2403238866396761,0.17523809523809522,0.24968749999999998,0.0,0.09229258713794797,0.09968433294567206,0.28900709219858156,0.2876923076923077,0.08396946564885495,0.25900452488687786,0.34377142857142856,0.03844000000000001,0.0326039016115352,0.3003194888178914,0.4055842098166128,0.07275055290420208,0.25110680686220255,0.22900763358778625,0.43052972972972975,0.22749752720079128,0.23256672450071983,0.2174414314702084,0.36821128451380547,0.576300063572791
29-1127.00,0.4896026207093008,0.431924882629108,0.4462357414448669,0.5926355159879892,0.623817543859649,0.4317349726775957,0.3293374342251537,0.42194092827004215,0.41452706675551726,0.40086586780054123,0.464,0.17685000000000003,0.1257975190375512,0.3472750316856781,0.3364346236916432,0.4850174216027875,0.43905865823674034,0.0,0.21970011629838845,0.1904761904761905,0.22433823529411764,0.05043033889187735,0.004757278636313559,0.171059709521248,0.0,0.015156659229799205,0.0007078114862075072,0.0,0.0,0.010287620202720263,0.0,0.025246952501050864,0.026283760683760687,0.0,0.08550607287449392,0.047619047619047616,0.021450892857142863,0.0,0.010957991444000281,0.009596278451570026,0.28900709219858156,0.23835524475524478,0.0,0.03506787330316743,0.18888888888888888,0.0,0.0,0.5905082776648273,0.591626213592233,0.024573520092086028,0.9532374100719425,0.559796437659033,0.5244540540540541,0.27621496867787676,0.3336778766288899,0.23634938203283523,0.537142857142857,0.5235092180546727
29-1128.00,0.4120292184670478,0.4777464788732394,0.46572243346007614,0.5417930328639909,0.4484210526315789,0.3831967213114755,0.34740235677758835,0.4746835443037975,0.43118654697973424,0.3961190568225744,0.43200000000000005,0.235,0.22721574644039885,0.2958783269961977,0.20507974746635652,0.25923344947735194,0.3105900948366702,0.0009327935222672072,0.2803621864097026,0.1558441558441558,0.15205882352941177,0.2283162990855299,0.11217162258255133,0.1815492200107585,0.12574139976275206,0.265241536521486,0.059692102003499725,0.04334804539722572,0.07590447077332854,0.11208091484016285,0.17920000000000003,0.21571563682219416,0.1887179487179487,0.005963740458015267,0.35368421052631577,0.23809523809523808,0.1925223214285714,0.03911111111111112,0.13040009818360335,0.1116464528991527,0.12482269503546098,0.22657342657342658,0.0,0.09954751131221717,0.13368888888888888,0.0,0.0,0.1728144060412431,0.24656148867313912,0.0018624141543475748,0.4759269507470947,0.4075725190839694,0.4771075075075075,0.3082756346851303,0.39730148768872975,0.20848705650863922,0.5730432172869149,0.6048951048951049
29-1131.00,0.2976376991474556,0.39123630672926446,0.3555133079847909,0.3679984346896848,0.3608771929824562,0.29713114754098363,0.561291039798414,0.5365400843881856,0.5740170906667712,0.4607653652879784,0.27295597484276735,0.235,0.22721574644039885,0.26996197718631176,0.227577947610345,0.3567386759581882,0.30477988525933736,0.0009327935222672072,0.3476837237636374,0.23015873015873015,0.27999999999999997,0.5121032813340506,0.36255470870431766,0.4841312533620227,0.33451957295373663,0.34193423222427005,0.11671024950354891,0.11493799915931062,0.12972764095805242,0.16243610846400416,0.015402666666666663,0.21571563682219416,0.11076923076923079,0.002862595419847331,0.20242914979757085,0.12444444444444445,0.11749999999999998,0.0,0.08766393155200225,0.06549925236750291,0.4255319148936171,0.2692307692307692,0.0,0.1689291101055807,0.38095238095238093,0.0,0.0,0.2795527156549521,0.26800161812297735,0.0,0.3529791551374285,0.2903307888040712,0.3837837837837838,0.2466205077481042,0.246520727970763,0.2174414314702084,0.42429771908763503,0.543178639542276
29-1141.00,0.4532321403137527,0.43627543035993743,0.46572243346007614,0.43347054883692926,0.3217543859649123,0.25614754098360654,0.5029274438597793,0.44725738396624476,0.530594645447062,0.500966370313104,0.4490566037735848,0.235,0.2370946919378075,0.5092522179974651,0.33314642520906024,0.44459930313588847,0.504185692541857,0.004048582995951417,0.2803621864097026,0.25079365079365074,0.29411764705882354,0.40344271113501884,0.3124780914799643,0.36363636363636365,0.20429893238434163,0.27797313027451737,0.14623188690745365,0.04925914249684741,0.13800812867877918,0.16676773802304426,0.18666666666666668,0.3448139974779319,0.12854700854700854,0.0715648854961832,0.41975708502024284,0.33269841269841266,0.29296875,0.022222222222222223,0.11045655375552284,0.10234258182422329,0.33156028368794327,0.33398601398601396,0.0,0.14177978883861234,0.34377142857142856,0.0,0.0,0.19604995643334303,0.4753236245954693,0.008083394767133564,0.5047039291643608,0.3826972010178117,0.6071351351351352,0.587616221562809,0.285281848720883,0.2174414314702084,0.4640996398559424,0.7323585505403688
29-1141.01,0.3494007772600566,0.39480438184663535,0.33269961977186313,0.4515318217051347,0.30701754385964913,0.26336065573770495,0.462628770473579,0.42194092827004215,0.36846850378268203,0.6129725550831079,0.29323270440251575,0.21,0.16266581847437644,0.4346666666666666,0.3083984050506729,0.31358885017421606,0.43905865823674034,0.0,0.2712729135515313,0.20952380952380953,0.27999999999999997,0.04034427111350188,0.03755746291826495,0.23534158149542764,0.02588849347568209,0.03307789310311379,0.09830715086215372,0.009484026902059685,0.1545691041202327,0.015637182708134797,0.006666666666666667,0.23644388398486757,0.02564102564102564,0.1793893129770992,0.0353425101214575,0.1111111111111111,0.01729910714285714,0.0,0.08766393155200225,0.12493769729190896,0.3425531914893617,0.25748251748251744,0.0,0.1319758672699849,0.38095238095238093,0.0,0.0,0.16337496369445254,0.21237864077669905,0.0,0.4521306032097399,0.3806615776081425,0.6183783783783784,0.4915924826904055,0.285281848720883,0.2640195535878989,0.5263385354141656,0.7094723458359823
29-1141.02,0.42372881355932207,0.43627543035993743,0.47528517110266166,0.5079732994182765,0.4110526315789474,0.35928961748633875,0.563662639887349,0.44725738396624476,0.41452706675551726,0.5411673753382296,0.35471698113207545,0.171875,0.18452859842460756,0.36045627376425854,0.3083984050506729,0.33031358885017426,0.3962065331928345,0.0009327935222672072,0.23207758763914277,0.18831168831168826,0.2317941176470588,0.007767616998386228,0.003129788576522079,0.15737493275954814,0.0,0.000873023571636435,0.05406893297418453,0.0,0.11178658422981114,0.0,0.0,0.14777742749054223,0.0,0.16698473282442747,0.02850202429149798,0.09523809523809523,0.0,0.0,0.05322953923837575,0.08070443595281608,0.23829787234042557,0.25748251748251744,0.0,0.04675716440422323,0.28285714285714286,0.0,0.0,0.11617775196049956,0.21069309600863,0.0,0.42479247371333706,0.3806615776081425,0.6511711711711712,0.45507418397626115,0.4753959171619477,0.4758039722068499,0.49411164465786317,0.6572917991099809
29-1141.03,0.38150853561763687,0.3724569640062597,0.33269961977186313,0.4515318217051347,0.3684210526315789,0.2694672131147541,0.45023345438375456,0.42194092827004215,0.36846850378268203,0.5736374178585234,0.4490566037735848,0.22559999999999997,0.22721574644039885,0.4879594423320659,0.5062095032397408,0.6514471544715448,0.7098114974827302,0.0,0.2803621864097026,0.4267676767676768,0.3094117647058824,0.46960731576116194,0.28243212114535243,0.45454545454545453,0.19572953736654805,0.2917656901736347,0.13025697489235366,0.09063682219419923,0.24949109502549696,0.18950879320800484,0.20053333333333334,0.30643127364438844,0.13675213675213677,0.1793893129770992,0.3264777327935222,0.18575238095238095,0.28125,0.0,0.11615470930640298,0.13993022096693805,0.3102836879432624,0.2937062937062937,0.0,0.2828054298642534,0.3657142857142857,0.0,0.0,0.3345919256462387,0.45631067961165045,0.003880029488224114,0.4794687327061427,0.4335877862595419,0.5837837837837838,0.5578635014836795,0.39412676732252944,0.2640195535878989,0.48072028811524603,0.7616528925619835
29-1141.04,0.3922518159806296,0.43627543035993743,0.4030418250950571,0.5079732994182765,0.4484210526315789,0.3525409836065574,0.40298673386200257,0.42194092827004215,0.36846850378268203,0.43081561654425976,0.3830943396226415,0.25,0.2370946919378075,0.420532319391635,0.33314642520906024,0.4343786295005807,0.43905865823674034,0.0019433198380566818,0.29494102010300716,0.2964165464165464,0.27999999999999997,0.32275416890801506,0.2409937203922001,0.32275416890801506,0.21755634638196916,0.2986225628091958,0.12288393857769216,0.09851828499369482,0.14628861639950594,0.2035865892748852,0.17280000000000004,0.21509825556956702,0.11965811965811966,0.13603053435114504,0.2623481781376518,0.22666666666666663,0.15625,0.0,0.09818360333824253,0.11629838843661738,0.23829787234042557,0.25748251748251744,0.0,0.15082956259426847,0.3657142857142857,0.0,0.0,0.28612256752831833,0.3577063106796117,0.0,0.4521306032097399,0.4335877862595419,0.529009009009009,0.5275304978569073,0.4753959171619477,0.3255088237102625,0.6229051620648258,0.7323585505403688
29-1151.00,0.4532321403137527,0.4578403755868545,0.35266159695817495,0.4515318217051347,0.3936842105263158,0.3193306010928962,0.6127621729785815,0.44725738396624476,0.39057661400964294,0.6129725550831079,0.4245283018867924,0.25,0.2532602391153853,0.5214195183776933,0.39536606302265054,0.45696631823461087,0.5565068493150684,0.0,0.3559907515091101,0.41798941798941797,0.301,0.342119419042496,0.30045970334611954,0.3706293706293707,0.296085409252669,0.30555825007275195,0.13102377066907847,0.17507356031946195,0.23806402197089405,0.24257125530624626,0.0015360000000000013,0.14777742749054223,0.12854700854700854,0.0,0.18218623481781376,0.11936507936507935,0.15694754464285715,0.0,0.05478995722000141,0.07443096859943514,0.37234042553191493,0.25748251748251744,0.0,0.15987933634992457,0.3961904761904762,0.0,0.0326039016115352,0.3145164101074644,0.4055842098166128,0.0,0.3469839513004981,0.3318066157760814,0.49124324324324325,0.27621496867787676,0.246520727970763,0.20848705650863922,0.4057623049219688,0.6572917991099809
29-1161.00,0.4120292184670478,0.48375586854460095,0.4230608365019012,0.5001166457206071,0.3217543859649123,0.26336065573770495,0.5029274438597793,0.5072332730560579,0.39057661400964294,0.4236567452647855,0.3306666666666667,0.17685000000000003,0.16137481991505603,0.38022813688212925,0.2712729135515313,0.3386759581881533,0.43905865823674034,0.0,0.25786398626571416,0.2754930254930254,0.27999999999999997,0.3496503496503497,0.26290224042785465,0.32275416890801506,0.19572953736654805,0.24553787952274714,0.022856412575450742,0.0,0.017251016084847397,0.0,0.0015360000000000013,0.2532313997477932,0.13675213675213677,0.0013740458015267186,0.242914979757085,0.11936507936507935,0.1478794642857143,0.0,0.08240409565888211,0.03738162485462702,0.23829787234042557,0.2692307692307692,0.0,0.2206334841628959,0.358095238095238,0.0,0.0,0.16994481556781876,0.23702973300970873,0.0,0.426351226710939,0.3826972010178117,0.6071351351351352,0.3461918892185954,0.246520727970763,0.1719778023734858,0.4321368547418968,0.6810934520025428
29-1171.00,0.5341119498646917,0.5258215962441315,0.4230608365019012,0.5503044077031329,0.42105263157894735,0.29102459016393445,0.5222708070851554,0.5072332730560579,0.5644623887734703,0.5310243525318903,0.4490566037735848,0.25,0.2370946919378075,0.4879594423320659,0.39536606302265054,0.44459930313588847,0.48401826484018273,0.0,0.21338677521182922,0.1714285714285714,0.25899999999999995,0.36363636363636365,0.25310725409877116,0.3854545454545455,0.18647686832740215,0.31343971287224753,0.08651029275869526,0.009484026902059685,0.10626625908265996,0.006768171186000174,0.152064,0.21571563682219416,0.1052991452991453,0.05206106870229008,0.2127546558704453,0.16825396825396827,0.1325,0.0,0.09818360333824253,0.07476324970925403,0.3425531914893617,0.2937062937062937,0.0,0.10751131221719457,0.358095238095238,0.0,0.0,0.2795527156549521,0.42475728155339804,0.012286760046043017,0.5047039291643608,0.43053435114503813,0.6251243243243244,0.4315858885591824,0.4121783749861567,0.28514111787493085,0.5426170468187275,0.703064208518754
29-1181.00,0.4394978330315176,0.5192175273865415,0.4790874524714829,0.4891594735138959,0.3377192982456141,0.29102459016393445,0.4682427925591047,0.5021097046413502,0.5066441927011878,0.36142249710088903,0.29323270440251575,0.235,0.11693827530076527,0.38022813688212925,0.3476837237636374,0.37630662020905925,0.43905865823674034,0.0009327935222672072,0.24445505897989703,0.17316017316017313,0.1462205882352941,0.3356643356643357,0.212545194147045,0.49865519096288335,0.23060498220640568,0.12125327383839364,0.07569650616385834,0.03694435687263556,0.04554268246399713,0.10673135233474833,0.0,0.05779739386296762,0.0,0.0,0.1716599190283401,0.0,0.0,0.0,0.0,0.0,0.39148936170212767,0.24923076923076926,0.0,0.09954751131221717,0.17523809523809522,0.0,0.0,0.5257043276212606,0.568871359223301,0.15706359368331196,0.4759269507470947,0.43053435114503813,0.517957957957958,0.3403363006923838,0.275591568533353,0.18446781036709092,0.42016806722689076,0.5235092180546727
29-1199.01,0.30266343825665865,0.31690140845070425,0.25190114068441066,0.31042812742228015,0.25052631578947365,0.21148907103825137,0.2690654413399541,0.36166365280289325,0.3880678922817608,0.22960958639350604,0.31194968553459124,0.09114583333333334,0.13319737309858362,0.04239290240811154,0.2242897491277621,0.47781649245063873,0.28758342114506497,0.006153846153846155,0.3404566096250761,0.12337662337662335,0.16180147058823527,0.3706293706293707,0.22960128997365975,0.4800968262506724,0.10628706998813763,0.2249248229702202,0.0007078114862075072,0.0,0.0020701219301816893,0.02551329810274625,0.020266666666666662,0.11034047919293821,0.10568205128205128,0.0,0.18218623481781376,0.08761904761904761,0.09765625,0.0,0.032873974332000844,0.04984216647283602,0.217645390070922,0.16671328671328675,0.0,0.0942684766214178,0.19714285714285712,0.0,0.0,0.14522218995062447,0.15291262135922332,0.0,0.3119350673307507,0.22900763358778625,0.43052972972972975,0.1490273656445763,0.1845767654767618,0.10914345446719546,0.23679471788715487,0.5363254926891291
29-1199.04,0.49443506216045746,0.5407824726134585,0.5332699619771863,0.43906954342607296,0.5052210526315789,0.34229508196721314,0.5432261172459795,0.6492585895117541,0.636980126220062,0.5310243525318903,0.5094339622641509,0.21875,0.2370946919378075,0.3333333333333333,0.37152489339314393,0.5646922183507549,0.43905865823674034,0.0,0.32185578999833864,0.19047619047619047,0.26588235294117646,0.15129101667563208,0.0876340801426182,0.2509736417428725,0.009015421115065241,0.03410248326704821,0.0030720984644423037,0.0,0.004312754021211849,0.033570129082560865,0.0015360000000000013,0.012478982765868007,0.0009846153846153854,0.0,0.02850202429149798,0.0,0.008058035714285712,0.0,0.0,0.0,0.33156028368794327,0.2692307692307692,0.0,0.0915837104072398,0.23809523809523808,0.0,0.0,0.12231193726401395,0.147485167206041,0.0,0.4794687327061427,0.4075725190839694,0.6626018018018018,0.2584899439498846,0.34896083281036583,0.1540921109266433,0.375750300120048,0.725034965034965
29-1199.05,0.39982094532728346,0.375774647887324,0.4358365019011407,0.39509034399199283,0.3438175438596492,0.26336065573770495,0.4835840806344031,0.4421338155515371,0.45188350123476145,0.3238345574023966,0.3509433962264151,0.12395833333333334,0.11945478698523769,0.24030418250950572,0.29494102010300716,0.5212543554006969,0.41271513874253596,0.0,0.29494102010300716,0.20952380952380953,0.16180147058823527,0.30338891877353413,0.22960128997365975,0.3660892953200645,0.22835112692763937,0.12765544669706083,0.0007078114862075072,0.0,0.0,0.033570129082560865,0.0,0.07224674232870952,0.009873504273504271,0.005963740458015267,0.040161943319838064,0.0,0.008058035714285712,0.0,0.0,0.0,0.14574468085106385,0.35255384615384616,0.0,0.08446455505279035,0.36111111111111116,0.0,0.0,0.09410397908800465,0.252831715210356,0.0,0.40057185021213804,0.3118982188295165,0.46906906906906903,0.16485328058028353,0.2699988925394071,0.12107237287093399,0.4513805522208883,0.5492689129052766
29-2011.00,0.3341404358353511,0.39480438184663535,0.21482889733840302,0.246461119347386,0.2288140350877193,0.21148907103825137,0.2573186096494479,0.36166365280289325,0.34494923758378737,0.4884112872052571,0.45849056603773586,0.25,0.2532602391153853,0.39999999999999997,0.37152489339314393,0.543842044134727,0.5122351012761971,0.0,0.3559907515091101,0.2528258778258778,0.14235294117647057,0.4381387842926305,0.3124780914799643,0.42764927380312,0.3469750889679715,0.1882457076341061,0.10349776842767544,0.1471206389239176,0.21425761977380467,0.257125530624621,0.19353600000000004,0.12347625052543083,0.060170940170940164,0.0,0.12955465587044535,0.10285714285714287,0.10491071428571426,0.0,0.07100778455712184,0.06645622196378136,0.4531914893617021,0.38965034965034967,0.0,0.24769230769230763,0.5357142857142857,0.0,0.0,0.18472262561719432,0.28970300701186624,0.0,0.270890979524073,0.20737913486005086,0.28060060060060055,0.16485328058028353,0.21744988740817303,0.11913546086207955,0.4057623049219688,0.3610934520025429
29-2011.01,0.3509878527682259,0.40384976525821603,0.3564638783269962,0.4756586720449123,0.27223859649122806,0.1871584699453552,0.2842955606610836,0.44725738396624476,0.39057661400964294,0.4884112872052571,0.4490566037735848,0.22559999999999997,0.21043276516923307,0.22915082382762988,0.2836503848922856,0.543842044134727,0.48401826484018273,0.0,0.3559907515091101,0.25079365079365074,0.09375,0.3496503496503497,0.2409937203922001,0.4090909090909091,0.21755634638196916,0.1606605878358716,0.059692102003499725,0.020360445565363598,0.017251016084847397,0.041626960062375484,0.0,0.03694435687263556,0.0,0.0,0.07866558704453441,0.0,0.003487723214285714,0.0,0.0,0.0,0.37765957446808507,0.280979020979021,0.0,0.15879336349924583,0.4549587301587302,0.0,0.0,0.10165553296543711,0.12978694714131606,0.0,0.21309721453606348,0.17099236641221377,0.22450450450450452,0.19782393669634024,0.07965410314149654,0.0818575908503966,0.3306602641056422,0.2409917355371901
29-2011.02,0.2861314017132277,0.32403755868544604,0.20152091254752855,0.2351728238047576,0.15350877192982457,0.11133879781420765,0.3112725116727192,0.2890295358649789,0.27635137783701147,0.30132199458832626,0.3509433962264151,0.19440000000000002,0.1402697999887739,0.2534854245880862,0.25786398626571416,0.616548199767712,0.54337899543379,0.0,0.3559907515091101,0.2528258778258778,0.15788235294117647,0.5285099515868746,0.30045970334611954,0.6010973641742873,0.3084223013048636,0.265241536521486,0.08601875700438451,0.08209857082807902,0.13524796610520362,0.2035865892748852,0.0,0.028898696931483815,0.017094017094017096,0.0,0.04498137651821864,0.009168253968253966,0.008058035714285712,0.0,0.010957991444000281,0.004153513872736335,0.48936170212765956,0.20839160839160842,0.0,0.15879336349924583,0.5288888888888889,0.0,0.0,0.08281150159744409,0.147485167206041,0.0,0.19627375023058474,0.12270737913486003,0.21859939939939937,0.18067919551599076,0.07965410314149654,0.05575539568345324,0.3306602641056422,0.18949777495232042
29-2011.03,0.17905467271654424,0.28647887323943666,0.19011406844106465,0.1994265545864345,0.1319298245614035,0.11475409836065574,0.22974875861557847,0.1350210970464135,0.09799694249539416,0.43081561654425976,0.31194968553459124,0.20052083333333331,0.21043276516923307,0.2534854245880862,0.24445505897989703,0.6401858304297329,0.49394099051633295,0.0,0.31860912665448304,0.20952380952380953,0.17470588235294118,0.5547337278106509,0.33122677696876224,0.6094674556213019,0.3269276393831554,0.2986225628091958,0.09240872181042449,0.1559478772593527,0.33208205963331244,0.2295763666291259,0.0,0.16419714165615804,0.08547008547008547,0.0,0.16194331983805668,0.06349206349206349,0.0625,0.0,0.04909180166912127,0.01661405549094534,0.46391489361702126,0.2692307692307692,0.0,0.25452488687782804,0.4549587301587302,0.0,0.0,0.1603252977054894,0.2730582524271845,0.0,0.1807784541597491,0.12722646310432567,0.21859939939939937,0.1450708869106495,0.19501458156447266,0.07436358605423353,0.2817767106842737,0.20185632549268917
29-2012.00,0.2390786823203858,0.2042253521126761,0.2912927756653992,0.2061995319120115,0.27223859649122806,0.2315573770491803,0.2598569628696361,0.10488245931283906,0.09658578652346048,0.4708156165442598,0.31194968553459124,0.24,0.23127584335884147,0.3472750316856781,0.2803621864097026,0.3637630662020906,0.42149631190727077,0.0,0.31860912665448304,0.19047619047619047,0.2317941176470588,0.342119419042496,0.31848728554688677,0.43972027972027977,0.30177935943060497,0.2986225628091958,0.11671024950354891,0.13135771332492643,0.14628861639950594,0.2035865892748852,0.1472,0.12347625052543083,0.10256410256410256,0.0,0.21862348178137653,0.14222222222222222,0.125,0.0,0.08766393155200225,0.07443096859943514,0.31914893617021284,0.25748251748251744,0.0,0.19984917043740572,0.4038095238095238,0.0,0.0,0.18036595991867557,0.38641113807982747,0.0,0.19627375023058477,0.12881424936386768,0.245045045045045,0.16485328058028353,0.111262874229392,0.11104962184098875,0.3457382953181272,0.3610934520025429
29-2021.00,0.28079028221458074,0.2066666666666667,0.30988593155893535,0.2701213868047351,0.19228070175438597,0.1346448087431694,0.3181649744311866,0.1506931886678722,0.14699541374309125,0.15066099729416316,0.21132075471698114,0.07833333333333332,0.09302673676726475,0.13307984790874525,0.1053954145206845,0.2968641114982578,0.3783222105139913,0.0,0.21338677521182922,0.19047619047619047,0.26588235294117646,0.5043033889187735,0.3588290083828257,0.546831629908553,0.3269276393831554,0.2917656901736347,0.11010400896561218,0.11916771752837328,0.10350609650908439,0.27072684744000697,0.0,0.12347625052543083,0.11076923076923079,0.0,0.20113360323886637,0.10666666666666666,0.2193080357142857,0.0,0.07952871870397646,0.0830702774547267,0.31914893617021284,0.25748251748251744,0.0,0.18853695324283556,0.3333333333333333,0.0,0.0,0.16337496369445254,0.2616808252427184,0.0,0.25110680686220255,0.1743002544529262,0.2719711711711712,0.16485328058028353,0.2699988925394071,0.087253274303634,0.3249939975990396,0.41645263827082013
29-2031.00,0.3052068284941095,0.2535211267605634,0.33269961977186313,0.3292419533266607,0.28596491228070176,0.15300546448087432,0.3610761135403544,0.31050030138637735,0.27635137783701147,0.3177425589485891,0.24654088050314465,0.185625,0.16976631055063893,0.3292167300380228,0.3559907515091101,0.4343786295005807,0.5660197869101978,0.0,0.2657833527163981,0.23015873015873015,0.26588235294117646,0.37762237762237766,0.30574779412501124,0.35580419580419587,0.3138505338078292,0.27797313027451737,0.09830715086215372,0.1559478772593527,0.21563770106059246,0.24257125530624626,0.1472,0.16419714165615804,0.09025641025641025,0.0,0.3348987854251012,0.11936507936507935,0.16601562499999997,0.001280000000000001,0.08766393155200225,0.06878218973251371,0.2914893617021277,0.2692307692307692,0.0,0.15082956259426847,0.28408888888888884,0.0,0.0,0.2117339529480105,0.252831715210356,0.0,0.283194982475558,0.22589312977099238,0.36758678678678675,0.16485328058028353,0.14287164531728747,0.14376191354608622,0.35320528211284513,0.44198982835346473
29-2032.00,0.2868944187844629,0.3536776212832551,0.30988593155893535,0.35821524521940684,0.292280701754386,0.25008196721311476,0.22511672719187725,0.1879927667269439,0.18662537728822856,0.18981059141863166,0.27295597484276735,0.12395833333333334,0.099631410556252,0.3013333333333333,0.3559907515091101,0.511033681765389,0.4756468797564688,0.0,0.3559907515091101,0.1904761904761905,0.2459411764705882,0.4034427111350188,0.3124780914799643,0.32275416890801506,0.4009489916963226,0.34920942865457366,0.19317355144413204,0.1471206389239176,0.17251016084847398,0.21658147795200558,0.12953599999999998,0.1847217843631778,0.14397264957264957,0.0,0.2697975708502024,0.1647238095238095,0.28125,0.0,0.10957991444000281,0.07310184416015948,0.3425531914893617,0.25748251748251744,0.0,0.33597285067873306,0.3724190476190476,0.0,0.0,0.3145164101074644,0.2844356796116505,0.0,0.289153292750415,0.22589312977099238,0.3686486486486486,0.22584899439498846,0.2699988925394071,0.14757424829367274,0.35320528211284513,0.3989319771137953
29-2033.00,0.3433576820558732,0.3116666666666667,0.3127376425855513,0.3450455670863404,0.27223859649122806,0.1993237704918033,0.2779218854220707,0.2260397830018083,0.20285367096546586,0.4684035562427522,0.3239748427672956,0.265,0.26942578629296315,0.38022813688212925,0.20200614720053164,0.3386759581881533,0.43905865823674034,0.0,0.33314642520906024,0.1402597402597402,0.1985294117647059,0.32275416890801506,0.2711348362995383,0.2912533620225927,0.30177935943060497,0.18187991075759047,0.07569650616385834,0.1471206389239176,0.16384325036744668,0.09529585029888243,0.08260266666666666,0.12347625052543083,0.12854700854700854,0.0,0.20113360323886637,0.11936507936507935,0.09232142857142854,0.0,0.08766393155200225,0.07310184416015948,0.3660425531914894,0.23835524475524478,0.0,0.14177978883861234,0.358095238095238,0.0,0.0,0.11617775196049956,0.12978694714131606,0.0,0.30741560597675704,0.19083969465648853,0.3762258258258258,0.24727992087042533,0.19501458156447266,0.10483920555863,0.34439375750300116,0.44198982835346473
29-2034.00,0.3052068284941095,0.34824726134585293,0.33269961977186313,0.36870583454368944,0.27223859649122806,0.1993237704918033,0.2945971985473949,0.24773960216998192,0.20285367096546586,0.21473521453420955,0.22822641509433964,0.09893333333333335,0.099631410556252,0.13307984790874525,0.21970011629838845,0.33031358885017426,0.48401826484018273,0.009353846153846152,0.25786398626571416,0.1904761904761905,0.21143382352941176,0.35580419580419587,0.28844131521227473,0.35580419580419587,0.3138505338078292,0.2917656901736347,0.15630836987082442,0.23939943253467844,0.19407393095453324,0.18950879320800484,0.152064,0.3940731399747793,0.20341880341880342,0.0366793893129771,0.41198380566801623,0.21428571428571427,0.2511160714285714,0.0026666666666666687,0.10407461953853708,0.10765907958132581,0.2589503546099291,0.25748251748251744,0.023854961832061067,0.20814479638009045,0.3657142857142857,0.056249999999999994,0.021204410517387615,0.16994481556781876,0.22333468176914778,0.032333579068534256,0.2663715181700793,0.24732824427480918,0.3663663663663663,0.26871084734586215,0.16058178596478279,0.0818575908503966,0.2817767106842737,0.40623013350286075
29-2035.00,0.3296233747736383,0.34824726134585293,0.3127376425855513,0.3870003988531092,0.30701754385964913,0.26336065573770495,0.19037649151411842,0.19529837251356238,0.1793932029320685,0.36858136838036337,0.21132075471698114,0.16875,0.1754074129511479,0.30038022813688214,0.2803621864097026,0.42519860627177697,0.43905865823674034,0.004048582995951417,0.3083984050506729,0.20952380952380953,0.26588235294117646,0.3356643356643357,0.30045970334611954,0.32275416890801506,0.296085409252669,0.26190707149093023,0.1658933170798844,0.3160794976881042,0.3074131066319807,0.29888243957376764,0.07406933333333336,0.1559478772593527,0.11965811965811966,0.022480916030534346,0.1716599190283401,0.1111111111111111,0.109375,0.0,0.07670594010800197,0.07443096859943514,0.319063829787234,0.2876923076923077,0.0,0.20814479638009045,0.34377142857142856,0.0,0.0,0.24655242521057222,0.4357133225458468,0.0,0.23132263420033203,0.1743002544529262,0.2681081081081081,0.16485328058028353,0.2699988925394071,0.2174414314702084,0.3249939975990396,0.3827590591226955
29-2041.00,0.3235192382037561,0.27,0.35266159695817495,0.2393118655037214,0.30701754385964913,0.26336065573770495,0.3610761135403544,0.42194092827004215,0.36846850378268203,0.4607653652879784,0.3239748427672956,0.17685000000000003,0.16976631055063893,0.4879594423320659,0.4311831976518802,0.49866666666666665,0.5960221285563752,0.27494089068825917,0.38835354710084735,0.23015873015873015,0.3490588235294117,0.546831629908553,0.41713822147886265,0.4634534696073158,0.3469750889679715,0.5559462605490348,0.38708440651973025,0.21571563682219416,0.4754380032983943,0.37360304946720957,0.47519999999999996,0.5569567044976882,0.13675213675213677,0.24755725190839692,0.41198380566801623,0.2644444444444444,0.36272321428571425,0.034168888888888894,0.20096956308296518,0.23724871241069947,0.2589503546099291,0.4468195804195805,0.22656488549618325,0.43438914027149317,0.38095238095238093,0.188,0.2926208651399491,0.25094394423467903,0.5056634304207119,0.28970886845406696,0.5047039291643608,0.3826972010178117,0.4518918918918919,0.5281107814045499,0.22108604968806525,0.18446781036709092,0.3457382953181272,0.6048951048951049
29-2051.00,0.1994017946161516,0.18866979655712052,0.22338403041825095,0.1881382590438061,0.30701754385964913,0.24385245901639344,0.11487437930778922,0.18836648583484028,0.10975657559484146,0.21473521453420955,0.3306666666666667,0.20052083333333331,0.2005210769547402,0.2715437262357414,0.1730630780306806,0.27113588850174214,0.3783222105139913,0.0009327935222672072,0.29494102010300716,0.1402597402597402,0.22433823529411764,0.2588757396449704,0.17877352349094114,0.2528240989779451,0.12574139976275206,0.1606605878358716,0.08601875700438451,0.08209857082807902,0.12075711259393178,0.2869704582864074,0.17280000000000004,0.1471206389239176,0.11965811965811966,0.0,0.21214574898785427,0.12444444444444445,0.16601562499999997,0.0,0.08766393155200225,0.07443096859943514,0.17340425531914894,0.25748251748251744,0.0,0.15879336349924583,0.3127365079365079,0.0,0.0,0.24655242521057222,0.3577063106796117,0.0,0.21309721453606348,0.12722646310432567,0.25657657657657656,0.16485328058028353,0.23256672450071983,0.13642931808399433,0.3249939975990396,0.4501462174189447
29-2052.00,0.3052068284941095,0.31298904538341155,0.30988593155893535,0.15987236700506466,0.14210526315789476,0.0891393442622951,0.14244423034165868,0.1879927667269439,0.08623730939594684,0.28567452647854663,0.4075471698113208,0.23143333333333335,0.26942578629296315,0.21596958174904943,0.20507974746635652,0.2787456445993032,0.46540217773094483,0.0,0.18431217810267483,0.17316017316017313,0.20458823529411763,0.30984400215169444,0.30574779412501124,0.342119419042496,0.12574139976275206,0.12765544669706083,0.018894634395705948,0.0009457755359394711,0.026525162332061366,0.09529585029888243,0.16000000000000003,0.12347625052543083,0.0765811965811966,0.0,0.23611336032388666,0.13368888888888888,0.15694754464285715,0.001280000000000001,0.08240409565888211,0.05146369828875229,0.397872340425532,0.3002461538461539,0.0,0.12217194570135748,0.3657142857142857,0.0,0.0,0.08945686900958466,0.26800161812297735,0.0,0.37677550267478327,0.21068702290076335,0.23326366366366366,0.16485328058028353,0.12182066521466277,0.0353563303203591,0.17092436974789912,0.3989319771137953
29-2053.00,0.3052068284941095,0.2535211267605634,0.33269961977186313,0.3450455670863404,0.28596491228070176,0.26336065573770495,0.3181649744311866,0.3303194695599759,0.27635137783701147,0.26478546579049095,0.30157232704402515,0.09333333333333334,0.11258349392856473,0.18960709759188848,0.1730630780306806,0.3386759581881533,0.35216163212738555,0.016194331983805668,0.21338677521182922,0.17316017316017313,0.2317941176470588,0.24663797740720816,0.13270303564453614,0.24663797740720816,0.10059311981020166,0.14395188670094095,0.11671024950354891,0.04925914249684741,0.19407393095453324,0.003248722169280087,0.16000000000000003,0.3940731399747793,0.09435897435897436,0.24045801526717558,0.2312550607287449,0.19714285714285712,0.1325,0.0,0.12327740374500316,0.15779365343080248,0.1410496453900709,0.3002461538461539,0.04437022900763359,0.0942684766214178,0.11936507936507935,0.014439999999999998,0.012247667514843085,0.08945686900958466,0.18962378640776698,0.07275055290420208,0.2922339051835454,0.22900763358778625,0.6071351351351352,0.3224530168150346,0.32808520063494406,0.279007563180225,0.375750300120048,0.5308328035600763
29-2054.00,0.3433576820558732,0.29000000000000004,0.30988593155893535,0.2185715038267322,0.25052631578947365,0.21148907103825137,0.3181649744311866,0.3164556962025316,0.30183058288581394,0.33629686896018557,0.23396226415094346,0.18229166666666669,0.1402697999887739,0.30038022813688214,0.39536606302265054,0.3637630662020906,0.504185692541857,0.0,0.37152489339314393,0.15584415584415579,0.23529411764705885,0.35580419580419587,0.27542139473394295,0.3706293706293707,0.3138505338078292,0.23375206130565526,0.09830715086215372,0.06157392812105926,0.13800812867877918,0.19648271679805945,0.16000000000000003,0.2532313997477932,0.12406153846153849,0.0366793893129771,0.22348178137651817,0.1388888888888889,0.23018973214285712,0.0,0.09229258713794797,0.06549925236750291,0.217645390070922,0.2692307692307692,0.0,0.21210407239819004,0.3055555555555556,0.0,0.0,0.3145164101074644,0.45631067961165045,0.008083394767133564,0.3119350673307507,0.24732824427480918,0.3807807807807808,0.24727992087042533,0.246520727970763,0.11913546086207955,0.33853541416566624,0.576300063572791
29-2055.00,0.3052068284941095,0.15424100156494522,0.19011406844106465,0.1881382590438061,0.27223859649122806,0.14382513661202187,0.23733602608760102,0.12477396021699816,0.09658578652346048,0.2597603401623502,0.21132075471698114,0.1325,0.199262821112504,0.39999999999999997,0.29494102010300716,0.42519860627177697,0.6174262381454162,0.0009327935222672072,0.3559907515091101,0.39518999518999515,0.25899999999999995,0.521785906401291,0.431440103358138,0.41742872512103285,0.2846975088967971,0.3334465030555825,0.13025697489235366,0.09063682219419923,0.1807906485692007,0.21658147795200558,0.17280000000000004,0.3448139974779319,0.13675213675213677,0.0,0.37311740890688255,0.17523809523809522,0.28125,0.0,0.09862192299600253,0.12493769729190896,0.3102836879432624,0.34,0.0,0.38009049773755654,0.38765714285714287,0.0,0.04240882103477523,0.3145164101074644,0.45631067961165045,0.0018624141543475748,0.3539937280944475,0.14249363867684478,0.25657657657657656,0.2584899439498846,0.14950718003617705,0.12224066900325893,0.3249939975990396,0.37635092180546725
29-2056.00,0.28079028221458074,0.2723004694835681,0.33269961977186313,0.2393118655037214,0.27223859649122806,0.21148907103825137,0.2945971985473949,0.34388185654008435,0.25424326761005056,0.3455740239659838,0.4101383647798742,0.25,0.2532602391153853,0.38022813688212925,0.2803621864097026,0.4117909407665505,0.43905865823674034,0.0,0.33314642520906024,0.17316017316017313,0.25058823529411767,0.3991393222162454,0.31848728554688677,0.37762237762237766,0.2676156583629893,0.2917656901736347,0.15262185171349363,0.04925914249684741,0.1545691041202327,0.21658147795200558,0.22459733333333334,0.3783102143757881,0.14397264957264957,0.0,0.4284631578947369,0.2571428571428572,0.3482142857142857,0.0,0.11371765200925729,0.08070443595281608,0.2589503546099291,0.25748251748251744,0.0,0.14177978883861234,0.32825396825396824,0.0,0.0,0.23525994772001163,0.5056634304207119,0.0018624141543475748,0.33163622947795607,0.21068702290076335,0.29309309309309306,0.20236069897790968,0.23256672450071983,0.13758224189878865,0.30424969987995193,0.41645263827082013
29-2057.00,0.2976376991474556,0.25,0.26045627376425856,0.24533228979312316,0.19228070175438597,0.07581967213114756,0.16808715630326837,0.12477396021699816,0.13842068127474422,0.18981059141863166,0.23396226415094346,0.1864333333333333,0.1402697999887739,0.2958783269961977,0.14597524505731851,0.27113588850174214,0.2403407095187917,0.0009327935222672072,0.21632884753835074,0.13708513708513706,0.12682352941176467,0.3496503496503497,0.2028102997586307,0.41608391608391615,0.2213807829181495,0.11882820836162576,0.0007078114862075072,0.0,0.000993658526487211,0.02551329810274625,0.11733333333333332,0.055170239596469106,0.07521367521367521,0.002862595419847331,0.1716599190283401,0.06257777777777777,0.08370535714285714,0.0,0.06048811277088155,0.04984216647283602,0.2936170212765958,0.21922797202797203,0.0,0.12217194570135748,0.26948571428571433,0.0,0.0,0.07057798431600348,0.11124595469255663,0.0018624141543475748,0.2922339051835454,0.20916030534351143,0.29160360360360355,0.22584899439498846,0.12182066521466277,0.079136690647482,0.27783913565426166,0.48719643992371264
29-2061.00,0.3052068284941095,0.39480438184663535,0.33269961977186313,0.30666536224140395,0.30701754385964913,0.21148907103825137,0.3181649744311866,0.34388185654008435,0.2572419740504096,0.31310398144569,0.23396226415094346,0.17354166666666668,0.21651355548487283,0.3239543726235741,0.3404566096250761,0.32061324041811845,0.3962065331928345,0.0009327935222672072,0.22476740322312677,0.19047619047619047,0.28582352941176464,0.4090909090909091,0.25238615081074045,0.3496503496503497,0.22835112692763937,0.3282568629352992,0.15262185171349363,0.0735603194619588,0.18286077049938243,0.22801697998787146,0.16000000000000003,0.4177175283732661,0.17230769230769233,0.2146946564885496,0.37311740890688255,0.2911111111111111,0.2368526785714286,0.0,0.1860403955396592,0.2182688154178435,0.28900709219858156,0.22657342657342658,0.0,0.15987933634992457,0.3492063492063492,0.0,0.0,0.26633749636944526,0.4357133225458468,0.0,0.39955727725511897,0.27888040712468193,0.529009009009009,0.5618199802176063,0.285281848720883,0.2501844678103671,0.38355342136854736,0.7616528925619835
29-2071.00,0.1994017946161516,0.22309859154929576,0.16112167300380226,0.2116555414242819,0.15859649122807015,0.12841530054644806,0.04632031423701178,0.11746835443037976,0.06554035514091958,0.18981059141863166,0.27295597484276735,0.11041666666666666,0.0773850730630344,0.15437262357414452,0.09816830038212326,0.20162601626016263,0.36043788783514813,0.0,0.07787838511380628,0.08085618085618086,0.07941176470588236,0.12772458310919851,0.15924364277344338,0.2912533620225927,0.06263345195729536,0.05092637501212533,0.0,0.0,0.0,0.020575240405440523,0.006666666666666667,0.024629571248423705,0.017094017094017096,0.0,0.06072874493927125,0.05587301587301586,0.04324776785714287,0.0,0.016436987166000422,0.0009569695962784524,0.2936170212765958,0.140979020979021,0.0,0.0,0.09777777777777776,0.0,0.0,0.022329363926808024,0.10534654800431498,0.0,0.1612248662608375,0.08956743002544527,0.18246246246246248,0.018542696999670292,0.030510539333308714,0.04035233351780114,0.13565426170468187,0.2231404958677686
29-2081.00,0.3052068284941095,0.2926447574334899,0.33269961977186313,0.37627651808761214,0.292280701754386,0.1804098360655738,0.1162084043578152,0.18836648583484028,0.09658578652346048,0.1530730575956707,0.25267924528301894,0.18229166666666669,0.2005210769547402,0.20050697084917615,0.18967713352162596,0.20162601626016263,0.32014693829762325,0.0,0.31860912665448304,0.1558441558441558,0.20458823529411763,0.4090909090909091,0.31848728554688677,0.4370629370629371,0.22835112692763937,0.24553787952274714,0.05087395057116454,0.055170239596469106,0.0983721941222338,0.2869704582864074,0.0,0.05779739386296762,0.017094017094017096,0.01377862595419847,0.18218623481781376,0.0,0.010602678571428568,0.0,0.0,0.0,0.319063829787234,0.2692307692307692,0.002862595419847331,0.25452488687782804,0.38095238095238093,0.0,0.0,0.038338658146964855,0.16518338727076592,0.0,0.33163622947795607,0.24402035623409668,0.3016216216216216,0.16485328058028353,0.31008896600095986,0.2174414314702084,0.30424969987995193,0.4675270184361094
29-2091.00,0.39982094532728346,0.43627543035993743,0.4358365019011407,0.4756586720449123,0.3779368421052632,0.3678688524590164,0.2945971985473949,0.44725738396624476,0.36846850378268203,0.4236567452647855,0.4716981132075471,0.21875,0.1402697999887739,0.13307984790874525,0.25786398626571416,0.2545876887340302,0.29636459430979983,0.0,0.6152392423990696,0.12337662337662333,0.16176470588235295,0.32275416890801506,0.33122677696876224,0.4236148466917698,0.23914590747330963,0.3282568629352992,0.02764888617998073,0.03694435687263556,0.13524796610520362,0.13150827341245774,0.08,0.17404897015552753,0.09435897435897436,0.009064885496183206,0.18218623481781376,0.07111111111111111,0.11160714285714285,0.0,0.043200785468826705,0.02554577172287756,0.3468085106382979,0.280979020979021,0.0,0.24769230769230763,0.32000000000000006,0.0,0.0,0.12231193726401395,0.22333468176914778,0.0,0.4521306032097399,0.35782188295165396,0.4468948948948949,0.2584899439498846,0.275591568533353,0.16528315808891347,0.3814165666266507,0.633490146217419
29-2092.00,0.30984597228722,0.2723004694835681,0.3110741444866921,0.25398664970913826,0.2163157894736842,0.1993237704918033,0.17231156896168387,0.18836648583484028,0.18662537728822856,0.11596443757247776,0.23396226415094346,0.140625,0.1473422268789642,0.3292167300380228,0.2836503848922856,0.3637630662020906,0.402470436717012,0.0,0.3623040925956693,0.2092352092352092,0.16864705882352943,0.32867132867132864,0.31848728554688677,0.4090909090909091,0.21352313167259784,0.17051241633524106,0.00921629539332691,0.0,0.013110772224484018,0.003248722169280087,0.0,0.05090111391340899,0.0,0.0,0.012307692307692304,0.0,0.0,0.0,0.0,0.0,0.2589503546099291,0.2692307692307692,0.0,0.2356711915535445,0.29111111111111115,0.0,0.0,0.42477490560557657,0.5360032362459547,0.024573520092086028,0.40057185021213804,0.2885496183206107,0.3156756756756756,0.22156280909990111,0.3460814352689283,0.23016971038553768,0.4657142857142857,0.55631277813096
29-2099.01,0.2415610311921379,0.30769953051643195,0.30988593155893535,0.2701213868047351,0.20381754385964915,0.19142076502732241,0.3181649744311866,0.369427365883062,0.27635137783701147,0.4684035562427522,0.25267924528301894,0.16065000000000002,0.13319737309858362,0.27782002534854244,0.2523259677687324,0.4117909407665505,0.43905865823674034,0.0,0.29494102010300716,0.1904761904761905,0.16864705882352943,0.3284346422807961,0.18578424990235062,0.41608391608391615,0.2609727164887307,0.2082161218352896,0.08257800672420912,0.04334804539722572,0.10665268184296055,0.10673135233474833,0.0015360000000000013,0.12347625052543083,0.026283760683760687,0.005963740458015267,0.12696356275303644,0.049168253968253965,0.1220703125,0.0,0.04909180166912127,0.03738162485462702,0.23829787234042557,0.25748251748251744,0.0013740458015267186,0.11312217194570136,0.29622857142857145,0.0014400000000000012,0.0012213740458015278,0.16994481556781876,0.24656148867313912,0.0018624141543475748,0.270890979524073,0.22589312977099238,0.28864864864864864,0.16485328058028353,0.07965410314149654,0.096046239931132,0.33853541416566624,0.3827590591226955
29-2099.05,0.3922518159806296,0.30769953051643195,0.3127376425855513,0.26866143391455516,0.19736842105263158,0.12841530054644806,0.2148150893055659,0.1447377938517179,0.1793932029320685,0.2372477773482799,0.25267924528301894,0.20523333333333335,0.15362882855913332,0.26996197718631176,0.1730630780306806,0.37630662020905925,0.34141201264488935,0.0009327935222672072,0.2836503848922856,0.17316017316017313,0.10808823529411762,0.3991393222162454,0.23536010095446033,0.45454545454545453,0.2676156583629893,0.17736928897080223,0.05406893297418453,0.04334804539722572,0.05175304825454219,0.16243610846400416,0.1472,0.07224674232870952,0.067391452991453,0.0,0.1716599190283401,0.06984126984126983,0.07366071428571427,0.0,0.05322953923837575,0.02554577172287756,0.397872340425532,0.24923076923076926,0.0,0.1319758672699849,0.32825396825396824,0.0,0.0,0.08281150159744409,0.11124595469255663,0.0018624141543475748,0.3539937280944475,0.22900763358778625,0.3663663663663663,0.22584899439498846,0.13156631843183578,0.06744604316546761,0.30424969987995193,0.5117609663064209
29-2099.06,0.3052068284941095,0.3116666666666667,0.33269961977186313,0.2393118655037214,0.27223859649122806,0.21148907103825137,0.22083673015637742,0.1702833031946956,0.13842068127474422,0.3961190568225744,0.27295597484276735,0.129375,0.099631410556252,0.1520912547528517,0.15506451791548984,0.3831637630662021,0.41271513874253596,0.0009327935222672072,0.39536606302265054,0.1402597402597402,0.1985294117647059,0.363098440021517,0.29194667841797955,0.3840774610005379,0.3701067615658363,0.4092297992045786,0.13025697489235366,0.07388871374527112,0.14628861639950594,0.14294377544832365,0.1408,0.3783102143757881,0.19230769230769232,0.08945610687022901,0.41198380566801623,0.19714285714285712,0.28125,0.0,0.13609825373448345,0.0947399900315667,0.26595744680851063,0.2876923076923077,0.0,0.23981900452488686,0.26948571428571433,0.0,0.0,0.1603252977054894,0.13652912621359223,0.0,0.33163622947795607,0.26876335877862595,0.3297297297297297,0.18067919551599076,0.16058178596478279,0.096046239931132,0.30424969987995193,0.3989319771137953
29-2099.07,0.3296233747736383,0.3116666666666667,0.2912927756653992,0.28220738856570915,0.2573684210526316,0.2315573770491803,0.2779218854220707,0.24412296564195302,0.21908196464270313,0.3732199458832625,0.23396226415094346,0.15625,0.19060938874024735,0.4879594423320659,0.3559907515091101,0.45696631823461087,0.6095597705186746,0.0019433198380566818,0.4132746303372654,0.3475228475228475,0.26588235294117646,0.6455083378160301,0.4531933858803971,0.6648735879505111,0.4500308422301305,0.46894703656998743,0.07373036314661528,0.16419714165615804,0.4754380032983943,0.5955990643680152,0.1408,0.42691256830601093,0.26871794871794874,0.405,0.4284631578947369,0.24480000000000002,0.30214285714285716,0.008444444444444445,0.1479328844940038,0.24027911613224784,0.4255319148936171,0.3002461538461539,0.0,0.3457767722473605,0.6547619047619048,0.0,0.11195928753180659,0.42477490560557657,0.5360032362459547,0.012286760046043017,0.37677550267478327,0.3826972010178117,0.31067867867867865,0.27299703264094954,0.1814574181402045,0.1719778023734858,0.24849939975990393,0.4675270184361094
29-9011.00,0.3235192382037561,0.3724569640062597,0.38735741444866917,0.48088139011596837,0.3377192982456141,0.2766393442622951,0.44167346031275484,0.42194092827004215,0.36846850378268203,0.43081561654425976,0.3446540880503145,0.27,0.24270772915224426,0.4544993662864385,0.31860912665448304,0.5973333333333334,0.54337899543379,0.048582995951417005,0.3476837237636374,0.20952380952380953,0.2317941176470588,0.05301775147928994,0.03305056736807315,0.2283162990855299,0.09990984578884934,0.11882820836162576,0.0093391793319046,0.020360445565363598,0.16384325036744668,0.0,0.03306666666666667,0.0305406683480454,0.0211965811965812,0.0,0.11336032388663968,0.024406349206349213,0.01729910714285714,0.0,0.01358790939056035,0.11629838843661738,0.28900709219858156,0.4151048951048951,0.029580152671755722,0.24769230769230763,0.3333333333333333,0.018999999999999996,0.1538931297709924,0.273017717107174,0.4357133225458468,0.07056480295916917,0.37677550267478327,0.3562340966921119,0.4188588588588589,0.26871084734586215,0.4872826608586511,0.256686958125807,0.4001740696278511,0.40940877304513673
29-9012.00,0.3052068284941095,0.3724569640062597,0.35266159695817495,0.41390416989637346,0.30701754385964913,0.2227185792349727,0.2538353220188246,0.369427365883062,0.30183058288581394,0.20971008890606885,0.27295597484276735,0.20523333333333335,0.16976631055063893,0.25976172370088724,0.22476740322312677,0.4117909407665505,0.54337899543379,0.11336032388663968,0.1730630780306806,0.1402597402597402,0.15205882352941177,0.14254975793437333,0.11768005047723017,0.23534158149542764,0.1693950177935943,0.19912212629741002,0.06783193409488607,0.06567885666246322,0.13973323028726392,0.07147188772416183,0.13333333333333333,0.05779739386296762,0.060170940170940164,0.0,0.15380728744939273,0.08761904761904761,0.109375,0.0,0.057858194824321474,0.08772221299219139,0.17100709219858154,0.33398601398601396,0.0536736641221374,0.2748868778280543,0.29111111111111115,0.056249999999999994,0.10300254452926207,0.14522218995062447,0.2844356796116505,0.2263350534797398,0.2298468917173953,0.3083358778625955,0.2681081081081081,0.16485328058028353,0.285281848720883,0.18446781036709092,0.3601440576230492,0.3394278448823903
29-9091.00,0.3235192382037561,0.32403755868544604,0.35266159695817495,0.43347054883692926,0.38596491228070173,0.3359357923497268,0.42233009708737873,0.42194092827004215,0.410489592724707,0.43081561654425976,0.26485534591194965,0.07833333333333332,0.0773850730630344,0.3292167300380228,0.29494102010300716,0.5212543554006969,0.41271513874253596,0.0009327935222672072,0.40825580107437565,0.1558441558441558,0.20705882352941177,0.35580419580419587,0.28844131521227473,0.35580419580419587,0.1601423487544484,0.42559899117276173,0.06144196928884608,0.05779739386296762,0.06072357661866284,0.09529585029888243,0.17280000000000004,0.3940731399747793,0.24923076923076926,0.06297709923664122,0.38866396761133604,0.26948571428571433,0.17438616071428573,0.027555555555555555,0.2109413352970054,0.0830702774547267,0.17100709219858154,0.3002461538461539,0.0,0.23981900452488686,0.28285714285714286,0.0,0.0,0.19604995643334303,0.3577063106796117,0.0,0.4794687327061427,0.37938931297709916,0.4518918918918919,0.27299703264094954,0.31008896600095986,0.11913546086207955,0.544717887154862,0.6276223776223776
29-9092.00,0.4394978330315176,0.6045539906103287,0.4990494296577947,0.656978800580971,0.3608771929824562,0.29713114754098363,0.3181649744311866,0.5906449668474985,0.48269373995531345,0.5736374178585234,0.31194968553459124,0.2756,0.22721574644039885,0.4346666666666666,0.31860912665448304,0.3831637630662021,0.41271513874253596,0.0,0.24445505897989703,0.1558441558441558,0.21143382352941176,0.0,0.0,0.15129101667563208,0.0006832740213523137,0.0,0.0,0.0,0.0,0.0,0.0,0.0,0.0,0.0,0.0009327935222672072,0.0,0.0,0.0,0.0,0.0,0.18723404255319148,0.23835524475524478,0.0,0.0,0.17777777777777778,0.0,0.0,0.08945686900958466,0.12641585760517798,0.0,0.39955727725511897,0.31170483460559795,0.5078486486486486,0.16485328058028353,0.2699988925394071,0.2501844678103671,0.375750300120048,0.3989319771137953
29-9099.01,0.3922518159806296,0.32403755868544604,0.3959125475285171,0.32138529962899137,0.31456140350877193,0.21174863387978143,0.5222708070851554,0.4520795660036166,0.410489592724707,0.36142249710088903,0.29323270440251575,0.13685,0.15362882855913332,0.30038022813688214,0.3364346236916432,0.45696631823461087,0.4946727549467275,0.0,0.23709641690203243,0.322991822991823,0.20273529411764704,0.37654653039268426,0.15548789648161687,0.28240989779451314,0.09489916963226572,0.257323697739839,0.08601875700438451,0.07976040353089531,0.1252009743373885,0.19648271679805945,0.0032000000000000028,0.18127364438839846,0.12406153846153849,0.0,0.19271255060728743,0.1388888888888889,0.16601562499999997,0.0026666666666666687,0.06574794866400169,0.06549925236750291,0.18723404255319148,0.18164475524475526,0.0,0.19984917043740572,0.23809523809523808,0.0,0.0,0.2073772872494917,0.2326051779935275,0.0,0.4521306032097399,0.31170483460559795,0.5936432432432432,0.3184965380811078,0.275591568533353,0.13758224189878865,0.4001740696278511,0.5499046408137318
31-1011.00,0.22254664577695488,0.12093896713615024,0.2912927756653992,0.2061995319120115,0.292280701754386,0.21148907103825137,0.20560661083524792,0.1350210970464135,0.13829328524950021,0.1939543873212215,0.19441509433962265,0.09333333333333334,0.08793758302617548,0.14378707224334603,0.20629118901257132,0.2968641114982578,0.26672813487881986,0.04275303643724697,0.29494102010300716,0.17316017316017313,0.26588235294117646,0.32275416890801506,0.22406281610864623,0.30338891877353413,0.09489916963226572,0.14395188670094095,0.09830715086215372,0.004104928541403951,0.12972764095805242,0.0,0.17280000000000004,0.35561160151324084,0.16235213675213678,0.14694656488549615,0.3507303643724696,0.2571428571428572,0.28125,0.0,0.16436987166000422,0.19442432297723874,0.17730496453900707,0.2751384615384615,0.005963740458015267,0.1689291101055807,0.17857142857142858,0.00625,0.005301102629346904,0.16994481556781876,0.2326051779935275,0.018675875269985383,0.23132263420033203,0.1743002544529262,0.3507507507507507,0.16485328058028353,0.2768651482151427,0.20365246264526835,0.3457382953181272,0.5363254926891291
31-1013.00,0.2868944187844629,0.22309859154929576,0.3127376425855513,0.2393118655037214,0.27223859649122806,0.2182377049180328,0.2945971985473949,0.18497890295358652,0.17890321821959157,0.18981059141863166,0.21132075471698114,0.07291666666666667,0.07244560031433007,0.12395437262357413,0.2523259677687324,0.3386759581881533,0.3962065331928345,0.03643724696356275,0.11993271307526168,0.19047619047619047,0.2459411764705882,0.2781065088757396,0.1502298516730598,0.2178590640129102,0.10628706998813763,0.24163352410515085,0.21504689251096124,0.08209857082807902,0.3074131066319807,0.07147188772416183,0.21333333333333335,0.4173497267759563,0.13675213675213677,0.19083969465648853,0.3264777327935222,0.25305396825396825,0.140625,0.0,0.19176485027000492,0.21133078584482476,0.1202127659574468,0.30615384615384617,0.01377862595419847,0.20814479638009045,0.23809523809523808,0.014439999999999998,0.012247667514843085,0.18472262561719432,0.4151159654800432,0.018675875269985383,0.27089097952407304,0.19242748091603054,0.529009009009009,0.3403363006923838,0.2934770571080512,0.25525733259546207,0.33133253301320525,0.5895486331849967
31-1014.00,0.2274401285938104,0.14788732394366194,0.21096958174904945,0.12755773963170053,0.1319298245614035,0.09686475409836066,0.19037649151411845,0.10488245931283906,0.08623730939594684,0.13451874758407423,0.1761006289308176,0.08166666666666668,0.09936946881957827,0.17743979721166034,0.11170875560724373,0.1737514518002323,0.22721285563751317,0.0019433198380566818,0.144985324250983,0.06902356902356901,0.10808823529411762,0.30984400215169444,0.2028102997586307,0.2781065088757396,0.13285883748517202,0.19279270540304588,0.08601875700438451,0.0009457755359394711,0.11178658422981114,0.020575240405440523,0.238464,0.4994877049180328,0.18119658119658122,0.13167938931297707,0.41198380566801623,0.2911111111111111,0.30691964285714285,0.020942222222222216,0.1479328844940038,0.13025419504901148,0.15886524822695036,0.20839160839160842,0.0,0.12669683257918554,0.21428571428571427,0.0,0.0,0.18472262561719432,0.22333468176914778,0.0018624141543475748,0.30741560597675704,0.1590330788804071,0.35122162162162157,0.1862842070557204,0.08697257189265013,0.079136690647482,0.21428571428571427,0.6369993642720916
31-1015.00,0.12761714855433703,0.07692488262910799,0.1203041825095057,0.08428594005162514,0.08425263157894738,0.05844262295081967,0.0805973467724005,0.056962025316455674,0.03723883814824977,0.04793196752995749,0.13679245283018868,0.04106666666666666,0.046513368383632375,0.15209125475285173,0.11170875560724373,0.08594657375145182,0.18294110759864185,0.0353425101214575,0.11629838843661738,0.022318422318422314,0.07941176470588236,0.1960731576116192,0.2503830861217663,0.24068854222700373,0.18294661921708186,0.2249248229702202,0.09634100784491065,0.04334804539722572,0.19407393095453324,0.11208091484016285,0.17280000000000004,0.6065048339638504,0.3938461538461539,0.5,0.5473684210526315,0.34920634920634924,0.3691071428571429,0.03333333333333333,0.21589873062627116,0.29905299883701614,0.07978723404255321,0.2147916083916084,0.009064885496183206,0.15271493212669685,0.10285714285714287,0.0,0.0,0.16994481556781876,0.22333468176914778,0.012286760046043017,0.21014572957018998,0.08549618320610688,0.24814894894894893,0.10096933728981207,0.03604784229761157,0.05343417573633401,0.12785114045618248,0.37220597584233944
31-2011.00,0.28079028221458074,0.3306885758998435,0.33269961977186313,0.41390416989637346,0.30701754385964913,0.26336065573770495,0.2945971985473949,0.1663652802893309,0.1528164321273176,0.26478546579049095,0.21132075471698114,0.11041666666666666,0.08793758302617548,0.22813688212927757,0.144985324250983,0.2545876887340302,0.35216163212738555,0.0009327935222672072,0.2803621864097026,0.1714285714285714,0.26588235294117646,0.2781065088757396,0.24665738580027446,0.30984400215169444,0.20139501779359434,0.27797313027451737,0.059692102003499725,0.05779739386296762,0.0837985357337547,0.09529585029888243,0.09386666666666665,0.3612337116435477,0.14397264957264957,0.0,0.22247125506072876,0.17523809523809522,0.17745535714285712,0.0,0.15053650326109827,0.14886193719887025,0.14184397163120566,0.25748251748251744,0.0,0.1368325791855204,0.1507555555555556,0.0,0.0,0.13011908219575952,0.19805151024811218,0.0,0.27089097952407304,0.19242748091603054,0.43052972972972975,0.28849324101549617,0.30183838458414847,0.24289798930086698,0.38355342136854736,0.4910998092816275
31-2012.00,0.26394286528170585,0.1747339593114241,0.27115019011406843,0.27599882601726355,0.2231578947368421,0.1804098360655738,0.22511672719187725,0.11746835443037976,0.09658578652346048,0.18981059141863166,0.21132075471698114,0.08773333333333333,0.08793758302617548,0.17743979721166034,0.12815667054327964,0.19094076655052267,0.2140850017562346,0.0,0.18375145372985546,0.1402597402597402,0.2459411764705882,0.2912533620225927,0.21908520035654552,0.30984400215169444,0.11862396204033215,0.2917656901736347,0.08601875700438451,0.0009457755359394711,0.07590447077332854,0.0,0.10513066666666666,0.3940731399747793,0.16235213675213678,0.1793893129770992,0.3507303643724696,0.23555555555555557,0.28125,0.0,0.20096956308296518,0.26914769895331453,0.07092198581560283,0.17244755244755247,0.0,0.14177978883861234,0.16,0.0,0.0,0.11617775196049956,0.21069309600863,0.0,0.23132263420033203,0.20916030534351143,0.3663663663663663,0.20236069897790968,0.2699988925394071,0.11913546086207955,0.33853541416566624,0.576300063572791
31-2021.00,0.3433576820558732,0.2926447574334899,0.374287072243346,0.2185715038267322,0.30701754385964913,0.2315573770491803,0.23733602608760102,0.20433996383363467,0.13523578064364392,0.26478546579049095,0.24654088050314465,0.10416666666666666,0.099631410556252,0.2577946768060836,0.23709641690203243,0.2787456445993032,0.43905865823674034,0.004048582995951417,0.3559907515091101,0.1402597402597402,0.2459411764705882,0.32275416890801506,0.2624014742556111,0.30984400215169444,0.12574139976275206,0.3176835774565913,0.04325514637934763,0.05779739386296762,0.03881478619090665,0.12128562765312312,0.23893333333333336,0.4177175283732661,0.15316239316239316,0.0013740458015267186,0.4284631578947369,0.2911111111111111,0.29296875,0.001280000000000001,0.12327740374500316,0.13025419504901148,0.217645390070922,0.2751384615384615,0.0,0.1689291101055807,0.1492063492063492,0.0,0.0,0.10165553296543711,0.12978694714131606,0.0,0.376351226710939,0.26717557251908397,0.43052972972972975,0.22584899439498846,0.246520727970763,0.07436358605423353,0.3601440576230492,0.5053528289891926
31-2022.00,0.13352798746617292,0.12093896713615024,0.10646387832699622,0.15987236700506466,0.10526315789473684,0.08200819672131147,0.07678055287927077,0.07594936708860757,0.08623730939594684,0.15066099729416316,0.21132075471698114,0.07833333333333332,0.0773850730630344,0.15437262357414452,0.11993271307526168,0.15784436701509874,0.30477988525933736,0.0019433198380566818,0.21632884753835074,0.1558441558441558,0.101875,0.30984400215169444,0.2588961110499064,0.2958579881656805,0.11266429418742586,0.31343971287224753,0.09830715086215372,0.0735603194619588,0.10350609650908439,0.16243610846400416,0.22459733333333334,0.38524590163934425,0.20512820512820512,0.0013740458015267186,0.3507303643724696,0.22666666666666663,0.23018973214285712,0.058666666666666666,0.1393856511676836,0.11629838843661738,0.05319148936170213,0.23835524475524478,0.0,0.14177978883861234,0.12698412698412698,0.0,0.0,0.16994481556781876,0.17745415318230853,0.0,0.21309721453606348,0.12722646310432567,0.36250330330330327,0.20236069897790968,0.1910369522684484,0.07436358605423353,0.3114525810324129,0.3827590591226955
31-9011.00,0.22254664577695488,0.1747339593114241,0.21096958174904945,0.1700769861756007,0.23684210526315788,0.2182377049180328,0.1269176610094123,0.13110307414104883,0.09658578652346048,0.11596443757247776,0.11635220125786166,0.01601666666666667,0.027017419125488794,0.0859315589353612,0.11170875560724373,0.15145180023228802,0.1737501463528861,0.0009327935222672072,0.09816830038212326,0.15584415584415579,0.12682352941176467,0.363098440021517,0.40934629983875337,0.30984400215169444,0.09990984578884934,0.45018915510718793,0.0007078114862075072,0.0,0.0,0.19648271679805945,0.03306666666666667,0.4177175283732661,0.6055111111111111,0.05916030534351146,0.5263157894736843,0.4199619047619048,0.3482142857142857,0.049999999999999996,0.06750122729504172,0.10765907958132581,0.04468085106382978,0.10965034965034966,0.0,0.03506787330316743,0.07936507936507936,0.0014400000000000012,0.0,0.051118210862619806,0.06526429341963322,0.0,0.21306032097399003,0.14249363867684478,0.3339147147147147,0.051513353115727,0.04614419136919044,0.026870811043472907,0.15126050420168063,0.40623013350286075
31-9091.00,0.28079028221458074,0.19131455399061031,0.24952471482889732,0.2393118655037214,0.2573684210526316,0.1490710382513661,0.09391906914696513,0.1350210970464135,0.12402493042217083,0.17144182450715117,0.21132075471698114,0.09893333333333335,0.11258349392856473,0.14220532319391635,0.11993271307526168,0.1272938443670151,0.28813224446786095,0.0009327935222672072,0.18375145372985546,0.13708513708513706,0.16864705882352943,0.4090909090909091,0.30045970334611954,0.35580419580419587,0.2846975088967971,0.2917656901736347,0.08601875700438451,0.12347625052543083,0.13524796610520362,0.18950879320800484,0.17280000000000004,0.1559478772593527,0.12854700854700854,0.0,0.20242914979757085,0.13368888888888888,0.24107142857142855,0.001280000000000001,0.08766393155200225,0.09170958631001827,0.20035460992907797,0.23835524475524478,0.0,0.15987933634992457,0.2571428571428572,0.0,0.0012213740458015278,0.16994481556781876,0.22333468176914778,0.0,0.3271997786386276,0.1743002544529262,0.25657657657657656,0.1160567095285196,0.23256672450071983,0.18446781036709092,0.30424969987995193,0.3827590591226955
31-9092.00,0.3235192382037561,0.31298904538341155,0.26948669201520914,0.3292419533266607,0.2163157894736842,0.1871584699453552,0.2417920403172015,0.2260397830018083,0.1224961781192427,0.21473521453420955,0.25267924528301894,0.21541666666666665,0.18452859842460756,0.26996197718631176,0.23207758763914277,0.3386759581881533,0.3962065331928345,0.0009327935222672072,0.18431217810267483,0.1402597402597402,0.26588235294117646,0.2017213555675094,0.13270303564453614,0.32275416890801506,0.10628706998813763,0.15156659229799205,0.03244135978451072,0.025246952501050864,0.04554268246399713,0.07147188772416183,0.12953599999999998,0.1471206389239176,0.06837606837606838,0.0,0.2623481781376518,0.11936507936507935,0.10491071428571426,0.0,0.07670594010800197,0.03738162485462702,0.22163120567375885,0.19755524475524477,0.0,0.14177978883861234,0.2571428571428572,0.0,0.0,0.14522218995062447,0.22333468176914778,0.0,0.3529791551374285,0.2903307888040712,0.4552648648648649,0.3224530168150346,0.23256672450071983,0.14891932607759945,0.3249939975990396,0.4675270184361094
31-9093.00,0.1994017946161516,0.1455399061032864,0.10646387832699622,0.16932443313942552,0.07894736842105263,0.05844262295081967,0.15737789965167126,0.1350210970464135,0.053467131825487055,0.1939543873212215,0.23396226415094346,0.07833333333333332,0.08793758302617548,0.13307984790874525,0.13568145317605362,0.32061324041811845,0.5136986301369864,0.09234655870445345,0.38835354710084735,0.1402597402597402,0.21143382352941176,0.37762237762237766,0.3380171662643845,0.39335664335664344,0.2846975088967971,0.3176835774565913,0.10349776842767544,0.16419714165615804,0.24634450969162086,0.257125530624621,0.2826666666666667,0.3940731399747793,0.17094017094017094,0.0013740458015267186,0.41198380566801623,0.2180571428571429,0.20176339285714284,0.005555555555555556,0.10957991444000281,0.03738162485462702,0.319063829787234,0.25748251748251744,0.0536736641221374,0.19796380090497734,0.358095238095238,0.056249999999999994,0.047709923664122134,0.23525994772001163,0.38641113807982747,0.14226774790155072,0.194798007747648,0.08956743002544527,0.19255255255255255,0.1490273656445763,0.025951493226032706,0.01056846830228125,0.12785114045618248,0.26033057851239666
31-9094.00,0.5086780474901825,0.46097026604068864,0.22338403041825095,0.5282922313950076,0.08771929824561403,0.03415300546448087,0.07678055287927077,0.11746835443037976,0.09658578652346048,0.15066099729416316,0.21132075471698114,0.05499999999999999,0.046513368383632375,0.21425602027883395,0.20200614720053164,0.2968641114982578,0.42149631190727077,0.0,0.016960181647006706,0.13708513708513706,0.06670588235294117,0.10758472296933837,0.1502298516730598,0.3687143625605164,0.0930011862396204,0.000873023571636435,0.0,0.0062394913829340055,0.0020701219301816893,0.1015225677900026,0.0,0.0,0.0,0.0,0.0019433198380566818,0.0,0.0,0.0,0.0,0.0,0.28900709219858156,0.1035692307692308,0.0,0.0,0.06257777777777777,0.0,0.0,0.10165553296543711,0.15844120819848972,0.0,0.5299391256225789,0.10121119592875315,0.21859939939939937,0.041543026706231445,0.011997489755989505,0.012267109389411545,0.0476470588235294,0.10395422759059125
31-9095.00,0.3052068284941095,0.16079812206572774,0.1782319391634981,0.16462097666333034,0.05526315789473683,0.030054644808743168,0.0902690283850886,0.09041591320072331,0.04630355532907373,0.1331735601082335,0.1761006289308176,0.17625,0.149447115834378,0.12395437262357413,0.07787838511380628,0.1272938443670151,0.36043788783514813,0.009353846153846152,0.12815667054327964,0.04437229437229437,0.13455882352941176,0.1815492200107585,0.14650415135156789,0.30984400215169444,0.057622775800711734,0.1606605878358716,0.03047521676726766,0.016419714165615804,0.026525162332061366,0.07147188772416183,0.006666666666666667,0.1471206389239176,0.09572649572649575,0.0,0.3117408906882591,0.09813333333333332,0.14875,0.012835555555555553,0.043200785468826705,0.030902143213158338,0.17100709219858154,0.24475524475524474,0.0,0.0942684766214178,0.2777777777777778,0.0,0.0,0.04356665698518734,0.11630258899676374,0.0,0.2922339051835454,0.19083969465648853,0.27567567567567564,0.13188262446422683,0.05058326257890656,0.023073848613416957,0.09930372148859543,0.447857596948506
31-9096.00,0.13352798746617292,0.13145539906103287,0.11882129277566542,0.1881382590438061,0.1068421052631579,0.06975409836065576,0.17323797524642406,0.10488245931283906,0.08623730939594684,0.15066099729416316,0.15101886792452832,0.17354166666666668,0.1860534735345295,0.13307984790874525,0.14597524505731851,0.2968641114982578,0.2908324552160168,0.0,0.18431217810267483,0.0753246753246753,0.08625,0.3356643356643357,0.27542139473394295,0.2912533620225927,0.10628706998813763,0.2917656901736347,0.08601875700438451,0.08209857082807902,0.16384325036744668,0.2035865892748852,0.29439999999999994,0.35561160151324084,0.12854700854700854,0.002862595419847331,0.38866396761133604,0.20190476190476192,0.2685546875,0.016888888888888884,0.09818360333824253,0.09968433294567206,0.07651063829787237,0.25748251748251744,0.0,0.15987933634992457,0.19714285714285712,0.0,0.0,0.22396747022945107,0.24656148867313912,0.0,0.19627375023058474,0.12722646310432567,0.2681081081081081,0.13188262446422683,0.07209568459522316,0.07436358605423353,0.26410564225690275,0.3827590591226955
31-9097.00,0.17905467271654424,0.21439749608763695,0.21482889733840302,0.1881382590438061,0.18074385964912282,0.12469945355191257,0.17387719558289486,0.18836648583484028,0.10779663674493356,0.2597603401623502,0.23396226415094346,0.10062499999999999,0.09936946881957827,0.18960709759188848,0.13568145317605362,0.32061324041811845,0.4064512352183585,0.0,0.22476740322312677,0.11832611832611833,0.13183823529411764,0.4868208714362561,0.2588961110499064,0.4090909090909091,0.12648161328588375,0.20461489960228926,0.04608147696663455,0.06473308112652375,0.16384325036744668,0.003248722169280087,0.11733333333333332,0.15434531315678854,0.05743589743589744,0.08015267175572519,0.20113360323886637,0.1492063492063492,0.15694754464285715,0.0026666666666666687,0.09229258713794797,0.08070443595281608,0.319063829787234,0.20839160839160842,0.0,0.20814479638009045,0.32000000000000006,0.0,0.0,0.136508858553587,0.3008697411003236,0.0,0.2298468917173953,0.15871755725190836,0.3207207207207207,0.18067919551599076,0.16058178596478279,0.096046239931132,0.33853541416566624,0.4513668150031786
31-9099.01,0.37743911123771545,0.3536776212832551,0.4030418250950571,0.43347054883692926,0.2163157894736842,0.15923497267759565,0.15007781812791818,0.18497890295358652,0.15434518443024575,0.262667182064167,0.19441509433962265,0.1171875,0.1402697999887739,0.2864385297845373,0.25786398626571416,0.2787456445993032,0.34141201264488935,0.0,0.18431217810267483,0.12337662337662335,0.26588235294117646,0.14254975793437333,0.12519154306088318,0.22189349112426035,0.0930011862396204,0.0,0.0,0.0,0.0,0.0,0.0,0.0,0.0,0.0,0.008097165991902834,0.0,0.0,0.0,0.0,0.0,0.19432624113475178,0.23835524475524478,0.0,0.04114630467571644,0.23809523809523808,0.0,0.0,0.32762126052860874,0.33120954692556637,0.02004681902249124,0.7435897435897436,0.37938931297709916,0.41081081081081083,0.24933728981206724,0.19501458156447266,0.1540921109266433,0.4069627851140456,0.5117609663064209
31-9099.02,0.3052068284941095,0.23830985915492958,0.30988593155893535,0.2393118655037214,0.16824561403508773,0.06975409836065576,0.19037649151411845,0.15257383966244725,0.09799694249539416,0.2372477773482799,0.25267924528301894,0.08773333333333333,0.09355062024061221,0.22915082382762988,0.15506451791548984,0.32061324041811845,0.43905865823674034,0.004048582995951417,0.31860912665448304,0.20952380952380953,0.2317941176470588,0.4370629370629371,0.37184892886115756,0.39944055944055945,0.3269276393831554,0.3855854108060918,0.09240872181042449,0.19215006305170237,0.18286077049938243,0.21658147795200558,0.12953599999999998,0.33102143757881464,0.17094017094017094,0.023854961832061067,0.3190672064777328,0.1647238095238095,0.24860491071428575,0.0026666666666666687,0.07670594010800197,0.07310184416015948,0.3102836879432624,0.23835524475524478,0.0,0.21210407239819004,0.3055555555555556,0.0,0.0,0.11617775196049956,0.147485167206041,0.0018624141543475748,0.2298468917173953,0.12722646310432567,0.28419459459459456,0.16485328058028353,0.13156631843183578,0.087253274303634,0.29157262905162057,0.3827590591226955
33-1011.00,0.3052068284941095,0.35333333333333333,0.33269961977186313,0.43347054883692926,0.3217543859649123,0.24611338797814208,0.367264507522419,0.39662447257383965,0.34636039355572107,0.2396598376497874,0.21132075471698114,0.11041666666666666,0.14588283720321063,0.2844106463878327,0.272574347898322,0.45696631823461087,0.49394099051633295,0.16194331983805668,0.20507974746635652,0.34579124579124576,0.27999999999999997,0.21140398063474986,0.16447164161166583,0.2074018289402905,0.11957295373665482,0.25250994276845473,0.2661371188140225,0.05779739386296762,0.40475023978912367,0.0015593866412544415,0.20053333333333334,0.5736654056326188,0.23589743589743586,0.6068702290076335,0.36534412955465584,0.34377142857142856,0.11160714285714285,0.005555555555555556,0.24721228697664632,0.3435786675527497,0.20035460992907797,0.3776223776223776,0.2137404580152672,0.25900452488687786,0.22666666666666666,0.10999999999999999,0.11195928753180659,0.16994481556781876,0.5056634304207119,0.18437900128040974,0.3119350673307507,0.3330788804071247,0.5117117117117117,0.5934718100890207,0.48359112554911593,0.3960293303818484,0.4585114045618247,0.3610934520025429
33-1012.00,0.37082629662034305,0.41715179968701094,0.4277566539923955,0.48088139011596837,0.4663578947368421,0.3280327868852459,0.3417327503149782,0.41658830620855936,0.34494923758378737,0.4684035562427522,0.36533333333333334,0.17685000000000003,0.19364978389806722,0.4544993662864385,0.35101345738494766,0.464,0.43905865823674034,0.18218623481781376,0.29494102010300716,0.3475228475228475,0.3388235294117647,0.2711135018827326,0.2409937203922001,0.24663797740720816,0.22835112692763937,0.2917656901736347,0.27722616543127343,0.22659205548549805,0.4540467433531835,0.10673135233474833,0.22613333333333335,0.3448139974779319,0.16235213675213678,0.3936068702290076,0.2545748987854251,0.17857142857142858,0.140625,0.0,0.11615470930640298,0.15779365343080248,0.2589503546099291,0.3751776223776224,0.22656488549618325,0.3299396681749623,0.30857142857142855,0.23744000000000004,0.22476675148430875,0.24655242521057222,0.4357133225458468,0.30709140056131096,0.4521306032097399,0.4075725190839694,0.529009009009009,0.5934718100890207,0.6133116763261841,0.3591357683084302,0.6427851140456181,0.48719643992371264
33-1021.01,0.3235192382037561,0.3724569640062597,0.374287072243346,0.4052949631625289,0.5052210526315789,0.39980191256830605,0.43309493811606015,0.42194092827004215,0.34494923758378737,0.5782759953614225,0.4245283018867924,0.26,0.2532602391153853,0.4879594423320659,0.5136512155950601,0.7549361207897793,0.7546320688443976,0.3507303643724696,0.4821537353934763,0.25079365079365074,0.5109264705882353,0.363098440021517,0.3575470469818823,0.30984400215169444,0.38647686832740213,0.5050198855369095,0.3386681347201196,0.26599936948297603,0.543407006672693,0.3045677033700078,0.49766400000000005,0.6088430012610341,0.2953846153846154,0.12595419847328243,0.4210526315789474,0.4549587301587302,0.4545200892857143,0.012835555555555553,0.21589873062627116,0.26914769895331453,0.2936170212765958,0.6153846153846154,0.25286259541984735,0.5196078431372549,0.41996190476190476,0.22400000000000003,0.4783715012722646,0.32762126052860874,0.6038969795037756,0.37951861767482775,0.40057185021213804,0.42213740458015264,0.49124324324324325,0.6251236399604352,0.3626933441618369,0.28514111787493085,0.5185714285714286,0.5979529561347744
33-1021.02,0.3433576820558732,0.34824726134585293,0.3959125475285171,0.39509034399199283,0.4378947368421052,0.29102459016393445,0.37519454531979546,0.4421338155515371,0.36564619183881464,0.3961190568225744,0.36533333333333334,0.15625,0.15362882855913332,0.3292167300380228,0.44771418286537085,0.4850174216027875,0.4566210045662101,0.42623481781376515,0.42071634269258457,0.322991822991823,0.3388235294117647,0.2912533620225927,0.33122677696876224,0.2781065088757396,0.46619217081850534,0.4610655737704919,0.2189791785454474,0.19215006305170237,0.5120101573982708,0.1754309971411245,0.36,0.4873371164354771,0.4266666666666667,0.018129770992366408,0.4042105263157895,0.3961904761904762,0.3482142857142857,0.0,0.22091310751104565,0.2063465691975411,0.23829787234042557,0.5572027972027972,0.15458015267175573,0.44235294117647056,0.26948571428571433,0.075,0.4631043256997455,0.2795527156549521,0.442455501618123,0.17072129748186085,0.283194982475558,0.22900763358778625,0.36250330330330327,0.5469831849653808,0.318394920447414,0.196957818360696,0.4585114045618247,0.36930705657978385
33-2011.01,0.28079028221458074,0.18241001564945228,0.2680608365019011,0.2185715038267322,0.30701754385964913,0.26336065573770495,0.3181649744311866,0.33996383363471966,0.1793932029320685,0.2597603401623502,0.22822641509433964,0.11106666666666667,0.09355062024061221,0.38022813688212925,0.38835354710084735,0.5973333333333334,0.5136986301369864,0.45473684210526316,0.44027247051005153,0.23015873015873015,0.3400735294117647,0.560817643894567,0.516415115126143,0.3991393222162454,0.4294187425860024,0.6774662915898729,0.50689624663298,0.5549863387978142,0.7710790165540751,0.4175257731958763,0.5866666666666667,0.8709016393442623,0.6509401709401709,0.3478053435114504,0.565506072874494,0.6238095238095238,0.5153125,0.03333333333333333,0.2787713023353672,0.4485794982555242,0.23829787234042557,0.3558041958041958,0.5166412213740458,0.673076923076923,0.41996190476190476,0.48124999999999996,0.5089058524173027,0.34853325588149864,0.6864381067961165,0.6518449540216507,0.37677550267478327,0.19083969465648853,0.28419459459459456,0.427299703264095,0.2699988925394071,0.23016971038553768,0.3457382953181272,0.4930197075651621
33-2011.02,0.3052068284941095,0.22309859154929576,0.33269961977186313,0.2919454248538166,0.3340350877192982,0.23569672131147543,0.280645519899207,0.3164556962025316,0.2795362784681118,0.2372477773482799,0.27295597484276735,0.13685,0.09355062024061221,0.3472750316856781,0.33314642520906024,0.47781649245063873,0.6530997541271514,0.5276113360323886,0.5742232929057983,0.39862914862914856,0.40182352941176464,0.4195804195804196,0.5220787805342174,0.4370629370629371,0.5466192170818506,0.6668930061111651,0.46081476966634555,0.565862757461118,0.723162594276803,0.4175257731958763,0.8400000000000001,0.7007934005884825,0.6509401709401709,0.06625954198473284,0.7125506072874493,0.6774603174603174,0.4282589285714286,0.02972444444444444,0.2899221544287819,0.4859611231101512,0.26595744680851063,0.5223776223776223,0.5830152671755725,0.7409502262443439,0.5470222222222222,0.5459999999999999,0.41777777777777775,0.38422306128376416,0.591626213592233,0.4235698857977988,0.27089097952407304,0.2885496183206107,0.3297297297297297,0.4915924826904055,0.246520727970763,0.2174414314702084,0.41142857142857137,0.55631277813096
33-2021.01,0.25433902374509126,0.29000000000000004,0.30988593155893535,0.3373318984655444,0.30701754385964913,0.2315573770491803,0.42233009708737873,0.33996383363471966,0.34494923758378737,0.4607653652879784,0.5598238993710691,0.15065,0.1473422268789642,0.3472750316856781,0.37152489339314393,0.7911730545876888,0.7438824493619014,0.18951255060728742,0.40518220080855066,0.20952380952380953,0.2459411764705882,0.1960731576116192,0.17198313419531885,0.1960731576116192,0.1921708185053381,0.27797313027451737,0.09240872181042449,0.09851828499369482,0.12075711259393178,0.020575240405440523,0.07406933333333336,0.12347625052543083,0.11965811965811966,0.022480916030534346,0.15380728744939273,0.11936507936507935,0.10491071428571426,0.0,0.08240409565888211,0.12493769729190896,0.3425531914893617,0.5223776223776223,0.16698473282442747,0.3200904977375566,0.4374603174603175,0.17500000000000002,0.16963528413910092,0.2541388324135928,0.42475728155339804,0.209521592364102,0.30741560597675704,0.21068702290076335,0.2681081081081081,0.1450708869106495,0.23256672450071983,0.20365246264526835,0.30424969987995193,0.3610934520025429
33-2021.02,0.36319612590799033,0.28647887323943666,0.374287072243346,0.29575334321686325,0.3608771929824562,0.21148907103825137,0.37519454531979546,0.5072332730560579,0.4409862412292737,0.40086586780054123,0.4490566037735848,0.11499999999999999,0.08793758302617548,0.28517110266159695,0.44771418286537085,0.8130081300813008,0.5136986301369864,0.18951255060728742,0.40518220080855066,0.1904761904761905,0.2317941176470588,0.30338891877353413,0.22406281610864623,0.28187197417966653,0.20139501779359434,0.3534532932389175,0.1536049232221152,0.09851828499369482,0.33208205963331244,0.10673135233474833,0.22459733333333334,0.3612337116435477,0.09025641025641025,0.05206106870229008,0.3190672064777328,0.13368888888888888,0.31473214285714285,0.0,0.12823479907426888,0.21133078584482476,0.3425531914893617,0.46944335664335674,0.08396946564885495,0.37146304675716435,0.6044444444444445,0.132,0.2862595419847328,0.2073772872494917,0.3577063106796117,0.18437900128040974,0.3539937280944475,0.31170483460559795,0.29309309309309306,0.3224530168150346,0.2699988925394071,0.14376191354608622,0.3362484993997599,0.30260648442466626
33-2022.00,0.3052068284941095,0.27523474178403756,0.30988593155893535,0.30666536224140395,0.32298245614035087,0.31437841530054644,0.367264507522419,0.294755877034358,0.2603680765160127,0.24159257827599534,0.3239748427672956,0.15122499999999997,0.2005210769547402,0.11406844106463879,0.3559907515091101,0.5574912891986062,0.5268264840182648,0.11336032388663968,0.34889516530985215,0.17316017316017313,0.21524999999999997,0.24112426035502957,0.12519154306088318,0.21920387305002687,0.2183867141162515,0.3874042099136677,0.05406893297418453,0.07224674232870952,0.09108536492799427,0.027072684744000697,0.16000000000000003,0.1580824401008827,0.12816410256410257,0.0031011450381679363,0.27983805668016193,0.1388888888888889,0.10491071428571426,0.001502222222222221,0.07670594010800197,0.08070443595281608,0.200354609929078,0.4090909090909091,0.0715648854961832,0.43438914027149317,0.25047619047619046,0.088,0.0932994062765055,0.1728144060412431,0.2326051779935275,0.11381419832124057,0.2298468917173953,0.22900763358778625,0.3053261261261261,0.427299703264095,0.2934770571080512,0.2640195535878989,0.23285714285714285,0.315956770502225
33-3011.00,0.12761714855433703,0.07692488262910799,0.1596958174904943,0.07332876784491388,0.01298245614035088,0.004262295081967217,0.20560661083524792,0.10126582278481011,0.07588883226843321,0.09586393505991497,0.023270440251572332,0.0026041666666666665,0.0067543547813721985,0.09505703422053231,0.144985324250983,0.1272938443670151,0.1737501463528861,0.015261538461538458,0.012806667774270369,0.2888888888888889,0.15788235294117647,0.04034427111350188,0.04406742315743087,0.06724045185583648,0.0029655990510083037,0.11000097002619073,0.13102377066907847,0.0,0.3105182895272532,0.0,0.22459733333333334,0.42691256830601093,0.11076923076923079,0.2981870229007633,0.28858299595141707,0.18575238095238095,0.08370535714285714,0.0,0.15122028192720385,0.14886193719887025,0.09361702127659574,0.2147916083916084,0.002862595419847331,0.049773755656108594,0.06984126984126983,0.0,0.0,0.036015103107754874,0.13652912621359223,0.003880029488224114,0.2663715181700793,0.20916030534351143,0.36758678678678675,0.06132542037586549,0.16894311344088003,0.1719778023734858,0.08283313325330131,0.19930069930069932
33-3012.00,0.3052068284941095,0.20657276995305163,0.33269961977186313,0.2393118655037214,0.19228070175438597,0.12021857923497266,0.3181649744311866,0.29294755877034356,0.3003018305828858,0.2372477773482799,0.17358490566037735,0.07291666666666667,0.09936946881957827,0.20278833967046897,0.31860912665448304,0.3831637630662021,0.42149631190727077,0.1451012145748988,0.24445505897989703,0.3704906204906204,0.27999999999999997,0.2912533620225927,0.2711348362995383,0.2588757396449704,0.18647686832740215,0.34920942865457366,0.29492145258646113,0.11493799915931062,0.4664674749342736,0.06091354067400156,0.47519999999999996,0.5040458175704078,0.41025641025641024,0.6574427480916031,0.4284631578947369,0.4126984126984127,0.2885044642857143,0.005555555555555556,0.23732379549758048,0.26914769895331453,0.1602836879432624,0.39398601398601396,0.2981870229007633,0.3054298642533937,0.2644444444444444,0.154,0.1306191687871077,0.3194888178913738,0.5056634304207119,0.303935643244222,0.3469839513004981,0.4335877862595419,0.49297297297297304,0.3699307616221563,0.33696334305437636,0.27019922523519646,0.3249939975990396,0.3293070565797838
33-3021.01,0.35607463324312777,0.39480438184663535,0.3768441064638784,0.4515318217051347,0.4857894736842105,0.29102459016393445,0.41057400133402505,0.4779264617239301,0.4983144525890792,0.4684035562427522,0.31194968553459124,0.17354166666666668,0.1257975190375512,0.4346666666666666,0.39536606302265054,0.40418118466898956,0.46540217773094483,0.09716599190283401,0.4132746303372654,0.20952380952380953,0.26588235294117646,0.26495965572888647,0.2503830861217663,0.28187197417966653,0.23371767497034399,0.31343971287224753,0.2661371188140225,0.09851828499369482,0.33208205963331244,0.10673135233474833,0.26880000000000004,0.3160794976881042,0.16235213675213678,0.22656488549618325,0.3117408906882591,0.24480000000000002,0.17327008928571427,0.0026666666666666687,0.10407461953853708,0.1329124439275627,0.28900709219858156,0.3854545454545455,0.1793893129770992,0.3299396681749623,0.29111111111111115,0.19600000000000004,0.16963528413910092,0.22828928260238165,0.38641113807982747,0.15706359368331196,0.5578306585500831,0.43053435114503813,0.5117117117117117,0.20236069897790968,0.32808520063494406,0.2939955727725512,0.3249939975990396,0.3989319771137953
33-3021.02,0.26394286528170585,0.3116666666666667,0.24482889733840305,0.3450455670863404,0.19228070175438597,0.15300546448087432,0.15563625583635962,0.2890295358649789,0.25877072635333775,0.4358407421724005,0.330188679245283,0.17685000000000003,0.15856830130783767,0.2440456273764258,0.13568145317605362,0.5653333333333334,0.43905865823674034,0.06072874493927125,0.2523259677687324,0.22799422799422794,0.25058823529411767,0.30984400215169444,0.23363746532194257,0.3520710059171598,0.2113879003558719,0.30555825007275195,0.13025697489235366,0.13829340058848255,0.1545691041202327,0.21224984839296546,0.16000000000000003,0.1471206389239176,0.08303589743589743,0.0,0.18951255060728742,0.07710476190476188,0.07366071428571427,0.0,0.0624868504102672,0.062302708091045024,0.28900709219858156,0.32744615384615383,0.11587786259541982,0.2262443438914027,0.4828571428571429,0.09375,0.12091603053435114,0.2541388324135928,0.32493932038834955,0.08980974922076078,0.289153292750415,0.22900763358778625,0.3016216216216216,0.19782393669634024,0.22108604968806525,0.18680440263174075,0.2817767106842737,0.3394278448823903
33-3021.03,0.3052068284941095,0.39480438184663535,0.35266159695817495,0.43347054883692926,0.5131578947368421,0.30400273224043717,0.3556844289631661,0.5072332730560579,0.41550703618047125,0.40086586780054123,0.49245283018867925,0.13685,0.14588283720321063,0.34220532319391633,0.4132746303372654,0.49866666666666665,0.35216163212738555,0.19433198380566802,0.2836503848922856,0.25079365079365074,0.301,0.22754168908015063,0.1622482398069046,0.2528240989779451,0.23914590747330963,0.2209840915704724,0.1658933170798844,0.15434531315678854,0.26605207046695056,0.010287620202720263,0.30079999999999996,0.19539459857082805,0.11076923076923079,0.06625954198473284,0.15380728744939273,0.16825396825396827,0.125,0.0,0.11045655375552284,0.08772221299219139,0.3660425531914894,0.39968671328671335,0.20091603053435114,0.29694570135746606,0.38765714285714287,0.21056000000000002,0.17859202714164546,0.18820795817600933,0.32493932038834955,0.303935643244222,0.4794687327061427,0.4071246819338422,0.4742342342342343,0.3224530168150346,0.45457565801616895,0.34739900387382405,0.31692677070828323,0.3610934520025429
33-3021.05,0.3052068284941095,0.3724569640062597,0.33269961977186313,0.3870003988531092,0.27223859649122806,0.1490710382513661,0.3361743126065368,0.3930078360458107,0.36846850378268203,0.2899110939311944,0.2037735849056604,0.1219,0.1257975190375512,0.3041825095057034,0.2803621864097026,0.4887340301974447,0.5136986301369864,0.08550607287449392,0.20200614720053164,0.2754930254930254,0.25058823529411767,0.1815492200107585,0.22960128997365975,0.2912533620225927,0.18647686832740215,0.2917656901736347,0.13824443089990365,0.12347625052543083,0.2846417653999821,0.08386034826301654,0.20053333333333334,0.2709252837326607,0.09747692307692309,0.1793893129770992,0.20113360323886637,0.14222222222222222,0.17438616071428573,0.0,0.08766393155200225,0.11629838843661738,0.397872340425532,0.37122237762237764,0.11587786259541982,0.3141025641025641,0.3055555555555556,0.10999999999999999,0.16963528413910092,0.11385419692128959,0.3687129180151025,0.12747190211978945,0.49972329828444945,0.4075725190839694,0.422054054054054,0.29665677546983177,0.31008896600095986,0.2501844678103671,0.2817767106842737,0.3610934520025429
33-3021.06,0.36783526970110075,0.5340845070422535,0.36876425855513306,0.5610282884686297,0.4857894736842105,0.34229508196721314,0.34740235677758835,0.5274261603375527,0.5468817372897966,0.500966370313104,0.4490566037735848,0.22559999999999997,0.1754074129511479,0.3333333333333333,0.40825580107437565,0.7707317073170732,0.48401826484018273,0.015261538461538458,0.3364346236916432,0.1714285714285714,0.101875,0.0333512641204949,0.023285627009324274,0.15737493275954814,0.03294899169632266,0.0,0.0,0.0,0.0,0.0015593866412544415,0.0,0.0,0.0,0.0,0.0019433198380566818,0.0,0.0,0.0,0.0,0.0,0.26595744680851063,0.33398601398601396,0.0,0.08295625942684764,0.18575238095238095,0.0,0.0012213740458015278,0.10165553296543711,0.23702973300970873,0.0018624141543475748,0.6098505810736027,0.3297709923664122,0.29309309309309306,0.28849324101549617,0.22108604968806525,0.13758224189878865,0.2817767106842737,0.25335028607755883
33-3031.00,0.3494007772600566,0.29000000000000004,0.3555133079847909,0.3621661486593268,0.28596491228070176,0.24385245901639344,0.3361743126065368,0.3164556962025316,0.39198776998157664,0.18981059141863166,0.25267924528301894,0.129375,0.1257975190375512,0.22915082382762988,0.3559907515091101,0.47781649245063873,0.3783222105139913,0.4463157894736843,0.20200614720053164,0.20923520923520922,0.27999999999999997,0.26495965572888647,0.2028102997586307,0.2178590640129102,0.3084223013048636,0.36375982151518094,0.2293309215312322,0.23746847414880198,0.38918292287415734,0.07147188772416183,0.3,0.35561160151324084,0.17094017094017094,0.14694656488549615,0.26720647773279355,0.3657142857142857,0.11830357142857142,0.0,0.156480117820324,0.1869081242731351,0.26595744680851063,0.5496503496503496,0.29627862595419846,0.45248868778280543,0.3055555555555556,0.265,0.4122137404580153,0.24194016845774033,0.20010787486515644,0.32592247701082533,0.3469839513004981,0.4075725190839694,0.36250330330330327,0.26871084734586215,0.40606888404887587,0.2174414314702084,0.33853541416566624,0.3989319771137953
33-3041.00,0.11445256068529107,0.12093896713615024,0.24482889733840305,0.15464964893400865,0.09210526315789473,0.06903005464480876,0.08500704068776406,0.09041591320072331,0.06467798204696014,0.1939543873212215,0.11069182389937104,0.0625,0.06709450483656705,0.20278833967046897,0.144985324250983,0.12125435540069687,0.3658822151972837,0.23611336032388666,0.12815667054327964,0.06493506493506493,0.13455882352941176,0.18474448628294787,0.15924364277344338,0.2118074233458849,0.2609727164887307,0.27797313027451737,0.1614400031458288,0.11493799915931062,0.22663694891629116,0.06714025816512174,0.17280000000000004,0.22556746532156371,0.11076923076923079,0.1431297709923664,0.3348987854251012,0.20571428571428574,0.16325892857142854,0.0,0.12097622554176309,0.10765907958132581,0.09255319148936172,0.31951328671328677,0.15458015267175573,0.27978883861236803,0.28408888888888884,0.2,0.21204410517387615,0.15393552134766195,0.24656148867313912,0.2534952598973086,0.1429994465965689,0.15871755725190836,0.2597477477477477,0.13188262446422683,0.1293144818930193,0.12393931009038922,0.27783913565426166,0.3458359821996186
33-3051.01,0.3052068284941095,0.28647887323943666,0.33269961977186313,0.31042812742228015,0.30701754385964913,0.26336065573770495,0.367264507522419,0.42194092827004215,0.36846850378268203,0.3238345574023966,0.21132075471698114,0.08333333333333333,0.10571220087189177,0.4666666666666666,0.37883507780916,0.5973333333333334,0.5660197869101978,0.3507303643724696,0.2803621864097026,0.5158730158730159,0.3388235294117647,0.363098440021517,0.28844131521227473,0.2781065088757396,0.2676156583629893,0.3855854108060918,0.3772241992882563,0.3940731399747793,0.6900406433938959,0.11911981287360304,0.6656000000000001,0.44398907103825136,0.29021538461538465,0.5954198473282443,0.38866396761133604,0.3961904761904762,0.33482142857142855,0.001280000000000001,0.23732379549758048,0.26914769895331453,0.3102836879432624,0.4875524475524476,0.362118320610687,0.389894419306184,0.34377142857142856,0.36,0.27777777777777773,0.3194888178913738,0.5360032362459547,0.7002677220346875,0.4521306032097399,0.351206106870229,0.4849249249249249,0.35113748763600394,0.4872826608586511,0.458064317776548,0.3249939975990396,0.5628480610298793
33-3051.03,0.3235192382037561,0.3306885758998435,0.3555133079847909,0.4052949631625289,0.2631578947368421,0.2227185792349727,0.4150300155636256,0.3930078360458107,0.36846850378268203,0.29020487050637805,0.30157232704402515,0.09114583333333334,0.11258349392856473,0.2958783269961977,0.3559907515091101,0.3958745644599303,0.5136986301369864,0.16805829959514168,0.3404566096250761,0.2964165464165464,0.27999999999999997,0.342119419042496,0.25238615081074045,0.2912533620225927,0.2733096085409253,0.36375982151518094,0.3251214093313148,0.30643127364438844,0.49958942581718063,0.015637182708134797,0.36799999999999994,0.5402480033627575,0.22457435897435893,0.5009541984732824,0.2127546558704453,0.3961904761904762,0.28125,0.001280000000000001,0.23732379549758048,0.22428974912776212,0.2936170212765958,0.3558041958041958,0.2137404580152672,0.43438914027149317,0.3055555555555556,0.22400000000000003,0.2137404580152672,0.26633749636944526,0.4357133225458468,0.2741887505011705,0.3014204021398266,0.262147582697201,0.529009009009009,0.39952522255192885,0.5641681125179963,0.5798899342064809,0.35320528211284513,0.576300063572791
33-3052.00,0.3052068284941095,0.19131455399061031,0.33269961977186313,0.338648866278851,0.30701754385964913,0.26336065573770495,0.3417327503149782,0.33996383363471966,0.3242522833287601,0.21646695013529185,0.21132075471698114,0.09333333333333334,0.08232454581173872,0.22915082382762988,0.39536606302265054,0.4887340301974447,0.43905865823674034,0.28858299595141707,0.2712729135515313,0.2528258778258778,0.25058823529411767,0.30984400215169444,0.27542139473394295,0.2017213555675094,0.2113879003558719,0.36375982151518094,0.3067183106899196,0.24629571248423704,0.40475023978912367,0.257125530624621,0.22613333333333335,0.4098360655737705,0.3702153846153846,0.5954198473282443,0.4463157894736843,0.38095238095238093,0.2622767857142857,0.0,0.2109413352970054,0.28110981890679515,0.1773049645390071,0.5320615384615386,0.4375,0.40832579185520357,0.3055555555555556,0.486,0.3333333333333333,0.3194888178913738,0.5145631067961165,0.4441857758118962,0.30741560597675704,0.2870229007633588,0.3339147147147147,0.24727992087042533,0.318394920447414,0.28514111787493085,0.3249939975990396,0.3827590591226955
33-9011.00,0.3052068284941095,0.23591549295774647,0.33269961977186313,0.2919454248538166,0.21789473684210522,0.24385245901639344,0.20560661083524792,0.1879927667269439,0.22043432244913957,0.15066099729416316,0.16415094339622643,0.043125,0.020992759181993368,0.12395437262357413,0.13568145317605362,0.2787456445993032,0.1653787612691722,0.07125506072874493,0.16514371157999666,0.12337662337662333,0.25899999999999995,0.3687143625605164,0.3134796238244514,0.21920387305002687,0.20759193357058126,0.3282568629352992,0.09830715086215372,0.11493799915931062,0.20528709140968404,0.0,0.11733333333333332,0.3940731399747793,0.12816410256410257,0.011927480916030533,0.182995951417004,0.1111111111111111,0.1734095982142857,0.002888888888888886,0.09906024265376252,0.05233427479647781,0.09361702127659574,0.31384615384615383,0.06792938931297708,0.24769230769230763,0.12698412698412698,0.05543999999999999,0.1306191687871077,0.15466163229741506,0.29075647249190933,0.21081493552684333,0.2328444936358605,0.15871755725190836,0.28864864864864864,0.1490273656445763,0.246520727970763,0.16044856422554263,0.30424969987995193,0.3989319771137953
33-9021.00,0.3052068284941095,0.3724569640062597,0.33269961977186313,0.48088139011596837,0.35368421052631577,0.2766393442622951,0.3361743126065368,0.3930078360458107,0.41550703618047125,0.3177425589485891,0.25267924528301894,0.140625,0.13319737309858362,0.164958174904943,0.2803621864097026,0.47781649245063873,0.43905865823674034,0.06384453441295547,0.15506451791548984,0.27549302549302546,0.1985294117647059,0.10543302850995159,0.0876340801426182,0.15129101667563208,0.16370106761565836,0.14395188670094095,0.10420557991388295,0.025246952501050864,0.12075711259393178,0.08121805423200208,0.0,0.012478982765868007,0.009873504273504271,0.005963740458015267,0.1522267206477733,0.000914285714285715,0.01729910714285714,0.0,0.00832807349744021,0.009596278451570026,0.31914893617021284,0.34845874125874127,0.06297709923664122,0.18853695324283556,0.14222222222222222,0.044000000000000004,0.08359626802374893,0.14522218995062447,0.16518338727076592,0.07275055290420208,0.40057185021213804,0.3083358778625955,0.3807807807807808,0.1490273656445763,0.246520727970763,0.2174414314702084,0.1444717887154862,0.3458359821996186
33-9031.00,0.2274401285938104,0.1455399061032864,0.2912927756653992,0.29834212566130597,0.13877192982456138,0.11133879781420765,0.37056251389609424,0.1702833031946956,0.27940888244286777,0.17144182450715117,0.09630188679245281,0.03666666666666666,0.04116227290586936,0.18960709759188848,0.4132746303372654,0.44041811846689893,0.54337899543379,0.0019433198380566818,0.11993271307526168,0.6137566137566138,0.28582352941176464,0.08068854222700376,0.0661011347361463,0.08714362560516407,0.09489916963226572,0.03410248326704821,0.08601875700438451,0.004104928541403951,0.0983721941222338,0.015637182708134797,0.06,0.11493799915931062,0.009873504273504271,0.1793893129770992,0.12955465587044535,0.12444444444444445,0.043214285714285705,0.0,0.08766393155200225,0.09170958631001827,0.319063829787234,0.5056615384615385,0.029580152671755722,0.03506787330316743,0.13368888888888888,0.0030000000000000027,0.0,0.07054313099041533,0.1887810140237325,0.0018624141543475748,0.25110680686220255,0.17557251908396945,0.3156756756756756,0.1490273656445763,0.16058178596478279,0.20365246264526835,0.3114525810324129,0.21524475524475528
33-9032.00,0.14503428490040085,0.08577464788732393,0.15399239543726237,0.10385231899218096,0.09157894736842107,0.05844262295081967,0.20560661083524792,0.10488245931283906,0.08623730939594684,0.11596443757247776,0.023270440251572332,0.03666666666666666,0.03128332740846071,0.12395437262357413,0.20200614720053164,0.3831637630662021,0.42149631190727077,0.1311740890688259,0.144985324250983,0.3704906204906204,0.14235294117647057,0.09413663259817107,0.07138922551503801,0.08284023668639053,0.10628706998813763,0.17736928897080223,0.11010400896561218,0.06473308112652375,0.18286077049938243,0.05908342718530713,0.12953599999999998,0.2925993064312737,0.14397264957264957,0.25286259541984735,0.2545748987854251,0.21428571428571427,0.125,0.0,0.10407461953853708,0.13025419504901148,0.07651063829787237,0.4149986013986014,0.13167938931297707,0.2206334841628959,0.23142857142857143,0.09856000000000001,0.16963528413910092,0.24194016845774033,0.30719053398058255,0.17072129748186085,0.194798007747648,0.1272264631043257,0.22006006006006007,0.1669106495219255,0.16894311344088003,0.08992805755395682,0.15126050420168063,0.2736808645899555
33-9091.00,0.1139438826378009,0.014866979655712046,0.19249049429657797,0.03555813095927935,0.0168,0.008879781420765027,0.12865930482472396,0.05605786618444847,0.04617615930382972,0.05798221878623888,0.02389937106918238,0.006016666666666666,0.0067543547813721985,0.057034220532319393,0.06805532480478485,0.03629268292682927,0.18294110759864185,0.09716599190283401,0.05191892340920418,0.1714285714285714,0.18661764705882353,0.1882732651963421,0.12991877572686208,0.10112963959117804,0.03131672597864769,0.15156659229799205,0.041289003362104566,0.0203604455653636,0.30189278148482945,0.027072684744000697,0.16426666666666667,0.08669609079445144,0.06837606837606838,0.029580152671755722,0.3507303643724696,0.17523809523809522,0.09765625,0.005555555555555556,0.09818360333824253,0.05146369828875229,0.026950354609929072,0.31951328671328677,0.10687022900763359,0.1414027149321267,0.11936507936507935,0.03844000000000001,0.14249363867684478,0.1270694162067964,0.24656148867313912,0.06014045706747372,0.1807784541597491,0.14249363867684478,0.20852852852852852,0.07418397626112759,0.04014544649119569,0.026209801389657505,0.06295318127250898,0.2736808645899555
33-9092.00,0.1566728386269762,0.07295774647887324,0.26045627376425856,0.13776235880223656,0.0968421052631579,0.0471311475409836,0.38805306455199,0.15257383966244725,0.09799694249539416,0.15066099729416316,0.09748427672955975,0.0,0.008887308922858156,0.17743979721166034,0.3404566096250761,0.4850174216027875,0.35216163212738555,0.06384453441295547,0.12815667054327964,0.3001924001924001,0.21764705882352942,0.1395589026358257,0.09389365729566237,0.08405056481979559,0.02588849347568209,0.2209840915704724,0.07373036314661528,0.020360445565363598,0.1545691041202327,0.0,0.31206399999999995,0.4469840269020597,0.19230769230769232,0.05916030534351146,0.3507303643724696,0.34377142857142856,0.140625,0.020942222222222216,0.20450241952451084,0.12057816913108492,0.04042553191489361,0.48129230769230774,0.022480916030534346,0.20814479638009045,0.15873015873015872,0.0030000000000000027,0.052586938083121294,0.10165553296543711,0.316039644012945,0.08018727608996497,0.19627375023058477,0.20737913486005086,0.28419459459459456,0.19782393669634024,0.16058178596478279,0.05575539568345324,0.24459783913565425,0.44198982835346473
33-9093.00,0.17803731662156388,0.1455399061032864,0.19249049429657797,0.12191359186038635,0.15859649122807015,0.1346448087431694,0.3223893870896021,0.20795660036166363,0.20285367096546586,0.2372477773482799,0.23396226415094346,0.0625,0.05680393661009971,0.30038022813688214,0.31860912665448304,0.616548199767712,0.5960221285563752,0.006153846153846155,0.25786398626571416,0.42676767676767674,0.22433823529411764,0.2912533620225927,0.30045970334611954,0.2958579881656805,0.1921708185053381,0.3176835774565913,0.19317355144413204,0.28734499789827656,0.40475023978912367,0.21224984839296546,0.2767359999999999,0.4173497267759563,0.22457435897435893,0.12595419847328243,0.3117408906882591,0.26948571428571433,0.2603571428571429,0.008444444444444445,0.16436987166000422,0.1661405549094534,0.18723404255319148,0.38965034965034967,0.022480916030534346,0.19984917043740572,0.3127365079365079,0.0030000000000000027,0.0932994062765055,0.23525994772001163,0.494336569579288,0.016166789534267128,0.3743220807969009,0.24580152671755726,0.28864864864864864,0.26871084734586215,0.2699988925394071,0.14376191354608622,0.29157262905162057,0.3293070565797838
33-9099.02,0.24721753108022873,0.19014084507042256,0.23098859315589354,0.2453774429752937,0.23684210526315788,0.16295081967213115,0.2611354035425777,0.20253164556962022,0.22049312061463683,0.1939543873212215,0.21132075471698114,0.1325,0.1473422268789642,0.2534854245880862,0.2657833527163981,0.4117909407665505,0.35216163212738555,0.13639514170040487,0.22476740322312677,0.322991822991823,0.13183823529411764,0.11326519634211943,0.11217162258255133,0.1815492200107585,0.08920521945432977,0.16732951789698322,0.11671024950354891,0.07224674232870952,0.22663694891629116,0.02551329810274625,0.18666666666666668,0.1559478772593527,0.067391452991453,0.15458015267175573,0.20113360323886637,0.11520000000000001,0.05231584821428571,0.0,0.08766393155200225,0.08772221299219139,0.10859574468085108,0.37122237762237764,0.11587786259541982,0.17906485671191555,0.17523809523809522,0.12143999999999998,0.07124681933842239,0.16994481556781876,0.19805151024811218,0.18437900128040974,0.283194982475558,0.19083969465648853,0.3190486486486486,0.20236069897790968,0.2085717449887408,0.1719778023734858,0.30424969987995193,0.3095486331849968
35-1011.00,0.3052068284941095,0.17076682316118938,0.33269961977186313,0.2453774429752937,0.367719298245614,0.3280327868852459,0.280645519899207,0.3164556962025316,0.1703970836109913,0.29020487050637805,0.25267924528301894,0.265,0.26942578629296315,0.2958783269961977,0.144985324250983,0.2968641114982578,0.43905865823674034,0.0,0.33314642520906024,0.17316017316017313,0.26588235294117646,0.342119419042496,0.31848728554688677,0.30984400215169444,0.12648161328588375,0.19279270540304588,0.07962879219834451,0.07976040353089531,0.12075711259393178,0.2295763666291259,0.2090666666666667,0.16419714165615804,0.13401709401709402,0.0013740458015267186,0.437246963562753,0.15873015873015872,0.24107142857142855,0.005555555555555556,0.08240409565888211,0.03738162485462702,0.10638297872340427,0.22657342657342658,0.0,0.1478129713423831,0.3657142857142857,0.0,0.016115351993214583,0.11617775196049956,0.29075647249190933,0.0,0.289153292750415,0.20916030534351143,0.43052972972972975,0.5192878338278931,0.3626933441618369,0.3591357683084302,0.4001740696278511,0.48719643992371264
35-1012.00,0.2868944187844629,0.22065727699530516,0.29111216730038025,0.18028160534613674,0.30701754385964913,0.2227185792349727,0.17231156896168384,0.22008438818565398,0.09799694249539416,0.18981059141863166,0.21132075471698114,0.24,0.23127584335884147,0.36045627376425854,0.16181397795868638,0.23803948896631827,0.35216163212738555,0.0249004048582996,0.3404566096250761,0.13708513708513706,0.301,0.2689618074233459,0.18778731459132472,0.2781065088757396,0.11266429418742586,0.23871738286933744,0.059692102003499725,0.055170239596469106,0.0837985357337547,0.272892662219527,0.16426666666666667,0.1847217843631778,0.15316239316239316,0.018129770992366408,0.2697975708502024,0.2180571428571429,0.16601562499999997,0.012835555555555553,0.09818360333824253,0.05848147532812759,0.08794326241134753,0.30615384615384617,0.0,0.15082956259426847,0.3127365079365079,0.0,0.0,0.07667731629392971,0.4357133225458468,0.0,0.26083748385906663,0.22589312977099238,0.3762258258258258,0.49587866798549285,0.3565192513566392,0.2501844678103671,0.43217286914765907,0.6048951048951049
35-2011.00,0.15724255804016524,0.12093896713615024,0.08365019011406843,0.08184014268405565,0.07263157894736842,0.03415300546448087,0.04997035499888832,0.03737191078963231,0.009682097918544932,0.15066099729416313,0.04716981132075471,0.0644,0.07016296518045917,0.22915082382762988,0.0825095530819073,0.002898954703832755,0.09659290481208287,0.0,0.0825095530819073,0.1558441558441558,0.16176470588235295,0.2958579881656805,0.27542139473394295,0.12049488972565897,0.11862396204033215,0.1424725967601125,0.04325514637934763,0.06473308112652375,0.17251016084847398,0.18950879320800484,0.17280000000000004,0.20393284993694827,0.15316239316239316,0.029580152671755722,0.39550445344129553,0.20571428571428574,0.1478794642857143,0.001280000000000001,0.09818360333824253,0.03625851470343912,0.05540425531914894,0.05244755244755245,0.0,0.01088989441930618,0.09523809523809523,0.0,0.0,0.036015103107754874,0.11630258899676374,0.0,0.1807784541597491,0.0885496183206107,0.17824864864864867,0.051513353115727,0.06511868286020156,0.062227141363832006,0.13310924369747895,0.24920534011443107
35-2012.00,0.12360876554011437,0.11042253521126759,0.11549429657794677,0.12191359186038635,0.21052631578947367,0.20491803278688525,0.0902690283850886,0.0795660036166365,0.06467798204696014,0.21473521453420955,0.18867924528301885,0.151875,0.1754074129511479,0.20278833967046897,0.11170875560724373,0.11614401858304296,0.3274206767357452,0.0,0.25786398626571416,0.17316017316017313,0.3161764705882353,0.29878429263044654,0.33122677696876224,0.2912533620225927,0.20071174377224196,0.2564506741682025,0.06488271956902143,0.15434531315678854,0.19045121757671524,0.3362427445204886,0.22459733333333334,0.1471206389239176,0.15316239316239316,0.0013740458015267186,0.36534412955465584,0.25,0.17327008928571427,0.0026666666666666687,0.10407461953853708,0.09170958631001827,0.07978723404255321,0.20391608391608396,0.0,0.14177978883861234,0.2571428571428572,0.0,0.0,0.21550972988672673,0.33184162621359226,0.0018624141543475748,0.14849658734550822,0.11399491094147583,0.20685645645645645,0.1490273656445763,0.1814574181402045,0.1368289983397897,0.27783913565426166,0.3665861411315957
35-2013.00,0.08704498748652005,0.1338967136150235,0.07984790874524715,0.12755773963170053,0.3438175438596492,0.30540983606557376,0.09994070999777666,0.11746835443037976,0.08623730939594684,0.1939543873212215,0.25267924528301894,0.08333333333333333,0.13319737309858362,0.13307984790874525,0.1053954145206845,0.11074564459930314,0.25131717597471026,0.0,0.21970011629838845,0.17316017316017313,0.1213235294117647,0.34857450242065624,0.3244964796138091,0.363098440021517,0.18294661921708186,0.37016199437384817,0.07962879219834451,0.016419714165615804,0.06801040581290238,0.3865979381443299,0.015402666666666663,0.34415720891130724,0.15316239316239316,0.029580152671755722,0.3348987854251012,0.13368888888888888,0.23018973214285712,0.027555555555555555,0.07670594010800197,0.06549925236750291,0.10859574468085108,0.22657342657342658,0.0,0.18853695324283556,0.34377142857142856,0.0,0.0,0.15393552134766195,0.12014563106796115,0.0,0.1807784541597491,0.08956743002544527,0.245045045045045,0.13114408176722714,0.1814574181402045,0.026870811043472907,0.011404561824729889,0.4949141767323586
35-2014.00,0.06358475593627282,0.0654303599374022,0.10693916349809886,0.06321445503871886,0.1649122807017544,0.15923497267759565,0.0902690283850886,0.056962025316455674,0.030869036886049153,0.18981059141863166,0.19441509433962265,0.109375,0.12135386457612213,0.18960709759188848,0.1730630780306806,0.20162601626016263,0.41271513874253596,0.02850202429149798,0.3028603865536911,0.09367484367484367,0.16864705882352943,0.342119419042496,0.33122677696876224,0.2283162990855299,0.20139501779359434,0.27797313027451737,0.11010400896561218,0.09063682219419923,0.16215955119756556,0.3654812440440094,0.19353600000000004,0.19215006305170237,0.16068376068376067,0.0,0.33943319838056685,0.1542857142857143,0.2193080357142857,0.020942222222222216,0.08591065292096221,0.0438611064960957,0.07092198581560283,0.16325034965034968,0.0,0.18853695324283556,0.4126984126984127,0.0,0.0,0.2117339529480105,0.2760079557713053,0.0018624141543475748,0.1429994465965689,0.07181679389312977,0.18246246246246248,0.22156280909990111,0.04614419136919044,0.07436358605423353,0.16956782713085233,0.18335664335664334
35-2015.00,0.1424298532972511,0.079906103286385,0.09505703422053233,0.07680556287204339,0.14908070175438595,0.14382513661202187,0.07678055287927077,0.07594936708860757,0.06554035514091958,0.10088906068805567,0.17358490566037735,0.09893333333333335,0.11258349392856473,0.22179974651457543,0.21338677521182922,0.20162601626016263,0.3260010537407798,0.0,0.21338677521182922,0.1558441558441558,0.28582352941176464,0.31710597095212484,0.3098490690756858,0.2958579881656805,0.20759193357058126,0.21643709380153264,0.02162757318967382,0.13829340058848255,0.12075711259393178,0.013536342372000349,0.2826666666666667,0.16419714165615804,0.11076923076923079,0.002862595419847331,0.340080971659919,0.21428571428571427,0.255859375,0.0026666666666666687,0.12823479907426888,0.10234258182422329,0.14184397163120566,0.20391608391608396,0.009064885496183206,0.0915837104072398,0.3127365079365079,0.0,0.0,0.23525994772001163,0.2844356796116505,0.0,0.16528315808891345,0.12881424936386768,0.19255255255255255,0.1846356742499176,0.14131197164900883,0.11913546086207955,0.16142857142857142,0.3665861411315957
35-2021.00,0.03865953160925386,0.03687010954616588,0.020674904942965783,0.04214297002581257,0.07894736842105263,0.06352459016393444,0.017138516267694363,0.007233273056057872,0.007408568852651803,0.08340162350212603,0.12256603773584908,0.057499999999999996,0.051864463861395385,0.11406844106463879,0.07528243894334606,0.06509639953542393,0.1639152324083831,0.016194331983805668,0.11170875560724373,0.03655603655603656,0.09944117647058821,0.3284346422807961,0.30574779412501124,0.2958579881656805,0.11266429418742586,0.18036424483461053,0.0061441969288846075,0.0407208911307272,0.04791642227727215,0.22801697998787146,0.1472,0.20885876418663304,0.17094017094017094,0.08945610687022901,0.33943319838056685,0.2180571428571429,0.255859375,0.0026666666666666687,0.09229258713794797,0.09170958631001827,0.07978723404255321,0.13076923076923078,0.0,0.15271493212669685,0.17523809523809522,0.0,0.0,0.11617775196049956,0.1887810140237325,0.0,0.11621472053126729,0.05089058524173028,0.17201201201201202,0.04879657105176394,0.07855587138690981,0.053034495480538645,0.13565426170468187,0.24920534011443107
35-3011.00,0.22254664577695488,0.12093896713615024,0.27115019011406843,0.17684996350117774,0.25052631578947365,0.2182377049180328,0.07868894982583563,0.09041591320072331,0.08623730939594684,0.1939543873212215,0.17358490566037735,0.11041666666666666,0.13749134656762774,0.4435994930291508,0.12815667054327964,0.2545876887340302,0.33551399133590915,0.0019433198380566803,0.22476740322312677,0.17316017316017313,0.2459411764705882,0.342119419042496,0.31848728554688677,0.32275416890801506,0.18647686832740215,0.30555825007275195,0.05087395057116454,0.06797761664564943,0.07141920659126823,0.18950879320800484,0.12,0.21509825556956702,0.15316239316239316,0.022480916030534346,0.37311740890688255,0.20190476190476192,0.2603571428571429,0.0,0.19176485027000492,0.14886193719887025,0.13297872340425532,0.25748251748251744,0.0013740458015267186,0.17906485671191555,0.26948571428571433,0.0,0.0,0.14522218995062444,0.5056634304207119,0.003880029488224114,0.289153292750415,0.14249363867684478,0.28864864864864864,0.1846356742499176,0.2934770571080512,0.2174414314702084,0.3249939975990396,0.4930197075651621
35-3021.00,0.12354772417441551,0.05095461658841941,0.06202471482889735,0.016556166795854935,0.07263157894736842,0.03415300546448087,0.021251760171941015,0.007233273056057872,0.0,0.11703131039814459,0.09308176100628933,0.109375,0.09302673676726475,0.1652724968314322,0.07787838511380628,0.06509639953542393,0.19391757405456034,0.0249004048582996,0.1053954145206845,0.02284752284752284,0.21764705882352942,0.17428725121032815,0.17526816028523645,0.17697686928456158,0.09489916963226572,0.11397807740809002,0.07007333713454315,0.050861706599411506,0.0534367474244233,0.14294377544832365,0.152064,0.1471206389239176,0.10568205128205128,0.01377862595419847,0.3117408906882591,0.15873015873015872,0.1325,0.001280000000000001,0.09818360333824253,0.05848147532812759,0.04468085106382978,0.13076923076923078,0.0,0.07541478129713423,0.11936507936507935,0.0,0.0,0.08945686900958466,0.1887810140237325,0.0,0.3014204021398266,0.12881424936386768,0.196996996996997,0.16485328058028353,0.10336298866698662,0.030360327122917054,0.20839735894357744,0.38906547997457086
35-3022.00,0.08952733635827212,0.08841940532081377,0.1203041825095057,0.13169678133066426,0.17543859649122806,0.14382513661202187,0.04997035499888832,0.037974683544303785,0.028301516992669813,0.10088906068805567,0.12256603773584908,0.09893333333333335,0.1754074129511479,0.22813688212927757,0.15506451791548984,0.23803948896631827,0.32014693829762325,0.0,0.2657833527163981,0.12337662337662335,0.2317941176470588,0.2074018289402905,0.19307540537021645,0.2711135018827326,0.1693950177935943,0.005759530507323698,0.0061441969288846075,0.0019703656998738984,0.0020701219301816893,0.013536342372000349,0.0896,0.0019703656998738984,0.008547008547008548,0.0,0.3348987854251012,0.17523809523809522,0.14875,0.0,0.08591065292096221,0.0063133410865592295,0.10859574468085108,0.2147916083916084,0.0,0.20814479638009045,0.17523809523809522,0.0,0.0,0.16994481556781876,0.316039644012945,0.0,0.24954805386460063,0.143765903307888,0.2616216216216216,0.10096933728981207,0.21744988740817303,0.14891932607759945,0.1917767106842737,0.4115448188175461
35-3022.01,0.15896188984068205,0.13145539906103287,0.1953422053231939,0.12191359186038635,0.18074385964912282,0.11475409836065574,0.059642036611576396,0.04708860759493671,0.02449923562384854,0.1331735601082335,0.13679245283018868,0.08773333333333333,0.12135386457612213,0.28517110266159695,0.24445505897989703,0.23803948896631827,0.32014693829762325,0.0029538461538461563,0.18431217810267483,0.09090909090909088,0.23776470588235293,0.3284346422807961,0.28844131521227473,0.35580419580419587,0.24863582443653617,0.27797313027451737,0.01843259078665382,0.14367249894913828,0.25876524127271094,0.32487221692800833,0.04000000000000001,0.23939943253467844,0.1887179487179487,0.1870229007633588,0.38866396761133604,0.20571428571428574,0.28125,0.0026666666666666687,0.09588242513500246,0.09968433294567206,0.07978723404255321,0.13076923076923078,0.0,0.1368325791855204,0.24480000000000002,0.0,0.0,0.23151902410688358,0.3577063106796117,0.012286760046043017,0.27089097952407304,0.20916030534351143,0.23326366366366366,0.13188262446422683,0.16894311344088003,0.1283588513804341,0.16142857142857142,0.4115448188175461
35-3031.00,0.15260341424705476,0.05095461658841941,0.16634980988593157,0.04233110828485638,0.10526315789473684,0.07487704918032786,0.059642036611576396,0.02260397830018083,0.0,0.05663703131039816,0.0819119496855346,0.04583333333333333,0.029468445375792837,0.4435994930291508,0.11993271307526168,0.1272938443670151,0.1737501463528861,0.0353425101214575,0.07528243894334606,0.08369408369408367,0.1985294117647059,0.30470145239376006,0.27814556271094776,0.22754168908015063,0.02941874258600238,0.2885827917353769,0.0007078114862075072,0.0,0.021391259945210774,0.006768171186000174,0.324864,0.2938734762505254,0.23483076923076926,0.0,0.5010526315789474,0.39591111111111105,0.28125,0.012835555555555553,0.2060102391472053,0.0438611064960957,0.05540425531914894,0.14895104895104896,0.009064885496183206,0.017767722473604818,0.1111111111111111,0.00625,0.0,0.10165553296543711,0.2768001618122977,0.008083394767133564,0.3469839513004981,0.22589312977099238,0.27317237237237235,0.16485328058028353,0.15930820628299308,0.08992805755395682,0.1444717887154862,0.45279720279720276
35-3041.00,0.12761714855433703,0.07824726134585289,0.08365019011406843,0.04966850038756481,0.07263157894736842,0.03859289617486338,0.03561105758541467,0.022905364677516568,0.02346046803339735,0.03546965597216854,0.038993710691823905,0.041666666666666664,0.05680393661009971,0.0859315589353612,0.03270892174779863,0.05011846689895472,0.14342582835733522,0.016194331983805668,0.11993271307526168,0.031553631553631556,0.06670588235294117,0.2912533620225927,0.17198313419531885,0.1670252824098978,0.09489916963226572,0.15156659229799205,0.03244135978451072,0.03694435687263556,0.03881478619090665,0.06091354067400156,0.14933333333333335,0.17039722572509455,0.06837606837606838,0.0,0.23611336032388666,0.16825396825396827,0.1325,0.001280000000000001,0.09229258713794797,0.03738162485462702,0.07978723404255321,0.16671328671328675,0.0,0.12217194570135748,0.1492063492063492,0.0,0.0,0.07667731629392971,0.16518338727076592,0.0,0.1612248662608375,0.07633587786259542,0.20685645645645645,0.0870425321463897,0.017756284838864475,0.0032666174752505692,0.08609843937575029,0.2641576605212969
35-9011.00,0.034020387816143395,0.0,0.011882129277566541,0.0,0.044210526315789464,0.047855191256830604,0.005336100200103767,0.0,0.004468660577789976,0.04977193660610747,0.06981132075471701,0.03666666666666666,0.040170636331318864,0.0859315589353612,0.06489865426150522,0.06509639953542393,0.13757171291417863,0.0249004048582996,0.10621919477211055,0.022318422318422314,0.06670588235294117,0.34857450242065624,0.3873426342303725,0.2588757396449704,0.09990984578884934,0.3334465030555825,0.03686518157330764,0.004104928541403951,0.017251016084847397,0.1754309971411245,0.2767359999999999,0.4098360655737705,0.23483076923076926,0.0013740458015267186,0.5263157894736843,0.3657142857142857,0.36272321428571425,0.04849777777777779,0.1479328844940038,0.08070443595281608,0.035460992907801414,0.232027972027972,0.01377862595419847,0.09954751131221717,0.12444444444444444,0.0,0.0,0.10539645657856522,0.22333468176914778,0.0018624141543475748,0.1429994465965689,0.02824427480916031,0.16144144144144146,0.16485328058028353,0.014876887297426988,0.030360327122917054,0.07435774309723887,0.31754609027336295
35-9021.00,0.012716951187254563,0.0035680751173708947,0.0,0.009406912952190304,0.06578947368421052,0.05336065573770492,0.0041132439042466514,0.0,0.0,0.027831465017394686,0.0678490566037736,0.032266666666666666,0.046513368383632375,0.09505703422053231,0.1053954145206845,0.07769570267131243,0.1639152324083831,0.057004048582995945,0.11170875560724373,0.019721019721019716,0.08625,0.3284346422807961,0.4819874407844001,0.2420656266810113,0.20118623962040333,0.3534532932389175,0.12386701008631369,0.22556746532156371,0.19407393095453324,0.21658147795200558,0.36633600000000005,0.3940731399747793,0.13401709401709402,0.002862595419847331,0.37311740890688255,0.25,0.3046875,0.0026666666666666687,0.16261659302896417,0.0830702774547267,0.0,0.18125874125874128,0.09541984732824427,0.20814479638009045,0.18575238095238095,0.07744,0.1484308736217133,0.10920708684286957,0.15844120819848972,0.12933431627413702,0.06139088729016786,0.02239185750636132,0.14944864864864868,0.02472799208704253,0.05168149433349331,0.04384184959724529,0.07563025210084032,0.14621741894469167
35-9031.00,0.15896188984068205,0.09859154929577463,0.21382129277566536,0.09143519389528978,0.12280701754385964,0.10459016393442623,0.04997035499888832,0.06781193490054248,0.05585825722237465,0.059435639737147286,0.10943396226415095,0.08773333333333333,0.11080135461298107,0.2440456273764258,0.13706595780029907,0.1737514518002323,0.22721285563751317,0.010040485829959514,0.11170875560724373,0.10649350649350649,0.1985294117647059,0.22404518558364708,0.16900858313219225,0.1960731576116192,0.11266429418742586,0.17736928897080223,0.004669589665952302,0.0019703656998738984,0.0020701219301816893,0.003248722169280087,0.152064,0.14367249894913828,0.09025641025641025,0.0,0.3348987854251012,0.20190476190476192,0.13113839285714285,0.0,0.13609825373448345,0.08772221299219139,0.07651063829787237,0.17244755244755247,0.0,0.00942684766214178,0.10666666666666666,0.0,0.0,0.10539645657856522,0.24656148867313912,0.0,0.27089097952407304,0.143765903307888,0.23326366366366366,0.13188262446422683,0.23815940049466572,0.18986349382032833,0.19567827130852342,0.37047043865225676
37-1011.00,0.19075426780881846,0.14793427230046952,0.27115019011406843,0.2116555414242819,0.2163157894736842,0.1490710382513661,0.08059734677240052,0.09041591320072331,0.08623730939594684,0.17144182450715117,0.15101886792452832,0.09333333333333334,0.21043276516923307,0.12395437262357413,0.13568145317605362,0.15609756097560978,0.23270108886547242,0.040161943319838064,0.12815667054327964,0.07996632996632995,0.1354705882352941,0.1960731576116192,0.19717668032089097,0.1670252824098978,0.16296085409252672,0.27126782423125423,0.09240872181042449,0.10639974779319042,0.0837985357337547,0.15437927748418953,0.21333333333333335,0.23939943253467844,0.16068376068376067,0.0013740458015267186,0.3507303643724696,0.21428571428571427,0.18328124999999995,0.001280000000000001,0.10957991444000281,0.10765907958132581,0.10638297872340427,0.22657342657342658,0.018129770992366408,0.1689291101055807,0.23142857142857143,0.023559999999999994,0.008057675996607293,0.10165553296543711,0.10234627831715208,0.012286760046043017,0.21306032097399003,0.1743002544529262,0.36250330330330327,0.28849324101549617,0.2547159363579312,0.2640195535878989,0.3249939975990396,0.3989319771137953
37-1012.00,0.3052068284941095,0.22065727699530516,0.33269961977186313,0.23197447340101296,0.30701754385964913,0.2766393442622951,0.14244423034165868,0.1702833031946956,0.10975657559484146,0.18981059141863166,0.25849056603773585,0.11499999999999999,0.14588283720321063,0.15437262357414452,0.13568145317605362,0.2787456445993032,0.3962065331928345,0.10493927125506074,0.39536606302265054,0.17316017316017313,0.26588235294117646,0.3284346422807961,0.2588961110499064,0.26495965572888647,0.25691103202846977,0.3334465030555825,0.14623188690745365,0.22166614123581335,0.2711859728538011,0.13536342372000348,0.08,0.4098360655737705,0.16068376068376067,0.0715648854961832,0.3264777327935222,0.18575238095238095,0.1925223214285714,0.027555555555555555,0.08240409565888211,0.10765907958132581,0.09255319148936172,0.29279440559440556,0.11927480916030533,0.33597285067873306,0.34377142857142856,0.066,0.16624257845631893,0.12231193726401395,0.4055842098166128,0.14226774790155072,0.21306032097399003,0.19242748091603054,0.3762258258258258,0.5281107814045499,0.30183838458414847,0.2501844678103671,0.3457382953181272,0.3827590591226955
37-2011.00,0.055506948542128724,0.011830985915492967,0.052699619771863104,0.016556166795854935,0.05894736842105264,0.04234972677595629,0.029821018305788198,0.04708860759493671,0.04617615930382972,0.10088906068805567,0.10425157232704406,0.0026041666666666665,0.0007905027410331724,0.006337135614702155,0.05239657750456887,0.09419744483159119,0.14635288607891347,0.009353846153846152,0.11993271307526168,0.02693602693602694,0.07305882352941177,0.2528240989779451,0.21232485703125784,0.2178590640129102,0.15373665480427048,0.265241536521486,0.05505200448280609,0.05779739386296762,0.04554268246399713,0.09529585029888243,0.13333333333333333,0.4177175283732661,0.18119658119658122,0.0013740458015267186,0.41198380566801623,0.19047619047619047,0.3482142857142857,0.005555555555555556,0.15053650326109827,0.1329124439275627,0.06595744680851066,0.23835524475524478,0.0,0.14177978883861234,0.1507555555555556,0.0,0.03944020356234097,0.09410397908800465,0.12641585760517798,0.0,0.06894484412470023,0.04809160305343511,0.15051051051051054,0.03659742828882295,0.03506958544058473,0.019568960216442225,0.052821128451380546,0.21169739351557534
37-2012.00,0.05086780474901825,0.042691705790297345,0.044914448669201516,0.020883346753862483,0.06105263157894737,0.037267759562841535,0.021251760171941015,0.022905364677516568,0.02346046803339735,0.03228449942017784,0.04716981132075471,0.019375000000000003,0.03128332740846071,0.05557414448669202,0.04516946336600764,0.06875725900116145,0.1600734691488116,0.0019433198380566818,0.11170875560724373,0.03655603655603656,0.039882352941176466,0.15737493275954814,0.22406281610864623,0.171059709521248,0.07307236061684459,0.2082161218352896,0.026818190755195537,0.0305406683480454,0.03208688991781617,0.05908342718530713,0.19353600000000004,0.23939943253467844,0.19282051282051282,0.0,0.47368421052631576,0.35266031746031745,0.4080636160714286,0.022222222222222223,0.1479328844940038,0.06549925236750291,0.035460992907801414,0.1875524475524476,0.0,0.10407239819004524,0.17904761904761904,0.0,0.0,0.04879465582340982,0.11124595469255663,0.0,0.10625345877144438,0.02824427480916031,0.15051051051051054,0.09891196834817012,0.05814168112517995,0.030360327122917054,0.12751500600240095,0.38906547997457086
37-2021.00,0.20601460923352394,0.14793427230046952,0.23098859315589354,0.28145483552953393,0.2573684210526316,0.1993237704918033,0.12865930482472396,0.16515973477998794,0.13523578064364392,0.1939543873212215,0.25849056603773585,0.1640625,0.21043276516923307,0.164958174904943,0.18431217810267483,0.4343786295005807,0.41271513874253596,0.23611336032388666,0.3404566096250761,0.1558441558441558,0.26588235294117646,0.30984400215169444,0.28844131521227473,0.2781065088757396,0.2846975088967971,0.31343971287224753,0.1536049232221152,0.17404897015552753,0.23288871714543988,0.22801697998787146,0.18666666666666668,0.3086906263135771,0.17094017094017094,0.05916030534351146,0.38866396761133604,0.23142857142857146,0.36272321428571425,0.005555555555555556,0.19612174766813942,0.28110981890679515,0.21276595744680854,0.38052587412587413,0.23854961832061067,0.37146304675716435,0.3492063492063492,0.25,0.18999151823579305,0.273017717107174,0.2844356796116505,0.2723263363468229,0.33163622947795607,0.24402035623409668,0.29160360360360355,0.1846356742499176,0.2934770571080512,0.25525733259546207,0.29157262905162057,0.40623013350286075
37-3011.00,0.03865953160925386,0.011001564945226918,0.03564638783269962,0.0,0.07263157894736842,0.05336065573770492,0.05743718965389462,0.022905364677516568,0.030869036886049153,0.08581368380363356,0.05534591194968552,0.010416666666666666,0.03128332740846071,0.07604562737642585,0.06853297890014953,0.13019279907084785,0.18984896382156652,0.11753198380566804,0.3236279559173727,0.1402597402597402,0.05558823529411764,0.31360946745562135,0.37184892886115756,0.23534158149542764,0.3520759193357058,0.5750072751964304,0.13025697489235366,0.22556746532156371,0.25876524127271094,0.05908342718530713,0.2090666666666667,0.5221469104665826,0.28478632478632476,0.1603053435114504,0.5101214574898785,0.31746031746031744,0.3691071428571429,0.07466666666666667,0.20096956308296518,0.21133078584482476,0.04468085106382978,0.232027972027972,0.15458015267175573,0.3054298642533937,0.19714285714285712,0.084,0.1484308736217133,0.13011908219575952,0.23702973300970873,0.1001564945226917,0.04722375945397527,0.02239185750636132,0.12036036036036035,0.06231454005934717,0.025951493226032706,0.016064071819467497,0.08609843937575029,0.1869040050858233
37-3012.00,0.09537713390440922,0.1338967136150235,0.08269961977186313,0.10606482491853614,0.15350877192982457,0.10245901639344263,0.08059734677240052,0.12055455093429775,0.07588883226843321,0.15066099729416316,0.21132075471698114,0.10416666666666666,0.2058113645293468,0.11406844106463879,0.16514371157999666,0.1821138211382114,0.2469704952581665,0.11753198380566804,0.23886858282106663,0.11832611832611833,0.1462205882352941,0.33542764927380314,0.31848728554688677,0.30338891877353413,0.33879003558718856,0.3855854108060918,0.12288393857769216,0.28734499789827656,0.25876524127271094,0.1754309971411245,0.16426666666666667,0.3940731399747793,0.18119658119658122,0.041984732824427475,0.3348987854251012,0.15075555555555556,0.18328124999999995,0.0026666666666666687,0.11615470930640298,0.10765907958132581,0.14184397163120566,0.232027972027972,0.10496183206106868,0.43438914027149317,0.28408888888888884,0.12143999999999998,0.11704834605597962,0.1603252977054894,0.2326051779935275,0.1616678953426713,0.136967349197565,0.1150127226463104,0.20852852852852852,0.13188262446422683,0.1052087563217542,0.062227141363832006,0.15126050420168063,0.19930069930069932
37-3013.00,0.15864650945123812,0.09902973395931143,0.14823193916349808,0.12755773963170053,0.14298245614035088,0.10557377049180328,0.208441414066553,0.10608800482218202,0.07588883226843321,0.15066099729416316,0.1965408805031446,0.03125,0.0447920369712051,0.15209125475285173,0.15143019327684554,0.2620209059233449,0.30477988525933736,0.32838218623481774,0.41535138727363347,0.24531024531024526,0.25058823529411767,0.5236363636363636,0.47807645697917817,0.43272727272727274,0.5693950177935944,0.6338151130080512,0.25412398497866734,0.41968789407313994,0.828048772072675,0.42010309278350516,0.5610666666666666,0.6045738755779738,0.3938461538461539,0.018129770992366408,0.6072874493927126,0.38948571428571427,0.6138392857142857,0.008444444444444445,0.28008626130864717,0.4950589798969929,0.13297872340425532,0.29426573426573427,0.23854961832061067,0.6598793363499245,0.2644444444444444,0.15000000000000002,0.24931297709923664,0.2927679349404589,0.5697141316073354,0.17848135645830907,0.14535141117874928,0.10121119592875315,0.1960168168168168,0.22584899439498846,0.16058178596478279,0.11913546086207955,0.3457382953181272,0.26033057851239666
39-1011.00,0.26394286528170585,0.12093896713615024,0.3127376425855513,0.1881382590438061,0.292280701754386,0.24385245901639344,0.3417327503149782,0.16877637130801687,0.25877072635333775,0.17144182450715117,0.19441509433962265,0.1431,0.2005210769547402,0.2958783269961977,0.38835354710084735,0.3567386759581882,0.43905865823674034,0.0019433198380566818,0.09816830038212326,0.2698412698412698,0.26588235294117646,0.007767616998386228,0.007231063527196609,0.016675632060247445,0.0029655990510083037,0.0,0.0,0.0,0.0,0.0,0.006666666666666667,0.020360445565363598,0.002051282051282053,0.01377862595419847,0.2623481781376518,0.034641269841269855,0.0,0.0,0.032873974332000844,0.0009569695962784524,0.217645390070922,0.31951328671328677,0.0,0.01088989441930618,0.07964444444444445,0.0014400000000000012,0.0012213740458015278,0.021783328492593665,0.3198321197411003,0.0,0.25110680686220255,0.24580152671755726,0.49124324324324325,0.4615891856247939,0.31008896600095986,0.3080228125192154,0.3249939975990396,0.47774952320406866
39-1012.00,0.14242985329725114,0.12093896713615024,0.21382129277566536,0.15987236700506466,0.12846315789473683,0.0891393442622951,0.15737789965167126,0.12055455093429775,0.08623730939594684,0.1298801700811751,0.08207547169811322,0.1640625,0.149447115834378,0.164958174904943,0.0825095530819073,0.13937282229965156,0.28213909378292945,0.0,0.12815667054327964,0.2528258778258778,0.18661764705882353,0.2283162990855299,0.15924364277344338,0.171059709521248,0.11266429418742586,0.09093995537879523,0.0,0.0305406683480454,0.06900406433938959,0.033570129082560865,0.0,0.1471206389239176,0.037305982905982915,0.041984732824427475,0.3348987854251012,0.1388888888888889,0.20340401785714288,0.0,0.07670594010800197,0.03322811098189068,0.10638297872340427,0.2392335664335665,0.0013740458015267186,0.05656108597285067,0.1346031746031746,0.0014400000000000012,0.005301102629346904,0.14522218995062447,0.5056634304207119,0.0,0.21309721453606348,0.13944020356234096,0.28419459459459456,0.22156280909990111,0.21744988740817303,0.23016971038553768,0.21428571428571427,0.3827590591226955
39-1021.00,0.3052068284941095,0.29420970266040686,0.33269961977186313,0.3373318984655444,0.3438175438596492,0.2766393442622951,0.2779218854220707,0.2260397830018083,0.15434518443024575,0.1939543873212215,0.25849056603773585,0.09333333333333334,0.099631410556252,0.18960709759188848,0.13568145317605362,0.21545180023228808,0.36043788783514813,0.0009327935222672072,0.1730630780306806,0.1558441558441558,0.26588235294117646,0.15737493275954814,0.10954260017827276,0.1202582033351264,0.011179122182680898,0.10609661460859443,0.0030720984644423037,0.004104928541403951,0.000993658526487211,0.10829073897600279,0.006666666666666667,0.12347625052543083,0.11965811965811966,0.023854961832061067,0.3044534412955465,0.1111111111111111,0.125,0.0,0.03394347429693526,0.02554577172287756,0.12482269503546098,0.2876923076923077,0.0013740458015267186,0.04114630467571644,0.09523809523809523,0.00625,0.005301102629346904,0.1270694162067964,0.2844356796116505,0.008083394767133564,0.3539937280944475,0.2903307888040712,0.4518918918918919,0.3738872403560831,0.4112001181291299,0.28514111787493085,0.4069627851140456,0.4513668150031786
39-1021.01,0.3052068284941095,0.29000000000000004,0.33269961977186313,0.35327849730209737,0.4547368421052631,0.3280327868852459,0.2611354035425777,0.369427365883062,0.22049312061463683,0.2899110939311944,0.3239748427672956,0.2444,0.2532602391153853,0.3168567807351077,0.18431217810267483,0.2545876887340302,0.29636459430979983,0.0019433198380566818,0.21338677521182922,0.101010101010101,0.2317941176470588,0.10112963959117804,0.055084278946788585,0.15737493275954814,0.052194543297746136,0.08366475894849161,0.05406893297418453,0.03583438419503994,0.03208688991781617,0.041626960062375484,0.0896,0.07976040353089531,0.05128205128205128,0.0,0.18218623481781376,0.06257777777777777,0.04185267857142857,0.0,0.04821516235360123,0.03625851470343912,0.13297872340425532,0.20391608391608396,0.0,0.09954751131221717,0.20190476190476192,0.0,0.0,0.12231193726401395,0.19805151024811218,0.0,0.4794687327061427,0.35782188295165396,0.5078486486486486,0.5934718100890207,0.5641681125179963,0.3429948349013097,0.4471428571428571,0.633490146217419
39-2011.00,0.16831139235355155,0.12093896713615024,0.26045627376425856,0.17684996350117774,0.3438175438596492,0.31258196721311476,0.2690654413399541,0.15732368896925858,0.10779663674493356,0.1939543873212215,0.19441509433962265,0.07291666666666667,0.07244560031433007,0.22915082382762988,0.23207758763914277,0.2787456445993032,0.3274206767357452,0.12178137651821863,0.23207758763914277,0.1558441558441558,0.22433823529411764,0.2781065088757396,0.28844131521227473,0.2781065088757396,0.22835112692763937,0.36375982151518094,0.21504689251096124,0.14367249894913828,0.26605207046695056,0.19648271679805945,0.36,0.37042875157629257,0.3046153846153847,0.018129770992366408,0.38866396761133604,0.34920634920634924,0.3273214285714286,0.0026666666666666687,0.2524721228697665,0.13993022096693805,0.06170212765957448,0.3002461538461539,0.1793893129770992,0.33743589743589736,0.18575238095238095,0.11249999999999999,0.08778625954198471,0.2117339529480105,0.32493932038834955,0.2263350534797398,0.17945028592510606,0.1590330788804071,0.25657657657657656,0.16485328058028353,0.23256672450071983,0.10914345446719546,0.47358943577430973,0.3610934520025429
39-2021.00,0.08704498748652005,0.09859154929577463,0.11882129277566542,0.06321445503871886,0.10943157894736842,0.057117486338797825,0.1037575038909064,0.04520795660036166,0.053467131825487055,0.08340162350212603,0.10425157232704406,0.057499999999999996,0.05332385353714894,0.09505703422053231,0.09816830038212326,0.19094076655052267,0.18294110759864185,0.012307692307692304,0.12815667054327964,0.09090909090909088,0.09375,0.28187197417966653,0.18578424990235062,0.17428725121032815,0.0930011862396204,0.15156659229799205,0.015237608383633826,0.0,0.016257357558360185,0.003248722169280087,0.16426666666666667,0.4098360655737705,0.13401709401709402,0.0,0.3022251012145749,0.23142857142857146,0.2685546875,0.0,0.07670594010800197,0.06549925236750291,0.017730496453900707,0.19304055944055945,0.005963740458015267,0.08295625942684764,0.1492063492063492,0.0,0.005301102629346904,0.09610223642172523,0.23702973300970873,0.049716111175778274,0.14849658734550822,0.0779236641221374,0.16144144144144146,0.07311572700296734,0.07013917088116946,0.053034495480538645,0.13565426170468187,0.3153719008264463
39-3011.00,0.20601460923352394,0.107981220657277,0.23241444866920152,0.10385231899218096,0.19228070175438597,0.1525341530054645,0.1037575038909064,0.1350210970464135,0.08623730939594684,0.21473521453420955,0.16415094339622643,0.14583333333333331,0.2370946919378075,0.17743979721166034,0.28711164645289916,0.23803948896631827,0.48401826484018273,0.0,0.18431217810267483,0.23015873015873015,0.21764705882352942,0.24068854222700373,0.33122677696876224,0.3284346422807961,0.11862396204033215,0.16732951789698322,0.0022414030396571065,0.0019703656998738984,0.0020701219301816893,0.050355193623841304,0.0032000000000000028,0.10151324085750314,0.07521367521367521,0.0,0.2898396761133603,0.08761904761904761,0.1220703125,0.0026666666666666687,0.043200785468826705,0.05146369828875229,0.19574468085106383,0.24475524475524474,0.0,0.06334841628959276,0.25,0.0,0.0,0.14522218995062447,0.30719053398058255,0.012286760046043017,0.283194982475558,0.20610687022900764,0.3063063063063063,0.1490273656445763,0.23256672450071983,0.20365246264526835,0.3249939975990396,0.40623013350286075
39-3012.00,0.2868944187844629,0.13145539906103287,0.2680608365019011,0.16462097666333034,0.09890526315789476,0.047855191256830604,0.09264062847402356,0.11746835443037976,0.06467798204696014,0.21473521453420955,0.11635220125786166,0.19833333333333333,0.21984395756543867,0.20278833967046897,0.16181397795868638,0.15145180023228802,0.35216163212738555,0.0009327935222672072,0.11262252865924574,0.15584415584415579,0.2317941176470588,0.1484669176976869,0.17198313419531885,0.22404518558364708,0.07307236061684459,0.07578329614899602,0.004669589665952302,0.0735603194619588,0.08625508042423698,0.013536342372000349,0.11946666666666668,0.016419714165615804,0.009873504273504271,0.0,0.1716599190283401,0.07964444444444445,0.013950892857142856,0.001280000000000001,0.024655480749000633,0.0,0.19858156028368795,0.30615384615384617,0.004351145038167943,0.08446455505279035,0.17523809523809522,0.0,0.0,0.08945686900958466,0.22333468176914778,0.0,0.21014572957018998,0.19242748091603054,0.245045045045045,0.16485328058028353,0.13156631843183578,0.06744604316546761,0.1444717887154862,0.29401144310235217
39-3021.00,0.12437178261134962,0.11815336463223786,0.1311787072243346,0.12450237430482912,0.07719298245614033,0.08973360655737705,0.1037575038909064,0.06683544303797466,0.06554035514091958,0.19327406262079627,0.16415094339622643,0.0026041666666666665,0.00906505510131532,0.04461343472750317,0.09553081907293569,0.23931242740998837,0.3280134059243648,0.06441457489878542,0.2990529988370161,0.1519360269360269,0.15917647058823525,0.36363636363636365,0.3199895840636173,0.32867132867132864,0.32846975088967967,0.2917656901736347,0.11698550952596291,0.26764134089953756,0.397463410594884,0.15533223598717835,0.09999999999999999,0.12097388608659099,0.017094017094017096,0.0,0.12178137651821863,0.047619047619047616,0.0732421875,0.0,0.04536608457816116,0.009596278451570026,0.200354609929078,0.4727272727272727,0.06011450381679388,0.27371040723981893,0.4126984126984127,0.25,0.20414758269720099,0.3194888178913738,0.4055842098166128,0.20168393279788924,0.14849658734550822,0.10178117048346055,0.1404204204204204,0.06132542037586549,0.07209568459522316,0.030360327122917054,0.07923169267707081,0.2231404958677686
39-3031.00,0.06714550226870408,0.06885758998435054,0.09505703422053233,0.04214297002581257,0.10526315789473684,0.08200819672131147,0.05743718965389462,0.028860759493670868,0.015434518443024577,0.03546965597216854,0.04835220125786165,0.04583333333333333,0.05794525417703517,0.13231939163498102,0.11993271307526168,0.1425691056910569,0.25131717597471026,0.024291497975708502,0.09816830038212326,0.04155844155844156,0.11161764705882352,0.13448090371167296,0.1412160605726762,0.15169445938676707,0.0830367734282325,0.09093995537879523,0.015237608383633826,0.0305406683480454,0.03208688991781617,0.05908342718530713,0.020266666666666662,0.11916771752837328,0.08547008547008547,0.022480916030534346,0.24975546558704453,0.09813333333333332,0.07700892857142856,0.0,0.06048811277088155,0.09170958631001827,0.06595744680851066,0.2147916083916084,0.002862595419847331,0.10407239819004524,0.19047619047619047,0.018999999999999996,0.0,0.13011908219575952,0.22333468176914778,0.0,0.1807784541597491,0.15871755725190836,0.3053261261261261,0.08308605341246289,0.18837904684558304,0.15061796716472972,0.030012004801920768,0.40623013350286075
39-3091.00,0.11394388263780089,0.05790297339593116,0.27115019011406843,0.056441477713141834,0.06578947368421052,0.03859289617486338,0.12865930482472396,0.04520795660036166,0.02346046803339735,0.018183223811364536,0.03144654088050314,0.04666666666666667,0.040170636331318864,0.12395437262357413,0.07787838511380628,0.07769570267131243,0.1540803184638801,0.02008097165991903,0.0825095530819073,0.031553631553631556,0.08625,0.17428725121032815,0.17198313419531885,0.12049488972565897,0.1729537366548043,0.23871738286933744,0.11671024950354891,0.08669609079445144,0.1738902421352618,0.10673135233474833,0.11946666666666668,0.14367249894913828,0.06837606837606838,0.06297709923664122,0.23611336032388666,0.13368888888888888,0.09765625,0.0,0.06574794866400169,0.05848147532812759,0.04468085106382978,0.1694769230769231,0.005963740458015267,0.12217194570135748,0.03571428571428571,0.0014400000000000012,0.06568278201865987,0.07054313099041533,0.1887810140237325,0.012286760046043017,0.20153108282604684,0.18632061068702288,0.2216216216216216,0.0870425321463897,0.14950718003617705,0.04384184959724529,0.10564225690276109,0.37047043865225676
39-3092.00,0.21421449935906567,0.11042253521126759,0.1458555133079848,0.15987236700506466,0.3438175438596492,0.2766393442622951,0.0902690283850886,0.0795660036166365,0.07588883226843321,0.17144182450715117,0.23396226415094346,0.025833333333333337,0.033299343274645905,0.028136882129277577,0.0825095530819073,0.1821138211382114,0.20580874604847207,0.0,0.23709641690203243,0.13708513708513706,0.03352941176470588,0.32275416890801506,0.2711348362995383,0.32275416890801506,0.1553973902728351,0.17051241633524106,0.012288393857769215,0.025246952501050864,0.07728455206011635,0.13536342372000348,0.015402666666666663,0.17404897015552753,0.12406153846153849,0.05206106870229008,0.17878542510121453,0.10666666666666666,0.13113839285714285,0.0,0.06048811277088155,0.06549925236750291,0.10638297872340427,0.18164475524475526,0.0,0.12217194570135748,0.3333333333333333,0.0,0.026293469041560644,0.10539645657856522,0.1580198220064725,0.0,0.11621472053126729,0.12881424936386768,0.25657657657657656,0.20236069897790968,0.1564288087415556,0.14891932607759945,0.15572629051620646,0.3095486331849968
39-3093.00,0.08952733635827212,0.08577464788732393,0.11882129277566542,0.09406912952190304,0.05894736842105264,0.006571038251366122,0.04632031423701178,0.03737191078963231,0.018619419074124885,0.07093931194433709,0.011320754716981143,0.0026041666666666665,0.0031620109641326897,0.028136882129277577,0.02703937531151354,0.008594657375145181,0.04829645240604145,0.0009327935222672072,0.0064033338871351845,0.017316017316017316,0.04411764705882354,0.09760086067778377,0.07511492583652989,0.07423345884884347,0.06548042704626333,0.06790183334950045,0.0,0.0,0.0,0.0,0.02666666666666667,0.08209857082807902,0.0211965811965812,0.0,0.2898396761133603,0.12444444444444445,0.20089285714285715,0.0,0.05478995722000141,0.05848147532812759,0.04042553191489361,0.09692307692307695,0.0,0.0,0.07111111111111111,0.0,0.0,0.0036305547487656114,0.021069309600863,0.0,0.24534218778823094,0.14045801526717558,0.23326366366366366,0.06231454005934717,0.07965410314149654,0.08992805755395682,0.07923169267707081,0.39097266369993644
39-4011.00,0.22788776527560178,0.15424100156494522,0.21482889733840302,0.1700769861756007,0.18596491228070178,0.11172131147540984,0.17387719558289486,0.1702833031946956,0.09799694249539416,0.22960958639350604,0.15101886792452832,0.04666666666666667,0.046513368383632375,0.088212927756654,0.060225951154676854,0.21545180023228808,0.1540803184638801,0.030121457489878545,0.39536606302265054,0.04437229437229437,0.07305882352941177,0.4841312533620227,0.3873426342303725,0.39335664335664344,0.24911032028469748,0.31343971287224753,0.03686518157330764,0.03694435687263556,0.05175304825454219,0.16243610846400416,0.08,0.40129781420765026,0.08303589743589743,0.0013740458015267186,0.36534412955465584,0.10285714285714287,0.08593749999999999,0.0,0.06750122729504172,0.02554577172287756,0.3102836879432624,0.17244755244755247,0.04437022900763359,0.2907692307692308,0.4444444444444444,0.06200000000000001,0.052586938083121294,0.06389776357827476,0.0707928802588997,0.06014045706747372,0.21309721453606348,0.12722646310432567,0.3860564564564565,0.20236069897790968,0.1052087563217542,0.09626913853532558,0.24849939975990393,0.4339732994278449
39-4021.00,0.16831139235355155,0.12093896713615024,0.17401140684410646,0.0982081712208668,0.06837894736842107,0.0444808743169399,0.04250352034388203,0.037974683544303785,0.030869036886049153,0.08340162350212603,0.023270440251572332,0.04106666666666666,0.04905794525417702,0.0859315589353612,0.0214598216758044,0.011614401858304296,0.06439526987472192,0.09716599190283401,0.10621919477211055,0.022318422318422314,0.101875,0.14254975793437333,0.07511492583652989,0.06532544378698225,0.10676156583629892,0.20461489960228926,0.026818190755195537,0.03694435687263556,0.057963414045087265,0.003248722169280087,0.09386666666666665,0.3612337116435477,0.10568205128205128,0.0,0.28858299595141707,0.09813333333333332,0.07366071428571427,0.0,0.06774668630338733,0.01661405549094534,0.04468085106382978,0.1532867132867133,0.023854961832061067,0.1478129713423831,0.08761904761904761,0.046500000000000014,0.04627650551314674,0.036015103107754874,0.0707928802588997,0.049716111175778274,0.19627375023058477,0.14249363867684478,0.3507507507507507,0.16485328058028353,0.03506958544058473,0.01614093340712046,0.06782713085234093,0.429701207883026
39-4031.00,0.26394286528170585,0.21928012519561818,0.33269961977186313,0.2969273259532966,0.30701754385964913,0.26336065573770495,0.15737789965167126,0.18354430379746836,0.09658578652346048,0.18981059141863166,0.22822641509433964,0.185625,0.21043276516923307,0.220532319391635,0.17133244725037383,0.2968641114982578,0.21472895445498186,0.11753198380566804,0.29494102010300716,0.1904761904761905,0.27999999999999997,0.30338891877353413,0.212545194147045,0.2178590640129102,0.25691103202846977,0.2917656901736347,0.10420557991388295,0.12347625052543083,0.12972764095805242,0.2035865892748852,0.07406933333333336,0.2787673392181589,0.08547008547008547,0.011927480916030533,0.18218623481781376,0.1111111111111111,0.11160714285714285,0.0,0.08240409565888211,0.0830702774547267,0.09716312056737589,0.2692307692307692,0.10496183206106868,0.2206334841628959,0.18631111111111112,0.10999999999999999,0.11704834605597962,0.1379262271275051,0.21069309600863,0.1616678953426713,0.4521306032097399,0.4075725190839694,0.6626018018018018,0.5578635014836795,0.3655173686736313,0.37527670171555066,0.33853541416566624,0.725034965034965
39-5011.00,0.17244185809917187,0.08098591549295775,0.16112167300380226,0.07788923924413572,0.1649122807017544,0.1993237704918033,0.05790039279626472,0.06027727546714887,0.06976402336247108,0.05798221878623888,0.023270440251572332,0.0026041666666666665,0.024093962242969655,0.0638783269961977,0.07164811430470176,0.05760743321718932,0.05209430979978923,0.0,0.3028603865536911,0.2092352092352092,0.13183823529411764,0.5,0.3575470469818823,0.3586282947821409,0.23914590747330963,0.16141842079736154,0.0093391793319046,0.0011099726775956275,0.004312754021211849,0.17651390453088453,0.001802666666666665,0.05566283102143757,0.10256410256410256,0.0,0.320285020242915,0.035199999999999995,0.06776785714285713,0.0,0.010493372606774666,0.004153513872736335,0.12482269503546098,0.047412587412587415,0.0,0.04180995475113121,0.1866285714285714,0.0,0.0,0.060121986639558526,0.10302892394822007,0.0,0.21306032097399003,0.07245801526717556,0.22104024024024024,0.0870425321463897,0.08697257189265013,0.030667773473528857,0.0039015606242496963,0.3458359821996186
39-5012.00,0.15896188984068205,0.12093896713615024,0.1967680608365019,0.0952431122583364,0.367719298245614,0.4047131147540983,0.08500704068776406,0.10126582278481011,0.08623730939594684,0.15066099729416316,0.21132075471698114,0.10809999999999997,0.08793758302617548,0.14220532319391635,0.17734811984272028,0.2968641114982578,0.29636459430979983,0.0,0.5528949991692973,0.1558441558441558,0.25899999999999995,0.580957504034427,0.5408274660230152,0.580957504034427,0.2676156583629893,0.31343971287224753,0.0,0.0,0.0,0.2035865892748852,0.0,0.12347625052543083,0.16068376068376067,0.02719465648854961,0.36534412955465584,0.10666666666666666,0.2685546875,0.001280000000000001,0.04821516235360123,0.04120285761754445,0.37234042553191493,0.16573426573426575,0.0,0.14177978883861234,0.4038095238095238,0.0,0.0,0.10920708684286957,0.21069309600863,0.0,0.30741560597675704,0.1590330788804071,0.28419459459459456,0.0870425321463897,0.21744988740817303,0.14891932607759945,0.30424969987995193,0.5146726001271457
39-5091.00,0.1994017946161516,0.13145539906103287,0.24482889733840305,0.12755773963170053,0.38315789473684214,0.4098360655737705,0.07122211517082934,0.10488245931283906,0.08623730939594684,0.17144182450715117,0.35471698113207545,0.09791666666666665,0.11945478698523769,0.21425602027883395,0.23709641690203243,0.2454076655052265,0.34141201264488935,0.0,0.46424516807886146,0.20952380952380953,0.11745588235294115,0.5547337278106509,0.49851272446843675,0.5,0.1601423487544484,0.2986225628091958,0.0007078114862075072,0.0,0.000993658526487211,0.11911981287360304,0.16000000000000003,0.12347625052543083,0.11965811965811966,0.0,0.27494089068825917,0.11520000000000001,0.1925223214285714,0.001280000000000001,0.07670594010800197,0.062302708091045024,0.2429078014184397,0.280979020979021,0.0,0.19984917043740572,0.6349206349206349,0.0125,0.16624257845631893,0.11385419692128959,0.3008697411003236,0.0,0.24534218778823094,0.15267175572519082,0.23255255255255255,0.22156280909990111,0.20233305031562626,0.16044856422554263,0.23679471788715487,0.28012714558169105
39-5092.00,0.028994648706940396,0.030563380281690138,0.05346958174904943,0.020883346753862483,0.10526315789473684,0.12704918032786888,0.021251760171941015,0.011452682338758284,0.01224961781192427,0.018183223811364536,0.07798742138364781,0.006016666666666666,0.029468445375792837,0.03193916349809887,0.0903389267320153,0.08594657375145182,0.14635288607891347,0.0,0.1659674918314227,0.058441558441558426,0.12379411764705882,0.35580419580419587,0.2383646979879215,0.342119419042496,0.20071174377224196,0.11367494422349404,0.001474607262932307,0.004104928541403951,0.0020701219301816893,0.02551329810274625,0.0,0.012478982765868007,0.03008547008547009,0.0,0.02850202429149798,0.000914285714285715,0.0,0.0,0.0,0.0,0.12340425531914896,0.13076923076923078,0.0,0.05844645550527904,0.25,0.0,0.0,0.10165553296543711,0.147485167206041,0.0,0.1807784541597491,0.08956743002544527,0.22006006006006007,0.04945598417408506,0.11443759459559233,0.09915144807231138,0.11284513805522207,0.31277813095994916
39-5093.00,0.07064520723543657,0.05095461658841941,0.09452471482889732,0.056441477713141834,0.05526315789473683,0.04234972677595629,0.012682502038093834,0.022905364677516568,0.018619419074124885,0.009091611905682268,0.058490566037735864,0.019375000000000003,0.01777461784571632,0.04239290240811154,0.04849919698731794,0.0808362369337979,0.10432033719704951,0.0,0.0825095530819073,0.06625781625781624,0.13183823529411764,0.31360946745562135,0.28844131521227473,0.2781065088757396,0.1388185053380783,0.13262076826074304,0.0,0.0,0.0,0.09096422073984234,0.013333333333333334,0.12314785624211853,0.1887179487179487,0.0,0.3117408906882591,0.1492063492063492,0.18328124999999995,0.008444444444444445,0.021915982888000562,0.009596278451570026,0.05540425531914894,0.09398601398601399,0.0,0.02828054298642534,0.17523809523809522,0.0,0.0,0.05445832123148417,0.0653148597626753,0.0,0.13576830843017892,0.09541984732824427,0.19255255255255255,0.08605341246290801,0.05190298645206541,0.04554049068437558,0.11284513805522207,0.3293070565797838
39-5094.00,0.24569149693775816,0.1747339593114241,0.27115019011406843,0.17684996350117774,0.28596491228070176,0.25008196721311476,0.07678055287927077,0.10488245931283906,0.07447767629649954,0.11596443757247776,0.18867924528301885,0.012916666666666667,0.015641663704230355,0.07604562737642585,0.09816830038212326,0.15784436701509874,0.1639152324083831,0.0,0.144985324250983,0.13708513708513706,0.12682352941176467,0.39335664335664344,0.28844131521227473,0.3284346422807961,0.21755634638196916,0.18187991075759047,0.0030720984644423037,0.004104928541403951,0.004312754021211849,0.08386034826301654,0.0,0.13829340058848255,0.12406153846153849,0.0,0.16194331983805668,0.1111111111111111,0.13950892857142858,0.0,0.00832807349744021,0.004153513872736335,0.23829787234042557,0.08517482517482519,0.0,0.12217194570135748,0.358095238095238,0.0,0.0012213740458015278,0.07054313099041533,0.0707928802588997,0.0,0.24534218778823094,0.1725190839694656,0.245045045045045,0.1490273656445763,0.14950718003617705,0.11913546086207955,0.2573169267707083,0.5117609663064209
39-6011.00,0.14039514110729037,0.0485133020344288,0.22789923954372623,0.056441477713141834,0.0968421052631579,0.057117486338797825,0.09264062847402356,0.028860759493670868,0.009309709537062442,0.04977193660610747,0.0819119496855346,0.078125,0.046513368383632375,0.187893536121673,0.05364955418951099,0.11074564459930314,0.28213909378292945,0.242914979757085,0.10279946835022431,0.19047619047619047,0.21764705882352942,0.1484669176976869,0.22406281610864623,0.1960731576116192,0.2230130486358244,0.39710447182073916,0.09634100784491065,0.06473308112652375,0.10350609650908439,0.0015593866412544415,0.30079999999999996,0.6883144178226146,0.27692307692307694,0.0013740458015267186,0.6021052631578947,0.3876571428571429,0.43164062499999994,0.008444444444444445,0.20096956308296518,0.09170958631001827,0.035460992907801414,0.22657342657342658,0.11587786259541982,0.2748868778280543,0.1492063492063492,0.12143999999999998,0.0932994062765055,0.08945686900958466,0.3687129180151025,0.08018727608996497,0.3119350673307507,0.19242748091603054,0.23442642642642642,0.11078140454995056,0.05058326257890656,0.062227141363832006,0.1610924369747899,0.5402097902097902
39-6012.00,0.3052068284941095,0.19131455399061031,0.3555133079847909,0.17684996350117774,0.367719298245614,0.26336065573770495,0.18609649447861856,0.16515973477998794,0.07349770687154562,0.17144182450715117,0.22822641509433964,0.08773333333333333,0.08232454581173874,0.4365019011406844,0.16181397795868638,0.17282229965156798,0.2140850017562346,0.0353425101214575,0.11993271307526168,0.07996632996632995,0.13455882352941176,0.05301775147928994,0.056085811291275656,0.12641204948897256,0.02588849347568209,0.059753613347560394,0.004669589665952302,0.0,0.000993658526487211,0.0015593866412544415,0.0015360000000000013,0.12347625052543083,0.0009846153846153854,0.0,0.1716599190283401,0.01968253968253968,0.0,0.0,0.00832807349744021,0.004153513872736335,0.1410496453900709,0.17754965034965037,0.0,0.0915837104072398,0.07142857142857142,0.0,0.0,0.07054313099041533,0.22333468176914778,0.0,0.5578306585500831,0.4071246819338422,0.38486486486486493,0.26079788987800856,0.19501458156447266,0.1540921109266433,0.13565426170468187,0.7616528925619835
39-7011.00,0.28079028221458074,0.12093896713615024,0.35266159695817495,0.06321445503871886,0.13877192982456138,0.12841530054644806,0.09994070999777666,0.0795660036166365,0.07588883226843321,0.10088906068805567,0.06289308176100628,0.04666666666666667,0.04116227290586936,0.31254752851711026,0.06805532480478485,0.07769570267131243,0.07317644303945674,0.1088259109311741,0.06805532480478485,0.04437229437229437,0.15205882352941177,0.06724045185583648,0.01552375133954951,0.04034427111350188,0.02588849347568209,0.07362498787467261,0.0,0.0,0.000993658526487211,0.0015593866412544415,0.04960000000000001,0.06473308112652375,0.060170940170940164,0.0,0.18218623481781376,0.09523809523809523,0.0625,0.0,0.07670594010800197,0.02554577172287756,0.035460992907801414,0.26153846153846155,0.0013740458015267186,0.06334841628959276,0.05587301587301586,0.00625,0.005301102629346904,0.018007551553877434,0.07900991100323625,0.008083394767133564,0.25110680686220255,0.351206106870229,0.29160360360360355,0.13188262446422683,0.11443759459559233,0.023073848613416957,0.18720288115246095,0.41645263827082013
39-7012.00,0.29904165055852844,0.27523474178403756,0.30370722433460073,0.2404406950579842,0.3294315789473684,0.2827868852459016,0.13896094271103535,0.1663652802893309,0.1237211399004351,0.2372477773482799,0.22963522012578616,0.14875,0.21043276516923307,0.2577946768060836,0.20200614720053164,0.2032520325203252,0.29819400538578616,0.30409068825910923,0.21338677521182922,0.10779220779220774,0.25899999999999995,0.1670252824098978,0.09902651056115856,0.14322216245293168,0.16370106761565836,0.1541432243670579,0.06930654135781836,0.021963009667927694,0.07607698093417702,0.010287620202720263,0.0,0.01871847414880201,0.01076923076923077,0.0,0.05101214574898784,0.023809523809523808,0.0087890625,0.002888888888888886,0.012492110246160317,0.015909619538129253,0.10638297872340427,0.32223776223776224,0.07514312977099236,0.24769230769230763,0.1492063492063492,0.023939999999999996,0.024173027989821877,0.1398141155968632,0.19046655879180152,0.016166789534267128,0.5846153846153846,0.4783715012722646,0.3663663663663663,0.3738872403560831,0.43375539887039016,0.30132816823464303,0.31692677070828323,0.583916083916084
39-9011.00,0.1994017946161516,0.20657276995305163,0.21387832699619772,0.27599882601726355,0.292280701754386,0.26336065573770495,0.18609649447861856,0.10126582278481011,0.10779663674493356,0.2372477773482799,0.25267924528301894,0.1219,0.11787378150317135,0.34220532319391633,0.23207758763914277,0.2787456445993032,0.28213909378292945,0.0009327935222672072,0.24445505897989703,0.23015873015873015,0.2317941176470588,0.2781065088757396,0.12519154306088318,0.2178590640129102,0.0,0.20461489960228926,0.0,0.0,0.0020701219301816893,0.0,0.0896,0.21571563682219416,0.11965811965811966,0.0,0.242914979757085,0.18575238095238095,0.2260044642857143,0.0,0.09818360333824253,0.12493769729190896,0.09255319148936172,0.280979020979021,0.002862595419847331,0.0942684766214178,0.24952380952380954,0.0,0.0,0.12231193726401395,0.2616808252427184,0.0,0.2922339051835454,0.22894656488549617,0.36250330330330327,0.22584899439498846,0.2547159363579312,0.2174414314702084,0.3249939975990396,0.47043865225683407
39-9011.01,0.3052068284941095,0.22320031298904539,0.4049429657794677,0.22576591085256734,0.4547368421052631,0.3359357923497268,0.3464759504928482,0.2260397830018083,0.19966877033436556,0.24159257827599534,0.21132075471698114,0.018333333333333333,0.06709450483656705,0.4131812420785804,0.23363515534141882,0.4924506387921022,0.2150948366701791,0.19040647773279348,0.33314642520906024,0.1519360269360269,0.26588235294117646,0.26597095212479827,0.17877352349094114,0.19203873050026893,0.1933570581257414,0.284945193520225,0.27722616543127343,0.0653110550651534,0.15094639074241473,0.020575240405440523,0.2,0.3783102143757881,0.22495726495726492,0.005963740458015267,0.3973700404858299,0.30428571428571427,0.37203683035714286,0.008444444444444445,0.1825601374570447,0.09386941352384115,0.10984397163120564,0.29426573426573427,0.2862595419847328,0.29694570135746606,0.22222222222222224,0.17500000000000002,0.10300254452926207,0.22534998547778098,0.3687129180151025,0.1616678953426713,0.35574617229293487,0.24580152671755723,0.4932036036036037,0.32047477744807124,0.48359112554911593,0.29188187911209496,0.3942857142857142,0.6048951048951049
39-9021.00,0.20601460923352394,0.1338967136150235,0.1797148288973384,0.17684996350117774,0.09157894736842107,0.06368852459016394,0.1162084043578152,0.10488245931283906,0.08623730939594684,0.13451874758407423,0.08734591194968555,0.05499999999999999,0.06709450483656705,0.12395437262357413,0.07112892507060974,0.08594657375145182,0.18294110759864185,0.006153846153846155,0.12815667054327964,0.07996632996632995,0.15205882352941177,0.2017213555675094,0.12519154306088318,0.24068854222700373,0.04911032028469751,0.20461489960228926,0.03686518157330764,0.0,0.042782519890421554,0.006768171186000174,0.17280000000000004,0.26599936948297603,0.14397264957264957,0.0366793893129771,0.3190672064777328,0.23142857142857146,0.16325892857142854,0.0,0.10407461953853708,0.06549925236750291,0.06595744680851066,0.25748251748251744,0.0,0.1161387631975867,0.13368888888888888,0.0,0.0,0.1379262271275051,0.168554476806904,0.0,0.1807784541597491,0.14249363867684478,0.35122162162162157,0.1490273656445763,0.08721252168776993,0.04496402877697841,0.2550300120048019,0.6572917991099809
39-9031.00,0.12360876554011437,0.093943661971831,0.24952471482889732,0.15987236700506466,0.28596491228070176,0.2766393442622951,0.06855406507077746,0.0795660036166365,0.07588883226843321,0.15066099729416316,0.17358490566037735,0.01601666666666667,0.011693827530076526,0.18960709759188848,0.1053954145206845,0.11074564459930314,0.2286763844983023,0.0249004048582996,0.18431217810267483,0.17316017316017313,0.20273529411764704,0.2912533620225927,0.30045970334611954,0.1815492200107585,0.067644128113879,0.4433322824716268,0.03244135978451072,0.04334804539722572,0.021391259945210774,0.033570129082560865,0.41919999999999996,0.5172209962168979,0.7264957264957265,0.2862595419847328,0.7928744939271254,0.7619047619047619,0.6138392857142857,0.5546666666666668,0.5417630969913739,0.3987373317826882,0.04468085106382978,0.31951328671328677,0.06297709923664122,0.1319758672699849,0.09051428571428571,0.0,0.0,0.07667731629392971,0.2633663700107875,0.0018624141543475748,0.19627375023058477,0.3083358778625955,0.34878078078078073,0.1846356742499176,0.246520727970763,0.026870811043472907,0.6050420168067228,0.5629370629370629
39-9032.00,0.3052068284941095,0.19131455399061031,0.33269961977186313,0.2185715038267322,0.3438175438596492,0.34229508196721314,0.14244423034165868,0.1506931886678722,0.08623730939594684,0.17144182450715117,0.23396226415094346,0.10416666666666666,0.09355062024061221,0.13307984790874525,0.24445505897989703,0.20162601626016263,0.26672813487881986,0.0,0.23207758763914277,0.17316017316017313,0.26588235294117646,0.10758472296933837,0.02816809718869871,0.10758472296933837,0.03294899169632266,0.17096711611213503,0.011580582371561702,0.0,0.03764861750357097,0.041626960062375484,0.06613333333333335,0.19215006305170237,0.15316239316239316,0.08396946564885495,0.29700404858299595,0.3282539682539683,0.1325,0.001280000000000001,0.23732379549758048,0.13993022096693805,0.15886524822695036,0.30615384615384617,0.0,0.1319758672699849,0.11520000000000002,0.0,0.005301102629346904,0.10920708684286957,0.21069309600863,0.0,0.283194982475558,0.2870229007633588,0.529009009009009,0.5934718100890207,0.31008896600095986,0.23634938203283523,0.5146338535414166,0.6846789574062302
39-9041.00,0.3052068284941095,0.25,0.33269961977186313,0.2393118655037214,0.3280701754385965,0.28286885245901644,0.2611354035425777,0.1702833031946956,0.12402493042217083,0.18981059141863166,0.21132075471698114,0.08333333333333333,0.08793758302617548,0.14220532319391635,0.18967713352162596,0.2074889663182346,0.28813224446786095,0.0353425101214575,0.2242897491277621,0.11832611832611833,0.19152941176470586,0.05043033889187735,0.03477320300059092,0.15737493275954814,0.03294899169632266,0.07362498787467261,0.03047521676726766,0.020360445565363598,0.03764861750357097,0.0,0.04000000000000001,0.0407208911307272,0.031794871794871796,0.0,0.12178137651821863,0.034641269841269855,0.02594866071428572,0.0,0.02391472052738622,0.01661405549094534,0.07978723404255321,0.29279440559440556,0.029580152671755722,0.07070135746606335,0.1507555555555556,0.031,0.03944020356234097,0.14522218995062447,0.1786677454153182,0.04009363804498248,0.4794687327061427,0.3318066157760814,0.4396396396396396,0.4041411144081766,0.4112001181291299,0.3960293303818484,0.3249939975990396,0.47043865225683407
41-1011.00,0.22788776527560178,0.15424100156494522,0.2760836501901141,0.23385585599145098,0.35368421052631577,0.2694672131147541,0.161194693544801,0.19529837251356238,0.06554035514091958,0.20971008890606885,0.27295597484276735,0.2756,0.2532602391153853,0.28517110266159695,0.21338677521182922,0.21545180023228808,0.35216163212738555,0.012307692307692304,0.32185578999833864,0.09367484367484367,0.15788235294117647,0.2178590640129102,0.20856911073943135,0.28187197417966653,0.13345195729537365,0.265241536521486,0.07962879219834451,0.08209857082807902,0.07590447077332854,0.1754309971411245,0.25066666666666665,0.22659205548549805,0.11487179487179489,0.0,0.2312550607287449,0.1388888888888889,0.2310267857142857,0.011111111111111112,0.09818360333824253,0.05582322644957635,0.13191489361702133,0.2937062937062937,0.0,0.1368325791855204,0.3055555555555556,0.0,0.0,0.1995004356665699,0.29075647249190933,0.012286760046043017,0.376351226710939,0.24732824427480918,0.39109189189189186,0.3461918892185954,0.39730148768872975,0.34739900387382405,0.42016806722689076,0.5308328035600763
41-1012.00,0.3052068284941095,0.3724569640062597,0.35266159695817495,0.3621661486593268,0.5189052631578948,0.39344262295081966,0.19037649151411845,0.36166365280289325,0.2795362784681118,0.3455740239659838,0.38301886792452833,0.32229166666666664,0.29889423166875595,0.3292167300380228,0.20629118901257132,0.2968641114982578,0.36043788783514813,0.0009327935222672072,0.2712729135515313,0.1085257335257335,0.12379411764705882,0.0,0.0,0.21140398063474986,0.0006832740213523137,0.000873023571636435,0.0,0.0,0.0,0.0,0.0,0.0,0.0,0.0,0.018461538461538456,0.0,0.0,0.0,0.0,0.0,0.2429078014184397,0.2751384615384615,0.0,0.04675716440422323,0.09777777777777776,0.0,0.0,0.065349985477781,0.15844120819848972,0.0,0.5312672938572219,0.3826972010178117,0.5078486486486486,0.4615891856247939,0.589722765698254,0.44887167189325455,0.5263385354141656,0.48719643992371264
41-2011.00,0.17091582395670135,0.1455399061032864,0.1782319391634981,0.11288295542628367,0.10526315789473684,0.08200819672131147,0.06855406507077746,0.0795660036166365,0.08623730939594684,0.11327406262079633,0.10943396226415095,0.16666666666666666,0.21142440174378357,0.27782002534854244,0.144985324250983,0.10104529616724739,0.26672813487881986,0.0,0.04849919698731794,0.11832611832611833,0.16864705882352943,0.2118074233458849,0.18252926978276765,0.23534158149542764,0.1693950177935943,0.15156659229799205,0.08601875700438451,0.0407208911307272,0.07590447077332854,0.29888243957376764,0.0896,0.11916771752837328,0.05128205128205128,0.0,0.29700404858299595,0.1647238095238095,0.15694754464285715,0.0,0.06574794866400169,0.05582322644957635,0.12482269503546098,0.12237762237762238,0.0,0.07805429864253394,0.1285714285714286,0.0,0.0,0.16337496369445254,0.0025283171521035624,0.0,0.24954805386460063,0.143765903307888,0.22006006006006007,0.07113748763600398,0.10070508324412124,0.08992805755395682,0.1764345738295318,0.37047043865225676
41-2012.00,0.14039514110729037,0.11042253521126759,0.16397338403041825,0.09406912952190304,0.07263157894736842,0.03415300546448087,0.0902690283850886,0.056962025316455674,0.04617615930382972,0.11327406262079633,0.15101886792452832,0.21023333333333336,0.2581997118640897,0.13307984790874525,0.144985324250983,0.23803948896631827,0.3783222105139913,0.009353846153846152,0.11170875560724373,0.20952380952380953,0.13183823529411764,0.2022592791823561,0.2118240908590143,0.2689618074233459,0.11862396204033215,0.13580366669900087,0.09240872181042449,0.03583438419503994,0.06801040581290238,0.21224984839296546,0.17920000000000003,0.09851828499369482,0.067391452991453,0.0,0.21862348178137653,0.07936507936507936,0.11749999999999998,0.0,0.06574794866400169,0.01661405549094534,0.10638297872340427,0.2876923076923077,0.0,0.11312217194570136,0.21904761904761902,0.0,0.0,0.21550972988672673,0.45631067961165045,0.1002340951124562,0.21306032097399003,0.143765903307888,0.1955747747747748,0.07418397626112759,0.13843257410757134,0.09915144807231138,0.13565426170468187,0.3315448188175461
41-2021.00,0.22254664577695488,0.16079812206572774,0.25100760456273763,0.1994265545864345,0.1649122807017544,0.11133879781420765,0.06855406507077746,0.06781193490054248,0.06467798204696014,0.11327406262079633,0.17358490566037735,0.14875,0.2058113645293468,0.21425602027883395,0.144985324250983,0.23803948896631827,0.26123990165086053,0.0019433198380566818,0.144985324250983,0.10649350649350649,0.1175,0.15129101667563208,0.1189019199375044,0.2074018289402905,0.17793594306049823,0.21643709380153264,0.07962879219834451,0.04925914249684741,0.10350609650908439,0.13150827341245774,0.09999999999999999,0.17404897015552753,0.08303589743589743,0.0,0.12955465587044535,0.08380952380952379,0.06138392857142856,0.0,0.07100778455712184,0.062302708091045024,0.07978723404255321,0.17244755244755247,0.0,0.15879336349924583,0.12444444444444444,0.0,0.0025445292620865164,0.08281150159744409,0.21069309600863,0.0,0.3119350673307507,0.19083969465648853,0.2616216216216216,0.1669106495219255,0.19501458156447266,0.1719778023734858,0.22509003601440575,0.48719643992371264
41-2022.00,0.30984597228722,0.27039123630672923,0.3555133079847909,0.24758994890164884,0.292280701754386,0.180327868852459,0.11487437930778922,0.1350210970464135,0.09744815961741991,0.23724777734827987,0.29323270440251575,0.140625,0.17231088742118358,0.3168567807351077,0.25786398626571416,0.2968641114982578,0.46540217773094483,0.048582995951417005,0.2803621864097026,0.1558441558441558,0.2317941176470588,0.24663797740720816,0.20856911073943135,0.24663797740720816,0.14733096085409253,0.22795615481618003,0.03413224277933978,0.0407208911307272,0.057963414045087265,0.033570129082560865,0.020266666666666662,0.3160794976881042,0.09435897435897436,0.09404580152671756,0.3044534412955465,0.12444444444444445,0.20089285714285715,0.0,0.08240409565888211,0.11629838843661738,0.3425531914893617,0.25748251748251744,0.05206106870229008,0.04675716440422323,0.32000000000000006,0.031,0.026293469041560644,0.1548417078129538,0.3510146979503776,0.08536064874093044,0.4794687327061427,0.262147582697201,0.3207207207207207,0.1490273656445763,0.4374469341799254,0.2501844678103671,0.22501800720288112,0.5419453273998728
41-2031.00,0.30984597228722,0.1747339593114241,0.3110741444866921,0.2061995319120115,0.24035087719298248,0.2182377049180328,0.09994070999777666,0.09041591320072331,0.08623730939594684,0.13451874758407423,0.22822641509433964,0.14875,0.16698785712949277,0.2534854245880862,0.10279946835022431,0.1272938443670151,0.26123990165086053,0.0,0.20200614720053164,0.13708513708513706,0.16864705882352943,0.13448090371167296,0.0981501697597324,0.2178590640129102,0.09990984578884934,0.11000097002619073,0.0,0.0,0.0,0.0,0.09999999999999999,0.16419714165615804,0.067391452991453,0.005963740458015267,0.27983805668016193,0.12444444444444445,0.09040178571428571,0.0,0.07670594010800197,0.07310184416015948,0.09361702127659574,0.13986013986013987,0.0,0.07070135746606335,0.18575238095238095,0.0,0.0,0.08281150159744409,0.13652912621359223,0.0,0.376351226710939,0.3318066157760814,0.3207207207207207,0.20606660072535443,0.5641681125179963,0.4104408780667773,0.27003601440576225,0.5979529561347744
41-3011.00,0.25433902374509126,0.28647887323943666,0.3959125475285171,0.31042812742228015,0.4663578947368421,0.31258196721311476,0.08615578448084193,0.2266425557564798,0.1528164321273176,0.28054116737533824,0.29323270440251575,0.235,0.21958201582876494,0.2715437262357414,0.24445505897989703,0.2304297328687573,0.27441166139796275,0.0,0.32185578999833864,0.13708513708513706,0.17941176470588238,0.0007746100053792369,0.003129788576522079,0.17667563206024742,0.07686832740213523,0.07578329614899602,0.0007078114862075072,0.0,0.000993658526487211,0.0015593866412544415,0.0,0.0,0.0,0.0,0.13639514170040487,0.0,0.0,0.0,0.0,0.0,0.15957446808510642,0.2392335664335665,0.0,0.12217194570135748,0.2742857142857143,0.0,0.008057675996607293,0.09410397908800465,0.21069309600863,0.0,0.5255026747832504,0.48244274809160304,0.4742342342342343,0.26871084734586215,0.7300011074605928,0.4688556846830228,0.17999999999999997,0.6196058486967578
41-3021.00,0.3494007772600566,0.43818466353677626,0.3768441064638784,0.46164613451132963,0.27631578947368424,0.2182377049180328,0.18053805677017717,0.20433996383363467,0.1703970836109913,0.21473521453420955,0.31194968553459124,0.22916666666666666,0.2058113645293468,0.2577946768060836,0.18967713352162596,0.2787456445993032,0.28813224446786095,0.0,0.1946959627845157,0.12337662337662333,0.21764705882352942,0.0,0.0,0.1395589026358257,0.03985765124555161,0.03758851488990204,0.0,0.0,0.0,0.003248722169280087,0.0,0.0,0.0,0.0,0.0019433198380566818,0.0,0.0,0.0,0.0,0.0,0.17730496453900707,0.16573426573426575,0.0,0.06334841628959276,0.10285714285714287,0.0030000000000000027,0.0025445292620865164,0.07667731629392971,0.10234627831715208,0.0,0.37677550267478327,0.3297709923664122,0.34878078078078073,0.1846356742499176,0.5057403374063274,0.3858144253827707,0.2935174069627851,0.576300063572791
41-3031.01,0.36319612590799033,0.4578403755868545,0.4358365019011407,0.46164613451132963,0.5336842105263158,0.29102459016393445,0.3293374342251537,0.514840265220012,0.34494923758378737,0.36858136838036337,0.49245283018867925,0.37187499999999996,0.4101633393829401,0.3041825095057034,0.31860912665448304,0.32061324041811845,0.35216163212738555,0.0,0.09816830038212326,0.1402597402597402,0.11745588235294115,0.003362022592791824,0.003129788576522079,0.05043033889187735,0.0029655990510083037,0.0,0.0,0.0,0.0,0.041626960062375484,0.0,0.0,0.0,0.0,0.08097165991902834,0.0,0.0,0.0,0.0,0.0,0.28900709219858156,0.2147916083916084,0.0,0.04242081447963801,0.05952380952380952,0.0,0.0,0.05445832123148417,0.168554476806904,0.0,0.4794687327061427,0.4071246819338422,0.3762258258258258,0.22156280909990111,0.7687622282107127,0.3635860542335363,0.2701080432172869,0.5053528289891926
41-3031.02,0.3052068284941095,0.3536776212832551,0.374287072243346,0.4052949631625289,0.3779368421052632,0.2315573770491803,0.22083673015637742,0.4746835443037975,0.22049312061463683,0.26478546579049095,0.21524528301886794,0.25,0.25767582839074216,0.38022813688212925,0.18967713352162596,0.11074564459930314,0.2403407095187917,0.0,0.1053954145206845,0.09090909090909088,0.1488970588235294,0.047337278106508875,0.03305056736807315,0.13448090371167296,0.02588849347568209,0.0,0.0,0.0,0.0,0.0,0.015402666666666663,0.0,0.0,0.0,0.0019433198380566818,0.015873015873015872,0.0,0.0,0.006329335858054561,0.0,0.19432624113475178,0.24923076923076926,0.0,0.01088989441930618,0.06571428571428571,0.0,0.0,0.065349985477781,0.08722694174757281,0.0,0.3539937280944475,0.2885496183206107,0.4188588588588589,0.1450708869106495,0.7775296245708591,0.27019922523519646,0.3249939975990396,0.4605848696757788
41-3031.03,0.3341404358353511,0.41158059467918623,0.36876425855513306,0.325102911627697,0.30315789473684207,0.19142076502732241,0.19988141999555328,0.49125979505726336,0.338638234487084,0.2899110939311944,0.3877358490566038,0.3515625,0.3985256422250079,0.0721825095057034,0.22476740322312677,0.33031358885017426,0.3105900948366702,0.0,0.12815667054327964,0.1402597402597402,0.08625,0.05917159763313609,0.04406742315743087,0.06532544378698225,0.03558718861209965,0.000873023571636435,0.0,0.0,0.0,0.1754309971411245,0.0,0.0,0.04512820512820513,0.0,0.1417004048582996,0.0,0.0,0.0,0.0,0.0,0.2034609929078014,0.15734265734265737,0.0,0.02337858220211161,0.08380952380952379,0.0,0.0,0.08281150159744409,0.1786677454153182,0.0,0.4521306032097399,0.22900763358778625,0.3427027027027027,0.15899769205407185,0.4121783749861567,0.4688556846830228,0.22861944777911158,0.37635092180546725
41-3041.00,0.3052068284941095,0.3333333333333333,0.30988593155893535,0.2061995319120115,0.3684210526315789,0.26336065573770495,0.1037575038909064,0.18354430379746836,0.08623730939594684,0.1939543873212215,0.21132075471698114,0.15666666666666665,0.24270772915224426,0.4131812420785804,0.13568145317605362,0.1696260162601626,0.1639152324083831,0.0,0.144985324250983,0.09206349206349204,0.2459411764705882,0.025013448090371173,0.02816809718869871,0.1008606777837547,0.011862396204033215,0.0,0.0007078114862075072,0.0,0.0,0.21224984839296546,0.0,0.0,0.009873504273504271,0.0,0.1088259109311741,0.0,0.0,0.0,0.0,0.0,0.319063829787234,0.09027692307692309,0.0,0.028989441930618403,0.0419047619047619,0.0,0.0,0.0326749927388905,0.2894417475728156,0.0,0.5578306585500831,0.3806615776081425,0.3686486486486486,0.1669106495219255,0.48359112554911593,0.30132816823464303,0.22509003601440575,0.7616528925619835
41-3099.01,0.3433576820558732,0.3306885758998435,0.3208174904942966,0.4052949631625289,0.3217543859649123,0.23569672131147543,0.16808715630326837,0.41658830620855936,0.2572419740504096,0.34316196366447627,0.3239748427672956,0.4445833333333333,0.3573072389469942,0.28517110266159695,0.15506451791548984,0.2968641114982578,0.2403407095187917,0.0009327935222672072,0.16181397795868638,0.1085257335257335,0.08625,0.07423345884884347,0.03755746291826495,0.16137708445400753,0.02941874258600238,0.000873023571636435,0.0,0.0,0.0,0.003248722169280087,0.0,0.0,0.0,0.0,0.0019433198380566818,0.0,0.0,0.0,0.0,0.0,0.10992907801418442,0.15734265734265737,0.0,0.0743288084464555,0.06984126984126983,0.0,0.0,0.07054313099041533,0.10234627831715208,0.0,0.376351226710939,0.3083358778625955,0.28419459459459456,0.2407649192218925,0.39412676732252944,0.3927627129065978,0.23679471788715487,0.2881436745073108
41-4011.00,0.38150853561763687,0.3724569640062597,0.560361216730038,0.43347054883692926,0.4094315789473685,0.33196721311475413,0.11928407322315279,0.2833031946955998,0.10779663674493356,0.18429068419018169,0.21132075471698114,0.21541666666666665,0.2469736374352162,0.5092522179974651,0.31860912665448304,0.2545876887340302,0.23270108886547242,0.0,0.18967713352162596,0.0514069264069264,0.13455882352941176,0.0,0.0,0.1484669176976869,0.08920521945432977,0.11397807740809002,0.0,0.0,0.0,0.0,0.0,0.0,0.0,0.0,0.11336032388663968,0.0,0.0,0.0,0.0,0.0,0.14574468085106385,0.22657342657342658,0.0,0.09954751131221717,0.14222222222222222,0.0,0.0,0.09410397908800465,0.13652912621359223,0.0,0.5312672938572219,0.48244274809160304,0.4732540540540541,0.3482492581602374,0.7572815533980582,0.6091280821496649,0.31692677070828323,0.5629370629370629
41-4011.07,0.3235192382037561,0.29000000000000004,0.34862167300380226,0.3292419533266607,0.3608771929824562,0.28286885245901644,0.13896094271103535,0.2890295358649789,0.13523578064364392,0.24797835330498652,0.28176100628930817,0.25458333333333333,0.21043276516923307,0.28517110266159695,0.21338677521182922,0.286411149825784,0.2469704952581665,0.024291497975708502,0.37918120396522126,0.10649350649350649,0.101875,0.08714362560516407,0.007231063527196609,0.15737493275954814,0.05765124555160143,0.0800271607333398,0.0007078114862075072,0.0,0.000993658526487211,0.0,0.0,0.07224674232870952,0.05128205128205128,0.0,0.09716599190283401,0.047619047619047616,0.04185267857142857,0.001280000000000001,0.03681885125184095,0.0947399900315667,0.17730496453900707,0.3002461538461539,0.0,0.19984917043740572,0.18888888888888888,0.0,0.0012213740458015278,0.08945686900958466,0.10234627831715208,0.0018624141543475748,0.376351226710939,0.31170483460559795,0.3663663663663663,0.2407649192218925,0.49795119790320796,0.3858144253827707,0.2935174069627851,0.576300063572791
41-4012.00,0.3235192382037561,0.32403755868544604,0.35266159695817495,0.36870583454368944,0.30701754385964913,0.26336065573770495,0.0902690283850886,0.13110307414104883,0.09658578652346048,0.18429068419018169,0.21132075471698114,0.11041666666666666,0.09355062024061221,0.15437262357414452,0.12815667054327964,0.13176306620209058,0.1639152324083831,0.009353846153846152,0.14597524505731851,0.09367484367484367,0.1213235294117647,0.06724045185583648,0.056085811291275656,0.12641204948897256,0.11266429418742586,0.13580366669900087,0.011580582371561702,0.009484026902059685,0.013110772224484018,0.0,0.06,0.0,0.0,0.0,0.08550607287449392,0.006031746031746031,0.006975446428571428,0.0,0.0,0.0,0.10992907801418442,0.13346013986013988,0.023854961832061067,0.08446455505279035,0.1111111111111111,0.025,0.03180661577608142,0.04356665698518734,0.09270496224379718,0.018675875269985383,0.5312672938572219,0.4335877862595419,0.4030030030030029,0.1846356742499176,0.6257152349662224,0.4969870257640042,0.2573169267707083,0.4605848696757788
41-9011.00,0.24569149693775816,0.12093896713615024,0.2912927756653992,0.1881382590438061,0.2631578947368421,0.24385245901639344,0.06432965241236198,0.10488245931283906,0.08623730939594684,0.15066099729416316,0.21132075471698114,0.09893333333333335,0.09355062024061221,0.3653333333333333,0.13568145317605362,0.1878002322880372,0.32014693829762325,0.009353846153846152,0.3476837237636374,0.1558441558441558,0.23625,0.11326519634211943,0.06910573176960749,0.12990855298547604,0.03985765124555161,0.15156659229799205,0.0,0.025246952501050864,0.026525162332061366,0.027072684744000697,0.0,0.17404897015552753,0.14397264957264957,0.041984732824427475,0.2403238866396761,0.12444444444444445,0.125,0.0,0.08240409565888211,0.09170958631001827,0.09937588652482271,0.2937062937062937,0.0,0.15082956259426847,0.25,0.0,0.0,0.18820795817600933,0.38641113807982747,0.0,0.4521306032097399,0.43053435114503813,0.28060060060060055,0.19782393669634024,0.5205064786444682,0.13865830412592997,0.2178151260504201,0.42339478703115063
41-9012.00,0.02435550491382993,0.042691705790297345,0.03772813688212927,0.056441477713141834,0.0968421052631579,0.13917349726775957,0.0,0.0,0.0,0.0,0.06289308176100628,0.013125,0.011198009242801276,0.028897338403041817,0.0,0.013063879210220673,0.004573527689966046,0.024291497975708502,0.11629838843661738,0.04882154882154881,0.04455882352941176,0.11427649273803119,0.007231063527196609,0.0128778913394298,0.0,0.15914492191289165,0.0030720984644423037,0.0062394913829340055,0.0011661686873356834,0.0,0.001802666666666665,0.05566283102143757,0.09435897435897436,0.0,0.30409068825910923,0.1388888888888889,0.23922433035714286,0.008444444444444445,0.17004172803141876,0.26216979564711745,0.0,0.11779580419580421,0.018129770992366408,0.0012745098039215676,0.1492063492063492,0.0,0.010602205258693808,0.0036305547487656114,0.020175970873786402,0.008083394767133564,0.10625345877144438,0.05725190839694656,0.20852852852852852,0.016485328058028353,0.04614419136919044,0.06052850027670171,0.0,0.10934520025429116
41-9021.00,0.3052068284941095,0.39480438184663535,0.33269961977186313,0.3450455670863404,0.2231578947368421,0.15300546448087432,0.15007781812791818,0.3303194695599759,0.12402493042217083,0.15066099729416316,0.09308176100628933,0.21541666666666665,0.09355062024061221,0.13307984790874525,0.060225951154676854,0.11074564459930314,0.1639152324083831,0.012307692307692304,0.07528243894334606,0.01394901394901394,0.07941176470588236,0.0007746100053792369,0.0007211032880306876,0.003362022592791824,0.011179122182680898,0.00875448637113202,0.0007078114862075072,0.0,0.000993658526487211,0.07147188772416183,0.0,0.0,0.0,0.0,0.12696356275303644,0.0,0.0,0.0,0.0,0.0,0.2970780141843972,0.17754965034965037,0.0,0.07805429864253394,0.03571428571428571,0.0,0.0,0.018007551553877434,0.063207928802589,0.0,0.40057185021213804,0.24732824427480918,0.3190486486486486,0.1669106495219255,0.541326737790247,0.5165406136629159,0.1764345738295318,0.44198982835346473
41-9022.00,0.3052068284941095,0.32403755868544604,0.35266159695817495,0.2919454248538166,0.3377192982456141,0.20491803278688525,0.13056770177128885,0.21097046413502107,0.1224961781192427,0.3177425589485891,0.25267924528301894,0.24,0.24855464291728255,0.30038022813688214,0.2523259677687324,0.286411149825784,0.34141201264488935,0.12696356275303644,0.29494102010300716,0.06902356902356901,0.1354705882352941,0.05301775147928994,0.04935551393632258,0.10758472296933837,0.09990984578884934,0.12765544669706083,0.05406893297418453,0.05779739386296762,0.0983721941222338,0.0015593866412544415,0.08,0.0,0.0,0.0,0.12696356275303644,0.0,0.0,0.0,0.0006311803071744167,0.0,0.17588652482269507,0.3854545454545455,0.08396946564885495,0.2206334841628959,0.28285714285714286,0.09375,0.08359626802374893,0.1379262271275051,0.16518338727076592,0.1616678953426713,0.424792473713337,0.26717557251908397,0.4188588588588589,0.4315858885591824,0.6757724537635201,0.5798899342064809,0.27003601440576225,0.5499046408137318
41-9031.00,0.4532321403137527,0.4777464788732394,0.5332699619771863,0.4695930945733401,0.6140350877192983,0.4532513661202186,0.2538353220188246,0.3930078360458107,0.34494923758378737,0.4884112872052571,0.48498113207547167,0.3197666666666667,0.3487099369468819,0.5092522179974651,0.3028603865536911,0.3386759581881533,0.41271513874253596,0.0,0.3476837237636374,0.1714285714285714,0.17941176470588238,0.09413663259817107,0.0876340801426182,0.19956966110812266,0.09489916963226572,0.0800271607333398,0.0,0.0,0.0,0.0,0.0,0.0,0.0,0.0,0.0019433198380566818,0.0,0.0,0.0,0.0,0.0,0.28900709219858156,0.2937062937062937,0.0,0.25900452488687786,0.29622857142857145,0.0,0.0,0.10165553296543711,0.147485167206041,0.0,0.5578306585500831,0.45349618320610685,0.529009009009009,0.3699307616221563,0.8179611650485437,0.5482152739346984,0.4422328931572629,0.6196058486967578
41-9041.00,0.22890512137058214,0.1323317683881064,0.3574144486692015,0.1700769861756007,0.12350877192982453,0.0901639344262295,0.017370117838879418,0.02886075949367087,0.03748383050448825,0.006865094704290691,0.0019622641509433963,0.015625,0.022396018485602555,0.04461343472750317,0.002076756936368169,0.0,0.009147055379932092,0.0,0.0,0.11976911976911975,0.06065441176470587,0.008472296933835395,0.022033711578715434,0.08068854222700376,0.005931198102016607,0.0,0.0,0.0,0.0,0.0018301134886944453,0.0,0.0,0.0,0.0,0.018461538461538456,0.0,0.0,0.0,0.0,0.0,0.031205673758865245,0.0,0.0,0.0,0.003968253968253968,0.0,0.0,0.0009817020040662205,0.08722694174757281,0.0,0.289153292750415,0.3826972010178117,0.29069069069069065,0.057368941641938676,0.6044889069363949,0.1719778023734858,0.026410564225690276,0.4910998092816275
41-9091.00,0.24569149693775816,0.19131455399061031,0.29111216730038025,0.2963177579939946,0.25052631578947365,0.23569672131147543,0.10074668346550064,0.13261000602772754,0.13952804672494215,0.09586393505991497,0.1572327044025157,0.057499999999999996,0.07244560031433007,0.1338403041825095,0.0,0.013063879210220673,0.0,0.0010947368421052623,0.05191892340920418,0.09481721981721979,0.12213235294117644,0.0,0.0,0.06532544378698225,0.0,0.001970365699873895,0.0,0.0,0.0,0.0,0.0,0.00324453551912568,0.00222222222222222,0.0,0.12178137651821863,0.0020634920634920615,0.0,0.0,0.0014245388877200352,0.0,0.04042553191489361,0.06716643356643358,0.0,0.0,0.0010730158730158721,0.0125,0.0,0.0,0.0,0.0,0.37677550267478327,0.29033078880407126,0.38582582582582575,0.20606660072535443,0.6757724537635201,0.33245711123408966,0.1444717887154862,0.5146726001271457
43-1011.00,0.3296233747736383,0.39480438184663535,0.33269961977186313,0.48088139011596837,0.37368421052631573,0.3770491803278688,0.22083673015637742,0.2675587703435805,0.16904472580455487,0.3156242752222652,0.25849056603773585,0.20052083333333331,0.19364978389806722,0.28517110266159695,0.21970011629838845,0.2074889663182346,0.3105900948366702,0.0,0.24445505897989703,0.11832611832611833,0.2459411764705882,0.012673480365788055,0.012519154306088316,0.18474448628294787,0.0,0.0400135803666699,0.0,0.0,0.0,0.027072684744000697,0.0,0.020360445565363598,0.0211965811965812,0.009064885496183206,0.0353425101214575,0.01206349206349206,0.01729910714285714,0.0,0.006329335858054561,0.004153513872736335,0.17730496453900707,0.25748251748251744,0.0,0.0915837104072398,0.13368888888888888,0.0,0.0,0.17426662794074935,0.3510146979503776,0.0,0.39955727725511897,0.3826972010178117,0.5117117117117117,0.5275304978569073,0.48359112554911593,0.45462091864969567,0.5525210084033614,0.55631277813096
43-2011.00,0.2884204529269335,0.09902973395931143,0.33418250950570344,0.15464964893400865,0.06578947368421052,0.03859289617486338,0.034277032535388725,0.05605786618444847,0.04311865469797342,0.06725937379203711,0.12578616352201255,0.057499999999999996,0.06709450483656705,0.13307984790874525,0.13568145317605362,0.09134494773519163,0.2714846036763845,0.0,0.07112892507060974,0.08369408369408367,0.11161764705882352,0.12641204948897256,0.10954260017827276,0.19956966110812266,0.08920521945432977,0.015156659229799205,0.015237608383633826,0.0,0.008625508042423699,0.04764792514944122,0.0,0.004104928541403951,0.0,0.0,0.012307692307692304,0.0,0.0,0.0,0.0,0.0,0.09255319148936172,0.12492867132867133,0.0,0.00471342383107089,0.05952380952380952,0.0,0.0,0.13011908219575952,0.26800161812297735,0.008083394767133564,0.5578306585500831,0.45801526717557245,0.3063063063063063,0.0870425321463897,0.05814168112517995,0.04035233351780114,0.09296518607442975,0.31277813095994916
43-2021.00,0.3347101552485401,0.16187010954616587,0.4020912547528517,0.11589316757098456,0.13877192982456138,0.08200819672131147,0.05743718965389462,0.056962025316455674,0.06554035514091958,0.07189795129493623,0.08301886792452828,0.057499999999999996,0.06215503208786273,0.038022813688212934,0.0865315390153403,0.1821138211382114,0.12403407095187914,0.0,0.030459101733399784,0.1519360269360269,0.07407352941176469,0.09117805271651425,0.0661011347361463,0.2781065088757396,0.057622775800711734,0.0,0.0015974912015099966,0.028898696931483815,0.058480944527632674,0.003519449016720088,0.0,0.0,0.0,0.0,0.0010947368421052623,0.0,0.0,0.0,0.0,0.0,0.004609929078014181,0.11398601398601398,0.0,0.01885369532428356,0.035199999999999995,0.0,0.0,0.14522218995062447,0.1552302454153182,0.0021857499450329138,0.5572772551189817,0.433587786259542,0.27567567567567564,0.04088361358391032,0.07855587138690981,0.06052850027670171,0.0900360144057623,0.5629370629370629
43-3011.00,0.3235192382037561,0.3016901408450704,0.35266159695817495,0.3450455670863404,0.23684210526315788,0.1804098360655738,0.13896094271103535,0.1663652802893309,0.16610481752969306,0.1939543873212215,0.23396226415094346,0.21541666666666665,0.21651355548487283,0.2440456273764258,0.144985324250983,0.1946016260162602,0.3105900948366702,0.0,0.0903389267320153,0.1904761904761905,0.11745588235294115,0.0710059171597633,0.03104750267909903,0.2528240989779451,0.052194543297746136,0.0,0.0,0.0,0.0,0.0,0.0,0.0,0.0,0.0,0.0,0.0019047619047619063,0.0,0.0,0.0,0.0,0.18723404255319148,0.17244755244755247,0.0,0.0,0.06571428571428571,0.0,0.0,0.1270694162067964,0.16518338727076592,0.0,0.3529791551374285,0.2870229007633588,0.3839519519519519,0.22584899439498846,0.4753959171619477,0.3684744512082641,0.1444717887154862,0.3458359821996186
43-3021.01,0.09537713390440922,0.12093896713615024,0.13397338403041828,0.15987236700506466,0.12846315789473683,0.07581967213114756,0.09994070999777666,0.10488245931283906,0.09799694249539416,0.17144182450715117,0.21132075471698114,0.1431,0.2005210769547402,0.164958174904943,0.02544027247051006,0.17282229965156798,0.38417632595714785,0.0,0.00865315390153403,0.1558441558441558,0.08625,0.016675632060247445,0.01552375133954951,0.18474448628294787,0.014709371293001185,0.0,0.001474607262932307,0.004104928541403951,0.0020701219301816893,0.003248722169280087,0.0,0.0,0.0,0.0,0.015261538461538458,0.0,0.0,0.0,0.0,0.0,0.1410496453900709,0.09692307692307695,0.0,0.0,0.019682539682539683,0.0,0.0,0.027011327330816154,0.026125943905070115,0.0,0.19627375023058477,0.12722646310432567,0.17343423423423424,0.04088361358391032,0.05168149433349331,0.05575539568345324,0.09930372148859543,0.2975206611570248
43-3021.02,0.18458908987323747,0.1455399061032864,0.1953422053231939,0.1881382590438061,0.09890526315789476,0.06352459016393444,0.0902690283850886,0.12055455093429775,0.08623730939594684,0.21473521453420955,0.21132075471698114,0.265,0.26942578629296315,0.22179974651457543,0.1928822617267542,0.19094076655052267,0.28813224446786095,0.0,0.07528243894334606,0.13708513708513706,0.10808823529411762,0.06724045185583648,0.056085811291275656,0.19956966110812266,0.05931198102016608,0.0,0.0,0.0,0.0,0.0015593866412544415,0.0,0.0,0.0,0.0,0.0009327935222672072,0.0,0.0,0.0,0.0,0.0,0.14574468085106385,0.11716923076923079,0.0,0.0,0.07936507936507936,0.0,0.0,0.10920708684286957,0.019855717367853284,0.0,0.24534218778823094,0.17557251908396945,0.245045045045045,0.1490273656445763,0.14287164531728747,0.12224066900325893,0.09930372148859543,0.3458359821996186
43-3031.00,0.3052068284941095,0.3536776212832551,0.20793726235741444,0.36870583454368944,0.09157894736842107,0.03859289617486338,0.1162084043578152,0.10126582278481011,0.1224961781192427,0.18981059141863166,0.23396226415094346,0.46559999999999996,0.41858289520459524,0.22915082382762988,0.15506451791548984,0.27113588850174214,0.3962065331928345,0.0,0.0903389267320153,0.1558441558441558,0.06088235294117647,0.09413663259817107,0.0876340801426182,0.19203873050026893,0.0830367734282325,0.0,0.0,0.0,0.0,0.05908342718530713,0.0,0.0,0.012991452991452988,0.0,0.06072874493927125,0.0,0.0,0.0,0.0,0.0,0.3425531914893617,0.17754965034965037,0.0,0.0,0.07142857142857142,0.0,0.0,0.04356665698518734,0.09270496224379718,0.0,0.21309721453606348,0.15267175572519084,0.20348348348348347,0.1160567095285196,0.07209568459522316,0.08935159564655966,0.11284513805522207,0.32508582326764146
43-3041.00,0.22254664577695488,0.1338967136150235,0.2680608365019011,0.2061995319120115,0.09157894736842107,0.037267759562841535,0.17387719558289486,0.11746835443037976,0.09658578652346048,0.21646695013529185,0.18867924528301885,0.24791666666666667,0.3542949089752465,0.2958783269961977,0.07528243894334606,0.060627177700348436,0.41271513874253596,0.0009327935222672072,0.060225951154676854,0.19047619047619047,0.1354705882352941,0.10758472296933837,0.10015323444870652,0.171059709521248,0.08920521945432977,0.06790183334950045,0.0007078114862075072,0.0,0.0,0.015637182708134797,0.02666666666666667,0.0735603194619588,0.026283760683760687,0.0,0.33943319838056685,0.08380952380952379,0.109375,0.0,0.043200785468826705,0.012626682173118456,0.19574468085106383,0.08517482517482519,0.0,0.00471342383107089,0.07936507936507936,0.0,0.012247667514843085,0.008388033691548067,0.2760079557713053,0.0,0.24954805386460063,0.20610687022900764,0.2465057057057057,0.13114408176722714,0.09095943002694822,0.14757424829367274,0.23679471788715487,0.3827590591226955
43-3051.00,0.2390786823203858,0.29000000000000004,0.21096958174904945,0.3518185444119174,0.09157894736842107,0.06903005464480876,0.08059734677240052,0.10488245931283906,0.09799694249539416,0.1939543873212215,0.13679245283018868,0.32229166666666664,0.2752446348719292,0.12395437262357413,0.0825095530819073,0.1821138211382114,0.3658822151972837,0.0,0.06805532480478485,0.13708513708513706,0.101875,0.016675632060247445,0.01552375133954951,0.11767079074771382,0.009015421115065241,0.000873023571636435,0.0,0.0,0.0,0.050355193623841304,0.0,0.0,0.0009846153846153854,0.0,0.0353425101214575,0.0,0.0,0.0,0.0,0.0,0.2429078014184397,0.13986013986013987,0.0,0.0,0.047619047619047616,0.0,0.0,0.022329363926808024,0.11630258899676374,0.0,0.21306032097399003,0.143765903307888,0.20348348348348347,0.051513353115727,0.05168149433349331,0.04035233351780114,0.16142857142857142,0.26673871582962494
43-3061.00,0.3052068284941095,0.3961189358372457,0.33269961977186313,0.31908248733829514,0.18074385964912282,0.12021857923497266,0.12865930482472396,0.20795660036166363,0.1514640743208812,0.28054116737533824,0.21132075471698114,0.24,0.11787378150317135,0.13307984790874525,0.0903389267320153,0.07200929152148665,0.2561175506380986,0.0,0.02136982887522845,0.0514069264069264,0.09375,0.003362022592791824,0.009514557272627117,0.003362022592791824,0.006851720047449583,0.0,0.0,0.0,0.0,0.010287620202720263,0.0,0.0,0.0,0.0,0.018461538461538456,0.0,0.0,0.0,0.0,0.0,0.28900709219858156,0.030176223776223785,0.0,0.0010859728506787338,0.03936507936507937,0.0,0.0,0.021783328492593665,0.0707928802588997,0.0,0.21306032097399003,0.19083969465648853,0.3207207207207207,0.1490273656445763,0.17442504337553985,0.2959324847814056,0.17092436974789912,0.3610934520025429
43-3071.00,0.24569149693775816,0.1581533646322379,0.23098859315589354,0.19754517199599644,0.18074385964912282,0.10245901639344263,0.15563625583635962,0.1447377938517179,0.10779663674493356,0.262667182064167,0.23396226415094346,0.2544,0.36292027616143097,0.2440456273764258,0.1730630780306806,0.22276422764227644,0.36043788783514813,0.0,0.0903389267320153,0.14297739297739298,0.20458823529411763,0.1960731576116192,0.12519154306088318,0.24068854222700373,0.1601423487544484,0.11882820836162576,0.06488271956902143,0.03583438419503994,0.04791642227727215,0.1754309971411245,0.12953599999999998,0.055170239596469106,0.0,0.0,0.17878542510121453,0.034641269841269855,0.0,0.0,0.032873974332000844,0.001993686658913442,0.15602836879432622,0.17244755244755247,0.0,0.0143288084464555,0.18575238095238095,0.0,0.0,0.0801626488527447,0.0707928802588997,0.003880029488224114,0.37677550267478327,0.31170483460559795,0.23326366366366366,0.07418397626112759,0.09095943002694822,0.087253274303634,0.27003601440576225,0.4605848696757788
43-4011.00,0.2868944187844629,0.3116666666666667,0.30988593155893535,0.36870583454368944,0.18074385964912282,0.1490710382513661,0.11487437930778922,0.21097046413502107,0.10975657559484146,0.23724777734827987,0.18867924528301885,0.265,0.3395887514734223,0.26996197718631176,0.23207758763914277,0.2787456445993032,0.33551399133590915,0.0,0.11993271307526168,0.19047619047619047,0.21143382352941176,0.08714362560516407,0.0811241199034523,0.26495965572888647,0.07686832740213523,0.0,0.0,0.0,0.0,0.010287620202720263,0.0,0.0,0.0,0.0,0.0019433198380566818,0.0,0.0,0.0,0.0,0.0,0.28900709219858156,0.20839160839160842,0.0,0.028989441930618403,0.11936507936507935,0.0,0.0,0.10920708684286957,0.1887810140237325,0.0,0.40057185021213804,0.2885496183206107,0.25657657657657656,0.13114408176722714,0.10070508324412124,0.17713521490499906,0.15572629051620646,0.37635092180546725
43-4021.00,0.22254664577695488,0.39480438184663535,0.21096958174904945,0.5079732994182765,0.30701754385964913,0.23569672131147543,0.17231156896168387,0.15257383966244725,0.1514640743208812,0.20971008890606885,0.13679245283018868,0.18229166666666669,0.19060938874024735,0.20278833967046897,0.29494102010300716,0.20162601626016263,0.25131717597471026,0.0,0.11993271307526168,0.17316017316017313,0.15788235294117647,0.0007746100053792369,0.003129788576522079,0.2283162990855299,0.0,0.0,0.0007078114862075072,0.0,0.0,0.24257125530624626,0.0,0.0,0.004273504273504274,0.0,0.048582995951417005,0.0,0.0,0.0,0.0,0.0,0.217645390070922,0.1532867132867133,0.0,0.0010859728506787338,0.047619047619047616,0.0,0.0,0.03169329073482429,0.17745415318230853,0.0018624141543475748,0.2922339051835454,0.20916030534351143,0.3016216216216216,0.16485328058028353,0.23256672450071983,0.2174414314702084,0.13310924369747895,0.3610934520025429
43-4031.01,0.26394286528170585,0.3333333333333333,0.3127376425855513,0.41390416989637346,0.06578947368421052,0.01609289617486339,0.08500704068776406,0.10488245931283906,0.09799694249539416,0.2580286045612679,0.18867924528301885,0.04666666666666667,0.05680393661009971,0.12395437262357413,0.0321897325137066,0.021314750290360056,0.10976466455918509,0.0,0.03893919255690314,0.15584415584415579,0.13183823529411764,0.020677783754706837,0.05007661722435326,0.13448090371167296,0.07117437722419928,0.0,0.0,0.0,0.0,0.0015593866412544415,0.0,0.0,0.0,0.0,0.0009327935222672072,0.0,0.0016741071428571443,0.0,0.0,0.0,0.3574468085106383,0.08517482517482519,0.0,0.0,0.08761904761904761,0.0,0.005301102629346904,0.008388033691548067,0.147485167206041,0.0,0.39955727725511897,0.24732824427480918,0.2597477477477477,0.22584899439498846,0.14287164531728747,0.20365246264526835,0.15126050420168063,0.3610934520025429
43-4031.02,0.3052068284941095,0.39480438184663535,0.33269961977186313,0.5079732994182765,0.13877192982456138,0.07487704918032786,0.04632031423701178,0.10488245931283906,0.07588883226843321,0.17144182450715117,0.12256603773584908,0.20052083333333331,0.1402697999887739,0.13307984790874525,0.0825095530819073,0.07200929152148665,0.14635288607891347,0.0,0.06805532480478485,0.024350649350649345,0.05558823529411764,0.013448090371167296,0.02816809718869871,0.10543302850995159,0.009015421115065241,0.0,0.0,0.0,0.0,0.033570129082560865,0.0,0.0009457755359394711,0.0,0.0,0.012307692307692304,0.0,0.0,0.0,0.0,0.0,0.3660425531914894,0.04234405594405596,0.0,0.0,0.03571428571428571,0.0,0.0,0.014522218995062446,0.07416396979503775,0.0,0.2922339051835454,0.1590330788804071,0.245045045045045,0.20606660072535443,0.08697257189265013,0.06766894176966119,0.12785114045618248,0.3394278448823903
43-4031.03,0.22254664577695488,0.31298904538341155,0.3127376425855513,0.29834212566130597,0.07263157894736842,0.07581967213114756,0.04632031423701178,0.09041591320072331,0.08623730939594684,0.17144182450715117,0.13679245283018868,0.08333333333333333,0.06709450483656705,0.09505703422053231,0.07528243894334606,0.08594657375145182,0.13277133825079032,0.0,0.03893919255690314,0.13708513708513706,0.09375,0.12049488972565897,0.0811241199034523,0.19956966110812266,0.09489916963226572,0.00875448637113202,0.007097776292247496,0.009484026902059685,0.009964186890607853,0.015637182708134797,0.0,0.0,0.0,0.0,0.0009327935222672072,0.0,0.0,0.0,0.0,0.0,0.15957446808510642,0.1035692307692308,0.0,0.01088989441930618,0.10666666666666666,0.0,0.0,0.011036886436247456,0.1302588996763754,0.0,0.24534218778823094,0.17557251908396945,0.25657657657657656,0.13188262446422683,0.07209568459522316,0.087253274303634,0.2573169267707083,0.3537698664971392
43-4041.01,0.31175860174578307,0.3538732394366197,0.3359695817490494,0.46564219113342015,0.12280701754385964,0.0706967213114754,0.22511672719187725,0.2260397830018083,0.20285367096546586,0.375724777734828,0.2751572327044025,0.16164166666666666,0.19137182629520832,0.1652724968314322,0.2257157888907349,0.2545876887340302,0.22721285563751317,0.0,0.06489865426150522,0.1402597402597402,0.13183823529411764,0.02366863905325444,0.03755746291826495,0.19728348574502422,0.0298932384341637,0.0,0.0,0.0,0.0,0.0,0.0,0.0,0.0,0.0,0.002105263157894735,0.0,0.0,0.0,0.0,0.0,0.2701276595744681,0.14685314685314685,0.0,0.01088989441930618,0.06313650793650792,0.0,0.037319762510602206,0.011036886436247456,0.063207928802589,0.0,0.3271997786386276,0.24580152671755723,0.3063063063063063,0.20236069897790968,0.18837904684558304,0.22288323187603765,0.24849939975990393,0.30260648442466626
43-4041.02,0.2868944187844629,0.3306885758998435,0.33269961977186313,0.37627651808761214,0.1143859649122807,0.05336065573770492,0.08685058919439709,0.11301989150090415,0.1528164321273176,0.16814843448009278,0.08812578616352201,0.052083333333333336,0.04066645461859411,0.10412167300380226,0.058668383452400726,0.1746806039488966,0.08886547242711625,0.0,0.0,0.1558441558441558,0.10091176470588235,0.0,0.0,0.08768154922001076,0.0,0.0,0.0,0.0,0.0,0.013536342372000349,0.0,0.0,0.0,0.0,0.002105263157894735,0.0,0.0,0.0,0.0,0.0,0.10984397163120564,0.027972027972027975,0.0,0.0,0.01206349206349206,0.0,0.02030534351145038,0.0009817020040662205,0.13737189859762675,0.0,0.2922339051835454,0.21068702290076333,0.2719711711711712,0.1490273656445763,0.14131197164900883,0.16044856422554263,0.14578631452581028,0.24698029243483788
43-4051.00,0.26705597493234584,0.20657276995305163,0.29111216730038025,0.2963177579939946,0.23684210526315788,0.1993237704918033,0.12865930482472396,0.12055455093429775,0.09799694249539416,0.17144182450715117,0.16415094339622643,0.1431,0.10571220087189177,0.21425602027883395,0.144985324250983,0.2787456445993032,0.184404636459431,0.0,0.09816830038212326,0.09367484367484367,0.08625,0.08068854222700376,0.038779332378539165,0.1960731576116192,0.04175563463819691,0.0,0.0,0.0,0.0,0.0,0.0,0.0,0.0,0.0,0.0,0.0,0.0,0.0,0.0,0.0,0.14184397163120566,0.14895104895104896,0.0,0.0,0.1111111111111111,0.0,0.0,0.09410397908800465,0.147485167206041,0.0,0.3271997786386276,0.2870229007633588,0.25657657657657656,0.1450708869106495,0.2934770571080512,0.2174414314702084,0.21785114045618245,0.583916083916084
43-4051.03,0.38252589171261725,0.34824726134585293,0.3802281368821293,0.4052949631625289,0.27578947368421053,0.23394808743169399,0.18609649447861856,0.24954792043399632,0.23801497393281326,0.23724777734827987,0.30157232704402515,0.14375,0.1473422268789642,0.38200253485424585,0.31860912665448304,0.3443623693379791,0.29636459430979983,0.0,0.09816830038212326,0.27549302549302546,0.26938235294117646,0.08714362560516407,0.004757278636313559,0.1960731576116192,0.0,0.02273498884469881,0.0,0.0,0.0,0.0,0.04000000000000001,0.10639974779319042,0.03008547008547009,0.0,0.1451012145748988,0.13368888888888888,0.020926339285714284,0.0,0.07100778455712184,0.024921083236418014,0.19858156028368795,0.2147916083916084,0.0,0.02337858220211161,0.2085333333333333,0.0,0.0,0.09758931164681964,0.14158576051779936,0.003880029488224114,0.42479247371333706,0.35782188295165396,0.5117117117117117,0.32047477744807124,0.5057403374063274,0.3684744512082641,0.4321368547418968,0.7552447552447553
43-4061.00,0.3296233747736383,0.34824726134585293,0.42775665399239543,0.48765436744154544,0.19736842105263158,0.1993237704918033,0.18609649447861856,0.33996383363471966,0.2572419740504096,0.26478546579049095,0.23396226415094346,0.14375,0.099631410556252,0.12395437262357413,0.11993271307526168,0.23803948896631827,0.18294110759864185,0.0,0.0903389267320153,0.17316017316017313,0.1354705882352941,0.07530930607853685,0.06259577153044157,0.12641204948897256,0.053143534994068806,0.0,0.0,0.0,0.0,0.0015593866412544415,0.0,0.0,0.006495726495726497,0.0,0.030121457489878545,0.0,0.0,0.0,0.0,0.0,0.17100709219858154,0.11716923076923079,0.0,0.0,0.1111111111111111,0.0,0.0,0.12231193726401395,0.1887810140237325,0.0,0.40057185021213804,0.3806615776081425,0.4188588588588589,0.16485328058028353,0.2699988925394071,0.2501844678103671,0.1890756302521008,0.6276223776223776
43-4071.00,0.2274401285938104,0.22892018779342724,0.1458555133079848,0.2791971764210083,0.2231578947368421,0.2182377049180328,0.06432965241236198,0.0795660036166365,0.07588883226843321,0.34461538461538466,0.5333333333333333,0.08333333333333333,0.08793758302617548,0.2370088719898606,0.13568145317605362,0.3386759581881533,0.5268703898840884,0.0,0.11993271307526168,0.1558441558441558,0.11745588235294115,0.17428725121032815,0.1622482398069046,0.2912533620225927,0.046766310794780545,0.10185275002425066,0.0,0.0,0.0,0.21658147795200558,0.04100266666666667,0.1471206389239176,0.026283760683760687,0.0,0.13639514170040487,0.07936507936507936,0.09765625,0.0,0.04909180166912127,0.07443096859943514,0.37234042553191493,0.19755524475524477,0.0,0.058401206636500745,0.11936507936507935,0.0,0.0,0.018007551553877434,0.031603964401294496,0.0,0.1807784541597491,0.12722646310432567,0.1845045045045045,0.04945598417408506,0.07209568459522316,0.087253274303634,0.10564225690276109,0.28226319135410044
43-4081.00,0.24569149693775816,0.13145539906103287,0.30988593155893535,0.1881382590438061,0.28596491228070176,0.180327868852459,0.0902690283850886,0.09041591320072331,0.07447767629649954,0.15066099729416316,0.21132075471698114,0.14583333333333331,0.17231088742118358,0.1984790874524715,0.12815667054327964,0.12125435540069687,0.1950591265659759,0.03643724696356275,0.11262252865924574,0.1402597402597402,0.101875,0.12049488972565897,0.11217162258255133,0.16137708445400753,0.0830367734282325,0.02273498884469881,0.0,0.0,0.0,0.010287620202720263,0.0,0.0407208911307272,0.03008547008547009,0.0357824427480916,0.1451012145748988,0.01206349206349206,0.013147321428571425,0.0,0.00832807349744021,0.020601428808772224,0.13297872340425532,0.22657342657342658,0.0,0.0143288084464555,0.14222222222222222,0.0,0.0,0.10920708684286957,0.22333468176914778,0.0,0.3316362294779561,0.21068702290076335,0.38582582582582575,0.20236069897790968,0.23256672450071983,0.2174414314702084,0.29157262905162057,0.576300063572791
43-4111.00,0.26394286528170585,0.22833333333333336,0.2912927756653992,0.2185715038267322,0.14908070175438595,0.10459016393442623,0.025365004076187667,0.10126582278481011,0.08623730939594684,0.17144182450715117,0.15101886792452832,0.10416666666666666,0.08793758302617548,0.187893536121673,0.13706595780029907,0.12032520325203254,0.18294110759864185,0.0,0.03893919255690314,0.1714285714285714,0.11745588235294115,0.07423345884884347,0.04406742315743087,0.14254975793437333,0.04175563463819691,0.0,0.0,0.0,0.0,0.006768171186000174,0.0,0.0,0.0,0.0,0.0009327935222672072,0.0,0.0,0.0,0.0,0.0,0.15602836879432622,0.09101538461538464,0.0,0.0,0.09523809523809523,0.0,0.0,0.11617775196049956,0.1887810140237325,0.0,0.424792473713337,0.37938931297709916,0.28419459459459456,0.11177052423343223,0.21744988740817303,0.18446781036709092,0.23679471788715487,0.3665861411315957
43-4121.00,0.1994017946161516,0.22192488262910798,0.26045627376425856,0.19382755999729082,0.10526315789473684,0.08200819672131147,0.04997035499888832,0.10608800482218202,0.06075810434714439,0.262667182064167,0.27916981132075475,0.10809999999999997,0.1257975190375512,0.2534854245880862,0.18431217810267483,0.20162601626016263,0.36043788783514813,0.0725506072874494,0.21338677521182922,0.10649350649350649,0.13455882352941176,0.12049488972565897,0.14650415135156789,0.2074018289402905,0.04911032028469751,0.1424725967601125,0.0,0.0009457755359394711,0.0020701219301816893,0.054145369488001395,0.0032000000000000028,0.21571563682219416,0.10568205128205128,0.0,0.21862348178137653,0.049168253968253965,0.1925223214285714,0.0026666666666666687,0.06048811277088155,0.04984216647283602,0.15957446808510642,0.2836699300699301,0.0,0.0743288084464555,0.12444444444444444,0.0,0.0,0.10165553296543711,0.17745415318230853,0.02004681902249124,0.289153292750415,0.143765903307888,0.2465057057057057,0.20606660072535443,0.07013917088116946,0.03764680563241715,0.2573169267707083,0.5117609663064209
43-4131.00,0.3494007772600566,0.41715179968701094,0.35266159695817495,0.4052949631625289,0.30701754385964913,0.1804098360655738,0.19037649151411845,0.2890295358649789,0.22049312061463683,0.4358407421724005,0.24654088050314465,0.2870833333333333,0.2752446348719292,0.220532319391635,0.2803621864097026,0.2968641114982578,0.35216163212738555,0.0,0.21970011629838845,0.19047619047619047,0.20458823529411763,0.007767616998386228,0.007231063527196609,0.18474448628294787,0.011862396204033215,0.0,0.0,0.0,0.0,0.020575240405440523,0.0,0.0,0.004273504273504274,0.0,0.030121457489878545,0.0,0.0,0.0,0.0,0.0,0.28900709219858156,0.22657342657342658,0.0,0.0143288084464555,0.12444444444444444,0.0,0.0,0.13011908219575952,0.168554476806904,0.0,0.5312672938572219,0.3318066157760814,0.3190486486486486,0.16485328058028353,0.285281848720883,0.23016971038553768,0.3249939975990396,0.392879847425302
43-4141.00,0.3347101552485401,0.3116666666666667,0.3555133079847909,0.2061995319120115,0.15574736842105266,0.11475409836065574,0.11487437930778922,0.15257383966244725,0.09799694249539416,0.1530730575956707,0.1761006289308176,0.22083333333333335,0.24270772915224426,0.27782002534854244,0.20200614720053164,0.1743925667828107,0.3102681184872966,0.0,0.11629838843661738,0.04617604617604618,0.1488970588235294,0.05917159763313609,0.09414404038178412,0.21439483593329747,0.052194543297746136,0.0,0.0,0.0,0.0,0.010287620202720263,0.0,0.0,0.0,0.0,0.004048582995951417,0.0,0.0,0.0,0.0,0.0,0.26595744680851063,0.13076923076923078,0.0,0.0,0.05952380952380952,0.0,0.0,0.08713331397037466,0.1887810140237325,0.0,0.42479247371333706,0.262147582697201,0.29160360360360355,0.11473788328387735,0.23815940049466572,0.14891932607759945,0.23875150060024006,0.5117609663064209
43-4151.00,0.26705597493234584,0.3118622848200313,0.3127376425855513,0.2633935626613285,0.21052631578947367,0.10557377049180328,0.1421477803305418,0.10488245931283906,0.08623730939594684,0.1939543873212215,0.23396226415094346,0.1640625,0.24270772915224426,0.2534854245880862,0.3404566096250761,0.32061324041811845,0.4266186629200328,0.0,0.1730630780306806,0.13708513708513706,0.21764705882352942,0.08284023668639053,0.0811241199034523,0.21439483593329747,0.03985765124555161,0.04694926763022602,0.0007078114862075072,0.0,0.0,0.14944121978688382,0.0,0.025246952501050864,0.012991452991452988,0.005963740458015267,0.12696356275303644,0.01968253968253968,0.034598214285714295,0.0,0.0027394978610000703,0.004153513872736335,0.397872340425532,0.19304055944055945,0.0,0.07070135746606335,0.21428571428571427,0.0,0.0,0.06389776357827476,0.2768001618122977,0.0,0.4794687327061427,0.3053435114503817,0.2767375375375375,0.20606660072535443,0.318911735390749,0.2501844678103671,0.12751500600240095,0.5363254926891291
43-4161.00,0.3052068284941095,0.3536776212832551,0.33269961977186313,0.4515318217051347,0.2424982456140351,0.12469945355191257,0.1269176610094123,0.1350210970464135,0.08623730939594684,0.21473521453420955,0.21524528301886794,0.08333333333333333,0.08232454581173872,0.164958174904943,0.13568145317605362,0.23803948896631827,0.2469704952581665,0.0,0.1053954145206845,0.057190957190957174,0.16864705882352943,0.0,0.0,0.055675094136632595,0.0,0.0,0.0,0.0,0.0,0.015637182708134797,0.0,0.0,0.009873504273504271,0.0,0.040161943319838064,0.0,0.0,0.0,0.0,0.0,0.217645390070922,0.2147916083916084,0.0,0.00471342383107089,0.05952380952380952,0.0,0.0,0.038338658146964855,0.09270496224379718,0.0,0.3119350673307507,0.26717557251908397,0.34878078078078073,0.16485328058028353,0.21744988740817303,0.14376191354608622,0.22861944777911158,0.3610934520025429
43-4171.00,0.21059271166093554,0.20661971830985915,0.25100760456273763,0.2963177579939946,0.17543859649122806,0.1346448087431694,0.04632031423701178,0.0795660036166365,0.0543295049194465,0.10736760726710477,0.09748427672955975,0.151875,0.149447115834378,0.3239543726235741,0.11993271307526168,0.14146341463414636,0.29636459430979983,0.0,0.12815667054327964,0.15079365079365076,0.20458823529411763,0.07668639053254438,0.07138922551503801,0.19956966110812266,0.04448398576512456,0.056837472111747014,0.0,0.0,0.0,0.003248722169280087,0.0,0.0305406683480454,0.0,0.0,0.012307692307692304,0.0,0.0,0.0,0.0,0.0,0.10638297872340427,0.19755524475524477,0.0,0.00471342383107089,0.17523809523809522,0.0,0.0,0.10920708684286957,0.15291262135922332,0.0,0.42479247371333706,0.22589312977099238,0.2597477477477477,0.14770853939993406,0.14131197164900883,0.112955789214782,0.22111644657863144,0.47043865225683407
43-4181.00,0.24721753108022873,0.23962441314553992,0.3555133079847909,0.2061995319120115,0.27223859649122806,0.1993237704918033,0.07678055287927077,0.11746835443037976,0.08623730939594684,0.2580286045612679,0.21132075471698114,0.135,0.13319737309858362,0.2440456273764258,0.21970011629838845,0.2606271777003485,0.28813224446786095,0.0019433198380566818,0.11993271307526168,0.1558441558441558,0.2317941176470588,0.15737493275954814,0.11217162258255133,0.2528240989779451,0.10628706998813763,0.13580366669900087,0.007097776292247496,0.09063682219419923,0.09522560878835762,0.027072684744000697,0.0015360000000000013,0.21571563682219416,0.10256410256410256,0.011927480916030533,0.1716599190283401,0.09813333333333332,0.04185267857142857,0.0,0.06574794866400169,0.05848147532812759,0.18723404255319148,0.25748251748251744,0.0,0.017767722473604818,0.15873015873015872,0.0,0.03944020356234097,0.136508858553587,0.28970300701186624,0.0,0.4759269507470947,0.45801526717557245,0.35122162162162157,0.1846356742499176,0.318911735390749,0.2174414314702084,0.27783913565426166,0.6846789574062302
43-5011.00,0.3052068284941095,0.2926447574334899,0.3127376425855513,0.2185715038267322,0.14908070175438595,0.10459016393442623,0.11041836507818871,0.11746835443037976,0.09658578652346048,0.20971008890606885,0.21132075471698114,0.20523333333333335,0.16698785712949277,0.164958174904943,0.09816830038212326,0.1878002322880372,0.28758342114506497,0.0,0.13568145317605362,0.17316017316017313,0.17941176470588238,0.015330823023130711,0.014271835908940676,0.12049488972565897,0.009015421115065241,0.0037891648074498013,0.0,0.0,0.0,0.0,0.0,0.004104928541403951,0.0,0.0,0.004048582995951417,0.0,0.0,0.0,0.0,0.0,0.10638297872340427,0.14849790209790212,0.0,0.07070135746606335,0.10285714285714287,0.0,0.0,0.038338658146964855,0.168554476806904,0.0,0.23132263420033203,0.19242748091603054,0.25657657657657656,0.18067919551599076,0.19501458156447266,0.2640195535878989,0.19714285714285712,0.42339478703115063
43-5011.01,0.22254664577695488,0.2723004694835681,0.2376425855513308,0.32138529962899137,0.28596491228070176,0.2182377049180328,0.15563625583635962,0.18083182640144663,0.13842068127474422,0.262667182064167,0.330188679245283,0.3094,0.2749826931352554,0.28517110266159695,0.23207758763914277,0.23803948896631827,0.402470436717012,0.012307692307692304,0.21338677521182922,0.1558441558441558,0.21143382352941176,0.0,0.0,0.09413663259817107,0.0,0.0,0.0,0.0,0.0,0.003248722169280087,0.0,0.0,0.0,0.0,0.0009327935222672072,0.0,0.0,0.0,0.0,0.0,0.12482269503546098,0.20839160839160842,0.0,0.02337858220211161,0.17523809523809522,0.0,0.0,0.12231193726401395,0.29075647249190933,0.0,0.289153292750415,0.17557251908396945,0.28419459459459456,0.29673590504451036,0.30183838458414847,0.3175152185943553,0.2573169267707083,0.4675270184361094
43-5021.00,0.12761714855433703,0.14793427230046952,0.13022813688212928,0.14227767701928792,0.07631578947368421,0.07487704918032786,0.050730008152375335,0.0795660036166365,0.02155932734898671,0.17144182450715117,0.1949685534591195,0.07560000000000001,0.07244560031433007,0.14378707224334603,0.1053954145206845,0.11074564459930314,0.38344456152675327,0.25506072874493924,0.16181397795868638,0.10649350649350649,0.2459411764705882,0.28187197417966653,0.29194667841797955,0.28509951586874666,0.2846975088967971,0.42559899117276173,0.3067183106899196,0.2735524379991593,0.2717035033363466,0.09529585029888243,0.21600000000000003,0.3235077763766288,0.20004102564102563,0.0536736641221374,0.3507303643724696,0.2911111111111111,0.2685546875,0.04133333333333334,0.15053650326109827,0.11629838843661738,0.10638297872340427,0.2965034965034965,0.20091603053435114,0.39517345399698334,0.16825396825396827,0.13799999999999998,0.2862595419847328,0.13011908219575952,0.3008697411003236,0.22762839664248113,0.289153292750415,0.12881424936386768,0.17237237237237238,0.06231454005934717,0.06102107866661743,0.04384184959724529,0.06842737094837933,0.31277813095994916
43-5031.00,0.3494007772600566,0.22309859154929576,0.3802281368821293,0.2393118655037214,0.3217543859649123,0.24385245901639344,0.3181649744311866,0.3164556962025316,0.19966877033436556,0.4358407421724005,0.27916981132075475,0.09893333333333335,0.099631410556252,0.54417237008872,0.44027247051005153,0.46457607433217185,0.6530997541271514,0.012307692307692304,0.21632884753835074,0.5820105820105821,0.364235294117647,0.15737493275954814,0.12991877572686208,0.24663797740720816,0.1388185053380783,0.11882820836162576,0.1356638681897721,0.012478982765868007,0.1811356688908977,0.2869704582864074,0.006666666666666667,0.020360445565363598,0.016109401709401706,0.018129770992366408,0.048582995951417005,0.01968253968253968,0.055,0.0,0.010957991444000281,0.02554577172287756,0.15957446808510642,0.22657342657342658,0.0,0.09954751131221717,0.18888888888888888,0.0,0.012247667514843085,0.2599128666860296,0.5574433656957929,0.0,0.732152739346984,0.48244274809160304,0.49124324324324325,0.3738872403560831,0.32808520063494406,0.2640195535878989,0.3249939975990396,0.5117609663064209
43-5032.00,0.2884204529269335,0.22309859154929576,0.33418250950570344,0.29834212566130597,0.2573684210526316,0.2315573770491803,0.17387719558289486,0.24773960216998192,0.13523578064364392,0.21473521453420955,0.23396226415094346,0.1171875,0.11258349392856473,0.3472750316856781,0.25786398626571416,0.2545876887340302,0.35216163212738555,0.006153846153846155,0.1730630780306806,0.2698412698412698,0.26588235294117646,0.06532544378698225,0.07010726411409457,0.19956966110812266,0.0830367734282325,0.0,0.0,0.0,0.0,0.0,0.0,0.0,0.0,0.0,0.0019433198380566818,0.0,0.0,0.0,0.0,0.0,0.26595744680851063,0.25748251748251744,0.0,0.0743288084464555,0.17857142857142858,0.0,0.0,0.1379262271275051,0.23702973300970873,0.0,0.42479247371333706,0.43053435114503813,0.2681081081081081,0.49587866798549285,0.23256672450071983,0.23634938203283523,0.27783913565426166,0.429701207883026
43-5041.00,0.09537713390440922,0.12093896713615024,0.09505703422053233,0.10385231899218096,0.09157894736842107,0.08200819672131147,0.05743718965389462,0.04520795660036166,0.05585825722237465,0.1530730575956707,0.17358490566037735,0.135,0.1403259303609183,0.15437262357414452,0.13568145317605362,0.1821138211382114,0.44678609062170704,0.1716599190283401,0.16514371157999666,0.09090909090909088,0.101875,0.2689618074233459,0.23536010095446033,0.22404518558364708,0.2733096085409253,0.34920942865457366,0.19317355144413204,0.22166614123581335,0.2618704241679835,0.27072684744000697,0.25920000000000004,0.2938734762505254,0.12406153846153849,0.0715648854961832,0.41198380566801623,0.23555555555555557,0.33482142857142855,0.0,0.17469668279683007,0.1834191726200365,0.14184397163120566,0.2876923076923077,0.1793893129770992,0.27978883861236803,0.3055555555555556,0.188,0.2633587786259542,0.1379262271275051,0.22333468176914778,0.2431485145953776,0.14849658734550822,0.10178117048346055,0.15051051051051054,0.030253874052093652,0.10070508324412124,0.087253274303634,0.18720288115246095,0.3293070565797838
43-5051.00,0.26705597493234584,0.19131455399061031,0.30988593155893535,0.1488173629036506,0.07894736842105263,0.05336065573770492,0.05743718965389462,0.10488245931283906,0.08623730939594684,0.1530730575956707,0.1949685534591195,0.17666666666666667,0.24270772915224426,0.17743979721166034,0.20971091543445758,0.20162601626016263,0.402470436717012,0.0009327935222672072,0.11993271307526168,0.1558441558441558,0.21143382352941176,0.2958579881656805,0.30574779412501124,0.30984400215169444,0.12574139976275206,0.19279270540304588,0.004669589665952302,0.0305406683480454,0.03208688991781617,0.09529585029888243,0.11733333333333332,0.3011375577973939,0.16235213675213678,0.04437022900763359,0.39550445344129553,0.16666666666666666,0.255859375,0.0,0.10407461953853708,0.06549925236750291,0.19432624113475178,0.24475524475524474,0.0,0.1319758672699849,0.14222222222222222,0.0,0.008057675996607293,0.11385419692128959,0.2844356796116505,0.0,0.24954805386460063,0.19242748091603054,0.196996996996997,0.04945598417408506,0.14950718003617705,0.06744604316546761,0.09930372148859543,0.3827590591226955
43-5052.00,0.08240584369340957,0.12093896713615024,0.08982889733840303,0.04703456476095152,0.039473684210526314,0.03218579234972677,0.04997035499888832,0.04520795660036166,0.04630355532907373,0.1530730575956707,0.21132075471698114,0.025833333333333337,0.033299343274645905,0.088212927756654,0.060225951154676854,0.19094076655052267,0.33551399133590915,0.16194331983805668,0.09816830038212326,0.12337662337662333,0.16176470588235295,0.30984400215169444,0.28243212114535243,0.2912533620225927,0.2676156583629893,0.3282568629352992,0.12386701008631369,0.13829340058848255,0.12972764095805242,0.12128562765312312,0.09999999999999999,0.3235077763766288,0.15316239316239316,0.0715648854961832,0.33943319838056685,0.2644444444444444,0.2885044642857143,0.027555555555555555,0.10957991444000281,0.1329124439275627,0.06595744680851066,0.22657342657342658,0.1431297709923664,0.24769230769230763,0.11936507936507935,0.17500000000000002,0.15945716709075486,0.11617775196049956,0.2616808252427184,0.19400147441120552,0.10071942446043163,0.06412213740458014,0.23255255255255255,0.08605341246290801,0.043486285946325066,0.04496402877697841,0.0,0.20185632549268917
43-5053.00,0.05086780474901825,0.10964006259780909,0.07129277566539924,0.056441477713141834,0.06578947368421052,0.03415300546448087,0.04250352034388203,0.04520795660036166,0.03723883814824977,0.11327406262079633,0.1746918238993711,0.052083333333333336,0.06174340935880405,0.12085171102661599,0.12815667054327964,0.11614401858304296,0.4064512352183585,0.004048582995951417,0.1053954145206845,0.10649350649350649,0.06088235294117647,0.2528240989779451,0.3873426342303725,0.32275416890801506,0.25691103202846977,0.41771752837326614,0.08601875700438451,0.17404897015552753,0.24634450969162086,0.29888243957376764,0.11733333333333332,0.4706284153005465,0.20004102564102563,0.0357824427480916,0.38866396761133604,0.18575238095238095,0.31473214285714285,0.058666666666666666,0.08766393155200225,0.05848147532812759,0.26595744680851063,0.16671328671328675,0.0013740458015267186,0.15987933634992457,0.12698412698412698,0.0014400000000000012,0.0,0.136508858553587,0.22333468176914778,0.0,0.14849658734550822,0.10178117048346055,0.17237237237237238,0.1490273656445763,0.02174314297316253,0.01056846830228125,0.1532893157262905,0.16401780038143673
43-5061.00,0.3052068284941095,0.35333333333333333,0.33269961977186313,0.37627651808761214,0.27223859649122806,0.2182377049180328,0.2417920403172015,0.24412296564195302,0.15434518443024575,0.34316196366447627,0.23396226415094346,0.19583333333333333,0.22721574644039885,0.15437262357414452,0.13568145317605362,0.2545876887340302,0.3962065331928345,0.0009327935222672072,0.28711164645289916,0.15584415584415579,0.13455882352941176,0.09413663259817107,0.07511492583652989,0.171059709521248,0.06548042704626333,0.059753613347560394,0.03806452881382591,0.03694435687263556,0.04554268246399713,0.07147188772416183,0.04100266666666667,0.04334804539722572,0.038461538461538464,0.0013740458015267186,0.11753198380566804,0.0419047619047619,0.021450892857142863,0.0,0.024655480749000633,0.01661405549094534,0.26595744680851063,0.26153846153846155,0.0,0.06636500754147812,0.11904761904761904,0.0,0.0,0.04879465582340982,0.20010787486515644,0.0,0.289153292750415,0.1590330788804071,0.2303423423423423,0.22584899439498846,0.246520727970763,0.196957818360696,0.16142857142857142,0.32508582326764146
43-5071.00,0.08545791197835068,0.12093896713615024,0.14823193916349808,0.08184014268405565,0.1649122807017544,0.09686475409836066,0.09026902838508859,0.11746835443037976,0.07588883226843321,0.17317356010823348,0.18867924528301885,0.09114583333333334,0.11945478698523769,0.17743979721166034,0.15143019327684554,0.1821138211382114,0.4064512352183585,0.07866558704453441,0.1946959627845157,0.0753246753246753,0.12682352941176467,0.1960731576116192,0.27542139473394295,0.24068854222700373,0.1729537366548043,0.284945193520225,0.05529777235996146,0.08669609079445144,0.09108536492799427,0.14294377544832365,0.19353600000000004,0.3395596889449348,0.16068376068376067,0.0,0.3348987854251012,0.20190476190476192,0.28125,0.012835555555555553,0.12360614348832316,0.06549925236750291,0.1795177304964539,0.25748251748251744,0.1431297709923664,0.23416289592760178,0.22666666666666666,0.10999999999999999,0.07124681933842239,0.08945686900958466,0.25072478425026967,0.09700073720560277,0.12042058660763696,0.11399491094147583,0.16144144144144146,0.13188262446422683,0.09095943002694822,0.079136690647482,0.1444717887154862,0.19930069930069932
43-5081.01,0.07630170712352738,0.08841940532081377,0.21387832699619772,0.04214297002581257,0.12280701754385964,0.08239071038251368,0.06432965241236198,0.0795660036166365,0.053467131825487055,0.17317356010823348,0.25849056603773585,0.10416666666666666,0.11080135461298107,0.14220532319391635,0.06853297890014953,0.060627177700348436,0.22721285563751317,0.06384453441295547,0.23207758763914277,0.03787878787878787,0.13455882352941176,0.1395589026358257,0.22406281610864623,0.13448090371167296,0.052194543297746136,0.18187991075759047,0.0007078114862075072,0.0009457755359394711,0.017251016084847397,0.12128562765312312,0.07039999999999999,0.32839428331231607,0.19230769230769232,0.023854961832061067,0.437246963562753,0.2180571428571429,0.34095982142857145,0.016888888888888884,0.12823479907426888,0.10271473666722047,0.07651063829787237,0.19755524475524477,0.0,0.08446455505279035,0.1285714285714286,0.0,0.0012213740458015278,0.022329363926808024,0.15844120819848972,0.0,0.1807784541597491,0.15871755725190836,0.18517717717717716,0.11473788328387735,0.111262874229392,0.05003689356207342,0.10564225690276109,0.3153719008264463
43-5081.02,0.11445256068529107,0.08577464788732393,0.09452471482889732,0.08278083397927467,0.06578947368421052,0.047855191256830604,0.02871859482694731,0.037974683544303785,0.0469209360667947,0.05798221878623888,0.14213836477987418,0.0353125,0.07133702546447881,0.0721825095057034,0.021805947831865756,0.0506945412311266,0.18294110759864185,0.004048582995951417,0.0064033338871351845,0.09090909090909088,0.08625,0.26597095212479827,0.26340300660009813,0.2689618074233459,0.12310320284697508,0.1424725967601125,0.01843259078665382,0.012478982765868007,0.013110772224484018,0.10768431083773713,0.09039999999999998,0.05566283102143757,0.027138461538461535,0.0,0.20113360323886637,0.047619047619047616,0.08004464285714284,0.0,0.041092467915001055,0.03684332945672038,0.053900709219858144,0.0979020979020979,0.005963740458015267,0.01805429864253393,0.17523809523809522,0.014439999999999998,0.06038167938931296,0.04135347081033981,0.053094660194174755,0.024573520092086028,0.10625345877144438,0.05642748091603052,0.16144144144144146,0.0580283547642598,0.07013917088116946,0.087253274303634,0.07923169267707081,0.1869040050858233
43-5081.03,0.09461411683317397,0.11042253521126759,0.10337452471482891,0.13169678133066426,0.0168,0.01263661202185793,0.04250352034388203,0.056962025316455674,0.05585825722237465,0.13451874758407423,0.10425157232704406,0.08166666666666668,0.05893689075158568,0.0721825095057034,0.09389018109320486,0.11074564459930314,0.21769991804238378,0.0893927125506073,0.10279946835022431,0.022318422318422314,0.08625,0.256589564281872,0.30574779412501124,0.1484669176976869,0.12648161328588375,0.34920942865457366,0.05406893297418453,0.04925914249684741,0.06801040581290238,0.050355193623841304,0.08,0.44333228247162676,0.18119658119658122,0.04437022900763359,0.39550445344129553,0.2571428571428572,0.47084263392857145,0.0026666666666666687,0.15053650326109827,0.14537298554577174,0.07978723404255321,0.20839160839160842,0.029580152671755722,0.21210407239819004,0.11904761904761904,0.018999999999999996,0.016115351993214583,0.03169329073482429,0.11630258899676374,0.032333579068534256,0.09208633093525177,0.0885496183206107,0.1595675675675676,0.1490273656445763,0.17257927572077228,0.1283588513804341,0.08283313325330131,0.32508582326764146
43-5081.04,0.05086780474901825,0.12093896713615024,0.06273764258555133,0.059263551598798904,0.022105263157894732,0.009603825136612025,0.028718594826947306,0.028860759493670868,0.030869036886049153,0.11703131039814459,0.13679245283018868,0.11499999999999999,0.11787378150317135,0.0859315589353612,0.04516946336600764,0.10499419279907082,0.25131717597471026,0.012307692307692304,0.05191892340920418,0.10649350649350649,0.03352941176470588,0.10112963959117804,0.2409937203922001,0.12641204948897256,0.0797153024911032,0.1473227277136483,0.0030720984644423037,0.0735603194619588,0.08625508042423698,0.050355193623841304,0.015402666666666663,0.25861049810844894,0.060170940170940164,0.06297709923664122,0.2697975708502024,0.11904761904761904,0.24860491071428575,0.001280000000000001,0.0736377025036819,0.02554577172287756,0.12482269503546098,0.1048951048951049,0.0,0.06636500754147812,0.08888888888888889,0.0,0.0,0.038338658146964855,0.21069309600863,0.0018624141543475748,0.11621472053126729,0.02824427480916031,0.15051051051051054,0.03758654797230464,0.011997489755989505,0.019568960216442225,0.04273109243697478,0.1224666242848061
43-5111.00,0.13429100453740817,0.17723004694835678,0.14823193916349808,0.21466575356898276,0.07263157894736842,0.043032786885245894,0.1162084043578152,0.09041591320072331,0.06467798204696014,0.21646695013529185,0.2808930817610063,0.234375,0.22376372855352028,0.26996197718631176,0.18431217810267483,0.3386759581881533,0.40992711626273265,0.0010947368421052623,0.12114415462147643,0.3001924001924001,0.14235294117647057,0.19728348574502422,0.15999479203180866,0.3183162990855299,0.12633451957295372,0.1424725967601125,0.0008306954247851982,0.0011099726775956275,0.18557953063435437,0.0018301134886944453,0.2109333333333333,0.14367249894913828,0.11145299145299147,0.0,0.20242914979757085,0.17523809523809522,0.09765625,0.0,0.10957991444000281,0.062302708091045024,0.200354609929078,0.2751384615384615,0.0,0.00471342383107089,0.22666666666666666,0.0,0.0,0.10920708684286957,0.3324737055016181,0.036860280138129045,0.27089097952407304,0.08625954198473282,0.23326366366366366,0.1846356742499176,0.111262874229392,0.05575539568345324,0.17092436974789912,0.2736808645899555
43-6011.00,0.3052068284941095,0.39480438184663535,0.33269961977186313,0.5079732994182765,0.30701754385964913,0.26336065573770495,0.0902690283850886,0.11746835443037976,0.09658578652346048,0.2396598376497874,0.25267924528301894,0.20523333333333335,0.18452859842460756,0.38022813688212925,0.23207758763914277,0.3386759581881533,0.4266186629200328,0.0,0.15506451791548984,0.17316017316017313,0.2459411764705882,0.03550295857988166,0.04406742315743087,0.1960731576116192,0.02206405693950178,0.023304879231739264,0.0030720984644423037,0.0,0.0,0.22801697998787146,0.0,0.009484026902059685,0.004273504273504274,0.005963740458015267,0.02850202429149798,0.0,0.0016741071428571443,0.0,0.0,0.0,0.3660425531914894,0.280979020979021,0.0,0.00471342383107089,0.09777777777777776,0.0,0.0,0.07667731629392971,0.22333468176914778,0.0,0.5578306585500831,0.4075725190839694,0.3016216216216216,0.22749752720079128,0.23256672450071983,0.20637336284818297,0.29157262905162057,0.6276223776223776
43-6012.00,0.26394286528170585,0.3748982785602504,0.2680608365019011,0.41390416989637346,0.2087719298245614,0.1346448087431694,0.07678055287927077,0.1447377938517179,0.06554035514091958,0.21473521453420955,0.25267924528301894,0.109375,0.08615544371059179,0.17743979721166034,0.1730630780306806,0.13937282229965156,0.28213909378292945,0.0,0.16181397795868638,0.058441558441558426,0.09375,0.0333512641204949,0.04206435846845675,0.1484669176976869,0.01779359430604982,0.0075783296148996026,0.0007078114862075072,0.0,0.0,0.2035865892748852,0.0,0.001970365699873896,0.0,0.0,0.040161943319838064,0.0,0.0,0.0,0.0,0.0,0.46391489361702126,0.20391608391608396,0.0,0.0,0.05952380952380952,0.0,0.0,0.06389776357827476,0.04598166127292341,0.0,0.426351226710939,0.22589312977099238,0.245045045045045,0.11078140454995056,0.111262874229392,0.05575539568345324,0.05672268907563024,0.32508582326764146
43-6013.00,0.3052068284941095,0.23850547730829422,0.27115019011406843,0.2185715038267322,0.07894736842105263,0.05844262295081967,0.06432965241236198,0.09041591320072331,0.08623730939594684,0.15066099729416316,0.17358490566037735,0.08333333333333333,0.0773850730630344,0.164958174904943,0.12815667054327964,0.09419744483159119,0.1737501463528861,0.0,0.0903389267320153,0.13708513708513706,0.20705882352941177,0.060247444862829486,0.056085811291275656,0.26495965572888647,0.053143534994068806,0.0,0.0007078114862075072,0.0,0.0,0.0,0.0,0.0,0.0,0.0,0.0009327935222672072,0.0,0.0,0.0,0.0,0.0,0.09255319148936172,0.1035692307692308,0.0,0.0,0.12444444444444444,0.0,0.0,0.06389776357827476,0.10534654800431498,0.0,0.3196458218040952,0.262147582697201,0.2719711711711712,0.1669106495219255,0.07209568459522316,0.06147389780483307,0.13565426170468187,0.4730324221233312
43-6014.00,0.35607463324312777,0.3748982785602504,0.33269961977186313,0.48765436744154544,0.15350877192982457,0.06975409836065576,0.1037575038909064,0.11746835443037976,0.08623730939594684,0.3455740239659838,0.23396226415094346,0.0625,0.07016296518045917,0.20278833967046897,0.09816830038212326,0.07769570267131243,0.18294110759864185,0.0,0.11993271307526168,0.10649350649350649,0.17941176470588238,0.06724045185583648,0.07511492583652989,0.11135018827326518,0.04175563463819691,0.000873023571636435,0.0007078114862075072,0.0,0.0,0.19059170059776487,0.0,0.0,0.0,0.0,0.006153846153846155,0.0,0.0,0.0,0.0,0.0,0.3468085106382979,0.07832167832167833,0.0,0.01088989441930618,0.03571428571428571,0.0,0.0,0.04879465582340982,0.09270496224379718,0.0,0.4521306032097399,0.262147582697201,0.2681081081081081,0.1862842070557204,0.09609066410720217,0.10914345446719546,0.17999999999999997,0.5117609663064209
43-9011.00,0.203471218996073,0.25,0.22771863117870722,0.23197447340101296,0.3217543859649123,0.2227185792349727,0.23733602608760102,0.19529837251356238,0.13523578064364392,0.36858136838036337,0.26485534591194965,0.185625,0.15500402267667032,0.3653333333333333,0.2712729135515313,0.45696631823461087,0.6183409436834094,0.0,0.40825580107437565,0.42520442520442514,0.16176470588235295,0.22189349112426035,0.10616242851562892,0.39335664335664344,0.2113879003558719,0.15156659229799205,0.09634100784491065,0.04925914249684741,0.11178658422981114,0.2869704582864074,0.0,0.06473308112652375,0.06410256410256411,0.0,0.13639514170040487,0.047619047619047616,0.08593749999999999,0.0,0.02391472052738622,0.03625851470343912,0.23829787234042557,0.31384615384615383,0.0,0.18853695324283556,0.3466666666666667,0.0,0.0,0.2541388324135928,0.3932038834951457,0.012286760046043017,0.25110680686220255,0.19083969465648853,0.23255255255255255,0.22156280909990111,0.1814574181402045,0.13758224189878865,0.3043217286914766,0.37635092180546725
43-9021.00,0.14370154841597654,0.28002347417840373,0.12137832699619769,0.19754517199599642,0.14035087719298245,0.12021857923497266,0.0805973467724005,0.09335744424352017,0.07588883226843321,0.2899110939311944,0.25849056603773585,0.1358333333333333,0.13319737309858362,0.26996197718631176,0.3028603865536911,0.4343786295005807,0.5292486242828709,0.0,0.1659674918314227,0.22077922077922071,0.19152941176470586,0.13448090371167296,0.12991877572686208,0.6118881118881119,0.0938315539739027,0.0010245901639344254,0.0,0.14367249894913828,0.1364555372311429,0.8949579831932774,0.0,0.0021345628415300527,0.0011555555555555546,0.0,0.15591255060728743,0.0,0.11854910714285712,0.0,0.0,0.0,0.39148936170212767,0.2751384615384615,0.0,0.05656108597285067,0.1388888888888889,0.0,0.0,0.136508858553587,0.29075647249190933,0.0,0.3800866998708725,0.14045801526717558,0.19255255255255255,0.030253874052093652,0.07013917088116946,0.07102010699132999,0.22509003601440575,0.1869040050858233
43-9022.00,0.13429100453740817,0.2926447574334899,0.09262357414448671,0.25398664970913826,0.07263157894736842,0.03859289617486338,0.04029867338620025,0.0795660036166365,0.030379052173572195,0.17144182450715117,0.19441509433962265,0.10809999999999997,0.09936946881957827,0.11406844106463879,0.144985324250983,0.1696260162601626,0.43905865823674034,0.0,0.1659674918314227,0.0753246753246753,0.07874999999999999,0.06724045185583648,0.0981501697597324,0.2560516406670253,0.0830367734282325,0.000873023571636435,0.0030720984644423037,0.0,0.0,0.8907563025210085,0.0,0.0,0.0211965811965812,0.0,0.10493927125506074,0.0,0.0,0.0,0.0,0.0,0.37234042553191493,0.13986013986013987,0.0,0.0143288084464555,0.09777777777777776,0.0,0.0,0.04033691548068546,0.1887810140237325,0.0,0.289153292750415,0.1150127226463104,0.16890810810810813,0.030253874052093652,0.034146701613200936,0.0353563303203591,0.04273109243697478,0.2796694214876033
43-9031.00,0.22788776527560178,0.3116666666666667,0.21482889733840302,0.3450455670863404,0.5701754385964912,0.48565573770491804,0.15563625583635962,0.2260397830018083,0.12402493042217083,0.54068805566293,0.49866666666666665,0.129375,0.14588283720321063,0.26996197718631176,0.2803621864097026,0.5574912891986062,0.6230974124809742,0.030121457489878545,0.8205335880821841,0.2507936507936508,0.16176470588235295,0.2912533620225927,0.24665738580027446,0.32275416890801506,0.24531435349940686,0.20461489960228926,0.08131967519317353,0.07976040353089531,0.07141920659126823,0.257125530624621,0.04100266666666667,0.07224674232870952,0.04512820512820513,0.0,0.08550607287449392,0.0419047619047619,0.031389508928571425,0.0,0.02892909741216074,0.0438611064960957,0.5333333333333333,0.3002461538461539,0.05206106870229008,0.24769230769230763,0.7420634920634921,0.084,0.08359626802374893,0.10920708684286957,0.11124595469255663,0.11381419832124057,0.30741560597675704,0.21068702290076335,0.26376456456456454,0.28849324101549617,0.275591568533353,0.14757424829367274,0.33069627851140454,0.37635092180546725
43-9041.01,0.2868944187844629,0.39480438184663535,0.33269961977186313,0.35821524521940684,0.08425263157894738,0.057117486338797825,0.0902690283850886,0.18083182640144663,0.10975657559484146,0.2899110939311944,0.19441509433962265,0.1864333333333333,0.2005210769547402,0.14220532319391635,0.11993271307526168,0.17282229965156798,0.23270108886547242,0.0,0.07112892507060974,0.1111111111111111,0.06670588235294117,0.047337278106508875,0.05007661722435326,0.13448090371167296,0.02669039145907473,0.0,0.0007078114862075072,0.0,0.0,0.1358399029714979,0.0,0.0,0.009873504273504271,0.0,0.06072874493927125,0.0,0.0,0.0,0.0,0.0,0.3102836879432624,0.10965034965034966,0.0,0.0,0.05333333333333334,0.0,0.0,0.04879465582340982,0.15844120819848972,0.0,0.4521306032097399,0.26717557251908397,0.23255255255255255,0.051513353115727,0.12643508435158185,0.10483920555863,0.13565426170468187,0.38906547997457086
43-9041.02,0.203471218996073,0.27,0.22338403041825095,0.22388452826212926,0.15859649122807015,0.09686475409836066,0.06855406507077746,0.10126582278481011,0.07588883226843321,0.1530730575956707,0.16415094339622643,0.235,0.2683780193462682,0.13231939163498102,0.1730630780306806,0.1821138211382114,0.35216163212738555,0.0,0.11993271307526168,0.09090909090909088,0.07305882352941177,0.06532544378698225,0.06910573176960749,0.1670252824098978,0.07117437722419928,0.0018187991075759064,0.0,0.0,0.0,0.0015593866412544415,0.0,0.0,0.0,0.0,0.0009327935222672072,0.0,0.0,0.0,0.0,0.0,0.23341843971631204,0.14895104895104896,0.0,0.0143288084464555,0.07710476190476188,0.0,0.0,0.08281150159744409,0.07900991100323625,0.0,0.3316362294779561,0.21068702290076335,0.1960168168168168,0.1160567095285196,0.13843257410757134,0.10914345446719546,0.10564225690276109,0.3537698664971392
43-9051.00,0.07630170712352738,0.1338967136150235,0.07129277566539924,0.1488173629036506,0.07894736842105263,0.05844262295081967,0.06432965241236198,0.06781193490054248,0.05585825722237465,0.1530730575956707,0.1949685534591195,0.07560000000000001,0.07624375549609895,0.15437262357414452,0.12815667054327964,0.1425691056910569,0.3783222105139913,0.048582995951417005,0.144985324250983,0.10649350649350649,0.09375,0.2958579881656805,0.31848728554688677,0.35580419580419587,0.18294661921708186,0.24553787952274714,0.08257800672420912,0.19703656998738964,0.19407393095453324,0.22801697998787146,0.08,0.3395596889449348,0.15316239316239316,0.08015267175572519,0.29700404858299595,0.15075555555555556,0.18328124999999995,0.016888888888888884,0.08766393155200225,0.09968433294567206,0.10859574468085108,0.2202797202797203,0.0357824427480916,0.1368325791855204,0.16825396825396827,0.00625,0.0012213740458015278,0.12231193726401395,0.168554476806904,0.008083394767133564,0.17945028592510606,0.08956743002544527,0.19255255255255255,0.13114408176722714,0.014876887297426988,0.005572465104839208,0.09296518607442975,0.1771392244119517
43-9061.00,0.22254664577695488,0.2042253521126761,0.21387832699619772,0.2633935626613285,0.1649122807017544,0.09686475409836066,0.07678055287927077,0.09229656419529836,0.07588883226843321,0.1530730575956707,0.23396226415094346,0.17685000000000003,0.19060938874024735,0.2440456273764258,0.13568145317605362,0.23803948896631827,0.3105900948366702,0.0,0.11170875560724373,0.11832611832611833,0.15788235294117647,0.1484669176976869,0.13821146353921498,0.24068854222700373,0.0930011862396204,0.09093995537879523,0.001474607262932307,0.0019703656998738984,0.0020701219301816893,0.013536342372000349,0.0032000000000000028,0.06473308112652375,0.002051282051282053,0.0,0.018461538461538456,0.0019047619047619063,0.0,0.0,0.0013149589732800349,0.001993686658913442,0.12482269503546098,0.20157202797202797,0.0,0.00471342383107089,0.15873015873015872,0.0,0.0025445292620865164,0.12231193726401395,0.13652912621359223,0.0,0.289153292750415,0.24732824427480918,0.2616216216216216,0.1160567095285196,0.12643508435158185,0.12224066900325893,0.23285714285714285,0.3827590591226955
43-9071.00,0.07064520723543659,0.187887323943662,0.08269961977186313,0.11735312046116447,0.09890526315789476,0.07581967213114756,0.04997035499888832,0.03737191078963231,0.030869036886049153,0.17317356010823348,0.15101886792452832,0.14583333333333331,0.18146013808071546,0.13307984790874525,0.1053954145206845,0.1946016260162602,0.35216163212738555,0.0,0.2523259677687324,0.1558441558441558,0.13455882352941176,0.30984400215169444,0.2409937203922001,0.2912533620225927,0.25691103202846977,0.17736928897080223,0.05529777235996146,0.2532313997477932,0.20528709140968404,0.21224984839296546,0.07406933333333336,0.1559478772593527,0.12854700854700854,0.02719465648854961,0.2312550607287449,0.12444444444444445,0.20176339285714284,0.0,0.07670594010800197,0.07443096859943514,0.13821276595744686,0.22657342657342658,0.002862595419847331,0.18212669683257915,0.24480000000000002,0.0,0.0025445292620865164,0.21783328492593668,0.3687129180151025,0.0018624141543475748,0.15111603025272086,0.05642748091603052,0.17343423423423424,0.08605341246290801,0.07209568459522316,0.07436358605423353,0.12004801920768307,0.2881436745073108
43-9081.00,0.25433902374509126,0.5144757433489828,0.20793726235741444,0.4221822532943009,0.05894736842105264,0.03415300546448087,0.0902690283850886,0.10488245931283906,0.03827760573870096,0.15066099729416316,0.06862893081761007,0.041666666666666664,0.004621400639886238,0.13307984790874525,0.06853297890014953,0.1821138211382114,0.4064512352183585,0.0,0.08566622362518692,0.0753246753246753,0.022235294117647058,0.047337278106508875,0.04406742315743087,0.07423345884884347,0.006851720047449583,0.0,0.0,0.0,0.000993658526487211,0.020575240405440523,0.0,0.0,0.012991452991452988,0.0,0.0353425101214575,0.0,0.0,0.0,0.0,0.0,0.319063829787234,0.021851748251748255,0.0,0.0,0.0419047619047619,0.0,0.0,0.014522218995062446,0.04598166127292341,0.0,0.16528315808891345,0.10178117048346055,0.09309309309309308,0.012199142762940984,0.014876887297426988,0.0032666174752505692,0.04273109243697478,0.034329307056579786
43-9111.00,0.2976376991474556,0.39480438184663535,0.28517110266159695,0.46164613451132963,0.3936842105263158,0.2766393442622951,0.1028310976061662,0.31050030138637735,0.22043432244913955,0.4684035562427522,0.35471698113207545,0.7360666666666668,0.6062080191591671,0.4131812420785804,0.3404566096250761,0.3909407665505226,0.402470436717012,0.0,0.2803621864097026,0.2092352092352092,0.11745588235294115,0.026896180742334592,0.02503830861217663,0.09760086067778377,0.011179122182680898,0.0,0.0,0.0,0.0,0.04060902711600104,0.0,0.0,0.0211965811965812,0.0,0.024291497975708502,0.0,0.0,0.0,0.0,0.0,0.3102836879432624,0.24923076923076926,0.0,0.00471342383107089,0.11936507936507935,0.0,0.0,0.04356665698518734,0.1302588996763754,0.0,0.2663715181700793,0.19083969465648853,0.2303423423423423,0.1160567095285196,0.1814574181402045,0.1540921109266433,0.27003601440576225,0.3095486331849968
43-9111.01,0.30266343825665865,0.4777464788732394,0.28279467680608367,0.43906954342607296,0.42105263157894735,0.29102459016393445,0.18528125694804712,0.3164556962025316,0.3003018305828858,0.40086586780054123,0.4490566037735848,0.44976666666666665,0.3049750219843958,0.4346666666666666,0.29494102010300716,0.5333333333333332,0.4756468797564688,0.0,0.37152489339314393,0.29641654641654636,0.21143382352941176,0.0,0.0,0.1815492200107585,0.0014234875444839872,0.0,0.0,0.0,0.0,0.010287620202720263,0.0,0.0,0.0,0.0,0.0,0.0,0.0,0.0,0.0,0.0,0.21843971631205672,0.2692307692307692,0.0,0.04114630467571644,0.22666666666666666,0.0,0.0,0.07667731629392971,0.11124595469255663,0.0,0.31193506733075077,0.21068702290076335,0.24118198198198199,0.1450708869106495,0.2085717449887408,0.14757424829367274,0.3306602641056422,0.2593769866497139
45-1011.05,0.2390786823203858,0.14284820031298903,0.2912927756653992,0.1881382590438061,0.3280701754385965,0.26336065573770495,0.2945971985473949,0.33996383363471966,0.3003018305828858,0.3732199458832625,0.23396226415094346,0.15625,0.21043276516923307,0.25976172370088724,0.33314642520906024,0.3831637630662021,0.43905865823674034,0.29700404858299595,0.4593509442321537,0.20923520923520922,0.25899999999999995,0.32275416890801506,0.3124780914799643,0.3356643356643357,0.4500308422301305,0.5956567077311088,0.34407502801753803,0.3940731399747793,0.7683602564191032,0.5211491813220134,0.36633600000000005,0.5040458175704078,0.29021538461538465,0.0013740458015267186,0.3117408906882591,0.2911111111111111,0.17438616071428573,0.001280000000000001,0.10957991444000281,0.11629838843661738,0.2936170212765958,0.45272727272727276,0.405,0.6825037707390649,0.38095238095238093,0.2,0.18999151823579305,0.3345919256462387,0.5360032362459547,0.25866863254827405,0.3329643977125991,0.26717557251908397,0.28060060060060055,0.427299703264095,0.34896083281036583,0.23016971038553768,0.3457382953181272,0.3610934520025429
45-1011.06,0.3922518159806296,0.30769953051643195,0.374287072243346,0.39509034399199283,0.38596491228070173,0.2766393442622951,0.3112725116727192,0.3930078360458107,0.22049312061463683,0.40587553150367217,0.35471698113207545,0.3046875,0.32479839841338143,0.3168567807351077,0.21338677521182922,0.5973333333333334,0.54337899543379,0.11336032388663968,0.3476837237636374,0.25079365079365074,0.27999999999999997,0.32275416890801506,0.34502789267579403,0.3284346422807961,0.3084223013048636,0.3534532932389175,0.11671024950354891,0.11916771752837328,0.18286077049938243,0.1754309971411245,0.23893333333333336,0.35561160151324084,0.18119658119658122,0.0,0.3264777327935222,0.21428571428571427,0.2310267857142857,0.001280000000000001,0.15122028192720385,0.10765907958132581,0.17100709219858154,0.37122237762237764,0.11587786259541982,0.389894419306184,0.28408888888888884,0.154,0.23748939779474135,0.2073772872494917,0.37545509708737873,0.15706359368331196,0.3743220807969009,0.2870229007633588,0.41081081081081083,0.4807121661721068,0.4121783749861567,0.2939955727725512,0.3913565426170468,0.29401144310235217
45-1011.07,0.26394286528170585,0.1455399061032864,0.2912927756653992,0.2351728238047576,0.30701754385964913,0.12841530054644806,0.23733602608760102,0.16877637130801687,0.13829328524950021,0.1939543873212215,0.23396226415094346,0.235,0.2532602391153853,0.30038022813688214,0.3083984050506729,0.5180580720092914,0.43905865823674034,0.12955465587044535,0.3559907515091101,0.17316017316017313,0.25899999999999995,0.30984400215169444,0.28243212114535243,0.30984400215169444,0.400355871886121,0.4344262295081968,0.14423625174495194,0.3395596889449348,0.32194536258185613,0.21658147795200558,0.39999999999999997,0.3448139974779319,0.20004102564102563,0.022480916030534346,0.3507303643724696,0.24480000000000002,0.1925223214285714,0.008444444444444445,0.10957991444000281,0.11629838843661738,0.14184397163120566,0.46944335664335674,0.1793893129770992,0.4253393665158371,0.38095238095238093,0.16200000000000003,0.22005089058524172,0.3003194888178914,0.4357133225458468,0.303935643244222,0.2663715181700793,0.20916030534351143,0.3807807807807808,0.3699307616221563,0.31008896600095986,0.2640195535878989,0.3457382953181272,0.3458359821996186
45-1011.08,0.2390786823203858,0.29000000000000004,0.2680608365019011,0.3450455670863404,0.292280701754386,0.24385245901639344,0.2945971985473949,0.3164556962025316,0.17890321821959157,0.28567452647854663,0.22822641509433964,0.16375,0.20206933971972232,0.31254752851711026,0.2803621864097026,0.3386759581881533,0.42149631190727077,0.12178137651821863,0.3028603865536911,0.12337662337662333,0.21143382352941176,0.3356643356643357,0.30045970334611954,0.2912533620225927,0.2846975088967971,0.36375982151518094,0.11671024950354891,0.16419714165615804,0.25876524127271094,0.2035865892748852,0.152064,0.3160794976881042,0.14397264957264957,0.047709923664122134,0.29700404858299595,0.20571428571428574,0.18833705357142855,0.0,0.12097622554176309,0.14886193719887025,0.15886524822695036,0.3646153846153846,0.15458015267175573,0.2828054298642534,0.358095238095238,0.125,0.13740458015267176,0.2795527156549521,0.4854368932038834,0.17848135645830907,0.2663715181700793,0.19083969465648853,0.43052972972972975,0.4615891856247939,0.30183838458414847,0.2501844678103671,0.41142857142857137,0.3610934520025429
45-2011.00,0.26394286528170585,0.29000000000000004,0.2680608365019011,0.25774941489001435,0.2231578947368421,0.15923497267759565,0.3181649744311866,0.369427365883062,0.3242522833287601,0.17144182450715117,0.3306666666666667,0.140625,0.1255355773008775,0.176425855513308,0.37883507780916,0.5909407665505227,0.5351027397260274,0.12955465587044535,0.3083984050506729,0.1904761904761905,0.1985294117647059,0.2396449704142012,0.15924364277344338,0.1960731576116192,0.15584341637010674,0.21643709380153264,0.07007333713454315,0.1287305590584279,0.16384325036744668,0.11911981287360304,0.18666666666666668,0.13135771332492643,0.0765811965811966,0.0,0.16194331983805668,0.1111111111111111,0.11749999999999998,0.0,0.08240409565888211,0.05848147532812759,0.2936170212765958,0.39776223776223774,0.07389312977099236,0.18853695324283556,0.3127365079365079,0.05456000000000001,0.09541984732824427,0.1603252977054894,0.5258899676375405,0.08536064874093044,0.25110680686220255,0.19083969465648853,0.20348348348348347,0.1846356742499176,0.23256672450071983,0.20365246264526835,0.3114525810324129,0.32508582326764146
45-2021.00,0.04368527071845686,0.11042253521126759,0.07129277566539924,0.09139004071311925,0.12925614035087718,0.0942622950819672,0.0805973467724005,0.09041591320072331,0.03889498647642192,0.18429068419018169,0.22963522012578616,0.14466249999999997,0.15362882855913332,0.08815209125475283,0.23886858282106663,0.21835075493612077,0.3783222105139913,0.10558704453441296,0.2595946170460209,0.10779220779220774,0.08105147058823528,0.3586282947821409,0.2588961110499064,0.30338891877353413,0.2183867141162515,0.3567513822873217,0.11698550952596291,0.129879939050021,0.12972764095805242,0.010287620202720263,0.3,0.35561160151324084,0.29914529914529914,0.011927480916030533,0.3811757085020243,0.179047619047619,0.18833705357142855,0.0,0.1479328844940038,0.0830702774547267,0.12482269503546098,0.24475524475524474,0.09488549618320609,0.26923076923076916,0.22666666666666666,0.14343999999999998,0.12166242578456317,0.14522218995062447,0.2616808252427184,0.17072129748186085,0.09546209186496955,0.1272264631043257,0.17237237237237238,0.10096933728981207,0.19501458156447266,0.05003689356207342,0.09296518607442975,0.21169739351557534
45-2041.00,0.04476366817913606,0.0024413145539906107,0.03712927756653993,0.0060655774715723055,0.0,0.0,0.008226487808493303,0.0018806509945750454,0.0,0.0,0.1746918238993711,0.019375000000000003,0.025932231930697696,0.018757921419518382,0.016960181647006706,0.10499419279907082,0.12293642430628732,0.0,0.02136982887522845,0.017316017316017316,0.006147058823529416,0.23534158149542764,0.35153785291495987,0.2958579881656805,0.10628706998813763,0.19279270540304588,0.004669589665952302,0.10639974779319042,0.12075711259393178,0.08121805423200208,0.015402666666666663,0.26599936948297603,0.1282051282051282,0.01377862595419847,0.3507303643724696,0.1388888888888889,0.13113839285714285,0.016888888888888884,0.06048811277088155,0.07310184416015948,0.06702127659574468,0.08584055944055946,0.0,0.04114630467571644,0.17904761904761904,0.0,0.0,0.021783328492593665,0.11630258899676374,0.0,0.10625345877144438,0.04809160305343511,0.07641561561561562,0.04945598417408506,0.014876887297426988,0.005572465104839208,0.022809123649459785,0.060979020979020984
45-2091.00,0.14592955826398354,0.02924100156494523,0.14258555133079848,0.04251924654390018,0.06175438596491226,0.02151639344262295,0.08685058919439709,0.06683544303797466,0.06554035514091958,0.1298801700811751,0.13679245283018868,0.0013541666666666654,0.002310700319943119,0.0721825095057034,0.08311181259345406,0.24390243902439027,0.31370009366584706,0.16805829959514168,0.22117461372320982,0.19191919191919188,0.12213235294117644,0.4209252286175363,0.3918495297805643,0.41608391608391615,0.5124555160142349,0.6338151130080512,0.3077013821985411,0.437874369482976,0.5550962951717856,0.28832409252360736,0.284,0.3448139974779319,0.09025641025641025,0.0031011450381679363,0.3117408906882591,0.1492063492063492,0.2685546875,0.002888888888888886,0.08240409565888211,0.062302708091045024,0.15602836879432622,0.29426573426573427,0.18869274809160302,0.6372549019607843,0.2922222222222222,0.19774999999999998,0.1484308736217133,0.48388033691548066,0.5169902912621359,0.25575861043210596,0.13300129127467253,0.08956743002544527,0.196996996996997,0.04945598417408506,0.030510539333308714,0.01056846830228125,0.10564225690276109,0.04577240940877306
45-2092.01,0.05086780474901825,0.07692488262910799,0.07129277566539924,0.06547211414724452,0.07263157894736842,0.03415300546448087,0.04029867338620025,0.04708860759493671,0.02449923562384854,0.11703131039814459,0.21132075471698114,0.05499999999999999,0.05332385353714894,0.13307984790874525,0.144985324250983,0.3386759581881533,0.2469704952581665,0.054412955465587054,0.15506451791548984,0.04882154882154881,0.05982352941176471,0.34857450242065624,0.3380171662643845,0.3284346422807961,0.28066429418742583,0.4433322824716268,0.10752344625548063,0.13299968474148802,0.16215955119756556,0.29888243957376764,0.29439999999999994,0.7224674232870955,0.48,0.09404580152671756,0.5862348178137652,0.4285714285714286,0.38448660714285715,0.09777777777777778,0.2266112630619258,0.1661405549094534,0.06595744680851066,0.30615384615384617,0.08015267175572519,0.23981900452488686,0.358095238095238,0.00625,0.07951653944020357,0.07667731629392971,0.12014563106796115,0.08536064874093044,0.13171001660210294,0.0397557251908397,0.16144144144144146,0.10096933728981207,0.07855587138690981,0.05003689356207342,0.07435774309723887,0.19930069930069932
45-2092.02,0.03865953160925386,0.022003129890453835,0.06767110266159694,0.04741084127903913,0.07719298245614033,0.05788934426229508,0.05743718965389462,0.037974683544303785,0.0249892203363255,0.08340162350212603,0.13679245283018868,0.007916666666666664,0.018130110202630636,0.15209125475285173,0.15143019327684554,0.12822299651567942,0.2403407095187917,0.1700404858299595,0.20594506285650993,0.07996632996632995,0.11745588235294115,0.2560516406670253,0.34665538273558544,0.26597095212479827,0.45172004744958477,0.5115372490057232,0.23074654450364718,0.38471390290037827,0.373615605959191,0.2544832365936065,0.3135359999999999,0.4022829970575872,0.3064957264957265,0.041984732824427475,0.4116210526315789,0.2922222222222222,0.29296875,0.04927999999999999,0.10957991444000281,0.1661405549094534,0.013475177304964536,0.22657342657342658,0.2804770992366412,0.3728808446455505,0.17857142857142858,0.19774999999999998,0.2926208651399491,0.23961661341853036,0.168554476806904,0.13386101734373182,0.18063087991145543,0.10178117048346055,0.14944864864864868,0.16485328058028353,0.06321754217579093,0.05003689356207342,0.17999999999999997,0.1224666242848061
45-2093.00,0.15260341424705476,0.09859154929577463,0.12137832699619769,0.14147997080094218,0.1694736842105263,0.10557377049180328,0.15864707626176536,0.1702833031946956,0.0870996824899063,0.15066099729416313,0.1761006289308176,0.05499999999999999,0.08615544371059179,0.20050697084917615,0.22117461372320982,0.2634146341463415,0.402470436717012,0.19433198380566802,0.273093537132414,0.1519360269360269,0.1926397058823529,0.4244217321140398,0.36052159804500883,0.2958579881656805,0.42179833926453136,0.5050198855369095,0.24773402017262736,0.2815586906263135,0.30931071840131386,0.14944121978688382,0.33119999999999994,0.5471048759983186,0.1887179487179487,0.011927480916030533,0.45619433198380566,0.25873015873015875,0.24107142857142855,0.002888888888888886,0.23055613998176594,0.13141717893337762,0.1410496453900709,0.29426573426573427,0.11587786259541982,0.4147812971342383,0.25047619047619046,0.13799999999999998,0.11195928753180659,0.23671216961951785,0.29075647249190933,0.10961083304233113,0.1567515218594355,0.09541984732824427,0.196996996996997,0.22584899439498846,0.12643508435158185,0.062227141363832006,0.22509003601440575,0.24698029243483785
45-3011.00,0.07019757055364519,0.08577464788732393,0.10693916349809886,0.065426960965074,0.14908070175438595,0.09686475409836066,0.0518787519454532,0.09041591320072331,0.06554035514091958,0.13451874758407423,0.21698113207547168,0.0390625,0.04449735251744718,0.19062103929024082,0.28555407875062305,0.36655052264808363,0.35216163212738555,0.3431578947368421,0.32297723874397744,0.19191919191919188,0.1995220588235294,0.41608391608391615,0.46546215710036354,0.41608391608391615,0.43060498220640564,0.6052054030458822,0.2661371188140225,0.4994877049180328,0.6888330722679565,0.467815992376332,0.48,0.7341254203446825,0.4194461538461538,0.0357824427480916,0.466357894736842,0.2777777777777778,0.5412946428571429,0.03911111111111112,0.22091310751104565,0.3655092208007975,0.05629787234042552,0.4195804195804196,0.24755725190839692,0.5429411764705881,0.31047619047619046,0.21243999999999996,0.4672943172179813,0.2795527156549521,0.4959209816612729,0.25575861043210596,0.1270060874377421,0.08956743002544527,0.18246246246246248,0.1450708869106495,0.08721252168776993,0.19713460001229788,0.23285714285714285,0.18335664335664334
45-3021.00,0.04476366817913606,0.05790297339593116,0.06273764258555133,0.016556166795854935,0.15350877192982457,0.11133879781420765,0.06855406507077746,0.09041591320072331,0.08623730939594684,0.07093931194433709,0.21132075471698114,0.032266666666666666,0.03128332740846071,0.11406844106463879,0.21338677521182922,0.42519860627177697,0.3783222105139913,0.37311740890688255,0.37883507780916,0.1402597402597402,0.06088235294117647,0.46153846153846156,0.35153785291495987,0.342119419042496,0.296085409252669,0.39286060723639543,0.17547826428894436,0.20393284993694827,0.3567510126346442,0.16737416616130987,0.20053333333333334,0.43442622950819676,0.2692307692307692,0.14748091603053434,0.4284631578947369,0.3876571428571429,0.3691071428571429,0.03333333333333333,0.17258836524300442,0.15779365343080248,0.09361702127659574,0.4090909090909091,0.19083969465648853,0.3054298642533937,0.28285714285714286,0.154,0.18999151823579305,0.3003194888178914,0.24656148867313912,0.2263350534797398,0.05515587529976019,0.02544529262086514,0.11171171171171171,0.012199142762940984,0.017756284838864475,0.023073848613416957,0.06295318127250898,0.08167832167832169
45-4011.00,0.15260341424705476,0.1338967136150235,0.20793726235741444,0.1298153987402262,0.2150456140350877,0.1525341530054645,0.17231156896168387,0.13622664255575645,0.10975657559484146,0.2396598376497874,0.23396226415094346,0.10416666666666666,0.149447115834378,0.14378707224334603,0.1659674918314227,0.3637630662020906,0.42149631190727077,0.2898396761133603,0.3476837237636374,0.17316017316017313,0.2459411764705882,0.34857450242065624,0.3380171662643845,0.32275416890801506,0.3207591933570581,0.41771752837326614,0.24211085114331216,0.17404897015552753,0.2515198145170751,0.24257125530624626,0.2826666666666667,0.5861837957124842,0.4522666666666667,0.018129770992366408,0.5149797570850203,0.4199619047619048,0.2685546875,0.016888888888888884,0.14201556911424362,0.1329124439275627,0.09255319148936172,0.31951328671328677,0.1793893129770992,0.47963800904977383,0.29111111111111115,0.11249999999999999,0.1306191687871077,0.22872494917223354,0.2616808252427184,0.2431485145953776,0.194798007747648,0.14249363867684478,0.2303423423423423,0.26871084734586215,0.16894311344088003,0.08992805755395682,0.23285714285714285,0.2736808645899555
45-4021.00,0.025433902374509126,0.00019561815336462807,0.04491444866920151,0.009406912952190304,0.06175438596491226,0.05788934426229508,0.08685058919439709,0.07594936708860757,0.04630355532907373,0.13451874758407423,0.1591949685534591,0.071875,0.10521638258461652,0.07984790874524714,0.1946959627845157,0.4343786295005807,0.43905865823674034,0.320285020242915,0.4333499473888242,0.10779220779220774,0.1625735294117647,0.4034427111350188,0.42314741554578506,0.2588757396449704,0.46797153024911026,0.6468862159278301,0.3538762509584947,0.41968789407313994,0.9179265658747301,0.4984081261370528,1.0,0.7388871374527112,0.428034188034188,0.16173664122137402,0.5981797570850202,0.5107555555555555,0.4871651785714286,0.07533333333333332,0.3390402552773687,0.3987373317826882,0.09361702127659574,0.3558041958041958,0.3701717557251908,0.6515384615384615,0.4114285714285715,0.15000000000000002,0.16963528413910092,0.35942492012779553,0.7281047734627831,0.3801652892561983,0.08273381294964026,0.06717557251908396,0.09309309309309308,0.07451368282228815,0.07209568459522316,0.0353563303203591,0.07289315726290514,0.07760966306420854
45-4022.00,0.04476366817913606,0.02895148669796558,0.07129277566539924,0.04703456476095152,0.07894736842105263,0.07581967213114756,0.1037575038909064,0.056962025316455674,0.028301516992669813,0.15066099729416316,0.21132075471698114,0.11499999999999999,0.11080135461298107,0.13307984790874525,0.11993271307526168,0.22717770034843207,0.48401826484018273,0.37311740890688255,0.37883507780916,0.1558441558441558,0.07941176470588236,0.46153846153846156,0.33122677696876224,0.2689618074233459,0.5693950177935944,0.6668930061111651,0.44483985765124556,0.5336407103825137,0.8187746258254611,0.24257125530624626,0.23333333333333334,0.35561160151324084,0.18119658119658122,0.0357824427480916,0.291497975708502,0.11936507936507935,0.2885044642857143,0.001280000000000001,0.09229258713794797,0.11629838843661738,0.09255319148936172,0.4309090909090909,0.45920801526717553,0.71526395173454,0.4038095238095238,0.3,0.2523324851569126,0.3145164101074644,0.5355312837108953,0.30709140056131096,0.10625345877144438,0.0779236641221374,0.16144144144144146,0.09891196834817012,0.08697257189265013,0.07436358605423353,0.1444717887154862,0.1557533375715194
45-4023.00,0.12354772417441551,0.12093896713615024,0.16112167300380226,0.19382755999729082,0.1649122807017544,0.11475409836065574,0.12865930482472396,0.12055455093429775,0.11073654501979538,0.15066099729416316,0.3877358490566038,0.24,0.2532602391153853,0.09505703422053231,0.18431217810267483,0.40418118466898956,0.48401826484018273,0.1451012145748988,0.33314642520906024,0.17316017316017313,0.22433823529411764,0.2958579881656805,0.27542139473394295,0.2958579881656805,0.296085409252669,0.35561160151324084,0.13824443089990365,0.1559478772593527,0.20528709140968404,0.1516070345664039,0.2090666666666667,0.2709252837326607,0.14397264957264957,0.10687022900763359,0.19271255060728743,0.15075555555555556,0.17327008928571427,0.0026666666666666687,0.10407461953853708,0.10271473666722047,0.319063829787234,0.31951328671328677,0.08396946564885495,0.40832579185520357,0.3961904761904762,0.066,0.10300254452926207,0.136508858553587,0.3944174757281554,0.1001564945226917,0.16528315808891345,0.1150127226463104,0.20348348348348347,0.16485328058028353,0.19501458156447266,0.1540921109266433,0.19714285714285712,0.2409917355371901
47-1011.00,0.2868944187844629,0.2652582159624413,0.30988593155893535,0.2919454248538166,0.30701754385964913,0.2766393442622951,0.19037649151411842,0.24412296564195302,0.16904472580455487,0.3105991495941245,0.23396226415094346,0.22559999999999997,0.2370946919378075,0.21596958174904943,0.144985324250983,0.2545876887340302,0.43905865823674034,0.1088259109311741,0.44027247051005153,0.19047619047619047,0.26588235294117646,0.2958579881656805,0.27542139473394295,0.30338891877353413,0.2733096085409253,0.34920942865457366,0.13025697489235366,0.13135771332492643,0.22663694891629116,0.14944121978688382,0.17280000000000004,0.1847217843631778,0.11076923076923079,0.009064885496183206,0.1373279352226721,0.11936507936507935,0.10491071428571426,0.001280000000000001,0.08240409565888211,0.1329124439275627,0.20035460992907797,0.31951328671328677,0.11927480916030533,0.32579185520361986,0.3657142857142857,0.13799999999999998,0.16963528413910092,0.28612256752831833,0.4151159654800432,0.14485443422703348,0.21306032097399003,0.1561730279898219,0.36250330330330327,0.49587866798549285,0.3565192513566392,0.2640195535878989,0.3457382953181272,0.3610934520025429
47-1011.03,0.2868944187844629,0.3748982785602504,0.2912927756653992,0.43347054883692926,0.38596491228070173,0.30540983606557376,0.2148150893055659,0.24412296564195302,0.20285367096546586,0.26478546579049095,0.3056603773584906,0.25458333333333333,0.21048889554137748,0.2715437262357414,0.2803621864097026,0.4117909407665505,0.4292237442922375,0.07866558704453441,0.4311831976518802,0.1904761904761905,0.23625,0.2958579881656805,0.2588961110499064,0.3496503496503497,0.2733096085409253,0.27009166747502183,0.13025697489235366,0.1559478772593527,0.1738902421352618,0.14294377544832365,0.152064,0.23447351828499366,0.13675213675213677,0.009064885496183206,0.26720647773279355,0.2085333333333333,0.2193080357142857,0.0026666666666666687,0.16436987166000422,0.32733676690480146,0.19432624113475178,0.36125874125874124,0.12595419847328243,0.40832579185520357,0.4642857142857143,0.09856000000000001,0.18999151823579305,0.2587859424920128,0.3198321197411003,0.17072129748186085,0.3316362294779561,0.2626564885496183,0.3427027027027027,0.4915924826904055,0.42556019048322197,0.4031543995572773,0.4828571428571428,0.42339478703115063
47-2011.00,0.12354772417441551,0.1338967136150235,0.09262357414448671,0.1881382590438061,0.2573684210526316,0.12021857923497266,0.208441414066553,0.2260397830018083,0.16904472580455487,0.1939543873212215,0.21132075471698114,0.1219,0.11787378150317135,0.13307984790874525,0.18431217810267483,0.32061324041811845,0.43905865823674034,0.13639514170040487,0.4672703106828377,0.13708513708513706,0.2317941176470588,0.48335664335664336,0.46546215710036354,0.5236363636363636,0.5124555160142349,0.516235813366961,0.24773402017262736,0.35561160151324084,0.44852641820603234,0.3045677033700078,0.1408,0.48027663934426235,0.2636307692307692,0.05916030534351146,0.4810105263157895,0.23555555555555557,0.36272321428571425,0.020942222222222216,0.16436987166000422,0.3047017777039375,0.319063829787234,0.2751384615384615,0.1870229007633588,0.389894419306184,0.28285714285714286,0.16200000000000003,0.22476675148430875,0.3003194888178914,0.4854368932038834,0.2263350534797398,0.16528315808891345,0.12722646310432567,0.19255255255255255,0.09891196834817012,0.07209568459522316,0.087253274303634,0.2034813925570228,0.19930069930069932
47-2021.00,0.06358475593627282,0.08841940532081377,0.0670722433460076,0.020883346753862483,0.12846315789473683,0.1346448087431694,0.1037575038909064,0.06502712477396023,0.03723883814824977,0.1530730575956707,0.15597484276729562,0.1875,0.15248751099219787,0.10418250950570343,0.15143019327684554,0.17282229965156798,0.3483198688678141,0.17878542510121453,0.5528949991692973,0.1656445406445406,0.18661764705882353,0.4437869822485207,0.48746582270874433,0.3840774610005379,0.2733096085409253,0.5201765447667087,0.11551090226303061,0.22166614123581335,0.37952235386664274,0.21224984839296546,0.3888,0.8284993694829761,0.6355555555555555,0.05343511450381679,0.7928744939271254,0.33650793650793653,0.5555245535714286,0.10794666666666665,0.21915982888000565,0.3691244392756272,0.19858156028368795,0.33398601398601396,0.06297709923664122,0.389894419306184,0.29111111111111115,0.12143999999999998,0.13740458015267176,0.1995004356665699,0.30719053398058255,0.10864082567027512,0.12042058660763696,0.05642748091603052,0.1299891891891892,0.22156280909990111,0.07013917088116946,0.04384184959724529,0.1610924369747899,0.11321042593769869
47-2022.00,0.08622092904958592,0.05173708920187793,0.09505703422053233,0.08503849308780036,0.19368421052631576,0.1993237704918033,0.1037575038909064,0.05696202531645568,0.07423268394026106,0.13451874758407423,0.1591949685534591,0.09372499999999999,0.13749134656762774,0.22915082382762988,0.19521515201860773,0.22276422764227644,0.2469704952581665,0.1417004048582996,0.4593509442321537,0.08369408369408367,0.11745588235294115,0.4597902097902098,0.4544453013110059,0.3840774610005379,0.24911032028469748,0.4433322824716268,0.1614400031458288,0.14367249894913828,0.3374298746196151,0.27072684744000697,0.38079999999999997,0.8814102564102564,0.4733333333333333,0.04508587786259541,0.6466396761133603,0.4968253968253968,0.4080636160714286,0.002888888888888886,0.271210288239007,0.3163316165475993,0.14184397163120566,0.29426573426573427,0.20873091603053434,0.40832579185520357,0.2587301587301587,0.163,0.13825275657336725,0.19604995643334303,0.2692657766990291,0.19400147441120552,0.14535141117874928,0.11501272264631042,0.1955747747747748,0.28849324101549617,0.20233305031562626,0.18986349382032833,0.26410564225690275,0.29401144310235217
47-2031.01,0.08704498748652005,0.107981220657277,0.09262357414448671,0.08913238160459357,0.2231578947368421,0.1993237704918033,0.1162084043578152,0.11746835443037976,0.09658578652346048,0.17317356010823348,0.19441509433962265,0.21541666666666665,0.21651355548487283,0.18960709759188848,0.144985324250983,0.23803948896631827,0.3783222105139913,0.23611336032388666,0.5249003156670544,0.1402597402597402,0.09952941176470591,0.342119419042496,0.4264023956653681,0.3356643356643357,0.2676156583629893,0.4344262295081968,0.16957983523721515,0.13829340058848255,0.34778048427052355,0.19059170059776487,0.5514666666666667,0.5402480033627575,0.3702153846153846,0.20873091603053434,0.5781376518218624,0.4199619047619048,0.390625,0.034168888888888894,0.23732379549758048,0.3598205682006978,0.13297872340425532,0.31384615384615383,0.12595419847328243,0.43438914027149317,0.358095238095238,0.084,0.1306191687871077,0.2117339529480105,0.42475728155339804,0.199174847062171,0.16528315808891345,0.0779236641221374,0.1960168168168168,0.21496867787668972,0.08721252168776993,0.06147389780483307,0.1890756302521008,0.2409917355371901
47-2031.02,0.21421449935906567,0.1581533646322379,0.16112167300380226,0.13169678133066426,0.2603508771929825,0.2080327868852459,0.17231156896168387,0.1506931886678722,0.12402493042217083,0.20971008890606885,0.27295597484276735,0.17685000000000003,0.19060938874024735,0.14378707224334603,0.21338677521182922,0.32061324041811845,0.3783222105139913,0.1972858299595142,0.6257060973583651,0.20952380952380953,0.2317941176470588,0.42280796126949977,0.4434584914919828,0.363098440021517,0.3400047449584816,0.5122950819672132,0.20862743555966262,0.3011375577973939,0.397463410594884,0.257125530624621,0.6912,0.5283469945355191,0.2441025641025641,0.022480916030534346,0.5940080971659919,0.40380952380952384,0.5050223214285714,0.0026666666666666687,0.24721228697664632,0.4057551088220635,0.1795177304964539,0.2751384615384615,0.1793893129770992,0.3457767722473605,0.3127365079365079,0.188,0.2523324851569126,0.28612256752831833,0.42475728155339804,0.18437900128040974,0.194798007747648,0.11399491094147583,0.18246246246246248,0.27621496867787676,0.16058178596478279,0.1719778023734858,0.27003601440576225,0.29401144310235217
47-2041.00,0.07019757055364519,0.05095461658841941,0.09262357414448671,0.03555813095927935,0.1649122807017544,0.0891393442622951,0.11487437930778924,0.06781193490054248,0.05585825722237465,0.15066099729416316,0.13679245283018868,0.16606666666666667,0.1860534735345295,0.15437262357414452,0.1053954145206845,0.31358885017421606,0.30477988525933736,0.16194331983805668,0.47696184305255585,0.11832611832611833,0.16180147058823527,0.37762237762237766,0.3244964796138091,0.3284346422807961,0.25691103202846977,0.3534532932389175,0.07962879219834451,0.07976040353089531,0.16384325036744668,0.2869704582864074,0.3888,0.6978378520386717,0.4266666666666667,0.08945610687022901,0.614374089068826,0.40380952380952384,0.5672767857142857,0.03333333333333333,0.2060102391472053,0.21864097026084067,0.12340425531914896,0.2751384615384615,0.13167938931297707,0.3589743589743589,0.3127365079365079,0.06200000000000001,0.16963528413910092,0.16994481556781876,0.22333468176914778,0.09700073720560277,0.194798007747648,0.04809160305343511,0.17343423423423424,0.20236069897790968,0.07013917088116946,0.053034495480538645,0.2070828331332533,0.28012714558169105
47-2042.00,0.14592955826398354,0.08577464788732393,0.09452471482889732,0.06377886981585028,0.14298245614035088,0.1289275956284153,0.05211035351663825,0.09041591320072331,0.06554035514091958,0.15066099729416316,0.10660377358490564,0.03125,0.051864463861395385,0.009632446134347276,0.04849919698731794,0.11155400696864111,0.14470641611052568,0.04080971659919027,0.39371850251979845,0.1402597402597402,0.10091176470588235,0.3840774610005379,0.3338557993730407,0.3150887573964497,0.23914590747330963,0.2846056843534775,0.04608147696663455,0.08669609079445144,0.13800812867877918,0.1015225677900026,0.046933333333333334,0.437874369482976,0.3147008547008547,0.0,0.42623481781376515,0.20285714285714285,0.48828125,0.016888888888888884,0.0866777123220422,0.08070443595281608,0.17730496453900707,0.16643356643356644,0.023854961832061067,0.18151583710407235,0.1528190476190476,0.075,0.06679389312977098,0.08332268370607028,0.21427487864077668,0.032333579068534256,0.10625345877144438,0.08956743002544527,0.17343423423423424,0.15899769205407185,0.11362545682749452,0.10914345446719546,0.17999999999999997,0.19476160203432927
47-2043.00,0.055506948542128724,0.03687010954616588,0.05346958174904943,0.05310014223252383,0.07263157894736842,0.05336065573770492,0.034277032535388725,0.030138637733574437,0.015434518443024577,0.07189795129493623,0.10425157232704406,0.05499999999999999,0.04066645461859411,0.0721825095057034,0.0429196433516088,0.11074564459930314,0.28213909378292945,0.040161943319838064,0.2803621864097026,0.10649350649350649,0.10808823529411762,0.45804195804195813,0.3755746291826495,0.363098440021517,0.3701067615658363,0.47652536618488706,0.17547826428894436,0.3160794976881042,0.38918292287415734,0.5598631205059343,0.4666666666666666,0.3235077763766288,0.29914529914529914,0.004351145038167943,0.5862348178137652,0.40380952380952384,0.4282589285714286,0.016888888888888884,0.1597675152535241,0.08772221299219139,0.1410496453900709,0.17244755244755247,0.11587786259541982,0.2907692307692308,0.21904761904761902,0.037500000000000006,0.04627650551314674,0.08945686900958466,0.23702973300970873,0.08018727608996497,0.10625345877144438,0.04478371501272264,0.1273081081081081,0.11177052423343223,0.02174314297316253,0.019568960216442225,0.13565426170468187,0.1869040050858233
47-2044.00,0.11190917044784014,0.11042253521126759,0.07277566539923955,0.09035151752319744,0.20381754385964915,0.1993237704918033,0.1037575038909064,0.10488245931283906,0.09799694249539416,0.2899110939311944,0.25267924528301894,0.16065000000000002,0.1754074129511479,0.12395437262357413,0.13568145317605362,0.2606271777003485,0.28213909378292945,0.11336032388663968,0.5808896826715402,0.15584415584415579,0.1354705882352941,0.34857450242065624,0.31848728554688677,0.3284346422807961,0.30177935943060497,0.37016199437384817,0.17547826428894436,0.19215006305170237,0.3487741427970108,0.2869704582864074,0.36799999999999994,0.45252732240437166,0.25641025641025644,0.002862595419847331,0.5736421052631578,0.33269841269841266,0.5292633928571429,0.011111111111111112,0.20096956308296518,0.28206678850307365,0.17730496453900707,0.2147916083916084,0.08945610687022901,0.2907692307692308,0.3055555555555556,0.06200000000000001,0.1484308736217133,0.14522218995062447,0.22333468176914778,0.12125092150700348,0.1429994465965689,0.08549618320610688,0.19255255255255255,0.22156280909990111,0.16894311344088003,0.18446781036709092,0.2573169267707083,0.26033057851239666
47-2051.00,0.10529635583046777,0.009389671361502356,0.08365019011406843,0.017263566649859657,0.1068421052631579,0.05336065573770492,0.0596420366115764,0.06027727546714887,0.053467131825487055,0.19327406262079627,0.09433962264150943,0.1175,0.09936946881957827,0.07984790874524714,0.0903389267320153,0.31358885017421606,0.33551399133590915,0.1311740890688259,0.48751869081242727,0.1558441558441558,0.1354705882352941,0.4437869822485207,0.46546215710036354,0.29878429263044654,0.3608540925266904,0.4728877679697352,0.14380370028115844,0.2938734762505254,0.373615605959191,0.2869704582864074,0.6512640000000001,0.5254308532997057,0.3938461538461539,0.041984732824427475,0.6992323886639676,0.4114285714285715,0.47084263392857145,0.06666666666666667,0.24107581176800622,0.16049177604253195,0.19858156028368795,0.31951328671328677,0.1431297709923664,0.4604524886877828,0.23142857142857143,0.10999999999999999,0.23854961832061067,0.13011908219575952,0.2844356796116505,0.09700073720560277,0.11621472053126729,0.06412213740458014,0.11171171171171171,0.2407649192218925,0.05814168112517995,0.023073848613416957,0.2034813925570228,0.14621741894469167
47-2053.00,0.034020387816143395,0.007136150234741789,0.03564638783269962,0.0011739827364333501,0.14210526315789476,0.05844262295081967,0.04250352034388203,0.037974683544303785,0.01224961781192427,0.09954387321221495,0.12256603773584908,0.07291666666666667,0.08615544371059179,0.11406844106463879,0.09816830038212326,0.21545180023228808,0.3962065331928345,0.08550607287449392,0.39536606302265054,0.1558441558441558,0.14411764705882352,0.39944055944055945,0.46546215710036354,0.39335664335664344,0.3269276393831554,0.45469977689397617,0.1536049232221152,0.23939943253467844,0.373615605959191,0.31776834445118257,0.2532693333333334,0.5402480033627575,0.4266666666666667,0.19322519083969467,0.6072874493927126,0.4199619047619048,0.4871651785714286,0.12444444444444447,0.19176485027000492,0.19442432297723874,0.14184397163120566,0.3261538461538462,0.09404580152671756,0.35444947209653094,0.3961904761904762,0.075,0.16963528413910092,0.11617775196049956,0.3476436084142395,0.18437900128040974,0.15111603025272086,0.04809160305343511,0.1299891891891892,0.18067919551599076,0.030510539333308714,0.023073848613416957,0.11284513805522207,0.1508963763509218
47-2061.00,0.13429100453740817,0.11042253521126759,0.07129277566539924,0.05310014223252383,0.10526315789473684,0.06975409836065576,0.05743718965389462,0.06781193490054248,0.06467798204696014,0.15066099729416316,0.18867924528301885,0.052083333333333336,0.040170636331318864,0.11406844106463879,0.09816830038212326,0.09134494773519163,0.2403407095187917,0.1451012145748988,0.24445505897989703,0.11832611832611833,0.17470588235294118,0.43972027972027977,0.516415115126143,0.32275416890801506,0.3817034400948991,0.5122950819672132,0.23655158176205734,0.2735524379991593,0.32194536258185613,0.11911981287360304,0.2532693333333334,0.6764922236233711,0.3938461538461539,0.0715648854961832,0.4971271255060729,0.4374603174603175,0.37723214285714285,0.058666666666666666,0.19527140753208502,0.28206678850307365,0.09255319148936172,0.30615384615384617,0.1793893129770992,0.43438914027149317,0.29111111111111115,0.125,0.16963528413910092,0.1728144060412431,0.379247572815534,0.17848135645830907,0.1807784541597491,0.1150127226463104,0.1845045045045045,0.16485328058028353,0.05168149433349331,0.05575539568345324,0.1764345738295318,0.1557533375715194
47-2071.00,0.08704498748652005,0.03647887323943662,0.07129277566539924,0.0060655774715723055,0.05526315789473683,0.03415300546448087,0.12865930482472396,0.05605786618444847,0.030869036886049153,0.13451874758407423,0.11069182389937104,0.0675,0.07244560031433007,0.12395437262357413,0.07787838511380628,0.2074889663182346,0.36043788783514813,0.2740080971659919,0.37152489339314393,0.15584415584415579,0.2317941176470588,0.31360946745562135,0.2624014742556111,0.2528240989779451,0.4294187425860024,0.5771655834707538,0.2683785218536796,0.44333228247162676,0.5120101573982708,0.2544832365936065,0.3392,0.44398907103825136,0.20512820512820512,0.029580152671755722,0.4378947368421052,0.23555555555555557,0.33482142857142855,0.016888888888888884,0.14201556911424362,0.0947399900315667,0.03395744680851063,0.2876923076923077,0.16698473282442747,0.5196078431372549,0.24480000000000002,0.1035,0.2926208651399491,0.2795527156549521,0.38641113807982747,0.17072129748186085,0.14849658734550822,0.06717557251908396,0.12064864864864866,0.21496867787668972,0.05168149433349331,0.030360327122917054,0.12004801920768307,0.11321042593769869
47-2072.00,0.06358475593627282,0.03912363067292644,0.0670722433460076,0.04741084127903913,0.1068421052631579,0.0891393442622951,0.09264062847402356,0.09041591320072331,0.07588883226843321,0.07093931194433709,0.04835220125786165,0.015625,0.011198009242801276,0.05069708491761724,0.06489865426150522,0.1696260162601626,0.34141201264488935,0.3348987854251012,0.37152489339314393,0.23015873015873015,0.23625,0.38730500268961804,0.40934629983875337,0.2912533620225927,0.5744056939501779,0.7881462799495587,0.45390377696073614,0.5816256830601093,0.8032073089104949,0.4845360824742268,0.4666666666666666,0.3011375577973939,0.24923076923076926,0.0,0.27494089068825917,0.21428571428571427,0.330078125,0.0,0.17751946139280456,0.23724871241069947,0.09361702127659574,0.2692307692307692,0.35782442748091603,0.8778280542986425,0.21428571428571427,0.22400000000000003,0.43850720949957595,0.2710194597734534,0.463524811218986,0.209521592364102,0.10071942446043163,0.06717557251908396,0.16144144144144146,0.16485328058028353,0.04614419136919044,0.05003689356207342,0.1610924369747899,0.10934520025429116
47-2073.00,0.10218324617982791,0.05790297339593116,0.09262357414448671,0.05310014223252383,0.1068421052631579,0.06975409836065576,0.11487437930778922,0.0795660036166365,0.06554035514091958,0.10088906068805567,0.12256603773584908,0.041666666666666664,0.04116227290586936,0.09505703422053231,0.12815667054327964,0.20162601626016263,0.43905865823674034,0.2623481781376518,0.3476837237636374,0.1904761904761905,0.27999999999999997,0.363098440021517,0.37184892886115756,0.2912533620225927,0.5921708185053381,0.7275196430303619,0.33227816991407955,0.48770491803278687,0.543407006672693,0.2035865892748852,0.3,0.3160794976881042,0.12854700854700854,0.005963740458015267,0.1716599190283401,0.09523809523809523,0.2193080357142857,0.0,0.08766393155200225,0.05146369828875229,0.1542553191489362,0.39776223776223774,0.20091603053435114,0.9049773755656108,0.23809523809523808,0.132,0.2926208651399491,0.30496659889631134,0.4753236245954693,0.3233357906853426,0.12197933960523888,0.06641221374045803,0.14944864864864868,0.16485328058028353,0.06102107866661743,0.019568960216442225,0.17092436974789912,0.10108073744437382
47-2081.00,0.06307607788878265,0.08841940532081377,0.09505703422053233,0.0711162619185587,0.15350877192982457,0.0891393442622951,0.05743718965389462,0.0795660036166365,0.05585825722237465,0.1530730575956707,0.13679245283018868,0.10809999999999997,0.09355062024061221,0.12395437262357413,0.11170875560724373,0.1878002322880372,0.38344456152675327,0.1417004048582996,0.47696184305255585,0.1714285714285714,0.14235294117647057,0.43972027972027977,0.4264023956653681,0.39335664335664344,0.30177935943060497,0.3855854108060918,0.09240872181042449,0.14367249894913828,0.34778048427052355,0.2035865892748852,0.23893333333333336,0.46106557377049184,0.35350427350427355,0.16459923664122134,0.5515789473684211,0.4199619047619048,0.5672767857142857,0.027555555555555555,0.23732379549758048,0.5399568034557236,0.15886524822695036,0.2876923076923077,0.07389312977099236,0.36293363499245856,0.24952380952380954,0.056249999999999994,0.11704834605597962,0.10920708684286957,0.21237864077669905,0.07275055290420208,0.11621472053126729,0.0397557251908397,0.13837837837837838,0.15899769205407185,0.025951493226032706,0.012874315931869888,0.12004801920768307,0.09281627463445648
47-2082.00,0.03815085356176369,0.03687010954616588,0.052699619771863104,0.016556166795854935,0.08425263157894738,0.037267759562841535,0.021251760171941015,0.03737191078963231,0.03827760573870096,0.07093931194433709,0.08207547169811322,0.010416666666666666,0.014734222687896422,0.09505703422053231,0.03893919255690314,0.07769570267131243,0.1639152324083831,0.10493927125506074,0.18431217810267483,0.06902356902356901,0.09375,0.342119419042496,0.31848728554688677,0.2912533620225927,0.2230130486358244,0.33674459210398683,0.07962879219834451,0.09851828499369482,0.13524796610520362,0.0,0.0896,0.22659205548549805,0.10256410256410256,0.12595419847328243,0.4463157894736843,0.25,0.39986607142857145,0.016888888888888884,0.16436987166000422,0.28206678850307365,0.1410496453900709,0.16325034965034968,0.11969465648854964,0.17906485671191555,0.19714285714285712,0.056249999999999994,0.10602205258693807,0.09758931164681964,0.14158576051779936,0.12933431627413702,0.06139088729016786,0.033139949109414764,0.13932972972972976,0.041543026706231445,0.039277935693454905,0.0353563303203591,0.10564225690276109,0.1395549904640814
47-2111.00,0.22788776527560178,0.17076682316118938,0.19011406844106465,0.15051060723504486,0.292280701754386,0.21148907103825137,0.280645519899207,0.33996383363471966,0.25877072635333775,0.4236567452647855,0.27295597484276735,0.26,0.2532602391153853,0.3653333333333333,0.29494102010300716,0.4343786295005807,0.504185692541857,0.16323886639676113,0.5840878883535471,0.1904761904761905,0.1985294117647059,0.4034427111350188,0.37184892886115756,0.45454545454545453,0.296085409252669,0.40100882723833553,0.2293309215312322,0.11493799915931062,0.4305853614777911,0.3654812440440094,0.36,0.4173497267759563,0.26871794871794874,0.04437022900763359,0.47368421052631576,0.2777777777777778,0.4545200892857143,0.012835555555555553,0.16436987166000422,0.3655092208007975,0.33156028368794327,0.36181818181818187,0.12595419847328243,0.4147812971342383,0.6653968253968254,0.14256,0.25445292620865134,0.24655242521057222,0.42475728155339804,0.2431485145953776,0.19627375023058474,0.14249363867684478,0.21441441441441442,0.23079459281239692,0.1845767654767618,0.08935159564655966,0.3457382953181272,0.32508582326764146
47-2121.00,0.08240584369340957,0.11042253521126759,0.052699619771863104,0.05310014223252383,0.10526315789473684,0.0671516393442623,0.06855406507077746,0.06781193490054248,0.07588883226843321,0.1939543873212215,0.13679245283018868,0.10062499999999999,0.09936946881957827,0.05557414448669202,0.09816830038212326,0.07769570267131243,0.19391757405456034,0.10011983805668018,0.33314642520906024,0.09367484367484367,0.07941176470588236,0.43972027972027977,0.3575470469818823,0.37762237762237766,0.30177935943060497,0.4092297992045786,0.09830715086215372,0.06473308112652375,0.19407393095453324,0.19648271679805945,0.23893333333333336,0.3612337116435477,0.21230769230769228,0.009064885496183206,0.45473684210526316,0.3282539682539683,0.3273214285714286,0.012835555555555553,0.17258836524300442,0.3047017777039375,0.15886524822695036,0.25748251748251744,0.10687022900763359,0.33597285067873306,0.24952380952380954,0.056249999999999994,0.11704834605597962,0.11385419692128959,0.23702973300970873,0.1001564945226917,0.16528315808891345,0.06641221374045803,0.19255255255255255,0.16485328058028353,0.02174314297316253,0.01056846830228125,0.12004801920768307,0.1614240305149396
47-2131.00,0.034020387816143395,0.06807511737089203,0.06273764258555133,0.04214297002581257,0.14210526315789476,0.10245901639344263,0.04029867338620025,0.022302591922845092,0.005879816549723655,0.11596443757247776,0.17358490566037735,0.08166666666666668,0.09936946881957827,0.18960709759188848,0.144985324250983,0.23803948896631827,0.36043788783514813,0.19433198380566802,0.37883507780916,0.1558441558441558,0.07941176470588236,0.34857450242065624,0.39059761434995544,0.30984400215169444,0.32028469750889677,0.4728877679697352,0.20862743555966262,0.19539459857082805,0.33208205963331244,0.030862860608160785,0.31206399999999995,0.3940731399747793,0.33679316239316237,0.09875954198473282,0.5210947368421052,0.34920634920634924,0.6621428571428571,0.03333333333333333,0.23732379549758048,0.47449742482139895,0.06170212765957448,0.25748251748251744,0.1793893129770992,0.4147812971342383,0.16,0.188,0.16963528413910092,0.19604995643334303,0.32493932038834955,0.209521592364102,0.07673860911270983,0.05089058524173028,0.16144144144144146,0.1160567095285196,0.11443759459559233,0.08992805755395682,0.13565426170468187,0.1719516846789574
47-2132.00,0.14039514110729037,0.107981220657277,0.1342680608365019,0.13861274373311455,0.15350877192982457,0.13917349726775957,0.1269176610094123,0.0795660036166365,0.07588883226843321,0.11703131039814459,0.21132075471698114,0.08239583333333333,0.09302673676726475,0.038022813688212934,0.1263775821011242,0.18931475029036002,0.29819400538578616,0.04080971659919027,0.31860912665448304,0.19191919191919188,0.17002941176470587,0.4034427111350188,0.3575470469818823,0.3840774610005379,0.2733096085409253,0.39286060723639543,0.11830774070505888,0.16419714165615804,0.23806402197089405,0.17651390453088453,0.1408,0.41968789407313994,0.20098461538461534,0.0031011450381679363,0.437246963562753,0.23809523809523808,0.43164062499999994,0.001502222222222221,0.24107581176800622,0.47449742482139895,0.12482269503546098,0.20391608391608396,0.11587786259541982,0.3232956259426847,0.2644444444444444,0.10999999999999999,0.08778625954198471,0.22534998547778098,0.2616808252427184,0.0814806192527063,0.18063087991145543,0.11501272264631042,0.22006006006006007,0.1862842070557204,0.07013917088116946,0.08992805755395682,0.1764345738295318,0.1719516846789574
47-2141.00,0.07064520723543659,0.11042253521126759,0.06273764258555133,0.04703456476095152,0.09157894736842107,0.08200819672131147,0.028718594826947306,0.0795660036166365,0.06554035514091958,0.1298801700811751,0.06289308176100628,0.0644,0.0773850730630344,0.015969581749049434,0.07528243894334606,0.1272938443670151,0.14635288607891347,0.08097165991902834,0.2523259677687324,0.12337662337662333,0.09375,0.4034427111350188,0.31848728554688677,0.30338891877353413,0.2846975088967971,0.34920942865457366,0.09830715086215372,0.13135771332492643,0.1545691041202327,0.1754309971411245,0.21333333333333335,0.3783102143757881,0.2636307692307692,0.0013740458015267186,0.5010526315789474,0.33269841269841266,0.4080636160714286,0.008444444444444445,0.2524721228697665,0.4306363183253032,0.09255319148936172,0.2876923076923077,0.08396946564885495,0.2206334841628959,0.42857142857142855,0.07744,0.11195928753180659,0.13011908219575952,0.168554476806904,0.14485443422703348,0.10625345877144438,0.0885496183206107,0.23255255255255255,0.10096933728981207,0.05168149433349331,0.05003689356207342,0.06655462184873948,0.17546090273363002
47-2142.00,0.04476366817913606,0.042691705790297345,0.03712927756653993,0.037627651808761216,0.04951578947368421,0.047855191256830604,0.034277032535388725,0.037974683544303785,0.04617615930382972,0.1530730575956707,0.10425157232704406,0.04106666666666666,0.035549235691432625,0.018757921419518382,0.058668383452400726,0.08594657375145182,0.29636459430979983,0.09234655870445345,0.33314642520906024,0.1085257335257335,0.1354705882352941,0.4195804195804196,0.4264023956653681,0.37762237762237766,0.3138505338078292,0.43287418760306534,0.08601875700438451,0.13923917612442202,0.059039877448781745,0.003248722169280087,0.3173333333333333,0.30643127364438844,0.20004102564102563,0.002862595419847331,0.47368421052631576,0.32,0.49804687499999994,0.011111111111111112,0.2571007784557122,0.4306363183253032,0.15886524822695036,0.2085314685314685,0.05916030534351146,0.26923076923076916,0.2777777777777778,0.06200000000000001,0.07951653944020357,0.07057798431600348,0.13942826321467094,0.06466715813706851,0.06894484412470023,0.05642748091603052,0.13932972972972976,0.1490273656445763,0.04614419136919044,0.030360327122917054,0.09930372148859543,0.1614240305149396
47-2151.00,0.17091582395670135,0.12093896713615024,0.10646387832699622,0.08184014268405565,0.10526315789473684,0.08200819672131147,0.07678055287927077,0.0795660036166365,0.06554035514091958,0.15066099729416316,0.21132075471698114,0.09333333333333334,0.07016296518045917,0.10418250950570343,0.1263775821011242,0.208130081300813,0.36880927291886195,0.16194331983805668,0.3559907515091101,0.17316017316017313,0.09375,0.43972027972027977,0.31848728554688677,0.32275416890801506,0.40403321470937126,0.3855854108060918,0.13025697489235366,0.34415720891130724,0.45642048316645856,0.11208091484016285,0.152064,0.43442622950819676,0.22457435897435893,0.1431297709923664,0.4463157894736843,0.3282539682539683,0.4080636160714286,0.008444444444444445,0.1479328844940038,0.22428974912776212,0.10859574468085108,0.2692307692307692,0.15458015267175573,0.47963800904977383,0.16825396825396827,0.188,0.13740458015267176,0.15393552134766195,0.2616808252427184,0.19400147441120552,0.14849658734550822,0.1150127226463104,0.20685645645645645,0.1490273656445763,0.06511868286020156,0.06744604316546761,0.12751500600240095,0.1395549904640814
47-2152.01,0.1994017946161516,0.1455399061032864,0.10337452471482891,0.1488173629036506,0.292280701754386,0.25008196721311476,0.1421477803305418,0.12055455093429775,0.09799694249539416,0.20971008890606885,0.22822641509433964,0.20052083333333331,0.21651355548487283,0.15437262357414452,0.2523259677687324,0.2968641114982578,0.36880927291886195,0.1716599190283401,0.6032978900149527,0.20952380952380953,0.2459411764705882,0.5177514792899408,0.4819874407844001,0.4090909090909091,0.45670225385527874,0.5368852459016394,0.24211085114331216,0.28734499789827656,0.41402438603633757,0.2869704582864074,0.31206399999999995,0.3940731399747793,0.20004102564102563,0.022480916030534346,0.4284631578947369,0.2911111111111111,0.41406250000000006,0.008444444444444445,0.25554036047408657,0.3874397740488454,0.26595744680851063,0.26010629370629373,0.1870229007633588,0.4901960784313725,0.32825396825396824,0.15000000000000002,0.18999151823579305,0.23525994772001163,0.4011596548004315,0.12125092150700348,0.17945028592510606,0.12881424936386768,0.20685645645645645,0.19782393669634024,0.16058178596478279,0.14376191354608622,0.29157262905162057,0.29401144310235217
47-2152.02,0.17803731662156388,0.1455399061032864,0.1240494296577947,0.1700769861756007,0.30701754385964913,0.2315573770491803,0.22511672719187725,0.20644966847498494,0.18662537728822856,0.21473521453420955,0.19441509433962265,0.11499999999999999,0.15362882855913332,0.13307984790874525,0.20971091543445758,0.3386759581881533,0.46540217773094483,0.20113360323886637,0.4945727418729579,0.17316017316017313,0.17941176470588238,0.45454545454545453,0.39059761434995544,0.4763636363636364,0.3469750889679715,0.4925914249684742,0.15262185171349363,0.08669609079445144,0.29809755794616305,0.288659793814433,0.2843306666666667,0.3783102143757881,0.29021538461538465,0.01377862595419847,0.4284631578947369,0.16825396825396827,0.6213727678571428,0.012835555555555553,0.2109413352970054,0.38278783851138065,0.22163120567375885,0.2876923076923077,0.13603053435114504,0.37146304675716435,0.26948571428571433,0.11249999999999999,0.1306191687871077,0.2073772872494917,0.3577063106796117,0.18437900128040974,0.14849658734550822,0.10178117048346055,0.21859939939939937,0.19782393669634024,0.11362545682749452,0.112955789214782,0.3249939975990396,0.3610934520025429
47-2161.00,0.03815085356176369,0.06807511737089203,0.09262357414448671,0.07055184714142729,0.15574736842105266,0.14036885245901642,0.059642036611576396,0.056962025316455674,0.04630355532907373,0.13451874758407423,0.17358490566037735,0.08773333333333333,0.0773850730630344,0.12395437262357413,0.12815667054327964,0.17282229965156798,0.29636459430979983,0.10493927125506074,0.37883507780916,0.1402597402597402,0.07305882352941177,0.42280796126949977,0.45920257994731944,0.32275416890801506,0.296085409252669,0.42559899117276173,0.09240872181042449,0.2787673392181589,0.34778048427052355,0.3362427445204886,0.38079999999999997,0.5349542875157629,0.41747692307692313,0.10496183206106868,0.5862348178137652,0.40380952380952384,0.5050223214285714,0.027555555555555555,0.24107581176800622,0.4306363183253032,0.1773049645390071,0.25748251748251744,0.1431297709923664,0.23981900452488686,0.3492063492063492,0.14256,0.16963528413910092,0.16994481556781876,0.2844356796116505,0.17848135645830907,0.07673860911270983,0.05089058524173028,0.15051051051051054,0.1160567095285196,0.07209568459522316,0.07436358605423353,0.16566626650660263,0.2497902097902098
47-2171.00,0.034020387816143395,0.0242566510172144,0.052699619771863104,0.0060655774715723055,0.12846315789473683,0.06975409836065576,0.059642036611576396,0.06781193490054248,0.028301516992669813,0.11703131039814459,0.15778616352201258,0.07560000000000001,0.08232454581173874,0.10418250950570343,0.09816830038212326,0.24390243902439027,0.29636459430979983,0.20113360323886637,0.37152489339314393,0.1085257335257335,0.13183823529411764,0.4195804195804196,0.4434584914919828,0.37762237762237766,0.3469750889679715,0.5635245901639345,0.2580562710131535,0.2787673392181589,0.48440853166251496,0.3556701030927835,0.432,0.7566204287515763,0.4348717948717949,0.17891221374045801,0.6995951417004048,0.49111111111111105,0.5050223214285714,0.0782222222222222,0.26299179465600675,0.3655092208007975,0.10859574468085108,0.25748251748251744,0.14694656488549615,0.40832579185520357,0.1647238095238095,0.075,0.16963528413910092,0.19078710426953235,0.45631067961165045,0.17072129748186085,0.05515587529976019,0.005027989821882946,0.12900900900900902,0.22156280909990111,0.017756284838864475,0.023073848613416957,0.13565426170468187,0.09281627463445648
47-2181.00,0.1566728386269762,0.07295774647887324,0.07129277566539924,0.031185797819101312,0.11368421052631579,0.09686475409836066,0.1269176610094123,0.10126582278481011,0.07588883226843321,0.15066099729416316,0.15101886792452832,0.0625,0.08793758302617548,0.0859315589353612,0.09389018109320486,0.1878002322880372,0.3962065331928345,0.11336032388663968,0.3559907515091101,0.17316017316017313,0.21764705882352942,0.4195804195804196,0.39059761434995544,0.35580419580419587,0.30177935943060497,0.4925914249684742,0.21993275790881028,0.3160794976881042,0.40475023978912367,0.257125530624621,0.3957333333333333,0.45252732240437166,0.2441025641025641,0.17891221374045801,0.6680161943319838,0.4642857142857143,0.5754743303571428,0.08760888888888889,0.325478645066274,0.7974746635653763,0.1795177304964539,0.31951328671328677,0.11587786259541982,0.4253393665158371,0.22666666666666666,0.1035,0.24814249363867685,0.1270694162067964,0.38641113807982747,0.14485443422703348,0.14849658734550822,0.0779236641221374,0.18246246246246248,0.45507418397626115,0.05814168112517995,0.0353563303203591,0.16566626650660263,0.18335664335664334
47-2211.00,0.06358475593627282,0.12093896713615024,0.07984790874524715,0.08428594005162514,0.23684210526315788,0.11133879781420765,0.06855406507077746,0.09041591320072331,0.07588883226843321,0.21646695013529185,0.25267924528301894,0.21833333333333335,0.16239919920669074,0.13307984790874525,0.11993271307526168,0.32061324041811845,0.46540217773094483,0.20599190283400812,0.6152392423990696,0.23015873015873015,0.2459411764705882,0.37762237762237766,0.3661852634530833,0.37762237762237766,0.3608540925266904,0.45469977689397617,0.20862743555966262,0.3395596889449348,0.41402438603633757,0.3556701030927835,0.5514666666666667,0.43442622950819676,0.23589743589743586,0.0715648854961832,0.47368421052631576,0.3127365079365079,0.3482142857142857,0.022222222222222223,0.20096956308296518,0.3598205682006978,0.20035460992907797,0.2876923076923077,0.11587786259541982,0.45248868778280543,0.23142857142857143,0.075,0.18999151823579305,0.14522218995062447,0.547802049622438,0.11381419832124057,0.16528315808891345,0.07633587786259541,0.1299891891891892,0.19782393669634024,0.04014544649119569,0.030360327122917054,0.2817767106842737,0.13668150031786397
47-2221.00,0.08545791197835068,0.12093896713615024,0.09262357414448671,0.04703456476095152,0.2573684210526316,0.1759289617486339,0.1421477803305418,0.10488245931283906,0.07447767629649954,0.26478546579049095,0.1761006289308176,0.10416666666666666,0.16239919920669074,0.12395437262357413,0.1053954145206845,0.2787456445993032,0.4566210045662101,0.22247125506072876,0.7211953812925734,0.28138528138528135,0.26588235294117646,0.6261430876815492,0.5828918244914719,0.546831629908553,0.5466192170818506,0.7566204287515763,0.3647195296985903,0.5122950819672131,0.6693394240920791,0.4385774928528113,0.452736,0.9221311475409836,0.6717948717948719,0.1603053435114504,0.7238477732793522,0.49523809523809526,0.5954241071428571,0.011111111111111112,0.2899221544287819,0.7090878883535471,0.31914893617021284,0.4875524475524476,0.375,0.7777149321266967,0.34377142857142856,0.188,0.46649703138252757,0.392099912866686,0.726098975188781,0.32592247701082533,0.19627375023058477,0.14249363867684478,0.21859939939939937,0.3482492581602374,0.08697257189265013,0.05575539568345324,0.29157262905162057,0.2325174825174825
47-2231.00,0.10218324617982791,0.09859154929577463,0.08911596958174905,0.08466221656971276,0.2424982456140351,0.1759289617486339,0.17387719558289486,0.1506931886678722,0.08623730939594684,0.31310398144569,0.22822641509433964,0.13685,0.11945478698523769,0.18960709759188848,0.18967713352162596,0.2304297328687573,0.42149631190727077,0.16194331983805668,0.6032978900149527,0.11832611832611833,0.1985294117647059,0.31360946745562135,0.29194667841797955,0.363098440021517,0.2897081850533808,0.3334465030555825,0.14623188690745365,0.09851828499369482,0.2856768263650729,0.21224984839296546,0.33119999999999994,0.3783102143757881,0.2441025641025641,0.009064885496183206,0.4042105263157895,0.3282539682539683,0.3545982142857143,0.008444444444444445,0.156480117820324,0.3047017777039375,0.1602836879432624,0.24923076923076926,0.17312977099236646,0.3299396681749623,0.4126984126984127,0.12143999999999998,0.2523324851569126,0.20040662213186172,0.3476436084142395,0.19989911923330617,0.1612248662608375,0.04478371501272264,0.17237237237237238,0.21496867787668972,0.12182066521466277,0.07102010699132999,0.2817767106842737,0.22863318499682136
47-3011.00,0.04476366817913606,0.01447574334898279,0.044914448669201516,0.009406912952190304,0.07263157894736842,0.047855191256830604,0.028718594826947306,0.02260397830018083,0.0,0.07653652879783535,0.11069182389937104,0.10062499999999999,0.08232454581173874,0.09581749049429657,0.11170875560724373,0.22276422764227644,0.34392928228544667,0.21862348178137653,0.37883507780916,0.12337662337662333,0.13455882352941176,0.3687143625605164,0.3380171662643845,0.32275416890801506,0.2846975088967971,0.4925914249684742,0.14380370028115844,0.3235077763766288,0.38918292287415734,0.5211491813220134,0.5866666666666667,0.6764922236233711,0.41025641025641024,0.1431297709923664,0.6364372469635629,0.38095238095238093,0.4545200892857143,0.12266666666666666,0.23732379549758048,0.3987373317826882,0.09361702127659574,0.3261538461538462,0.14694656488549615,0.47058823529411764,0.3466666666666667,0.06200000000000001,0.2650551314673452,0.18036595991867557,0.45631067961165045,0.13386101734373182,0.07673860911270983,0.03155216284987278,0.16144144144144146,0.18067919551599076,0.017756284838864475,0.019568960216442225,0.18720288115246095,0.10108073744437382
47-3012.00,0.06358475593627282,0.01823943661971831,0.07129277566539924,0.037627651808761216,0.12280701754385964,0.1346448087431694,0.07678055287927077,0.0795660036166365,0.02155932734898671,0.11703131039814459,0.1761006289308176,0.09333333333333334,0.1255355773008775,0.176425855513308,0.11262252865924574,0.11614401858304296,0.22721285563751317,0.13639514170040487,0.40518220080855066,0.1558441558441558,0.11745588235294115,0.363098440021517,0.3244964796138091,0.30984400215169444,0.2733096085409253,0.3855854108060918,0.13824443089990365,0.22556746532156371,0.41402438603633757,0.21658147795200558,0.31206399999999995,0.4873371164354771,0.35350427350427355,0.09541984732824427,0.38866396761133604,0.3055555555555556,0.39986607142857145,0.008444444444444442,0.19527140753208502,0.26914769895331453,0.10859574468085108,0.25748251748251744,0.1431297709923664,0.43438914027149317,0.22666666666666666,0.188,0.16963528413910092,0.21550972988672673,0.3358953613807983,0.2263350534797398,0.11621472053126729,0.06412213740458014,0.1845045045045045,0.18067919551599076,0.06511868286020156,0.05575539568345324,0.15126050420168063,0.1557533375715194
47-3013.00,0.07630170712352738,0.0327151799687011,0.052699619771863104,0.04214297002581257,0.07263157894736842,0.06975409836065576,0.1037575038909064,0.06781193490054248,0.07588883226843321,0.21646695013529185,0.1572327044025157,0.057499999999999996,0.05680393661009971,0.15437262357414452,0.016960181647006706,0.14146341463414636,0.2140850017562346,0.07125506072874493,0.4311831976518802,0.12337662337662335,0.09375,0.35580419580419587,0.516415115126143,0.37762237762237766,0.30177935943060497,0.4092297992045786,0.11551090226303061,0.04925914249684741,0.24634450969162086,0.21224984839296546,0.21333333333333335,0.38524590163934425,0.2441025641025641,0.022480916030534346,0.4284631578947369,0.2777777777777778,0.4871651785714286,0.020942222222222216,0.22091310751104565,0.389805615550756,0.2936170212765958,0.1875524475524476,0.04437022900763359,0.3299396681749623,0.4711111111111111,0.037500000000000006,0.1306191687871077,0.04501887888469359,0.20010787486515644,0.008083394767133564,0.12197933960523888,0.0885496183206107,0.11073153153153152,0.13114408176722714,0.01297574661301635,0.008470146959355595,0.10564225690276109,0.10108073744437382
47-3014.00,0.0066128146173723675,0.0050860719874804335,0.03564638783269962,0.01429850768732926,0.06978245614035086,0.06454918032786884,0.017138516267694366,0.015069318866787218,0.01249461016816275,0.02899110939311944,0.09630188679245281,0.0013541666666666654,0.0015810054820663449,0.07984790874524714,0.0903389267320153,0.10104529616724739,0.2469704952581665,0.10558704453441296,0.2242897491277621,0.057888407888407864,0.06763235294117645,0.3687143625605164,0.34324516510260694,0.30984400215169444,0.17402135231316723,0.3396243573576486,0.10442185564577966,0.09851828499369482,0.1837233213036248,0.07709217707701635,0.39119999999999994,0.5674259142496847,0.35965811965811967,0.011927480916030533,0.5596372469635628,0.33396825396825397,0.49804687499999994,0.016888888888888884,0.2688828108563012,0.47449742482139895,0.035460992907801414,0.2751384615384615,0.22423664122137402,0.2618325791855203,0.28460317460317464,0.12143999999999998,0.16772688719253603,0.18559395875689805,0.30908677184466016,0.14226774790155072,0.13300129127467253,0.04478371501272264,0.14944864864864868,0.11473788328387735,0.05058326257890656,0.053034495480538645,0.12751500600240095,0.19930069930069932
47-3015.00,0.09537713390440922,0.009389671361502356,0.06273764258555133,0.0022576591085256754,0.09157894736842107,0.06975409836065576,0.0596420366115764,0.056962025316455674,0.030869036886049153,0.15066099729416316,0.1572327044025157,0.078125,0.05893689075158568,0.06615969581749051,0.06805532480478485,0.08594657375145182,0.13757171291417863,0.12178137651821863,0.39536606302265054,0.06625781625781624,0.07305882352941177,0.3840774610005379,0.3966068084168778,0.30984400215169444,0.296085409252669,0.43287418760306534,0.10349776842767544,0.08209857082807902,0.20528709140968404,0.21658147795200558,0.2532693333333334,0.44398907103825136,0.29021538461538465,0.05206106870229008,0.47368421052631576,0.23555555555555557,0.47084263392857145,0.04133333333333334,0.16899852724594994,0.25622860940355546,0.07978723404255321,0.14332307692307694,0.07389312977099236,0.29694570135746606,0.1111111111111111,0.066,0.12091603053435114,0.08978216671507408,0.1786677454153182,0.07275055290420208,0.11621472053126729,0.05642748091603052,0.12900900900900902,0.12363996043521265,0.025951493226032706,0.030360327122917054,0.10564225690276109,0.13949141767323583
47-3016.00,0.03815085356176369,0.03912363067292644,0.03564638783269962,0.016556166795854935,0.14210526315789476,0.0671516393442623,0.08059734677240052,0.037974683544303785,0.02346046803339735,0.04977193660610747,0.12578616352201255,0.09114583333333334,0.08615544371059179,0.10412167300380226,0.1053954145206845,0.3386759581881533,0.36043788783514813,0.23611336032388666,0.40358309796754727,0.09090909090909088,0.09944117647058821,0.33284023668639057,0.39059761434995544,0.342119419042496,0.22835112692763937,0.4155592200989427,0.1658933170798844,0.17404897015552753,0.373615605959191,0.3556701030927835,0.5253973333333334,0.5569567044976882,0.3744,0.11927480916030533,0.7339271255060729,0.42920634920634915,0.4590178571428572,0.08333333333333333,0.26299179465600675,0.6645622196378136,0.01994326241134752,0.2751384615384615,0.17312977099236646,0.43966817496229266,0.2355555555555556,0.12143999999999998,0.31806615776081426,0.2117339529480105,0.4753236245954693,0.303935643244222,0.1429994465965689,0.04707379134860052,0.13932972972972976,0.32970656116056707,0.030510539333308714,0.04384184959724529,0.15126050420168063,0.20185632549268917
47-4011.00,0.28079028221458074,0.3536776212832551,0.30988593155893535,0.3870003988531092,0.27223859649122806,0.2315573770491803,0.3610761135403544,0.42194092827004215,0.39198776998157664,0.2899110939311944,0.27916981132075475,0.25,0.2370946919378075,0.26996197718631176,0.24445505897989703,0.4343786295005807,0.5136986301369864,0.12955465587044535,0.4593509442321537,0.17316017316017313,0.1985294117647059,0.12049488972565897,0.11217162258255133,0.1815492200107585,0.13345195729537365,0.13580366669900087,0.04608147696663455,0.03694435687263556,0.07141920659126823,0.0,0.08,0.07224674232870952,0.038461538461538464,0.0,0.18218623481781376,0.10285714285714287,0.15694754464285715,0.0,0.08766393155200225,0.15779365343080248,0.2589503546099291,0.3751776223776224,0.09404580152671756,0.3054298642533937,0.3724190476190476,0.1035,0.12091603053435114,0.12231193726401395,0.20010787486515644,0.17848135645830907,0.21309721453606348,0.1743002544529262,0.21859939939939937,0.16485328058028353,0.22108604968806525,0.18446781036709092,0.30424969987995193,0.2736808645899555
47-4021.00,0.2072863043522494,0.19131455399061031,0.1967680608365019,0.1952423597053002,0.23684210526315788,0.2315573770491803,0.208441414066553,0.20433996383363467,0.1528164321273176,0.2372477773482799,0.21132075471698114,0.1171875,0.06709450483656705,0.2154017743979721,0.1782965055103284,0.32061324041811845,0.4008239667486243,0.11931336032388662,0.48751869081242727,0.21271043771043766,0.17470588235294118,0.47818181818181815,0.4068725149478703,0.4370629370629371,0.35347093712930006,0.43287418760306534,0.20030081988163817,0.22803042244640603,0.4319654427645788,0.17651390453088453,0.1472,0.26764134089953756,0.1259418803418803,0.0031011450381679363,0.37311740890688255,0.20285714285714285,0.43945312500000006,0.002888888888888886,0.16436987166000422,0.3722811098189068,0.19574468085106383,0.24475524475524474,0.06297709923664122,0.4626244343891402,0.4292063492063492,0.075,0.12722646310432567,0.22534998547778098,0.24772451456310676,0.14226774790155072,0.14849658734550822,0.029007633587786248,0.20685645645645645,0.18067919551599076,0.16894311344088003,0.11913546086207955,0.13310924369747895,0.2881436745073108
47-4031.00,0.034020387816143395,0.04899843505477308,0.06273764258555133,0.056441477713141834,0.08522105263157893,0.06454918032786884,0.08059734677240052,0.037974683544303785,0.03889498647642192,0.15461925009663702,0.09630188679245281,0.10809999999999997,0.12974535521170502,0.10494296577946768,0.11283712687600374,0.1696260162601626,0.30477988525933736,0.1522267206477733,0.3364346236916432,0.10779220779220774,0.11745588235294115,0.4034427111350188,0.44755976644265727,0.33670790747713825,0.3469750889679715,0.5901639344262296,0.2661371188140225,0.2547945565363598,0.48596112311015116,0.3865979381443299,0.597536,0.6781341950399327,0.48153846153846147,0.08086832061068701,0.6610137651821862,0.4471428571428571,0.416015625,0.001502222222222221,0.25674573953292656,0.16049177604253195,0.04468085106382978,0.22657342657342658,0.2027099236641221,0.45248868778280543,0.19714285714285712,0.132,0.27857506361323153,0.19604995643334303,0.3476436084142395,0.23822087714533297,0.08393285371702637,0.04478371501272264,0.16144144144144146,0.16485328058028353,0.1052087563217542,0.09915144807231138,0.12785114045618248,0.2052892561983471
47-4041.00,0.26394286528170585,0.20153364632237875,0.1953422053231939,0.2633935626613285,0.27223859649122806,0.1993237704918033,0.3181649744311866,0.24412296564195302,0.15434518443024575,0.26478546579049095,0.4075471698113208,0.11499999999999999,0.12135386457612213,0.3292167300380228,0.2523259677687324,0.3567386759581882,0.4566210045662101,0.13639514170040487,0.4593509442321537,0.19047619047619047,0.25899999999999995,0.4195804195804196,0.3380171662643845,0.30984400215169444,0.4893238434163701,0.5410927345038317,0.2253691433514874,0.3011375577973939,0.40475023978912367,0.1754309971411245,0.09999999999999999,0.4098360655737705,0.21230769230769228,0.08945610687022901,0.36534412955465584,0.17857142857142858,0.38448660714285715,0.0026666666666666687,0.13609825373448345,0.2063465691975411,0.15886524822695036,0.2876923076923077,0.15458015267175573,0.44235294117647056,0.34377142857142856,0.17500000000000002,0.20139100932994067,0.23151902410688358,0.39610302049622437,0.1616678953426713,0.2663715181700793,0.1743002544529262,0.23255255255255255,0.16485328058028353,0.21744988740817303,0.18446781036709092,0.29157262905162057,0.3095486331849968
47-4051.00,0.12354772417441551,0.0654303599374022,0.08269961977186313,0.07788923924413572,0.09157894736842107,0.06975409836065576,0.1037575038909064,0.0795660036166365,0.07588883226843321,0.1530730575956707,0.19441509433962265,0.09333333333333334,0.08793758302617548,0.12395437262357413,0.1263775821011242,0.3637630662020906,0.42149631190727077,0.28340080971659914,0.39536606302265054,0.19047619047619047,0.27999999999999997,0.3840774610005379,0.35153785291495987,0.342119419042496,0.5124555160142349,0.6774662915898729,0.3251214093313148,0.3783102143757881,0.45642048316645856,0.257125530624621,0.5376,0.565862757461118,0.3213675213675214,0.06625954198473284,0.4463157894736843,0.4199619047619048,0.38448660714285715,0.0,0.1825601374570447,0.14886193719887025,0.07978723404255321,0.31951328671328677,0.19083969465648853,0.43438914027149317,0.26948571428571433,0.154,0.22476675148430875,0.3145164101074644,0.6162773058252426,0.30709140056131096,0.16528315808891345,0.10178117048346055,0.20685645645645645,0.2584899439498846,0.12182066521466277,0.087253274303634,0.15126050420168063,0.18335664335664334
47-4061.00,0.0788450973609783,0.08841940532081377,0.07129277566539924,0.07055184714142729,0.14210526315789476,0.0891393442622951,0.12865930482472396,0.10488245931283906,0.07588883226843321,0.1530730575956707,0.14088050314465408,0.07,0.08232454581173874,0.12395437262357413,0.23886858282106663,0.4887340301974447,0.5136986301369864,0.2697975708502024,0.5062095032397408,0.20952380952380953,0.2459411764705882,0.42280796126949977,0.42965737578495095,0.3284346422807961,0.5466192170818506,0.6668930061111651,0.3386681347201196,0.46106557377049184,0.6544621478205067,0.3556701030927835,0.5133333333333333,0.5541653530895334,0.47111111111111115,0.13167938931297707,0.48064777327935226,0.3657142857142857,0.38448660714285715,0.005555555555555556,0.26299179465600675,0.27679016447914934,0.09361702127659574,0.4875524475524476,0.19083969465648853,0.6066666666666666,0.3127365079365079,0.154,0.45923664122137403,0.3345919256462387,0.5574433656957929,0.15706359368331196,0.07673860911270983,0.05642748091603052,0.1404204204204204,0.20236069897790968,0.04614419136919044,0.026870811043472907,0.1890756302521008,0.13668150031786397
47-4071.00,0.12716951187254563,0.06807511737089203,0.08269961977186313,0.09143519389528978,0.1649122807017544,0.08200819672131147,0.1162084043578152,0.10488245931283906,0.08623730939594684,0.11596443757247776,0.12256603773584908,0.09333333333333334,0.13319737309858362,0.21425602027883395,0.20200614720053164,0.41956794425087107,0.43905865823674034,0.23611336032388666,0.3559907515091101,0.17316017316017313,0.2459411764705882,0.4034427111350188,0.42965737578495095,0.30338891877353413,0.4500308422301305,0.45469977689397617,0.2883152120485244,0.35561160151324084,0.543407006672693,0.4175257731958763,0.26666666666666666,0.43442622950819676,0.3702153846153846,0.11587786259541982,0.4534412955465587,0.2828571428571429,0.3691071428571429,0.04133333333333334,0.20096956308296518,0.2492108323641801,0.09255319148936172,0.30615384615384617,0.23854961832061067,0.5169230769230768,0.3127365079365079,0.188,0.3435114503816794,0.392099912866686,0.5056634304207119,0.28970886845406696,0.12197933960523888,0.06310432569974556,0.19255255255255255,0.1160567095285196,0.1052087563217542,0.079136690647482,0.18720288115246095,0.2325174825174825
47-4091.00,0.17091582395670135,0.09902973395931143,0.1458555133079848,0.15239198982548294,0.20381754385964915,0.1804098360655738,0.09264062847402356,0.10488245931283906,0.08623730939594684,0.21473521453420955,0.19441509433962265,0.09333333333333334,0.08793758302617548,0.12395437262357413,0.15506451791548984,0.15609756097560978,0.32014693829762325,0.2312550607287449,0.37152489339314393,0.18831168831168826,0.20273529411764704,0.39944055944055945,0.3575470469818823,0.31360946745562135,0.4009489916963226,0.516235813366961,0.25412398497866734,0.25861049810844894,0.41402438603633757,0.21224984839296546,0.36633600000000005,0.48027663934426235,0.3446153846153846,0.002862595419847331,0.4042105263157895,0.22666666666666663,0.13950892857142858,0.0,0.16436987166000422,0.10765907958132581,0.12482269503546098,0.25748251748251744,0.17312977099236646,0.4147812971342383,0.22666666666666666,0.088,0.18999151823579305,0.22828928260238165,0.42475728155339804,0.12125092150700348,0.2298468917173953,0.1590330788804071,0.2465057057057057,0.32970656116056707,0.23815940049466572,0.1540921109266433,0.26410564225690275,0.3293070565797838
47-4099.02,0.18458908987323747,0.19131455399061031,0.16112167300380226,0.1994265545864345,0.28596491228070176,0.24385245901639344,0.1269176610094123,0.10126582278481011,0.09658578652346048,0.2372477773482799,0.22822641509433964,0.16875,0.19060938874024735,0.30038022813688214,0.3028603865536911,0.4343786295005807,0.4471080669710807,0.18218623481781376,0.46424516807886146,0.18831168831168826,0.23625,0.4090909090909091,0.30045970334611954,0.35580419580419587,0.28991696322657173,0.27797313027451737,0.13824443089990365,0.1559478772593527,0.2711859728538011,0.3654812440440094,0.10513066666666666,0.37042875157629257,0.32905982905982906,0.379236641221374,0.4042105263157895,0.22666666666666663,0.44890624999999995,0.020942222222222216,0.20096956308296518,0.32733676690480146,0.19432624113475178,0.31951328671328677,0.12595419847328243,0.3054298642533937,0.4642857142857143,0.12143999999999998,0.20139100932994067,0.24655242521057222,0.3640776699029126,0.15706359368331196,0.289153292750415,0.1590330788804071,0.2303423423423423,0.13114408176722714,0.2085717449887408,0.196957818360696,0.35320528211284513,0.3610934520025429
47-4099.03,0.13429100453740817,0.13145539906103287,0.16112167300380226,0.17684996350117774,0.19228070175438597,0.12841530054644806,0.14244423034165868,0.1506931886678722,0.1224961781192427,0.21473521453420955,0.21132075471698114,0.15458333333333332,0.15362882855913332,0.1520912547528517,0.144985324250983,0.3016864111498258,0.29636459430979983,0.1716599190283401,0.32185578999833864,0.09367484367484367,0.16864705882352943,0.33284023668639057,0.3280018428195139,0.3284346422807961,0.2897081850533808,0.37512731593753035,0.13824443089990365,0.09851828499369482,0.29288085068210523,0.24257125530624626,0.26666666666666666,0.3011375577973939,0.17094017094017094,0.009064885496183206,0.3507303643724696,0.19714285714285712,0.34095982142857145,0.001280000000000001,0.13040009818360335,0.1869081242731351,0.1602836879432624,0.2751384615384615,0.13167938931297707,0.3770739064856712,0.28285714285714286,0.09856000000000001,0.2862595419847328,0.16337496369445254,0.29075647249190933,0.12747190211978945,0.21306032097399003,0.143765903307888,0.18517717717717716,0.1160567095285196,0.19501458156447266,0.1334317161655291,0.21785114045618245,0.32508582326764146
47-5011.00,0.13352798746617292,0.06875586854460093,0.18797528517110265,0.12266614489656157,0.12925614035087718,0.08200819672131147,0.17370117838879418,0.11987944544906567,0.09744815961741991,0.19327406262079627,0.14088050314465408,0.11499999999999999,0.13278575036952495,0.2440456273764258,0.3236279559173727,0.511033681765389,0.5565068493150684,0.2375708502024291,0.4593509442321537,0.322991822991823,0.2731470588235294,0.46301775147929,0.4998898314421064,0.4090909090909091,0.5466192170818506,0.7056940537394509,0.37381294115333946,0.47284836065573765,0.7590447077332855,0.4984081261370528,0.7384000000000001,0.690941572089113,0.3446153846153846,0.011927480916030533,0.6072874493927126,0.5158730158730159,0.6061328125000001,0.008444444444444445,0.3086866189774879,0.5346004319654427,0.10638297872340427,0.36251748251748245,0.2633587786259542,0.7541478129713423,0.3719047619047619,0.17500000000000002,0.4193723494486853,0.49085100203311066,0.84277238403452,0.3801652892561983,0.136967349197565,0.1938320610687023,0.21859939939939937,0.21496867787668972,0.09095943002694822,0.09915144807231138,0.29157262905162057,0.1508963763509218
47-5012.00,0.2011821677823672,0.13497652582159625,0.21382129277566536,0.2404406950579842,0.19736842105263158,0.1537704918032787,0.24312606536722745,0.1879927667269439,0.15434518443024575,0.4337069965210668,0.25628930817610057,0.125,0.15044342993994048,0.22813688212927757,0.20200614720053164,0.32061324041811845,0.46759747102212845,0.16194331983805668,0.3728194052168134,0.41798941798941797,0.25899999999999995,0.4437869822485207,0.46546215710036354,0.4209252286175363,0.5338078291814947,0.5835313803472694,0.23074654450364718,0.508025956284153,0.4600431965442764,0.13150827341245774,0.18666666666666668,0.4173497267759563,0.25641025641025644,0.0031011450381679363,0.3548178137651822,0.1866285714285714,0.2619642857142857,0.0,0.18790325408513922,0.29074597109154343,0.2211914893617021,0.24923076923076926,0.12595419847328243,0.40832579185520357,0.32825396825396824,0.24068999999999996,0.20414758269720099,0.2795527156549521,0.6282868122977346,0.14550110580840417,0.18063087991145543,0.10121119592875315,0.21859939939939937,0.26871084734586215,0.23256672450071983,0.20365246264526835,0.4422328931572629,0.18335664335664334
47-5013.00,0.13429100453740817,0.11042253521126759,0.15399239543726237,0.17684996350117774,0.16824561403508773,0.1490710382513661,0.24312606536722745,0.13110307414104883,0.12402493042217083,0.15066099729416316,0.21132075471698114,0.1864333333333333,0.19060938874024735,0.21425602027883395,0.3028603865536911,0.3443623693379791,0.5886605783866058,0.2403238866396761,0.4132746303372654,0.2507936507936508,0.26588235294117646,0.48413125336202256,0.37184892886115756,0.3356643356643357,0.5523131672597865,0.6035381705306043,0.2883152120485244,0.3940731399747793,0.5606580227575405,0.4845360824742268,0.4512,0.4177175283732661,0.2536752136752137,0.009064885496183206,0.38866396761133604,0.2777777777777778,0.33482142857142855,0.0,0.2109413352970054,0.38278783851138065,0.15886524822695036,0.34038601398601404,0.20091603053435114,0.5403921568627451,0.41996190476190476,0.22400000000000003,0.2633587786259542,0.4530932326459483,0.6162773058252426,0.5386774272817807,0.23132263420033203,0.1743002544529262,0.23255255255255255,0.1450708869106495,0.1814574181402045,0.14891932607759945,0.2514285714285714,0.26033057851239666
47-5021.00,0.11445256068529107,0.11042253521126759,0.07129277566539924,0.17684996350117774,0.1705263157894737,0.10245901639344263,0.1402393833839769,0.1350210970464135,0.10975657559484146,0.21473521453420955,0.2037735849056604,0.09114583333333334,0.08232454581173872,0.164958174904943,0.23886858282106663,0.3386759581881533,0.6095597705186746,0.24975546558704453,0.44027247051005153,0.17316017316017313,0.2459411764705882,0.48335664335664336,0.46546215710036354,0.342119419042496,0.5693950177935944,0.6774662915898729,0.2661371188140225,0.5122950819672131,0.7710790165540751,0.2544832365936065,0.1104,0.21571563682219416,0.08303589743589743,0.12595419847328243,0.27494089068825917,0.1285714285714286,0.18328124999999995,0.0026666666666666687,0.04536608457816116,0.1561721216148862,0.14184397163120566,0.34038601398601404,0.1793893129770992,0.71526395173454,0.35266031746031745,0.2,0.23409669211195927,0.392099912866686,0.5056634304207119,0.2431485145953776,0.15111603025272086,0.1150127226463104,0.13932972972972976,0.16485328058028353,0.08697257189265013,0.07436358605423353,0.2573169267707083,0.18335664335664334
47-5031.00,0.26394286528170585,0.14284820031298903,0.21387832699619772,0.1488173629036506,0.2421052631578947,0.24385245901639344,0.30015563625583636,0.34388185654008435,0.30183058288581394,0.5736374178585234,0.3239748427672956,0.1528125,0.15962542331655655,0.1561470215462611,0.20594506285650993,0.45696631823461087,0.5976685985247628,0.13761295546558702,0.4333499473888242,0.322991822991823,0.27999999999999997,0.5422270037654653,0.6204492874097369,0.5177514792899408,0.44483985765124556,0.5580681928412067,0.23074654450364718,0.3395596889449348,0.7259227568503785,0.17915619856189896,0.36799999999999994,0.3783102143757881,0.23076923076923078,0.018129770992366408,0.38866396761133604,0.21904761904761902,0.36272321428571425,0.011111111111111112,0.14396170839469807,0.22927396577504564,0.4,0.3636363636363637,0.1431297709923664,0.5617948717948718,0.5952380952380952,0.15000000000000002,0.27857506361323153,0.34853325588149864,0.4753236245954693,0.27475782149277667,0.18063087991145543,0.143765903307888,0.21859939939939937,0.2584899439498846,0.14131197164900883,0.1540921109266433,0.367875150060024,0.22863318499682136
47-5041.00,0.05798929741388079,0.029733959311424092,0.08269961977186313,0.04214297002581257,0.14908070175438595,0.08239071038251368,0.22083673015637742,0.10488245931283906,0.10975657559484146,0.15066099729416316,0.21132075471698114,0.05059999999999999,0.0447920369712051,0.164958174904943,0.24445505897989703,0.3831637630662021,0.504185692541857,0.29700404858299595,0.3559907515091101,0.24531024531024526,0.26588235294117646,0.48335664335664336,0.40283633959958737,0.3356643356643357,0.5693950177935944,0.6468862159278301,0.3647195296985903,0.6022751155947877,0.7590447077332855,0.23688599151000608,0.3,0.4597519966372425,0.29914529914529914,0.11587786259541982,0.4463157894736843,0.3055555555555556,0.38448660714285715,0.03333333333333333,0.1860403955396592,0.1329124439275627,0.15886524822695036,0.4090909090909091,0.23854961832061067,0.6598793363499245,0.38095238095238093,0.42444000000000004,0.36,0.49085100203311066,0.6539913700107874,0.5489465719939473,0.07673860911270983,0.05642748091603052,0.16144144144144146,0.12363996043521265,0.06321754217579093,0.04957572403615569,0.17092436974789912,0.1719516846789574
47-5042.00,0.12354772417441551,0.029733959311424092,0.08911596958174905,0.04172154032555443,0.15785263157894736,0.10314207650273223,0.15864707626176536,0.10216998191681734,0.06976402336247108,0.15461925009663702,0.17767295597484273,0.078125,0.11080135461298107,0.20050697084917615,0.19625353048679184,0.2787456445993032,0.4488935721812433,0.21117408906882587,0.3028603865536911,0.15584415584415579,0.21143382352941176,0.5,0.3873426342303725,0.2958579881656805,0.5643843416370107,0.6252121932292172,0.3594355203397495,0.4318384825556956,0.7041450741448672,0.3971562851944902,0.4666666666666666,0.48027663934426235,0.29312136752136747,0.001612595419847327,0.431863967611336,0.2840888888888889,0.3863002232142857,0.001502222222222221,0.17004172803141876,0.1834191726200365,0.0786382978723404,0.3261538461538462,0.23043893129770993,0.7070135746606334,0.29841269841269835,0.24149999999999996,0.3710771840542833,0.47197211733952954,0.5834091828478964,0.5092538703294146,0.1567515218594355,0.08956743002544527,0.18233273273273276,0.21496867787668972,0.111262874229392,0.09915144807231138,0.2034813925570228,0.2409917355371901
47-5051.00,0.05086780474901825,0.03442879499217527,0.052699619771863104,0.031185797819101312,0.044210526315789464,0.05336065573770492,0.04997035499888832,0.056962025316455674,0.04630355532907373,0.11596443757247776,0.17358490566037735,0.04583333333333333,0.05680393661009971,0.09505703422053231,0.06805532480478485,0.22276422764227644,0.32014693829762325,0.1522267206477733,0.3404566096250761,0.12337662337662333,0.16176470588235295,0.5236363636363636,0.38083267399120657,0.3356643356643357,0.38552787663107946,0.5368852459016394,0.23655158176205734,0.35561160151324084,0.4384794264382172,0.23688599151000608,0.43999999999999995,0.6157392812105926,0.4444444444444445,0.011927480916030533,0.5580955465587044,0.4549587301587302,0.4282589285714286,0.0026666666666666687,0.23077529981064593,0.32297723874397744,0.10638297872340427,0.1532867132867133,0.10496183206106868,0.40832579185520357,0.34377142857142856,0.12143999999999998,0.10300254452926207,0.19078710426953235,0.3198321197411003,0.06014045706747372,0.12042058660763696,0.06717557251908396,0.13837837837837838,0.09891196834817012,0.039277935693454905,0.023073848613416957,0.08609843937575029,0.1395549904640814
47-5061.00,0.07019757055364519,0.02895148669796558,0.07129277566539924,0.03480557792310413,0.11368421052631579,0.07581967213114756,0.19037649151411845,0.09041591320072331,0.06554035514091958,0.3156242752222652,0.12578616352201255,0.052083333333333336,0.07244560031433007,0.164958174904943,0.1053954145206845,0.24390243902439027,0.32014693829762325,0.3348987854251012,0.3559907515091101,0.29641654641654636,0.26588235294117646,0.5034965034965034,0.5408274660230152,0.3356643356643357,0.5921708185053381,0.6468862159278301,0.39541102219775465,0.46106557377049184,0.7362733665012869,0.5598631205059343,0.36799999999999994,0.6452947667087011,0.43448888888888887,0.17312977099236646,0.5276113360323886,0.4199619047619048,0.6428571428571428,0.08760888888888889,0.2266112630619258,0.4226615716896495,0.1542553191489362,0.31951328671328677,0.32770992366412216,0.7009803921568627,0.2644444444444444,0.375,0.4081849024597116,0.34853325588149864,0.5697141316073354,0.523803980910255,0.19627375023058477,0.12722646310432567,0.17343423423423424,0.23079459281239692,0.07209568459522316,0.06147389780483307,0.26410564225690275,0.1719516846789574
47-5071.00,0.05086780474901825,0.0048826291079812215,0.03712927756653993,0.0037176119987056048,0.08425263157894738,0.06975409836065576,0.09994070999777664,0.05605786618444847,0.053467131825487055,0.08340162350212603,0.12578616352201255,0.05059999999999999,0.06174340935880405,0.13307984790874525,0.11170875560724373,0.32061324041811845,0.43905865823674034,0.12955465587044535,0.3083984050506729,0.12337662337662335,0.14235294117647057,0.31360946745562135,0.39360221138341667,0.30984400215169444,0.3817034400948991,0.5368852459016394,0.23655158176205734,0.29555485498108447,0.397463410594884,0.29888243957376764,0.36633600000000005,0.5541653530895334,0.2636307692307692,0.07395038167938932,0.49263157894736836,0.34920634920634924,0.4545200892857143,0.027555555555555555,0.2060102391472053,0.3123442432297724,0.10638297872340426,0.31192167832167833,0.1793893129770992,0.45248868778280543,0.2777777777777778,0.16200000000000003,0.18999151823579305,0.28612256752831833,0.4854368932038834,0.303935643244222,0.11621472053126729,0.04809160305343511,0.14944864864864868,0.1450708869106495,0.028609398648898075,0.025748631863739775,0.1444717887154862,0.09281627463445648
47-5081.00,0.07242558040165216,0.07692488262910799,0.029942965779467676,0.07055184714142729,0.21052631578947367,0.1759289617486339,0.1269176610094123,0.07956600361663652,0.11184391046999331,0.19327406262079627,0.14213836477987418,0.1109375,0.1255355773008775,0.3041825095057034,0.23886858282106663,0.38699186991869916,0.49394099051633295,0.34072874493927124,0.48751869081242727,0.27549302549302546,0.2459411764705882,0.40744486282947817,0.4131320921009144,0.4370629370629371,0.4367734282325029,0.6052054030458822,0.33227816991407955,0.44333228247162676,0.6805525845472299,0.37360304946720957,0.5133333333333333,0.6157392812105926,0.3702153846153846,0.018129770992366408,0.5981797570850202,0.3556761904761905,0.4314676339285714,0.002888888888888886,0.271210288239007,0.38278783851138065,0.13297872340425532,0.4397202797202797,0.29627862595419846,0.6372549019607843,0.3719047619047619,0.21243999999999996,0.36360474978795587,0.4493174557072321,0.5697141316073354,0.3569627129166182,0.10071942446043163,0.06412213740458014,0.18517717717717716,0.15899769205407185,0.07209568459522316,0.096046239931132,0.23285714285714285,0.21169739351557534
49-1011.00,0.3235192382037561,0.39480438184663535,0.35266159695817495,0.3679984346896848,0.3684210526315789,0.29508196721311475,0.2690654413399541,0.36166365280289325,0.2795362784681118,0.43081561654425976,0.36533333333333334,0.2756,0.2928134413531162,0.4879594423320659,0.38835354710084735,0.47781649245063873,0.48401826484018273,0.09234655870445345,0.5249003156670544,0.23015873015873015,0.3161764705882353,0.32275416890801506,0.28844131521227473,0.3356643356643357,0.2846975088967971,0.3783102143757882,0.14423625174495194,0.09363177805800756,0.3105182895272532,0.2295763666291259,0.20053333333333334,0.183900798654897,0.09747692307692309,0.0,0.242914979757085,0.12444444444444445,0.15625,0.0,0.08766393155200225,0.08772221299219139,0.23120567375886522,0.2876923076923077,0.11587786259541982,0.36293363499245856,0.3333333333333333,0.1035,0.1306191687871077,0.36247458611675865,0.5697141316073354,0.4365033174252125,0.40057185021213804,0.3330788804071247,0.39109189189189186,0.427299703264095,0.3793052530547455,0.307830658550083,0.4747899159663866,0.4605848696757788
49-2011.00,0.20601460923352394,0.22309859154929576,0.22789923954372623,0.1881382590438061,0.2573684210526316,0.21148907103825137,0.12865930482472396,0.11746835443037976,0.10975657559484146,0.2396598376497874,0.21132075471698114,0.059399999999999994,0.07244560031433007,0.22915082382762988,0.15143019327684554,0.27113588850174214,0.3962065331928345,0.1088259109311741,0.5062095032397408,0.17316017316017313,0.2317941176470588,0.3706293706293707,0.33122677696876224,0.45454545454545453,0.3138505338078292,0.265241536521486,0.09240872181042449,0.13135771332492643,0.13800812867877918,0.2035865892748852,0.06,0.1471206389239176,0.08547008547008547,0.02719465648854961,0.18951255060728742,0.07111111111111111,0.19921874999999997,0.0,0.07670594010800197,0.07443096859943514,0.319063829787234,0.19304055944055945,0.09404580152671756,0.1689291101055807,0.38095238095238093,0.075,0.09499575911789652,0.1548417078129538,0.20010787486515644,0.17848135645830907,0.1787493082457111,0.1725190839694656,0.24118198198198199,0.1490273656445763,0.1518697626342796,0.12393931009038922,0.24849939975990393,0.3458359821996186
49-2021.00,0.13352798746617292,0.15424100156494522,0.13397338403041828,0.15987236700506466,0.19228070175438597,0.11172131147540984,0.19037649151411845,0.1702833031946956,0.10975657559484146,0.2597603401623502,0.19441509433962265,0.17354166666666668,0.13319737309858362,0.2958783269961977,0.16181397795868638,0.208130081300813,0.3260010537407798,0.1716599190283401,0.44771418286537085,0.19047619047619047,0.101875,0.363098440021517,0.30574779412501124,0.39944055944055945,0.296085409252669,0.3783102143757882,0.15262185171349363,0.08669609079445144,0.19407393095453324,0.19648271679805945,0.18666666666666668,0.3586065573770492,0.22457435897435893,0.04437022900763359,0.3799578947368421,0.21904761904761902,0.37723214285714285,0.05511111111111112,0.1479328844940038,0.2616713739823891,0.1795177304964539,0.280979020979021,0.13167938931297707,0.36651583710407243,0.2742857142857143,0.084,0.20139100932994067,0.16337496369445254,0.3008697411003236,0.13386101734373182,0.1429994465965689,0.06717557251908396,0.16144144144144146,0.21496867787668972,0.111262874229392,0.06052850027670171,0.24849939975990393,0.18335664335664334
49-2021.01,0.17244185809917187,0.14284820031298903,0.11882129277566542,0.18113199027701474,0.21052631578947367,0.1525341530054645,0.15864707626176536,0.2079566003616636,0.18496922896005644,0.26478546579049095,0.17358490566037735,0.08333333333333333,0.07133702546447881,0.2154017743979721,0.16514371157999666,0.3909407665505226,0.4305994614213792,0.04080971659919027,0.533207343412527,0.1558441558441558,0.12213235294117644,0.4647337278106509,0.43817040071309105,0.5739644970414202,0.2846975088967971,0.36375982151518094,0.11830774070505888,0.10705653635981505,0.09897942988842041,0.14294377544832365,0.08,0.11493799915931062,0.05128205128205128,0.0,0.17246963562753037,0.047619047619047616,0.16601562499999997,0.0,0.02071060382916053,0.056321648114304707,0.24468085106382978,0.16783216783216784,0.052900763358778614,0.2828054298642534,0.37361269841269834,0.047249999999999986,0.040076335877862586,0.34181818181818185,0.395631067961165,0.23822087714533297,0.14535141117874928,0.11501272264631042,0.22006006006006007,0.008572370590174737,0.07855587138690981,0.087253274303634,0.15126050420168063,0.25335028607755883
49-2022.00,0.28079028221458074,0.18241001564945228,0.16112167300380226,0.1700769861756007,0.30701754385964913,0.21148907103825137,0.19037649151411842,0.18836648583484028,0.16904472580455487,0.34316196366447627,0.23396226415094346,0.16606666666666667,0.1255355773008775,0.4666666666666666,0.3067993022096694,0.44041811846689893,0.5351027397260274,0.21862348178137653,0.5136512155950601,0.19047619047619047,0.2459411764705882,0.48076923076923084,0.40934629983875337,0.4763636363636364,0.3330960854092527,0.45018915510718793,0.24773402017262736,0.14367249894913828,0.34778048427052355,0.257125530624621,0.18666666666666668,0.3940731399747793,0.2594871794871795,0.041984732824427475,0.4042105263157895,0.3055555555555556,0.4436383928571429,0.0026666666666666687,0.2524721228697665,0.3987373317826882,0.3425531914893617,0.37122237762237764,0.14694656488549615,0.43438914027149317,0.7094857142857143,0.21056000000000002,0.24814249363867685,0.3145164101074644,0.5056634304207119,0.2431485145953776,0.24954805386460063,0.19242748091603054,0.23255255255255255,0.16485328058028353,0.16058178596478279,0.10914345446719546,0.30424969987995193,0.3394278448823903
49-2091.00,0.26959936516979677,0.41158059467918623,0.22338403041825095,0.3870003988531092,0.28596491228070176,0.2182377049180328,0.2538353220188246,0.31050030138637735,0.2572419740504096,0.500966370313104,0.21132075471698114,0.140625,0.10571220087189177,0.2440456273764258,0.15506451791548984,0.34843205574912894,0.42149631190727077,0.0353425101214575,0.5327296893171624,0.20923520923520922,0.17941176470588238,0.39944055944055945,0.3661852634530833,0.5285099515868746,0.3670225385527876,0.3182898438257833,0.0759717661862724,0.09851828499369482,0.14529495787301874,0.1754309971411245,0.0,0.1559478772593527,0.11965811965811966,0.029580152671755722,0.20113360323886637,0.08761904761904761,0.16601562499999997,0.0,0.06574794866400169,0.09968433294567206,0.33156028368794327,0.2692307692307692,0.029580152671755722,0.16968325791855202,0.4444444444444444,0.031,0.03180661577608142,0.3145164101074644,0.3198321197411003,0.05690709916062029,0.19627375023058477,0.12881424936386768,0.24118198198198199,0.18067919551599076,0.21744988740817303,0.096046239931132,0.29157262905162057,0.2736808645899555
49-2092.00,0.11038313630536965,0.1338967136150235,0.07984790874524715,0.15987236700506466,0.27223859649122806,0.21148907103825137,0.17231156896168384,0.1506931886678722,0.13842068127474422,0.3177425589485891,0.24654088050314465,0.14583333333333331,0.13749134656762774,0.3041825095057034,0.39536606302265054,0.3831637630662021,0.46540217773094483,0.08097165991902834,0.4945727418729579,0.2453102453102453,0.22433823529411764,0.4932759548144164,0.516415115126143,0.6455083378160301,0.37722419928825623,0.40100882723833553,0.2580562710131535,0.3783102143757881,0.45642048316645856,0.5211491813220134,0.2767359999999999,0.35561160151324084,0.20004102564102563,0.09404580152671756,0.3190672064777328,0.17523809523809522,0.37723214285714285,0.0026666666666666687,0.09818360333824253,0.12493769729190896,0.2936170212765958,0.25748251748251744,0.10496183206106868,0.4901960784313725,0.5171428571428571,0.075,0.17859202714164546,0.42477490560557657,0.6101672060409925,0.30709140056131096,0.13576830843017892,0.08956743002544527,0.20348348348348347,0.13114408176722714,0.12182066521466277,0.053034495480538645,0.22861944777911158,0.2881436745073108
49-2093.00,0.13429100453740817,0.1275430359937402,0.11543726235741443,0.13169678133066426,0.11894736842105262,0.10314207650273223,0.17370117838879418,0.13261000602772754,0.08623730939594684,0.2597603401623502,0.220125786163522,0.08851666666666665,0.09936946881957827,0.05728770595690747,0.08311181259345406,0.2545876887340302,0.2286763844983023,0.006153846153846155,0.33314642520906024,0.1402597402597402,0.10880882352941172,0.5,0.4068725149478703,0.43272727272727274,0.3163416370106761,0.371908041517121,0.030966752521578416,0.024629571248423705,0.058480944527632674,0.08527895694360217,0.08,0.11493799915931062,0.06410256410256411,0.0031011450381679363,0.26720647773279355,0.10349206349206348,0.330078125,0.011111111111111112,0.08240409565888211,0.07310184416015948,0.22119148936170213,0.1997202797202797,0.0,0.26923076923076916,0.40345396825396823,0.0,0.0,0.18036595991867557,0.19805151024811218,0.0021857499450329138,0.18063087991145543,0.10178117048346055,0.2597477477477477,0.13114408176722714,0.13156631843183578,0.04384184959724529,0.16142857142857142,0.17641449459631278
49-2094.00,0.22788776527560178,0.24226917057902977,0.13397338403041828,0.2185715038267322,0.3280701754385965,0.26336065573770495,0.2779218854220707,0.36166365280289325,0.1793932029320685,0.4607653652879784,0.4308176100628931,0.25,0.2370946919378075,0.4666666666666666,0.3559907515091101,0.543842044134727,0.5960221285563752,0.11336032388663968,0.5503405881375644,0.2528258778258778,0.12682352941176467,0.5,0.4819874407844001,0.5739644970414202,0.3138505338078292,0.3282568629352992,0.25412398497866734,0.26599936948297603,0.34778048427052355,0.350861994282249,0.23893333333333336,0.3395596889449348,0.17094017094017094,0.002862595419847331,0.22348178137651817,0.17523809523809522,0.3545982142857143,0.001280000000000001,0.10432007854688269,0.2182688154178435,0.3425531914893617,0.280979020979021,0.15458015267175573,0.4253393665158371,0.5863111111111111,0.17500000000000002,0.15945716709075486,0.3549230322393262,0.442455501618123,0.25866863254827405,0.19627375023058477,0.14249363867684478,0.2303423423423423,0.18067919551599076,0.2547159363579312,0.112955789214782,0.25930372148859543,0.3458359821996186
49-2095.00,0.2390786823203858,0.25596244131455403,0.24482889733840305,0.23197447340101296,0.2288140350877193,0.2227185792349727,0.17387719558289486,0.10488245931283906,0.09799694249539416,0.262667182064167,0.21132075471698114,0.22559999999999997,0.2005210769547402,0.38022813688212925,0.17734811984272028,0.3831637630662021,0.48401826484018273,0.08097165991902834,0.38835354710084735,0.17316017316017313,0.17227941176470588,0.48076923076923084,0.33122677696876224,0.37762237762237766,0.3469750889679715,0.2828596372102047,0.10349776842767544,0.12347625052543083,0.20528709140968404,0.27072684744000697,0.08,0.1559478772593527,0.15384615384615385,0.06625954198473284,0.3044534412955465,0.1346031746031746,0.2685546875,0.0,0.12327740374500316,0.22428974912776212,0.3425531914893617,0.2876923076923077,0.09541984732824427,0.33597285067873306,0.5171428571428571,0.11200000000000002,0.1484308736217133,0.19078710426953235,0.3687129180151025,0.1616678953426713,0.15111603025272086,0.11195928753180659,0.1883675675675676,0.1450708869106495,0.08697257189265013,0.10914345446719546,0.27003601440576225,0.3095486331849968
49-2096.00,0.19126294585630862,0.1338967136150235,0.10741444866920151,0.1700769861756007,0.30701754385964913,0.2315573770491803,0.14244423034165868,0.18497890295358652,0.1514640743208812,0.2372477773482799,0.27295597484276735,0.12395833333333334,0.11258349392856473,0.14220532319391635,0.20629118901257132,0.32061324041811845,0.3962065331928345,0.12178137651821863,0.5808896826715402,0.2698412698412698,0.25058823529411767,0.580957504034427,0.4068725149478703,0.580957504034427,0.3523416370106761,0.4092297992045786,0.11010400896561218,0.13923917612442202,0.3074131066319807,0.2035865892748852,0.1104,0.26599936948297603,0.11965811965811966,0.05916030534351146,0.39550445344129553,0.1111111111111111,0.5482700892857143,0.001280000000000001,0.09292376744512239,0.11629838843661738,0.24468085106382978,0.25748251748251744,0.11927480916030533,0.24769230769230763,0.611111111111111,0.13799999999999998,0.1484308736217133,0.34853325588149864,0.5056634304207119,0.3880029488224111,0.1807784541597491,0.12722646310432567,0.2303423423423423,0.16485328058028353,0.1564288087415556,0.16044856422554263,0.2034813925570228,0.3458359821996186
49-2097.00,0.10529635583046777,0.1838810641627543,0.11543726235741443,0.12266614489656157,0.25052631578947365,0.21148907103825137,0.12969687986363299,0.1702833031946956,0.09897691192034809,0.2597603401623502,0.1591949685534591,0.1358333333333333,0.15362882855913332,0.36197718631178705,0.2523259677687324,0.4065040650406504,0.33679457908909965,0.1097975708502024,0.562455003599712,0.07996632996632995,0.101875,0.363098440021517,0.3661852634530833,0.5739644970414202,0.32028469750889677,0.2997623435832767,0.09720119541495448,0.12097388608659099,0.15594918540702046,0.22064238066360567,0.29439999999999994,0.24629571248423704,0.11589743589743587,0.0,0.2312550607287449,0.1388888888888889,0.2501395089285714,0.0,0.13609825373448345,0.07310184416015948,0.2127659574468085,0.29426573426573427,0.13167938931297707,0.2618325791855203,0.5357142857142857,0.10999999999999999,0.10300254452926207,0.36363636363636365,0.316039644012945,0.3801652892561983,0.14849658734550822,0.143765903307888,0.196996996996997,0.10096933728981207,0.17257927572077228,0.087253274303634,0.30424969987995193,0.3537698664971392
49-2098.00,0.22254664577695488,0.13145539906103287,0.19249049429657797,0.17684996350117774,0.20381754385964915,0.1804098360655738,0.17387719558289486,0.15257383966244725,0.12402493042217083,0.21646695013529185,0.21524528301886794,0.08773333333333333,0.09355062024061221,0.15437262357414452,0.12815667054327964,0.2968641114982578,0.42149631190727077,0.1451012145748988,0.4311831976518802,0.12337662337662333,0.1910735294117647,0.39944055944055945,0.37184892886115756,0.3706293706293707,0.2846975088967971,0.3855854108060918,0.11671024950354891,0.07976040353089531,0.14529495787301874,0.16243610846400416,0.04000000000000001,0.20393284993694827,0.16235213675213678,0.04437022900763359,0.3348987854251012,0.15873015873015872,0.3691071428571429,0.005555555555555556,0.09818360333824253,0.19936866589134408,0.19432624113475178,0.3002461538461539,0.08396946564885495,0.2206334841628959,0.3879365079365079,0.075,0.12722646310432567,0.23525994772001163,0.37545509708737873,0.17848135645830907,0.19627375023058477,0.14249363867684478,0.2303423423423423,0.13114408176722714,0.04614419136919044,0.04035233351780114,0.22509003601440575,0.32508582326764146
49-3011.00,0.16831139235355155,0.4147104851330204,0.20793726235741444,0.2600522271807106,0.28596491228070176,0.2315573770491803,0.3181649744311866,0.31050030138637735,0.27635137783701147,0.6129725550831079,0.2986666666666667,0.171875,0.11258349392856473,0.31254752851711026,0.33314642520906024,0.5333333333333332,0.5615852944620068,0.1451012145748988,0.5165932879215817,0.1904761904761905,0.2459411764705882,0.580957504034427,0.5941891093372861,0.6648735879505111,0.5693950177935944,0.6163061402657872,0.2388863765950335,0.35561160151324084,0.44852641820603234,0.2295763666291259,0.22613333333333335,0.37042875157629257,0.16235213675213678,0.009064885496183206,0.36534412955465584,0.17857142857142858,0.37723214285714285,0.012835555555555553,0.10407461953853708,0.13993022096693805,0.3660425531914894,0.280979020979021,0.11927480916030533,0.4253393665158371,0.5542857142857143,0.188,0.15945716709075486,0.41624164972407784,0.5258899676375405,0.25866863254827405,0.19627375023058477,0.12722646310432567,0.25657657657657656,0.16485328058028353,0.21744988740817303,0.087253274303634,0.3249939975990396,0.3458359821996186
49-3021.00,0.14503428490040085,0.07692488262910799,0.10337452471482891,0.02450312685786531,0.2231578947368421,0.1490710382513661,0.05743718965389462,0.07594936708860757,0.03674885343577281,0.21473521453420955,0.23396226415094346,0.09791666666666665,0.11258349392856473,0.14378707224334603,0.13568145317605362,0.34843205574912894,0.34141201264488935,0.1088259109311741,0.4821537353934763,0.12337662337662333,0.07874999999999999,0.32275416890801506,0.3661852634530833,0.36363636363636365,0.3400047449584816,0.34920942865457366,0.14623188690745365,0.15434531315678854,0.33208205963331244,0.4060902711600104,0.49766400000000005,0.44398907103825136,0.23076923076923078,0.10687022900763359,0.46416842105263156,0.21428571428571427,0.3797767857142857,0.04849777777777779,0.08766393155200225,0.10765907958132581,0.14574468085106385,0.3002461538461539,0.1603053435114504,0.4147812971342383,0.47619047619047616,0.13799999999999998,0.11704834605597962,0.23525994772001163,0.3932038834951457,0.17848135645830907,0.13171001660210294,0.06641221374045803,0.19255255255255255,0.13114408176722714,0.08121377680977516,0.04035233351780114,0.16956782713085233,0.25335028607755883
49-3022.00,0.04476366817913606,0.05095461658841941,0.06273764258555133,0.06321445503871886,0.08425263157894738,0.05844262295081967,0.04997035499888832,0.0795660036166365,0.05585825722237465,0.13451874758407423,0.06981132075471701,0.05499999999999999,0.06709450483656705,0.09581749049429657,0.09816830038212326,0.08594657375145182,0.23270108886547242,0.0997570850202429,0.3559907515091101,0.1085257335257335,0.14235294117647057,0.32275416890801506,0.31848728554688677,0.32275416890801506,0.2846975088967971,0.37016199437384817,0.08651029275869526,0.10114543926019333,0.14628861639950594,0.21658147795200558,0.26666666666666666,0.43442622950819676,0.13401709401709402,0.0013740458015267186,0.3507303643724696,0.19047619047619047,0.33482142857142855,0.012835555555555553,0.11615470930640298,0.06549925236750291,0.14184397163120566,0.25748251748251744,0.12595419847328243,0.389894419306184,0.2644444444444444,0.11249999999999999,0.36,0.12231193726401395,0.2326051779935275,0.12125092150700348,0.13171001660210294,0.06641221374045803,0.20685645645645645,0.07418397626112759,0.08697257189265013,0.079136690647482,0.1610924369747899,0.29401144310235217
49-3023.01,0.13352798746617292,0.1581533646322379,0.15547528517110268,0.11288295542628367,0.29969122807017545,0.20158469945355192,0.2417920403172015,0.2260397830018083,0.21908196464270313,0.36858136838036337,0.19441509433962265,0.09893333333333335,0.1321402510898647,0.4879594423320659,0.3476837237636374,0.5653333333333334,0.5886605783866058,0.1451012145748988,0.5840878883535471,0.19047619047619047,0.23625,0.560817643894567,0.516415115126143,0.6010973641742873,0.5807829181494661,0.6252121932292172,0.35587188612099646,0.2787673392181589,0.5550962951717856,0.42558260417569094,0.48906666666666665,0.4469840269020597,0.24923076923076926,0.05206106870229008,0.5101214574898785,0.2180571428571429,0.7142857142857143,0.025333333333333326,0.1597675152535241,0.13457384947665726,0.22163120567375885,0.2876923076923077,0.17312977099236646,0.4604524886877828,0.5171428571428571,0.15000000000000002,0.18999151823579305,0.5509381353470811,0.6320792880258899,0.7760058976448221,0.14849658734550822,0.07633587786259542,0.16144144144144146,0.1450708869106495,0.17257927572077228,0.1334317161655291,0.17838535414165665,0.315956770502225
49-3023.02,0.14503428490040085,0.09859154929577463,0.08911596958174905,0.13776235880223656,0.20381754385964915,0.07581967213114756,0.14244423034165868,0.2260397830018083,0.18662537728822856,0.28054116737533824,0.21132075471698114,0.06510416666666667,0.08232454581173874,0.21425602027883395,0.39536606302265054,0.3831637630662021,0.43905865823674034,0.13639514170040487,0.5327296893171624,0.3001924001924001,0.2459411764705882,0.560817643894567,0.5633619437739742,0.580957504034427,0.5466192170818506,0.6163061402657872,0.23655158176205734,0.13135771332492643,0.37676219129306726,0.21658147795200558,0.23893333333333336,0.30643127364438844,0.16235213675213678,0.023854961832061067,0.437246963562753,0.13368888888888888,0.6403794642857142,0.0026666666666666687,0.156480117820324,0.08772221299219139,0.22163120567375885,0.25748251748251744,0.07389312977099236,0.4253393665158371,0.3724190476190476,0.03844000000000001,0.16963528413910092,0.5184432181237293,0.6253371089536138,0.2431485145953776,0.1612248662608375,0.05642748091603052,0.14944864864864868,0.1490273656445763,0.057218797297796165,0.030360327122917054,0.13565426170468187,0.3394278448823903
49-3031.00,0.13352798746617292,0.08577464788732393,0.10337452471482891,0.08466221656971276,0.20381754385964915,0.15923497267759565,0.15737789965167126,0.18836648583484028,0.15434518443024575,0.21473521453420955,0.21132075471698114,0.057499999999999996,0.08793758302617548,0.164958174904943,0.21338677521182922,0.3831637630662021,0.43905865823674034,0.10493927125506074,0.4821537353934763,0.15584415584415579,0.2459411764705882,0.4370629370629371,0.4434584914919828,0.4932759548144164,0.4151838671411625,0.5304830730429722,0.24773402017262736,0.20885876418663304,0.38918292287415734,0.257125530624621,0.36,0.4098360655737705,0.16235213675213678,0.018129770992366408,0.437246963562753,0.2777777777777778,0.48078124999999994,0.005555555555555556,0.11045655375552284,0.25622860940355546,0.2936170212765958,0.2692307692307692,0.13603053435114504,0.4988235294117647,0.4292063492063492,0.11249999999999999,0.24814249363867685,0.5445832123148417,0.6038969795037756,0.607871286488444,0.16528315808891345,0.07633587786259541,0.19255255255255255,0.16485328058028353,0.1052087563217542,0.05003689356207342,0.1890756302521008,0.19476160203432927
49-3041.00,0.11190917044784014,0.1455399061032864,0.11882129277566542,0.13169678133066426,0.20381754385964915,0.07581967213114756,0.14244423034165868,0.1702833031946956,0.12402493042217083,0.20971008890606885,0.22822641509433964,0.1325,0.16137481991505603,0.36045627376425854,0.25786398626571416,0.3831637630662021,0.43905865823674034,0.16194331983805668,0.6032978900149527,0.2528258778258778,0.21143382352941176,0.5547337278106509,0.5633619437739742,0.6010973641742873,0.5693950177935944,0.7275196430303619,0.3067183106899196,0.25861049810844894,0.48440853166251496,0.5674434722342546,0.25066666666666665,0.5861837957124842,0.3582905982905983,0.11927480916030533,0.5101214574898785,0.2984126984126984,0.5172991071428572,0.0026666666666666687,0.1479328844940038,0.17241402226283434,0.19858156028368795,0.25748251748251744,0.16698473282442747,0.45248868778280543,0.4292063492063492,0.075,0.23854961832061067,0.4205634620970084,0.5258899676375405,0.4441857758118962,0.19627375023058477,0.10178117048346055,0.18246246246246248,0.06231454005934717,0.08697257189265013,0.023073848613416957,0.13565426170468187,0.17546090273363002
49-3042.00,0.09563147292815431,0.17076682316118938,0.11549429657794677,0.13169678133066426,0.25052631578947365,0.21148907103825137,0.22083673015637742,0.2206871609403255,0.1793932029320685,0.38654812524159254,0.25267924528301894,0.17625,0.17231088742118358,0.3472750316856781,0.31860912665448304,0.4343786295005807,0.5565068493150684,0.20599190283400812,0.6152392423990696,0.2698412698412698,0.2459411764705882,0.48076923076923084,0.6009194066922392,0.580957504034427,0.5693950177935944,0.6353671549131827,0.3194982403019996,0.43442622950819676,0.5748038559471152,0.6107597678246557,0.3503359999999999,0.5541653530895334,0.3702153846153846,0.17891221374045801,0.4463157894736843,0.21904761904761902,0.6830357142857143,0.016888888888888884,0.24721228697664632,0.3198205682006978,0.319063829787234,0.33398601398601396,0.19083969465648853,0.4607843137254901,0.4711111111111111,0.12143999999999998,0.30916030534351147,0.3926808016264885,0.5056634304207119,0.37838047569161526,0.16528315808891345,0.1150127226463104,0.21859939939939937,0.15899769205407185,0.13156631843183578,0.087253274303634,0.2817767106842737,0.25335028607755883
49-3043.00,0.028740309683195308,0.09859154929577463,0.03564638783269962,0.11735312046116447,0.18206315789473682,0.1346448087431694,0.1162084043578152,0.13622664255575645,0.07588883226843321,0.21646695013529185,0.1591949685534591,0.08239583333333333,0.1184631504106872,0.22915082382762988,0.30809381403333885,0.3909407665505226,0.4286310151036178,0.16194331983805668,0.49604031677465804,0.23190235690235686,0.15205882352941177,0.5623668639053255,0.5047723016214808,0.5135502958579882,0.49605693950177937,0.6338151130080512,0.30152769312439787,0.2735524379991593,0.6037855629696589,0.37360304946720957,0.5514666666666667,0.6270294766708701,0.3589743589743589,0.009064885496183206,0.6072874493927126,0.423295238095238,0.548515625,0.001502222222222221,0.28008626130864717,0.3892673201528493,0.17730496453900707,0.34615384615384615,0.18869274809160302,0.5220588235294117,0.4609523809523809,0.17500000000000002,0.32904156064461404,0.37118791751379604,0.6636832524271844,0.42162987105368666,0.08393285371702637,0.07633587786259542,0.13932972972972976,0.1160567095285196,0.07855587138690981,0.079136690647482,0.1764345738295318,0.14621741894469167
49-3051.00,0.12360876554011437,0.08577464788732393,0.1311787072243346,0.10385231899218096,0.11894736842105262,0.0942622950819672,0.208441414066553,0.2260397830018083,0.23960252440123866,0.2597603401623502,0.19441509433962265,0.09333333333333334,0.08793758302617548,0.15437262357414452,0.144985324250983,0.3567386759581882,0.3962065331928345,0.0893927125506073,0.4311831976518802,0.17316017316017313,0.1354705882352941,0.4437869822485207,0.4131320921009144,0.4932759548144164,0.46619217081850534,0.477434765738675,0.14380370028115844,0.15434531315678854,0.34778048427052355,0.24257125530624626,0.1104,0.3783102143757881,0.17094017094017094,0.14748091603053434,0.41198380566801623,0.19047619047619047,0.4282589285714286,0.0,0.08240409565888211,0.10765907958132581,0.1602836879432624,0.2876923076923077,0.11587786259541982,0.45248868778280543,0.32000000000000006,0.10999999999999999,0.16963528413910092,0.45744989834446703,0.494336569579288,0.303935643244222,0.1612248662608375,0.0779236641221374,0.17824864864864867,0.03297065611605671,0.025951493226032706,0.019568960216442225,0.08028811524609841,0.20185632549268917
49-3052.00,0.18458908987323747,0.093943661971831,0.16112167300380226,0.15987236700506466,0.292280701754386,0.25008196721311476,0.14244423034165868,0.2260397830018083,0.14699541374309122,0.18981059141863166,0.17358490566037735,0.052083333333333336,0.07244560031433007,0.20278833967046897,0.12815667054327964,0.23803948896631827,0.19391757405456034,0.11336032388663968,0.5249003156670544,0.20952380952380953,0.22433823529411764,0.5101882732651964,0.5595761515118131,0.5547337278106509,0.44483985765124556,0.42559899117276173,0.24773402017262736,0.13135771332492643,0.1738902421352618,0.2035865892748852,0.17280000000000004,0.35561160151324084,0.13675213675213677,0.002862595419847331,0.37311740890688255,0.09523809523809523,0.27120535714285715,0.001280000000000001,0.08240409565888211,0.030902143213158338,0.2429078014184397,0.16671328671328675,0.01377862595419847,0.25900452488687786,0.19714285714285712,0.00625,0.005301102629346904,0.6491083357537031,0.589940668824164,0.2741887505011705,0.16528315808891345,0.10121119592875315,0.20685645645645645,0.13114408176722714,0.16058178596478279,0.07436358605423353,0.22509003601440575,0.3293070565797838
49-3053.00,0.09537713390440922,0.093943661971831,0.12547528517110265,0.1700769861756007,0.19368421052631576,0.15027322404371585,0.1037575038909064,0.12055455093429775,0.09897691192034809,0.21646695013529185,0.19441509433962265,0.09416666666666665,0.09302673676726475,0.11406844106463879,0.1782965055103284,0.3252032520325203,0.3783222105139913,0.09716599190283401,0.5136512155950601,0.1558441558441558,0.18661764705882353,0.4597902097902098,0.43103448275862066,0.5,0.44104389086595486,0.46894703656998743,0.18027073789347434,0.21411307271963007,0.397463410594884,0.42010309278350516,0.33119999999999994,0.30228693778898696,0.1352136752136752,0.0,0.340080971659919,0.19714285714285712,0.3545982142857143,0.0,0.057858194824321474,0.03684332945672038,0.1602836879432624,0.17874125874125876,0.0715648854961832,0.389894419306184,0.31047619047619046,0.08474999999999999,0.06361323155216284,0.3194888178913738,0.3687129180151025,0.21081493552684333,0.09546209186496955,0.10121119592875315,0.18246246246246248,0.11177052423343223,0.09609066410720217,0.087253274303634,0.1532893157262905,0.21169739351557534
49-3091.00,0.13429100453740817,0.12093896713615024,0.16397338403041825,0.12755773963170053,0.23684210526315788,0.1759289617486339,0.12865930482472396,0.0795660036166365,0.07588883226843321,0.28567452647854663,0.21132075471698114,0.08166666666666668,0.10571220087189177,0.21425602027883395,0.17734811984272028,0.20905923344947738,0.28813224446786095,0.016194331983805668,0.6662928504181204,0.1558441558441558,0.1488970588235294,0.46153846153846156,0.49851272446843675,0.580957504034427,0.30177935943060497,0.2986225628091958,0.03047521676726766,0.10151324085750314,0.15094639074241473,0.350861994282249,0.1472,0.37042875157629257,0.1887179487179487,0.10496183206106868,0.36534412955465584,0.1111111111111111,0.30691964285714285,0.008444444444444445,0.08240409565888211,0.12493769729190896,0.17029787234042557,0.1694769230769231,0.029580152671755722,0.2748868778280543,0.2180571428571429,0.018999999999999996,0.03180661577608142,0.1379262271275051,0.20010787486515644,0.024573520092086028,0.24954805386460063,0.19083969465648853,0.3016216216216216,0.0870425321463897,0.20233305031562626,0.18986349382032833,0.2573169267707083,0.429701207883026
49-3092.00,0.2390786823203858,0.1581533646322379,0.24952471482889732,0.1488173629036506,0.21052631578947367,0.15300546448087432,0.20560661083524792,0.1702833031946956,0.1528164321273176,0.28054116737533824,0.17358490566037735,0.057499999999999996,0.051864463861395385,0.17743979721166034,0.23709641690203243,0.40418118466898956,0.4566210045662101,0.08097165991902834,0.44771418286537085,0.15584415584415579,0.1175,0.37762237762237766,0.46546215710036354,0.4868208714362561,0.4351126927639383,0.41771752837326614,0.19317355144413204,0.10865910046237913,0.2515198145170751,0.24257125530624626,0.09999999999999999,0.4177175283732661,0.20004102564102563,0.13358778625954199,0.36534412955465584,0.18575238095238095,0.564453125,0.016888888888888884,0.12327740374500316,0.296062468848646,0.2681702127659575,0.22923076923076927,0.08945610687022901,0.3457767722473605,0.4596825396825397,0.09375,0.1538931297709924,0.3557943653790299,0.4753236245954693,0.209521592364102,0.21309721453606348,0.143765903307888,0.21859939939939937,0.18067919551599076,0.16058178596478279,0.14376191354608622,0.24459783913565425,0.32508582326764146
49-3093.00,0.05697194131890045,0.049295774647887314,0.07129277566539924,0.04741084127903913,0.10526315789473684,0.06975409836065576,0.06855406507077746,0.0795660036166365,0.01034847712751363,0.13451874758407423,0.08207547169811322,0.0675,0.0773850730630344,0.13307984790874525,0.1053954145206845,0.13937282229965156,0.20196698278890057,0.12696356275303644,0.18967713352162596,0.10649350649350649,0.10808823529411762,0.2420656266810113,0.40934629983875337,0.3356643356643357,0.2846975088967971,0.47652536618488706,0.2253691433514874,0.3160794976881042,0.38918292287415734,0.27072684744000697,0.3392,0.6370849096258931,0.21743589743589747,0.09404580152671756,0.6234817813765182,0.25,0.48078124999999994,0.001280000000000001,0.12097622554176309,0.1116464528991527,0.12482269503546098,0.25748251748251744,0.13167938931297707,0.27978883861236803,0.25,0.17500000000000002,0.1484308736217133,0.16994481556781876,0.22333468176914778,0.19400147441120552,0.10625345877144438,0.05089058524173028,0.16144144144144146,0.03659742828882295,0.06511868286020156,0.07436358605423353,0.1444717887154862,0.31277813095994916
49-9011.00,0.08545791197835068,0.12225352112676055,0.09262357414448671,0.16462097666333034,0.18530526315789475,0.12704918032786888,0.12865930482472396,0.09041591320072331,0.08623730939594684,0.1530730575956707,0.17358490566037735,0.11041666666666666,0.0773850730630344,0.18960709759188848,0.2803621864097026,0.2606271777003485,0.33551399133590915,0.1716599190283401,0.4362504845766185,0.12337662337662333,0.14235294117647057,0.48335664335664336,0.46871713721994657,0.39944055944055945,0.3138505338078292,0.3855854108060918,0.11010400896561218,0.12347625052543083,0.34778048427052355,0.24257125530624626,0.26666666666666666,0.565862757461118,0.3046153846153847,0.11587786259541982,0.5515789473684211,0.2984126984126984,0.49804687499999994,0.008444444444444445,0.2524721228697665,0.38278783851138065,0.20035460992907797,0.25748251748251744,0.13167938931297707,0.4147812971342383,0.3961904761904762,0.17500000000000002,0.16963528413910092,0.26633749636944526,0.26800161812297735,0.25866863254827405,0.17945028592510606,0.14249363867684478,0.245045045045045,0.1490273656445763,0.21744988740817303,0.12224066900325893,0.28211284513805523,0.3458359821996186
49-9012.00,0.1994017946161516,0.1455399061032864,0.14852661596958175,0.19382755999729082,0.2573684210526316,0.2182377049180328,0.14244423034165868,0.1702833031946956,0.10975657559484146,0.2899110939311944,0.25267924528301894,0.11041666666666666,0.09355062024061221,0.13307984790874525,0.10279946835022431,0.32061324041811845,0.43905865823674034,0.08550607287449392,0.38835354710084735,0.17316017316017313,0.1910735294117647,0.39944055944055945,0.35153785291495987,0.35580419580419587,0.2846975088967971,0.3855854108060918,0.1614400031458288,0.10114543926019333,0.24634450969162086,0.18192844147968468,0.1764693333333333,0.20393284993694827,0.16235213675213678,0.0357824427480916,0.22348178137651817,0.15075555555555556,0.4282589285714286,0.022222222222222223,0.11615470930640298,0.3047017777039375,0.19858156028368795,0.2692307692307692,0.0715648854961832,0.40832579185520357,0.3055555555555556,0.11249999999999999,0.30916030534351147,0.2117339529480105,0.38641113807982747,0.1616678953426713,0.19627375023058477,0.12722646310432567,0.21859939939939937,0.16485328058028353,0.030510539333308714,0.05003689356207342,0.1532893157262905,0.21169739351557534
49-9021.01,0.15260341424705476,0.1455399061032864,0.15547528517110268,0.1881382590438061,0.2573684210526316,0.1804098360655738,0.22083673015637742,0.1879927667269439,0.1703970836109913,0.30132199458832626,0.19441509433962265,0.20052083333333331,0.1754074129511479,0.39169581749049426,0.34439552528105444,0.3386759581881533,0.49394099051633295,0.2127546558704453,0.6463905964445922,0.20952380952380953,0.2317941176470588,0.3840774610005379,0.3755746291826495,0.4763636363636364,0.3138505338078292,0.4433322824716268,0.17771966732860148,0.16419714165615804,0.3622713377817954,0.2869704582864074,0.5013333333333333,0.44398907103825136,0.20512820512820512,0.05206106870229008,0.45473684210526316,0.25,0.5153125,0.020942222222222216,0.20096956308296518,0.3598205682006978,0.2589503546099291,0.3002461538461539,0.11927480916030533,0.35444947209653094,0.41996190476190476,0.11200000000000002,0.1484308736217133,0.2927679349404589,0.4055842098166128,0.2263350534797398,0.25110680686220255,0.12722646310432567,0.24118198198198199,0.18067919551599076,0.1814574181402045,0.087253274303634,0.27783913565426166,0.2736808645899555
49-9021.02,0.17803731662156388,0.16079812206572774,0.21096958174904945,0.16702162084872932,0.2573684210526316,0.12841530054644806,0.2611354035425777,0.24562989752863168,0.20285367096546586,0.34316196366447627,0.25267924528301894,0.15458333333333332,0.11787378150317135,0.28517110266159695,0.2657833527163981,0.47781649245063873,0.35216163212738555,0.1716599190283401,0.6463905964445922,0.1714285714285714,0.18661764705882353,0.5177514792899408,0.29194667841797955,0.43272727272727274,0.32028469750889677,0.3534532932389175,0.13102377066907847,0.08669609079445144,0.34778048427052355,0.3865979381443299,0.25066666666666665,0.4873371164354771,0.21230769230769228,0.022480916030534346,0.4284631578947369,0.179047619047619,0.5153125,0.027555555555555555,0.2060102391472053,0.29074597109154343,0.26595744680851063,0.2085314685314685,0.11587786259541982,0.47963800904977383,0.5470222222222222,0.046500000000000014,0.24814249363867685,0.5364159163520186,0.5360032362459547,0.41128312575175574,0.2663715181700793,0.143765903307888,0.28864864864864864,0.19782393669634024,0.1518697626342796,0.11913546086207955,0.34439375750300116,0.3095486331849968
49-9031.00,0.19374529472806068,0.14284820031298903,0.18102661596958172,0.15051060723504486,0.2287719298245614,0.1289275956284153,0.17387719558289486,0.1879927667269439,0.15434518443024575,0.21182837263239274,0.1572327044025157,0.140625,0.16976631055063893,0.1561470215462611,0.1263775821011242,0.4065040650406504,0.41271513874253596,0.035912550607287444,0.5451486957966439,0.1558441558441558,0.25058823529411767,0.49515868746637975,0.41222570532915365,0.5135502958579882,0.35347093712930006,0.42696309050344367,0.1110870804742337,0.129879939050021,0.17544283358289803,0.24473707008576628,0.12953599999999998,0.28734499789827656,0.18205128205128207,0.009064885496183206,0.431863967611336,0.23285714285714285,0.416015625,0.002888888888888886,0.10300511957360263,0.09170958631001827,0.1602836879432624,0.19304055944055945,0.052900763358778614,0.21266968325791852,0.4828571428571429,0.05543999999999999,0.04702290076335877,0.4901248910833575,0.463524811218986,0.10961083304233113,0.14535141117874928,0.1150127226463104,0.21859939939939937,0.1160567095285196,0.11443759459559233,0.079136690647482,0.17999999999999997,0.37635092180546725
49-9041.00,0.0788450973609783,0.1455399061032864,0.07129277566539924,0.14147997080094218,0.2231578947368421,0.15923497267759565,0.12865930482472396,0.09041591320072331,0.08623730939594684,0.4236567452647855,0.21132075471698114,0.11041666666666666,0.10571220087189177,0.28517110266159695,0.29494102010300716,0.2968641114982578,0.3962065331928345,0.13639514170040487,0.45307913828432184,0.22799422799422794,0.2459411764705882,0.5034965034965035,0.5595761515118131,0.5547337278106509,0.4893238434163701,0.6252121932292172,0.2580562710131535,0.3783102143757881,0.7590447077332855,0.4824352421380924,0.577536,0.45252732240437166,0.24722051282051277,0.011927480916030533,0.38866396761133604,0.25,0.4282589285714286,0.001280000000000001,0.23732379549758048,0.28110981890679515,0.217645390070922,0.2876923076923077,0.1793893129770992,0.47963800904977383,0.4711111111111111,0.188,0.24814249363867685,0.5707232065059541,0.6320792880258899,0.4798303133770484,0.14849658734550822,0.1150127226463104,0.15051051051051054,0.1490273656445763,0.09609066410720217,0.05575539568345324,0.27003601440576225,0.12460267005721554
49-9043.00,0.10529635583046777,0.14793427230046952,0.09262357414448671,0.11457619975767792,0.18421052631578946,0.11475409836065574,0.12865930482472396,0.09041591320072331,0.08623730939594684,0.1939543873212215,0.17358490566037735,0.09893333333333335,0.0773850730630344,0.14220532319391635,0.13568145317605362,0.3386759581881533,0.43905865823674034,0.10493927125506074,0.4211939967879493,0.17316017316017313,0.20458823529411763,0.5244755244755245,0.35153785291495987,0.35580419580419587,0.3469750889679715,0.36375982151518094,0.09240872181042449,0.2787673392181589,0.38918292287415734,0.24257125530624626,0.1408,0.3940731399747793,0.19230769230769232,0.11587786259541982,0.38866396761133604,0.17523809523809522,0.33482142857142855,0.001280000000000001,0.10407461953853708,0.2063465691975411,0.12482269503546098,0.25748251748251744,0.10687022900763359,0.3200904977375566,0.3657142857142857,0.11200000000000002,0.11704834605597962,0.2599128666860296,0.42475728155339804,0.2431485145953776,0.12197933960523888,0.04478371501272264,0.13932972972972976,0.16485328058028353,0.07209568459522316,0.06147389780483307,0.12004801920768307,0.1395549904640814
49-9044.00,0.1994017946161516,0.1581533646322379,0.19249049429657797,0.15987236700506466,0.23684210526315788,0.20491803278688525,0.20560661083524792,0.18836648583484028,0.1514640743208812,0.43081561654425976,0.3239748427672956,0.16875,0.1754074129511479,0.27782002534854244,0.31860912665448304,0.3831637630662021,0.46540217773094483,0.20599190283400812,0.6257060973583651,0.2528258778258778,0.28582352941176464,0.5034965034965035,0.49851272446843675,0.5422270037654653,0.5062870699881376,0.6252121932292172,0.35221486010892433,0.4098360655737705,0.5550962951717856,0.3556701030927835,0.6256640000000001,0.5943936527952921,0.38564102564102565,0.009064885496183206,0.5940080971659919,0.3657142857142857,0.5231584821428572,0.005555555555555556,0.24721228697664632,0.4319654427645789,0.19432624113475178,0.25748251748251744,0.1870229007633588,0.6066666666666666,0.3657142857142857,0.19600000000000004,0.3435114503816794,0.41624164972407784,0.6038969795037756,0.2534952598973086,0.19627375023058477,0.1272264631043257,0.19255255255255255,0.3403363006923838,0.19501458156447266,0.20365246264526835,0.38355342136854736,0.3095486331849968
49-9045.00,0.08952733635827212,0.093943661971831,0.08365019011406843,0.10794620750897417,0.0968421052631579,0.07487704918032786,0.06948047135551767,0.09041591320072331,0.07588883226843321,0.1449555469655972,0.17358490566037735,0.07674583333333333,0.07700619305105992,0.04461343472750317,0.13568145317605362,0.2032520325203252,0.3783222105139913,0.1280971659919028,0.33314642520906024,0.2526936026936026,0.14235294117647057,0.47818181818181815,0.3873426342303725,0.33674018289402907,0.3670225385527876,0.45163206906586484,0.15262185171349363,0.2547945565363598,0.4060475161987041,0.17915619856189896,0.22660266666666662,0.2735524379991593,0.18205128205128207,0.004713740458015263,0.437246963562753,0.2463111111111111,0.4715401785714286,0.004391111111111108,0.19176485027000492,0.4306363183253032,0.1602836879432624,0.24475524475524474,0.10496183206106868,0.3540271493212669,0.2587301587301587,0.10999999999999999,0.2258269720101781,0.26038338658146964,0.4753236245954693,0.12125092150700348,0.13300129127467253,0.08956743002544527,0.17237237237237238,0.1160567095285196,0.030510539333308714,0.04035233351780114,0.18720288115246095,0.1614240305149396
49-9051.00,0.26394286528170585,0.12093896713615024,0.14823193916349808,0.1881382590438061,0.2631578947368421,0.20158469945355192,0.280645519899207,0.18497890295358652,0.1514640743208812,0.4607653652879784,0.25267924528301894,0.071875,0.09302673676726475,0.20278833967046897,0.20200614720053164,0.3010452961672474,0.3483198688678141,0.20987854251012147,0.3559907515091101,0.22799422799422794,0.25899999999999995,0.5244755244755245,0.4434584914919828,0.4706831629908553,0.4500308422301305,0.6820496653409642,0.2388863765950335,0.3783102143757881,0.49445552343033006,0.2295763666291259,0.22613333333333335,0.5040458175704078,0.2594871794871795,0.009064885496183206,0.36534412955465584,0.3282539682539683,0.3797767857142857,0.012835555555555553,0.17751946139280456,0.4226615716896495,0.3468085106382979,0.31384615384615383,0.11927480916030533,0.47058823529411764,0.4374603174603175,0.125,0.2748091603053435,0.17426662794074935,0.2844356796116505,0.11381419832124057,0.194798007747648,0.143765903307888,0.2303423423423423,0.24727992087042533,0.22108604968806525,0.112955789214782,0.27003601440576225,0.2881436745073108
49-9052.00,0.18458908987323747,0.12093896713615024,0.1953422053231939,0.13776235880223656,0.1649122807017544,0.1346448087431694,0.1037575038909064,0.10488245931283906,0.08623730939594684,0.1530730575956707,0.17358490566037735,0.08333333333333333,0.10571220087189177,0.13307984790874525,0.13568145317605362,0.3386759581881533,0.43905865823674034,0.16194331983805668,0.37152489339314393,0.1558441558441558,0.21764705882352942,0.39944055944055945,0.35153785291495987,0.32275416890801506,0.3435349940688019,0.4610655737704919,0.20862743555966262,0.11493799915931062,0.26605207046695056,0.2035865892748852,0.152064,0.3940731399747793,0.21230769230769228,0.0715648854961832,0.39550445344129553,0.18575238095238095,0.49804687499999994,0.049999999999999996,0.15053650326109827,0.3435786675527497,0.1795177304964539,0.2751384615384615,0.16698473282442747,0.36293363499245856,0.36111111111111116,0.132,0.15945716709075486,0.16994481556781876,0.32493932038834955,0.2431485145953776,0.13576830843017892,0.10178117048346055,0.2303423423423423,0.16485328058028353,0.07965410314149654,0.06147389780483307,0.12004801920768307,0.30260648442466626
49-9061.00,0.07019757055364519,0.18866979655712052,0.08911596958174905,0.0711162619185587,0.14908070175438595,0.1871584699453552,0.13896094271103535,0.13110307414104883,0.1224961781192427,0.22960958639350604,0.18867924528301885,0.129375,0.1754074129511479,0.26996197718631176,0.20200614720053164,0.2545876887340302,0.3962065331928345,0.0,0.6347953702165365,0.15079365079365076,0.09944117647058821,0.4800968262506724,0.3661852634530833,0.546831629908553,0.3084223013048636,0.17736928897080223,0.05406893297418453,0.012478982765868007,0.025876524127271098,0.030862860608160785,0.0,0.10639974779319042,0.004273504273504274,0.01377862595419847,0.13639514170040487,0.0,0.027901785714285712,0.0,0.0,0.0,0.3425531914893617,0.34,0.0,0.2828054298642534,0.4126984126984127,0.0,0.0,0.14522218995062447,0.1786677454153182,0.0,0.16528315808891345,0.12722646310432567,0.18246246246246248,0.016485328058028353,0.057218797297796165,0.04496402877697841,0.022809123649459785,0.18335664335664334
49-9062.00,0.14344720939223146,0.24226917057902977,0.11549429657794677,0.1881382590438061,0.3280701754385965,0.24385245901639344,0.208441414066553,0.2260397830018083,0.1703970836109913,0.38654812524159254,0.24654088050314465,0.235,0.2532602391153853,0.4666666666666666,0.3559907515091101,0.3958745644599303,0.504185692541857,0.06072874493927125,0.5503405881375644,0.17316017316017313,0.07305882352941177,0.342119419042496,0.38083267399120657,0.619688004303389,0.3269276393831554,0.3534532932389175,0.14623188690745365,0.07388871374527112,0.1738902421352618,0.2035865892748852,0.12,0.16419714165615804,0.11965811965811966,0.005963740458015267,0.2623481781376518,0.10285714285714287,0.2603571428571429,0.0,0.057858194824321474,0.05146369828875229,0.24822695035460993,0.3002461538461539,0.0366793893129771,0.25900452488687786,0.4549587301587302,0.046500000000000014,0.06573367260390163,0.32762126052860874,0.22333468176914778,0.06466715813706851,0.15111603025272086,0.08956743002544527,0.20348348348348347,0.13114408176722714,0.1518697626342796,0.09626913853532558,0.2935174069627851,0.32508582326764146
49-9063.00,0.11445256068529107,0.08577464788732393,0.15399239543726237,0.11735312046116447,0.23684210526315788,0.1993237704918033,0.12865930482472396,0.16515973477998794,0.1646348633922622,0.2372477773482799,0.27295597484276735,0.08333333333333333,0.09355062024061221,0.3292167300380228,0.2803621864097026,0.3909407665505226,0.34392928228544667,0.0009327935222672072,0.5742232929057983,0.2528258778258778,0.17941176470588238,0.6455083378160301,0.5828918244914719,0.6858526089295319,0.530220640569395,0.3855854108060918,0.07962879219834451,0.13829340058848255,0.20187829063131818,0.29888243957376764,0.010133333333333334,0.2925993064312737,0.14397264957264957,0.08945610687022901,0.2127546558704453,0.07111111111111111,0.11830357142857142,0.0026666666666666687,0.06574794866400169,0.0830702774547267,0.319063829787234,0.25748251748251744,0.0,0.2828054298642534,0.30857142857142855,0.0014400000000000012,0.0012213740458015278,0.8844379901248911,0.9417475728155339,0.08536064874093044,0.19627375023058477,0.1150127226463104,0.245045045045045,0.07311572700296734,0.23256672450071983,0.18446781036709092,0.20873949579831927,0.3665861411315957
49-9064.00,0.0788450973609783,0.107981220657277,0.06273764258555133,0.05310014223252383,0.15350877192982457,0.14382513661202187,0.11487437930778922,0.11301989150090415,0.10779663674493356,0.2396598376497874,0.21524528301886794,0.07560000000000001,0.08232454581173874,0.07984790874524714,0.15143019327684554,0.23803948896631827,0.2469704952581665,0.0,0.48751869081242727,0.10649350649350649,0.1354705882352941,0.6584185045723507,0.35153785291495987,0.7560193652501345,0.46619217081850534,0.23826268309244347,0.07373036314661528,0.06157392812105926,0.09056783444544884,0.18950879320800484,0.0,0.020360445565363598,0.0,0.0,0.02850202429149798,0.0,0.0,0.0,0.0,0.0,0.5170212765957447,0.16671328671328675,0.0,0.26923076923076916,0.19714285714285712,0.0,0.0025445292620865164,0.16994481556781876,0.11124595469255663,0.0,0.09546209186496955,0.06717557251908396,0.18246246246246248,0.018542696999670292,0.01043781608771087,0.0038738240177089134,0.08609843937575029,0.2881436745073108
49-9071.00,0.11038313630536965,0.12093896713615024,0.08911596958174905,0.13776235880223656,0.12280701754385964,0.07581967213114756,0.15737789965167126,0.11746835443037976,0.10975657559484146,0.4607653652879784,0.22822641509433964,0.08773333333333333,0.08232454581173874,0.164958174904943,0.24445505897989703,0.3637630662020906,0.44678609062170704,0.13639514170040487,0.5451486957966439,0.19047619047619047,0.101875,0.48076923076923084,0.42965737578495095,0.41608391608391615,0.3400047449584816,0.5050198855369095,0.09830715086215372,0.09363177805800756,0.22663694891629116,0.21658147795200558,0.2532693333333334,0.48027663934426235,0.16235213675213678,0.09541984732824427,0.4463157894736843,0.2840888888888889,0.390625,0.04133333333333334,0.22967950066624593,0.21133078584482476,0.26595744680851063,0.31951328671328677,0.07389312977099236,0.33597285067873306,0.4292063492063492,0.09856000000000001,0.15945716709075486,0.2710194597734534,0.45631067961165045,0.1616678953426713,0.19627375023058477,0.10178117048346055,0.19255255255255255,0.16485328058028353,0.025951493226032706,0.023073848613416957,0.11250900360144056,0.1557533375715194
49-9081.00,0.21421449935906567,0.18866979655712052,0.17401140684410646,0.12191359186038635,0.27223859649122806,0.1871584699453552,0.17231156896168387,0.2890295358649789,0.15434518443024575,0.2899110939311944,0.23396226415094346,0.11106666666666667,0.08767564128950174,0.38022813688212925,0.23709641690203243,0.4343786295005807,0.5136986301369864,0.13639514170040487,0.5249003156670544,0.15079365079365076,0.1910735294117647,0.4370629370629371,0.3755746291826495,0.4706831629908553,0.3520759193357058,0.5050198855369095,0.2293309215312322,0.17404897015552753,0.3622713377817954,0.2035865892748852,0.3,0.38524590163934425,0.36000000000000004,0.011927480916030533,0.38866396761133604,0.3055555555555556,0.3671875,0.05511111111111112,0.2266112630619258,0.46652267818574517,0.19858156028368795,0.33398601398601396,0.1793893129770992,0.4988235294117647,0.4126984126984127,0.07750000000000001,0.2650551314673452,0.30496659889631134,0.3577063106796117,0.2263350534797398,0.19627375023058477,0.1743002544529262,0.18246246246246248,0.2407649192218925,0.08697257189265013,0.06744604316546761,0.30623649459783914,0.18335664335664334
49-9091.00,0.06307607788878265,0.12093896713615024,0.08269961977186313,0.12191359186038635,0.09890526315789476,0.05844262295081967,0.07678055287927077,0.10488245931283906,0.08623730939594684,0.17317356010823348,0.15101886792452832,0.08333333333333333,0.12909985593204482,0.13307984790874525,0.07744226615716897,0.24390243902439027,0.34141201264488935,0.0997570850202429,0.4132746303372654,0.1558441558441558,0.17941176470588238,0.3840774610005379,0.40934629983875337,0.45804195804195813,0.33879003558718856,0.39286060723639543,0.16957983523721515,0.10114543926019333,0.10626625908265996,0.2035865892748852,0.1408,0.2735524379991593,0.10568205128205128,0.0357824427480916,0.18951255060728742,0.10285714285714287,0.255859375,0.005555555555555556,0.06574794866400169,0.05848147532812759,0.10859574468085108,0.2085314685314685,0.0536736641221374,0.2262443438914027,0.32000000000000006,0.066,0.12091603053435114,0.1379262271275051,0.20010787486515644,0.11381419832124057,0.13576830843017892,0.08956743002544527,0.16890810810810813,0.07113748763600398,0.030510539333308714,0.019568960216442225,0.06842737094837933,0.29401144310235217
49-9092.00,0.3296233747736383,0.20153364632237875,0.3127376425855513,0.1994265545864345,0.30701754385964913,0.26336065573770495,0.280645519899207,0.24773960216998192,0.20285367096546586,0.3156242752222652,0.25267924528301894,0.09333333333333334,0.11258349392856473,0.176425855513308,0.2803621864097026,0.5212543554006969,0.6304589626507434,0.38866396761133604,0.4311831976518802,0.23015873015873015,0.301,0.5841850457235073,0.44755976644265727,0.5177514792899408,0.4946903914590748,0.6547676787273257,0.2831245944830027,0.2938734762505254,0.45642048316645856,0.21658147795200558,0.20053333333333334,0.46106557377049184,0.41025641025641024,0.1870229007633588,0.4284631578947369,0.4199619047619048,0.5580357142857143,0.03911111111111112,0.27351146644224705,0.38278783851138065,0.2970780141843972,0.37122237762237764,0.2633587786259542,0.5938914027149321,0.38765714285714287,0.34344,0.24814249363867685,0.3003194888178914,0.4151159654800432,0.2723263363468229,0.283194982475558,0.1561730279898219,0.25657657657657656,0.22584899439498846,0.20233305031562626,0.20637336284818297,0.3601440576230492,0.24698029243483785
49-9093.00,0.015769019472195663,0.029733959311424092,0.022756653992395428,0.02939472159300427,0.10526315789473684,0.06368852459016394,0.012682502038093834,0.022302591922845092,0.0,0.059435639737147286,0.14088050314465408,0.08166666666666668,0.08232454581173874,0.0,0.05191892340920418,0.1878002322880372,0.18294110759864185,0.0,0.2836503848922856,0.12337662337662335,0.06670588235294117,0.6094674556213019,0.4819874407844001,0.5101882732651964,0.32028469750889677,0.49558638083228257,0.14746072629323057,0.20885876418663304,0.3163836349961013,0.5685263796240146,0.015402666666666663,0.23939943253467844,0.15316239316239316,0.029580152671755722,0.23420890688259108,0.07936507936507936,0.2368526785714286,0.0026666666666666687,0.07100778455712184,0.04984216647283602,0.21843971631205672,0.22657342657342658,0.0,0.3457767722473605,0.32000000000000006,0.0,0.1484308736217133,0.18472262561719432,0.2760079557713053,0.0,0.10625345877144438,0.033139949109414764,0.13932972972972976,0.025057698648203088,0.057218797297796165,0.05003689356207342,0.06295318127250898,0.21524475524475528
49-9094.00,0.1424298532972511,0.12225352112676055,0.1953422053231939,0.10385231899218096,0.14908070175438595,0.1346448087431694,0.09264062847402356,0.11301989150090415,0.06865665791227314,0.29020487050637805,0.1761006289308176,0.12689999999999999,0.09936946881957827,0.2440456273764258,0.24445505897989703,0.3909407665505226,0.38344456152675327,0.12178137651821863,0.5136512155950601,0.1402597402597402,0.08625,0.580957504034427,0.34324516510260694,0.5043033889187735,0.38787188612099643,0.3780434571733437,0.11010400896561218,0.11916771752837328,0.3163836349961013,0.4824352421380924,0.10513066666666666,0.2787673392181589,0.1495726495726496,0.0013740458015267186,0.33943319838056685,0.07964444444444445,0.34095982142857145,0.0,0.07952871870397646,0.03738162485462702,0.33156028368794327,0.1532867132867133,0.06297709923664122,0.47963800904977383,0.28285714285714286,0.05456000000000001,0.2137404580152672,0.2073772872494917,0.21069309600863,0.08018727608996497,0.21306032097399003,0.11399491094147583,0.12900900900900902,0.08605341246290801,0.09095943002694822,0.062227141363832006,0.1610924369747899,0.2653273998728544
49-9095.00,0.19126294585630862,0.14284820031298903,0.18797528517110265,0.15333268112070195,0.3340350877192982,0.2701502732240437,0.19037649151411842,0.22204942736588304,0.1237211399004351,0.31310398144569,0.2830188679245283,0.1528125,0.1772831028869721,0.4544993662864385,0.26690480146203693,0.4343786295005807,0.46759747102212845,0.3973700404858299,0.7254804231046131,0.2528258778258778,0.31928676470588235,0.5454545454545454,0.5258044808557092,0.5422270037654653,0.5597864768683274,0.8463114754098361,0.44606869703702245,0.44333228247162676,0.794926821189768,0.8711340206185567,0.711136,0.690941572089113,0.41025641025641024,0.11927480916030533,0.6680161943319838,0.5158730158730159,0.5694419642857143,0.03528,0.3651202749140894,0.4950589798969929,0.24468085106382978,0.4309090909090909,0.3220419847328244,0.7199773755656108,0.5485333333333333,0.25943999999999995,0.32904156064461404,0.3345919256462387,0.5056634304207119,0.3355449501416211,0.2511898173768677,0.143765903307888,0.23255255255255255,0.3699307616221563,0.2699988925394071,0.23907028223574986,0.38355342136854736,0.3490654799745709
49-9096.00,0.08844893889759292,0.042691705790297345,0.10693916349809886,0.04703456476095152,0.1143859649122807,0.09686475409836066,0.17370117838879418,0.09335744424352017,0.06554035514091958,0.2372477773482799,0.21698113207547168,0.003958333333333334,0.002310700319943119,0.1454397972116603,0.11283712687600374,0.2032520325203252,0.42149631190727077,0.2127546558704453,0.5451486957966439,0.20923520923520922,0.15205882352941177,0.30984400215169444,0.3873426342303725,0.2958579881656805,0.35347093712930006,0.4877049180327869,0.23074654450364718,0.17486995586380832,0.4319654427645788,0.27072684744000697,0.33119999999999994,0.3783102143757881,0.21230769230769228,0.018129770992366408,0.431863967611336,0.3055555555555556,0.37723214285714285,0.001502222222222221,0.22091310751104565,0.37481309187572687,0.06702127659574468,0.3854545454545455,0.29627862595419846,0.6515384615384615,0.23285714285714285,0.15000000000000002,0.27857506361323153,0.22534998547778098,0.4357133225458468,0.15706359368331196,0.11621472053126729,0.10121119592875315,0.12036036036036035,0.1450708869106495,0.07965410314149654,0.06052850027670171,0.13565426170468187,0.11321042593769869
49-9097.00,0.09614015097564448,0.08098591549295775,0.07129277566539924,0.13861274373311455,0.15859649122807015,0.08973360655737705,0.208441414066553,0.20433996383363467,0.1703970836109913,0.2597603401623502,0.19441509433962265,0.15625,0.14588283720321063,0.39334854245880857,0.38073877166749737,0.5749128919860627,0.5660197869101978,0.2981376518218623,0.6282189732513705,0.23190235690235686,0.2459411764705882,0.4370629370629371,0.46546215710036354,0.5369822485207101,0.43060498220640564,0.5389344262295083,0.23655158176205734,0.16419714165615804,0.5045922204817864,0.29888243957376764,0.39119999999999994,0.437874369482976,0.21846153846153848,0.009064885496183206,0.4139271255060728,0.2463111111111111,0.3283705357142857,0.0,0.1825601374570447,0.2578102674862934,0.15602836879432622,0.48129230769230774,0.25405534351145037,0.48868778280542985,0.6061523809523809,0.25,0.34987277353689566,0.4090909090909091,0.5834091828478964,0.3233357906853426,0.10071942446043163,0.06412213740458014,0.16144144144144146,0.16485328058028353,0.08697257189265013,0.053034495480538645,0.23679471788715487,0.1557533375715194
49-9098.00,0.14503428490040085,0.04400625978090767,0.08269961977186313,0.01166457206071598,0.13877192982456138,0.08200819672131147,0.09264062847402356,0.09229656419529836,0.08623730939594684,0.17144182450715117,0.19441509433962265,0.0625,0.04905794525417702,0.2370088719898606,0.17734811984272028,0.3386759581881533,0.43905865823674034,0.1417004048582996,0.47696184305255585,0.1558441558441558,0.20458823529411763,0.4034427111350188,0.39360221138341667,0.37762237762237766,0.40403321470937126,0.45469977689397617,0.16957983523721515,0.19215006305170237,0.38918292287415734,0.257125530624621,0.42,0.565862757461118,0.3213675213675214,0.08015267175572519,0.5210947368421052,0.3657142857142857,0.47321428571428575,0.022222222222222223,0.2266112630619258,0.3322811098189068,0.12340425531914896,0.2751384615384615,0.1431297709923664,0.389894419306184,0.4549587301587302,0.1035,0.23854961832061067,0.30496659889631134,0.4753236245954693,0.3569627129166182,0.13171001660210294,0.07633587786259542,0.14944864864864868,0.16485328058028353,0.07013917088116946,0.03192830351103733,0.18720288115246095,0.24698029243483785
49-9099.01,0.11858302643091137,0.18866979655712052,0.13397338403041828,0.21221995620141332,0.23684210526315788,0.1993237704918033,0.24312606536722745,0.22792043399638334,0.1528164321273176,0.2372477773482799,0.2364779874213836,0.24,0.19364978389806722,0.2958783269961977,0.33314642520906024,0.4117909407665505,0.6940346563634235,0.1716599190283401,0.42071634269258457,0.3400072150072149,0.2610661764705883,0.3284346422807961,0.30045970334611954,0.32275416890801506,0.42348754448398573,0.49380395770685814,0.2388863765950335,0.2787673392181589,0.4081590405674894,0.3362427445204886,0.26666666666666666,0.25811790668348045,0.22457435897435893,0.011927480916030533,0.36534412955465584,0.21428571428571427,0.29296875,0.008444444444444445,0.12097622554176309,0.26914769895331453,0.22163120567375885,0.30615384615384617,0.15458015267175573,0.4253393665158371,0.3879365079365079,0.14256,0.18999151823579305,0.28231193726401393,0.714670981661273,0.37838047569161526,0.1429994465965689,0.05089058524173028,0.1299891891891892,0.19782393669634024,0.09609066410720217,0.07102010699132999,0.2070828331332533,0.1869040050858233
51-1011.00,0.3052068284941095,0.3333333333333333,0.33269961977186313,0.37928673023231313,0.3608771929824562,0.34229508196721314,0.2611354035425777,0.42194092827004215,0.2572419740504096,0.30132199458832626,0.25849056603773585,0.185625,0.16976631055063893,0.176425855513308,0.2242897491277621,0.32061324041811845,0.504185692541857,0.0353425101214575,0.3476837237636374,0.22799422799422794,0.26588235294117646,0.32275416890801506,0.21633098640920606,0.30338891877353413,0.2676156583629893,0.30555825007275195,0.11671024950354891,0.19215006305170237,0.29809755794616305,0.2035865892748852,0.21333333333333335,0.19539459857082805,0.11076923076923079,0.0,0.19271255060728743,0.14222222222222222,0.07955357142857142,0.0,0.08766393155200225,0.06549925236750291,0.07978723404255321,0.30615384615384617,0.0357824427480916,0.2828054298642534,0.2085333333333333,0.018999999999999996,0.026293469041560644,0.20040662213186172,0.3476436084142395,0.07056480295916917,0.3529791551374285,0.31170483460559795,0.41081081081081083,0.5281107814045499,0.33696334305437636,0.28514111787493085,0.375750300120048,0.32508582326764146
51-2011.00,0.11038313630536965,0.1940532081377152,0.07984790874524715,0.1488173629036506,0.27223859649122806,0.12841530054644806,0.19037649151411845,0.13110307414104883,0.08623730939594684,0.33629686896018557,0.21132075471698114,0.11041666666666666,0.1321402510898647,0.13307984790874525,0.16514371157999666,0.2968641114982578,0.43905865823674034,0.11336032388663968,0.5653970759262336,0.22799422799422794,0.16864705882352943,0.35580419580419587,0.3873426342303725,0.521785906401291,0.3400047449584816,0.3783102143757882,0.11698550952596291,0.18521437578814626,0.2846417653999821,0.257125530624621,0.17280000000000004,0.3395596889449348,0.2536752136752137,0.08015267175572519,0.36534412955465584,0.19047619047619047,0.41406250000000006,0.005555555555555556,0.11615470930640298,0.22428974912776212,0.19858156028368795,0.24923076923076926,0.16698473282442747,0.36293363499245856,0.3724190476190476,0.13799999999999998,0.15945716709075486,0.3145164101074644,0.5056634304207119,0.2431485145953776,0.19627375023058477,0.1150127226463104,0.16144144144144146,0.13114408176722714,0.07965410314149654,0.0818575908503966,0.29157262905162057,0.19476160203432927
51-2021.00,0.04476366817913606,0.08841940532081377,0.06273764258555133,0.04741084127903913,0.07894736842105263,0.006571038251366122,0.07678055287927077,0.05605786618444847,0.04617615930382972,0.08581368380363356,0.10943396226415095,0.03125,0.040170636331318864,0.057034220532319393,0.060225951154676854,0.15784436701509874,0.36880927291886195,0.016194331983805668,0.1730630780306806,0.19047619047619047,0.0661764705882353,0.46153846153846156,0.37184892886115756,0.3706293706293707,0.3330960854092527,0.31343971287224753,0.11671024950354891,0.1559478772593527,0.33208205963331244,0.09096422073984234,0.04100266666666667,0.21571563682219416,0.16235213675213678,0.05206106870229008,0.22348178137651817,0.07710476190476188,0.15694754464285715,0.001280000000000001,0.03857212988288098,0.05848147532812759,0.07978723404255321,0.2202797202797203,0.023854961832061067,0.26923076923076916,0.17777777777777778,0.00625,0.021204410517387615,0.18472262561719432,0.13652912621359223,0.008083394767133564,0.13171001660210294,0.10178117048346055,0.14944864864864868,0.13114408176722714,0.008878142419432236,0.005572465104839208,0.10564225690276109,0.07496503496503497
51-2022.00,0.15260341424705476,0.1338967136150235,0.09262357414448671,0.12191359186038635,0.18074385964912282,0.07581967213114756,0.06432965241236198,0.09041591320072331,0.10975657559484146,0.21473521453420955,0.17358490566037735,0.0625,0.06709450483656705,0.09505703422053231,0.11993271307526168,0.208130081300813,0.3962065331928345,0.02008097165991903,0.4821537353934763,0.1402597402597402,0.07305882352941177,0.4634534696073158,0.3873426342303725,0.5547337278106509,0.296085409252669,0.34920942865457366,0.09830715086215372,0.13829340058848255,0.20528709140968404,0.24257125530624626,0.04100266666666667,0.3011375577973939,0.09747692307692309,0.0013740458015267186,0.28340080971659914,0.08380952380952379,0.16601562499999997,0.0,0.02892909741216074,0.02554577172287756,0.3468085106382979,0.22657342657342658,0.0,0.16496983408748112,0.4292063492063492,0.0014400000000000012,0.0012213740458015278,0.16337496369445254,0.3008697411003236,0.018675875269985383,0.13171001660210294,0.08956743002544527,0.16890810810810813,0.1490273656445763,0.04614419136919044,0.05003689356207342,0.19714285714285712,0.17641449459631278
51-2023.00,0.05697194131890045,0.11042253521126759,0.06273764258555133,0.13776235880223656,0.09890526315789476,0.05844262295081967,0.11041836507818871,0.10488245931283906,0.08623730939594684,0.30132199458832626,0.21132075471698114,0.08773333333333333,0.06709450483656705,0.13231939163498102,0.1263775821011242,0.3010452961672474,0.3962065331928345,0.0,0.44771418286537085,0.1402597402597402,0.07874999999999999,0.4763636363636364,0.4068725149478703,0.5285099515868746,0.3469750889679715,0.25250994276845473,0.04325514637934763,0.0735603194619588,0.15094639074241473,0.14944121978688382,0.0015360000000000013,0.21571563682219416,0.11076923076923079,0.029580152671755722,0.29700404858299595,0.07964444444444445,0.140625,0.0,0.03857212988288098,0.05848147532812759,0.23829787234042557,0.2876923076923077,0.0,0.1689291101055807,0.31746031746031744,0.0,0.0,0.2795527156549521,0.2616808252427184,0.012286760046043017,0.16528315808891345,0.07633587786259542,0.10234234234234235,0.012528849324101544,0.017756284838864475,0.023073848613416957,0.06295318127250898,0.10108073744437382
51-2031.00,0.05697194131890045,0.13145539906103287,0.05988593155893535,0.04703456476095152,0.10526315789473684,0.08200819672131147,0.07678055287927077,0.09041591320072331,0.08623730939594684,0.17144182450715117,0.21132075471698114,0.08333333333333333,0.0773850730630344,0.15437262357414452,0.1053954145206845,0.3386759581881533,0.43905865823674034,0.12178137651821863,0.5327296893171624,0.17316017316017313,0.2317941176470588,0.48335664335664336,0.4264023956653681,0.4370629370629371,0.3269276393831554,0.4344262295081968,0.11010400896561218,0.16419714165615804,0.3622713377817954,0.21658147795200558,0.23893333333333336,0.4177175283732661,0.17094017094017094,0.002862595419847331,0.37311740890688255,0.20888888888888887,0.3691071428571429,0.001280000000000001,0.08766393155200225,0.09170958631001827,0.10859574468085108,0.25748251748251744,0.10687022900763359,0.40832579185520357,0.32000000000000006,0.07744,0.16963528413910092,0.2927679349404589,0.40958737864077677,0.14485443422703348,0.1807784541597491,0.12722646310432567,0.1616912912912913,0.04945598417408506,0.06511868286020156,0.05575539568345324,0.12785114045618248,0.14621741894469167
51-2041.00,0.05086780474901825,0.107981220657277,0.07129277566539924,0.07788923924413572,0.017543859649122806,0.012978142076502733,0.06432965241236198,0.09041591320072331,0.06554035514091958,0.15066099729416316,0.21132075471698114,0.071875,0.06659868654929181,0.015969581749049434,0.0429196433516088,0.11074564459930314,0.22721285563751317,0.024291497975708502,0.46424516807886146,0.17316017316017313,0.14235294117647057,0.39944055944055945,0.31848728554688677,0.32275416890801506,0.3736654804270462,0.42559899117276173,0.10988773323371542,0.15861443883984863,0.27946646057452784,0.16243610846400416,0.20053333333333334,0.3940731399747793,0.11965811965811966,0.05206106870229008,0.37311740890688255,0.1111111111111111,0.17438616071428573,0.027555555555555555,0.08240409565888211,0.1408871905632165,0.09255319148936172,0.24923076923076926,0.018129770992366408,0.3518552036199095,0.14222222222222222,0.014439999999999998,0.10602205258693807,0.1379262271275051,0.37545509708737873,0.036860280138129045,0.09208633093525177,0.06412213740458014,0.17343423423423424,0.04360039564787339,0.057218797297796165,0.026870811043472907,0.09296518607442975,0.11321042593769869
51-2091.00,0.07242558040165216,0.11042253521126759,0.05346958174904943,0.08466221656971276,0.2062736842105263,0.15027322404371585,0.1037575038909064,0.10608800482218202,0.07588883226843321,0.24159257827599534,0.25628930817610057,0.125,0.12974535521170502,0.17743979721166034,0.18431217810267483,0.47781649245063873,0.5224798033017211,0.1097975708502024,0.38835354710084735,0.17272727272727267,0.1354705882352941,0.47818181818181815,0.40283633959958737,0.3788327057557827,0.3341637010676156,0.6338151130080512,0.23074654450364718,0.33102143757881464,0.38918292287415734,0.37597461665078397,0.39119999999999994,0.508025956284153,0.33807863247863246,0.011927480916030533,0.5332404858299595,0.3719047619047619,0.4017522321428571,0.008444444444444445,0.20173662248404517,0.1411795979398571,0.1410496453900709,0.37122237762237764,0.18869274809160302,0.48190045248868774,0.42329523809523806,0.132,0.2633587786259542,0.3194888178913738,0.5618679207119741,0.19400147441120552,0.11621472053126729,0.06412213740458014,0.17237237237237238,0.13114408176722714,0.13156631843183578,0.11913546086207955,0.2573169267707083,0.18335664335664334
51-2092.00,0.14344720939223146,0.11042253521126759,0.08911596958174905,0.13776235880223656,0.07263157894736842,0.05336065573770492,0.09264062847402356,0.07866184448462929,0.05585825722237465,0.20971008890606885,0.1572327044025157,0.04106666666666666,0.046513368383632375,0.11406844106463879,0.0903389267320153,0.13937282229965156,0.32014693829762325,0.07125506072874493,0.2712729135515313,0.15584415584415579,0.16176470588235295,0.3284346422807961,0.37785812292807996,0.39944055944055945,0.296085409252669,0.37042875157629257,0.11671024950354891,0.24629571248423704,0.24634450969162086,0.22801697998787146,0.17280000000000004,0.26599936948297603,0.18119658119658122,0.0,0.26720647773279355,0.15873015873015872,0.20926339285714285,0.0,0.08766393155200225,0.05848147532812759,0.07978723404255321,0.22657342657342658,0.08396946564885495,0.2726696832579185,0.2571428571428572,0.075,0.06568278201865987,0.15393552134766195,0.22333468176914778,0.07275055290420208,0.14849658734550822,0.08956743002544527,0.18246246246246248,0.2407649192218925,0.09609066410720217,0.023073848613416957,0.2070828331332533,0.10934520025429116
51-2093.00,0.06307607788878265,0.07295774647887324,0.07984790874524715,0.09035151752319744,0.14908070175438595,0.09686475409836066,0.1037575038909064,0.0795660036166365,0.06554035514091958,0.20971008890606885,0.19441509433962265,0.10416666666666666,0.06709450483656705,0.10412167300380226,0.11170875560724373,0.23803948896631827,0.2469704952581665,0.040161943319838064,0.4311831976518802,0.12337662337662335,0.16176470588235295,0.6010973641742873,0.3873426342303725,0.7665411511565358,0.3138505338078292,0.265241536521486,0.14380370028115844,0.13829340058848255,0.18286077049938243,0.2544832365936065,0.13333333333333333,0.07224674232870952,0.0,0.0,0.010040485829959514,0.0,0.0,0.0,0.0,0.0,0.23120567375886522,0.16325034965034968,0.05206106870229008,0.3457767722473605,0.3492063492063492,0.05456000000000001,0.04627650551314674,0.2541388324135928,0.2616808252427184,0.07056480295916917,0.12042058660763696,0.0779236641221374,0.17237237237237238,0.008242664029014177,0.03506958544058473,0.00046116952591772814,0.12785114045618248,0.22863318499682136
51-3011.00,0.12360876554011437,0.11042253521126759,0.09262357414448671,0.07788923924413572,0.23684210526315788,0.1871584699453552,0.059642036611576396,0.0795660036166365,0.05585825722237465,0.15066099729416316,0.21132075471698114,0.084375,0.09936946881957827,0.12395437262357413,0.11170875560724373,0.24390243902439027,0.43905865823674034,0.0,0.33314642520906024,0.17316017316017313,0.14235294117647057,0.30984400215169444,0.28844131521227473,0.32275416890801506,0.24863582443653617,0.265241536521486,0.041289003362104566,0.0735603194619588,0.09660569007514543,0.18950879320800484,0.1408,0.13829340058848255,0.06837606837606838,0.0013740458015267186,0.29700404858299595,0.10666666666666666,0.11749999999999998,0.022222222222222223,0.05478995722000141,0.05848147532812759,0.2429078014184397,0.19304055944055945,0.0,0.11312217194570136,0.41996190476190476,0.0,0.0,0.2117339529480105,0.2616808252427184,0.0,0.1612248662608375,0.07633587786259542,0.19255255255255255,0.1490273656445763,0.030510539333308714,0.05003689356207342,0.09930372148859543,0.19930069930069932
51-3021.00,0.06307607788878265,0.09859154929577463,0.09262357414448671,0.03480557792310413,0.12280701754385964,0.06975409836065576,0.06855406507077746,0.05304400241109101,0.0543295049194465,0.17144182450715117,0.23396226415094346,0.1325,0.149447115834378,0.13307984790874525,0.15506451791548984,0.19094076655052267,0.30477988525933736,0.02008097165991903,0.3028603865536911,0.101010101010101,0.19152941176470586,0.37762237762237766,0.4068725149478703,0.3356643356643357,0.3138505338078292,0.34193423222427005,0.15630836987082442,0.22556746532156371,0.3087517854801648,0.42639478471801096,0.2208,0.37042875157629257,0.20512820512820512,0.047709923664122134,0.37311740890688255,0.19337142857142858,0.2197265625,0.016888888888888884,0.08240409565888211,0.12493769729190896,0.14184397163120566,0.2202797202797203,0.029580152671755722,0.25900452488687786,0.38095238095238093,0.018999999999999996,0.026293469041560644,0.1995004356665699,0.3358953613807983,0.024573520092086028,0.1807784541597491,0.12722646310432567,0.245045045045045,0.1160567095285196,0.2085717449887408,0.18446781036709092,0.1917767106842737,0.3458359821996186
51-3022.00,0.05086780474901825,0.049295774647887314,0.08269961977186313,0.07332876784491388,0.08526315789473685,0.06352459016393444,0.04997035499888832,0.04520795660036166,0.015434518443024577,0.11703131039814459,0.13679245283018868,0.07,0.09355062024061221,0.15437262357414452,0.09389018109320486,0.13937282229965156,0.23270108886547242,0.030121457489878545,0.2589023647338982,0.07142857142857142,0.0661764705882353,0.41608391608391615,0.29194667841797955,0.30984400215169444,0.32028469750889677,0.3031331845959841,0.09240872181042449,0.2735524379991593,0.3087517854801648,0.3654812440440094,0.12,0.20393284993694827,0.23076923076923078,0.08015267175572519,0.4284631578947369,0.18575238095238095,0.20926339285714285,0.0026666666666666687,0.10407461953853708,0.12057816913108492,0.10638297872340427,0.2202797202797203,0.04437022900763359,0.23981900452488686,0.2644444444444444,0.05456000000000001,0.026293469041560644,0.19604995643334303,0.2616808252427184,0.06014045706747372,0.1807784541597491,0.10178117048346055,0.18517717717717716,0.07311572700296734,0.07209568459522316,0.07436358605423353,0.1800720288115246,0.24698029243483785
51-3023.00,0.03815085356176369,0.0,0.03712927756653993,0.0037176119987056048,0.0168,0.008879781420765027,0.02316015711850589,0.0,0.0,0.059435639737147286,0.05471698113207547,0.032266666666666666,0.03622280015716504,0.04024334600760456,0.03270892174779863,0.043205574912891995,0.18294110759864185,0.0,0.10279946835022431,0.06902356902356901,0.049852941176470586,0.4437869822485207,0.3380171662643845,0.3840774610005379,0.3138505338078292,0.3282568629352992,0.08918424726214587,0.17404897015552753,0.3622713377817954,0.3556701030927835,0.13333333333333333,0.43442622950819676,0.23483076923076926,0.10687022900763359,0.41198380566801623,0.20190476190476192,0.2885044642857143,0.027555555555555555,0.09229258713794797,0.08336268483136736,0.07978723404255321,0.11716923076923079,0.0,0.1368325791855204,0.08761904761904761,0.0,0.012247667514843085,0.09758931164681964,0.2760079557713053,0.0,0.04242759638443091,0.008203562340966915,0.09415495495495495,0.0,0.0,0.005572465104839208,0.06842737094837933,0.10108073744437382
51-3091.00,0.07064520723543659,0.08577464788732393,0.07129277566539924,0.17684996350117774,0.09890526315789476,0.07581967213114756,0.09994070999777666,0.06683544303797466,0.0543295049194465,0.17144182450715117,0.25267924528301894,0.012916666666666667,0.03128332740846071,0.14220532319391635,0.11993271307526168,0.32061324041811845,0.48401826484018273,0.012307692307692304,0.33314642520906024,0.20952380952380953,0.07941176470588236,0.35580419580419587,0.30045970334611954,0.32275416890801506,0.3269276393831554,0.34920942865457366,0.11010400896561218,0.3126313577133249,0.2717035033363466,0.22801697998787146,0.16426666666666667,0.22659205548549805,0.13675213675213677,0.041984732824427475,0.37311740890688255,0.2180571428571429,0.30214285714285716,0.0,0.08766393155200225,0.10765907958132581,0.26595744680851063,0.25748251748251744,0.029580152671755722,0.15082956259426847,0.3961904761904762,0.031,0.03180661577608142,0.34853325588149864,0.547802049622438,0.09700073720560277,0.1612248662608375,0.1150127226463104,0.17201201201201202,0.16485328058028353,0.111262874229392,0.07436358605423353,0.22509003601440575,0.20185632549268917
51-3092.00,0.08545791197835068,0.1338967136150235,0.08911596958174905,0.12755773963170053,0.07859649122807018,0.037267759562841535,0.0902690283850886,0.09041591320072331,0.05585825722237465,0.40587553150367217,0.21132075471698114,0.09791666666666665,0.09606713192508465,0.14378707224334603,0.11170875560724373,0.20162601626016263,0.4946727549467275,0.016194331983805668,0.18431217810267483,0.17316017316017313,0.09375,0.256589564281872,0.31848728554688677,0.2560516406670253,0.3138505338078292,0.19912212629741002,0.09830715086215372,0.19215006305170237,0.3105182895272532,0.2035865892748852,0.152064,0.1847217843631778,0.09025641025641025,0.0,0.3507303643724696,0.15075555555555556,0.24860491071428575,0.001280000000000001,0.06574794866400169,0.024921083236418014,0.1602836879432624,0.0553846153846154,0.0013740458015267186,0.12217194570135748,0.20190476190476192,0.00625,0.0012213740458015278,0.28612256752831833,0.4151159654800432,0.049716111175778274,0.13171001660210294,0.0885496183206107,0.21859939939939937,0.16485328058028353,0.034146701613200936,0.04554049068437558,0.1610924369747899,0.1508963763509218
51-3093.00,0.08952733635827212,0.14788732394366194,0.06273764258555133,0.11735312046116447,0.09157894736842107,0.038415300546448095,0.1421477803305418,0.09041591320072331,0.06554035514091958,0.1939543873212215,0.21132075471698114,0.07291666666666667,0.09936946881957827,0.14378707224334603,0.07787838511380628,0.11614401858304296,0.41271513874253596,0.0353425101214575,0.1730630780306806,0.1714285714285714,0.09375,0.2528240989779451,0.27814556271094776,0.24068854222700373,0.32028469750889677,0.265241536521486,0.11010400896561218,0.2735524379991593,0.4754380032983943,0.15437927748418953,0.25066666666666665,0.22166614123581335,0.10256410256410256,0.0,0.21862348178137653,0.15873015873015872,0.2193080357142857,0.005555555555555556,0.08591065292096221,0.07310184416015948,0.10859574468085108,0.11398601398601398,0.06297709923664122,0.1368325791855204,0.19047619047619047,0.046500000000000014,0.03944020356234097,0.20331106593087425,0.42475728155339804,0.19400147441120552,0.10625345877144438,0.038167938931297704,0.18246246246246248,0.1490273656445763,0.011997489755989505,0.023073848613416957,0.11250900360144056,0.1224666242848061
51-4011.00,0.11038313630536965,0.1455399061032864,0.14472433460076048,0.1881382590438061,0.2631578947368421,0.24385245901639344,0.2148150893055659,0.11746835443037976,0.08623730939594684,0.3177425589485891,0.21132075471698114,0.25,0.2532602391153853,0.3653333333333333,0.3559907515091101,0.46457607433217185,0.46540217773094483,0.12696356275303644,0.5136512155950601,0.34579124579124576,0.2459411764705882,0.5177514792899408,0.39810910693360846,0.4128240989779452,0.4652716488730723,0.41771752837326614,0.27722616543127343,0.4689470365699874,0.7014677164484989,0.5598631205059343,0.48906666666666665,0.3940731399747793,0.21230769230769228,0.0013740458015267186,0.37311740890688255,0.20190476190476192,0.18,0.001280000000000001,0.11615470930640298,0.09170958631001827,0.2211914893617021,0.4151048951048951,0.16698473282442747,0.578763197586727,0.4642857142857143,0.125,0.23854961832061067,0.5990415335463258,0.84277238403452,0.4441857758118962,0.21309721453606348,0.12722646310432567,0.21859939939939937,0.1490273656445763,0.07475359001808853,0.06147389780483307,0.30424969987995193,0.1395549904640814
51-4012.00,0.14344720939223146,0.22833333333333336,0.11549429657794677,0.2185715038267322,0.30701754385964913,0.24385245901639344,0.17387719558289486,0.18083182640144663,0.12402493042217083,0.5059914959412446,0.3239748427672956,0.3770833333333334,0.3118463150410687,0.36045627376425854,0.3404566096250761,0.42519860627177697,0.6278538812785388,0.012307692307692304,0.5653970759262336,0.2528258778258778,0.16864705882352943,0.2781065088757396,0.2409937203922001,0.32275416890801506,0.3138505338078292,0.3282568629352992,0.1356638681897721,0.21571563682219416,0.4305853614777911,0.3362427445204886,0.0896,0.1471206389239176,0.09435897435897436,0.04437022900763359,0.242914979757085,0.12444444444444445,0.1220703125,0.0,0.08240409565888211,0.03738162485462702,0.2936170212765958,0.2692307692307692,0.0,0.3200904977375566,0.22666666666666666,0.0,0.0,0.2795527156549521,0.4753236245954693,0.0018624141543475748,0.13171001660210294,0.10178117048346055,0.20348348348348347,0.16485328058028353,0.11362545682749452,0.07102010699132999,0.2817767106842737,0.13668150031786397
51-4021.00,0.05697194131890045,0.09859154929577463,0.044914448669201516,0.027844462338483308,0.07894736842105263,0.08200819672131147,0.09264062847402356,0.09041591320072331,0.04617615930382972,0.17144182450715117,0.17358490566037735,0.08773333333333333,0.12135386457612213,0.13307984790874525,0.14104640859500467,0.3443623693379791,0.43905865823674034,0.08550607287449392,0.37152489339314393,0.1904761904761905,0.14235294117647057,0.342119419042496,0.39360221138341667,0.3496503496503497,0.45670225385527874,0.516235813366961,0.27722616543127343,0.48770491803278687,0.6327672699922027,0.4175257731958763,0.31206399999999995,0.43442622950819676,0.29021538461538465,0.13167938931297707,0.45473684210526316,0.33269841269841266,0.31473214285714285,0.022222222222222223,0.16899852724594994,0.1834191726200365,0.10859574468085108,0.2876923076923077,0.16698473282442747,0.40832579185520357,0.38095238095238093,0.11249999999999999,0.09541984732824427,0.16994481556781876,0.547802049622438,0.15706359368331196,0.11621472053126729,0.0885496183206107,0.17237237237237238,0.16485328058028353,0.07013917088116946,0.012874315931869888,0.1444717887154862,0.12635092180546728
51-4022.00,0.10027061672126479,0.14793427230046952,0.09505703422053233,0.1488173629036506,0.11368421052631579,0.0891393442622951,0.0902690283850886,0.09041591320072331,0.08623730939594684,0.1939543873212215,0.16415094339622643,0.08773333333333333,0.08793758302617548,0.11406844106463879,0.11993271307526168,0.2545876887340302,0.4566210045662101,0.08097165991902834,0.37152489339314393,0.17316017316017313,0.08625,0.37762237762237766,0.3124780914799643,0.3356643356643357,0.3736654804270462,0.36375982151518094,0.1536049232221152,0.3783102143757881,0.45642048316645856,0.3168153859481937,0.18666666666666668,0.2532313997477932,0.16235213675213678,0.08015267175572519,0.340080971659919,0.14222222222222222,0.18328124999999995,0.0026666666666666687,0.08766393155200225,0.09968433294567206,0.1602836879432624,0.16325034965034968,0.10687022900763359,0.2592383107088989,0.17857142857142858,0.125,0.0932994062765055,0.2541388324135928,0.5056634304207119,0.14226774790155072,0.07673860911270983,0.06717557251908396,0.18517717717717716,0.08605341246290801,0.08697257189265013,0.07436358605423353,0.1444717887154862,0.1395549904640814
51-4023.00,0.11445256068529107,0.15942879499217527,0.14258555133079848,0.10629811635975042,0.13877192982456138,0.12469945355191257,0.19037649151411842,0.1702833031946956,0.0870996824899063,0.26478546579049095,0.21698113207547168,0.14466249999999997,0.13278575036952495,0.29803802281368813,0.272574347898322,0.3909407665505226,0.5886605783866058,0.1522267206477733,0.42266157168964946,0.322991822991823,0.18661764705882353,0.47818181818181815,0.4451510811541659,0.4236148466917698,0.5523131672597865,0.618658453778252,0.3594355203397495,0.6620428751576292,0.8920086393088553,0.508966473187213,0.6144000000000001,0.5746899957965531,0.3702153846153846,0.001612595419847327,0.47368421052631576,0.33396825396825397,0.30214285714285716,0.0,0.2266112630619258,0.1354045522512045,0.2701276595744681,0.39776223776223774,0.1431297709923664,0.5090497737556562,0.31393015873015867,0.132,0.27857506361323153,0.3563404008132442,0.7281047734627831,0.25575861043210596,0.08393285371702637,0.08956743002544527,0.18517717717717716,0.20236069897790968,0.057218797297796165,0.05003689356207342,0.27783913565426166,0.17546090273363002
51-4031.00,0.05086780474901825,0.1338967136150235,0.07129277566539924,0.08466221656971276,0.07631578947368421,0.07487704918032786,0.1037575038909064,0.10488245931283906,0.08623730939594684,0.1939543873212215,0.17728301886792455,0.11499999999999999,0.10571220087189177,0.12395437262357413,0.1053954145206845,0.27113588850174214,0.504185692541857,0.12178137651821863,0.40518220080855066,0.2092352092352092,0.09952941176470591,0.48076923076923084,0.37184892886115756,0.35580419580419587,0.4351126927639383,0.477434765738675,0.20862743555966262,0.4010088272383354,0.5550962951717856,0.2035865892748852,0.152064,0.3940731399747793,0.21743589743589747,0.10496183206106868,0.47368421052631576,0.23142857142857146,0.3046875,0.0026666666666666687,0.10407461953853708,0.09968433294567206,0.17730496453900707,0.2876923076923077,0.08396946564885495,0.45248868778280543,0.23809523809523808,0.056249999999999994,0.047709923664122134,0.16994481556781876,0.37545509708737873,0.21728165134055022,0.13171001660210294,0.0779236641221374,0.12036036036036035,0.07418397626112759,0.030510539333308714,0.030667773473528857,0.16142857142857142,0.08167832167832169
51-4032.00,0.08545791197835068,0.14793427230046952,0.09262357414448671,0.19382755999729082,0.15350877192982457,0.10245901639344263,0.08059734677240052,0.09041591320072331,0.07588883226843321,0.17144182450715117,0.18867924528301885,0.1219,0.1255355773008775,0.13307984790874525,0.11993271307526168,0.22717770034843207,0.4292237442922375,0.06384453441295547,0.4132746303372654,0.17316017316017313,0.125,0.3840774610005379,0.35153785291495987,0.3991393222162454,0.40880664294187424,0.3783102143757882,0.1689654155443267,0.3783102143757881,0.4305853614777911,0.13150827341245774,0.10513066666666666,0.3940731399747793,0.11965811965811966,0.0357824427480916,0.38866396761133604,0.17523809523809522,0.1255580357142857,0.008444444444444445,0.06574794866400169,0.06549925236750291,0.17100709219858154,0.2353846153846154,0.08396946564885495,0.4253393665158371,0.29111111111111115,0.088,0.08481764206955046,0.25094394423467903,0.3640776699029126,0.1616678953426713,0.10071942446043163,0.0885496183206107,0.17343423423423424,0.025057698648203088,0.07855587138690981,0.07102010699132999,0.12751500600240095,0.14621741894469167
51-4033.00,0.05086780474901825,0.1338967136150235,0.06273764258555133,0.04214297002581257,0.12280701754385964,0.047855191256830604,0.14244423034165868,0.09229656419529836,0.07588883226843321,0.20971008890606885,0.18867924528301885,0.14583333333333331,0.14588283720321063,0.15437262357414452,0.24228830924295286,0.3443623693379791,0.5136986301369864,0.048582995951417005,0.4311831976518802,0.19047619047619047,0.08625,0.4034427111350188,0.42965737578495095,0.342119419042496,0.5693950177935944,0.4728877679697352,0.19907198049586128,0.44333228247162676,0.6779649321345028,0.5674434722342546,0.31206399999999995,0.43442622950819676,0.20004102564102563,0.06297709923664122,0.41198380566801623,0.1492063492063492,0.2603571428571429,0.0026666666666666687,0.10407461953853708,0.14886193719887025,0.2429078014184397,0.31951328671328677,0.023854961832061067,0.4988235294117647,0.22666666666666666,0.00625,0.024173027989821877,0.26633749636944526,0.5258899676375405,0.08018727608996497,0.06894484412470023,0.023348600508905862,0.14944864864864868,0.0870425321463897,0.025951493226032706,0.0211369366045625,0.13565426170468187,0.11321042593769869
51-4034.00,0.05697194131890045,0.12093896713615024,0.07129277566539924,0.06321445503871886,0.09157894736842107,0.06975409836065576,0.0902690283850886,0.07866184448462929,0.03827760573870096,0.13451874758407423,0.12256603773584908,0.11041666666666666,0.1255355773008775,0.10418250950570343,0.06805532480478485,0.20162601626016263,0.3783222105139913,0.057004048582995945,0.3404566096250761,0.20952380952380953,0.06088235294117647,0.43972027972027977,0.3380171662643845,0.39944055944055945,0.44104389086595486,0.36375982151518094,0.11671024950354891,0.34415720891130724,0.5337464376651785,0.19648271679805945,0.09999999999999999,0.43442622950819676,0.21230769230769228,0.08396946564885495,0.41198380566801623,0.14222222222222222,0.2193080357142857,0.016888888888888884,0.07670594010800197,0.07443096859943514,0.1410496453900709,0.2202797202797203,0.0536736641221374,0.40832579185520357,0.1507555555555556,0.056249999999999994,0.047709923664122134,0.19604995643334303,0.33120954692556637,0.1001564945226917,0.07673860911270983,0.04478371501272264,0.13932972972972976,0.10096933728981207,0.011997489755989505,0.0032666174752505692,0.13565426170468187,0.07496503496503497
51-4035.00,0.11445256068529107,0.12093896713615024,0.09505703422053233,0.11288295542628367,0.19789473684210526,0.12469945355191257,0.0902690283850886,0.07594936708860757,0.0543295049194465,0.17144182450715117,0.13679245283018868,0.18229166666666669,0.149447115834378,0.13307984790874525,0.09816830038212326,0.2787456445993032,0.3962065331928345,0.048582995951417005,0.3559907515091101,0.2092352092352092,0.101875,0.4480903711672943,0.42965737578495095,0.39335664335664344,0.3736654804270462,0.3783102143757882,0.13824443089990365,0.3235077763766288,0.5045922204817864,0.2869704582864074,0.04960000000000001,0.3160794976881042,0.16235213675213678,0.05206106870229008,0.37311740890688255,0.18575238095238095,0.28125,0.0026666666666666687,0.08240409565888211,0.05848147532812759,0.14184397163120566,0.19304055944055945,0.04437022900763359,0.19984917043740572,0.13368888888888888,0.00625,0.008057675996607293,0.21783328492593668,0.494336569579288,0.07056480295916917,0.14849658734550822,0.06717557251908396,0.14944864864864868,0.08605341246290801,0.025951493226032706,0.025748631863739775,0.12004801920768307,0.12635092180546728
51-4041.00,0.08704498748652005,0.17076682316118938,0.11412547528517111,0.13169678133066426,0.25052631578947365,0.1912568306010929,0.11041836507818871,0.11746835443037976,0.10975657559484146,0.2372477773482799,0.26485534591194965,0.21,0.18452859842460756,0.26996197718631176,0.22476740322312677,0.2730592334494774,0.4292237442922375,0.1716599190283401,0.4945727418729579,0.23015873015873015,0.17941176470588238,0.4763636363636364,0.4434584914919828,0.4868208714362561,0.4294187425860024,0.46894703656998743,0.23655158176205734,0.4098360655737705,0.543407006672693,0.4965130382049728,0.36799999999999994,0.2925993064312737,0.22457435897435893,0.022480916030534346,0.340080971659919,0.2085333333333333,0.2685546875,0.03333333333333333,0.13609825373448345,0.12057816913108492,0.17100709219858154,0.24923076923076926,0.06625954198473284,0.389894419306184,0.29622857142857145,0.05456000000000001,0.07951653944020357,0.28231193726401393,0.40958737864077677,0.14226774790155072,0.19627375023058474,0.13435114503816792,0.20348348348348347,0.16485328058028353,0.13156631843183578,0.09915144807231138,0.24849939975990393,0.15806738715829627
51-4051.00,0.04368527071845686,0.0790297339593114,0.06767110266159694,0.08503849308780036,0.07263157894736842,0.047855191256830604,0.129696879863633,0.06683544303797466,0.04311865469797342,0.17317356010823348,0.1572327044025157,0.14583333333333331,0.15362882855913332,0.20659062103929024,0.14576064684056045,0.4343786295005807,0.5065639269406392,0.1700404858299595,0.29494102010300716,0.24531024531024526,0.17002941176470587,0.4244217321140398,0.46871713721994657,0.3299838622915546,0.49605693950177937,0.5050198855369095,0.27034466487092274,0.4298681168558217,0.583084343667842,0.37597461665078397,0.47726933333333327,0.4255989911727617,0.29914529914529914,0.01377862595419847,0.44842105263157894,0.3139301587301587,0.42438616071428575,0.001502222222222221,0.21672277158285994,0.1354045522512045,0.1773049645390071,0.39398601398601396,0.21463740458015265,0.5027828054298642,0.42857142857142855,0.16949999999999998,0.5496183206106869,0.30932326459483006,0.589940668824164,0.27475782149277667,0.06843755764619072,0.06412213740458014,0.16144144144144146,0.02439828552588197,0.04014544649119569,0.025748631863739775,0.1917767106842737,0.09281627463445648
51-4052.00,0.11190917044784014,0.05173708920187793,0.07361216730038021,0.04741084127903913,0.07263157894736842,0.05336065573770492,0.060448010079300375,0.09335744424352017,0.07588883226843321,0.11703131039814459,0.1761006289308176,0.05059999999999999,0.040170636331318864,0.08815209125475283,0.07528243894334606,0.22276422764227644,0.4878600280997541,0.06441457489878542,0.23709641690203243,0.19191919191919188,0.21873529411764703,0.4597902097902098,0.3755746291826495,0.34857450242065624,0.38552787663107946,0.42696309050344367,0.1444820196221073,0.3086906263135771,0.4600431965442764,0.16243610846400416,0.2109333333333333,0.3940731399747793,0.17739487179487176,0.004713740458015263,0.38866396761133604,0.22043809523809524,0.20926339285714285,0.011111111111111112,0.10300511957360263,0.06608406712078418,0.1410496453900709,0.2156979020979021,0.0715648854961832,0.35444947209653094,0.38095238095238093,0.066,0.19168787107718402,0.23671216961951785,0.4357133225458468,0.14226774790155072,0.14535141117874928,0.07245801526717556,0.16144144144144146,0.1160567095285196,0.04614419136919044,0.0353563303203591,0.11055822328931572,0.11697393515575334
51-4061.00,0.12360876554011437,0.1338967136150235,0.11412547528517111,0.11735312046116447,0.14908070175438595,0.16295081967213115,0.11487437930778922,0.11746835443037976,0.07588883226843321,0.2372477773482799,0.19441509433962265,0.151875,0.15362882855913332,0.164958174904943,0.20629118901257132,0.3386759581881533,0.42149631190727077,0.0249004048582996,0.6257060973583651,0.23015873015873015,0.13183823529411764,0.45804195804195813,0.40283633959958737,0.39335664335664344,0.40880664294187424,0.41771752837326614,0.24844183165883488,0.3160794976881042,0.6469131031817774,0.47377198302001217,0.03306666666666667,0.3160794976881042,0.25641025641025644,0.07389312977099236,0.39550445344129553,0.15873015873015872,0.1478794642857143,0.005555555555555556,0.09818360333824253,0.062302708091045024,0.1773049645390071,0.2876923076923077,0.023854961832061067,0.389894419306184,0.16,0.014439999999999998,0.005301102629346904,0.19078710426953235,0.5574433656957929,0.049716111175778274,0.16528315808891345,0.10178117048346055,0.17824864864864867,0.13114408176722714,0.03506958544058473,0.016064071819467497,0.13565426170468187,0.07496503496503497
51-4062.00,0.05086780474901825,0.12093896713615024,0.07129277566539924,0.14147997080094218,0.2424982456140351,0.15923497267759565,0.09994070999777666,0.10488245931283906,0.07588883226843321,0.18981059141863166,0.22822641509433964,0.1219,0.1255355773008775,0.11406844106463879,0.11170875560724373,0.21545180023228808,0.3962065331928345,0.04275303643724697,0.4593509442321537,0.23015873015873015,0.17941176470588238,0.4370629370629371,0.35153785291495987,0.35580419580419587,0.3469750889679715,0.35561160151324084,0.11671024950354891,0.19272803699033206,0.34778048427052355,0.24257125530624626,0.07406933333333336,0.1559478772593527,0.11487179487179489,0.09404580152671756,0.22348178137651817,0.12444444444444445,0.18328124999999995,0.008444444444444445,0.07952871870397646,0.07443096859943514,0.2681702127659575,0.2692307692307692,0.0536736641221374,0.2726696832579185,0.34377142857142856,0.066,0.07951653944020357,0.23525994772001163,0.38641113807982747,0.07275055290420208,0.1807784541597491,0.1150127226463104,0.16890810810810813,0.07113748763600398,0.030510539333308714,0.0353563303203591,0.1610924369747899,0.10108073744437382
51-4071.00,0.04476366817913606,0.0012206572769953054,0.022756653992395428,0.009406912952190304,0.04578947368421053,0.02151639344262295,0.04997035499888832,0.010849909584086808,0.007408568852651803,0.09954387321221495,0.10943396226415095,0.057499999999999996,0.06709450483656705,0.03193916349809887,0.0825095530819073,0.15784436701509874,0.28813224446786095,0.0353425101214575,0.3404566096250761,0.1558441558441558,0.08629411764705883,0.4195804195804196,0.5220787805342174,0.45804195804195813,0.32028469750889677,0.5122950819672132,0.08918424726214587,0.34415720891130724,0.4754380032983943,0.04060902711600104,0.152064,0.5746899957965531,0.3760683760683761,0.04437022900763359,0.5295157894736843,0.35266031746031745,0.3482142857142857,0.022222222222222223,0.19176485027000492,0.0930387107492939,0.09361702127659574,0.20391608391608396,0.0366793893129771,0.40832579185520357,0.20190476190476192,0.018999999999999996,0.052586938083121294,0.10920708684286957,0.5258899676375405,0.06014045706747372,0.07338129496402877,0.0066157760814249305,0.10750750750750751,0.04945598417408506,0.008878142419432236,0.008470146959355595,0.13565426170468187,0.06929434202161476
51-4072.00,0.07064520723543659,0.1338967136150235,0.08269961977186313,0.08428594005162514,0.1068421052631579,0.08239071038251368,0.07678055287927077,0.10608800482218202,0.053467131825487055,0.21473521453420955,0.23396226415094346,0.11041666666666666,0.10571220087189177,0.13307984790874525,0.1928822617267542,0.32061324041811845,0.5136986301369864,0.048582995951417005,0.3559907515091101,0.17316017316017313,0.12682352941176467,0.46153846153846156,0.39360221138341667,0.35580419580419587,0.3523416370106761,0.43287418760306534,0.15925758439668902,0.4177175283732661,0.45642048316645856,0.3865979381443299,0.16000000000000003,0.4706284153005465,0.3702153846153846,0.20873091603053434,0.41198380566801623,0.2984126984126984,0.24860491071428575,0.008444444444444445,0.19527140753208502,0.1869081242731351,0.10638297872340427,0.25748251748251744,0.029580152671755722,0.33597285067873306,0.26948571428571433,0.031,0.16963528413910092,0.28612256752831833,0.547802049622438,0.09700073720560277,0.16528315808891345,0.11399491094147583,0.1616912912912913,0.012528849324101544,0.05168149433349331,0.05575539568345324,0.13565426170468187,0.10395422759059125
51-4081.00,0.10218324617982791,0.09859154929577463,0.10693916349809886,0.14147997080094218,0.16824561403508773,0.14036885245901642,0.15737789965167126,0.11746835443037976,0.08623730939594684,0.18981059141863166,0.18867924528301885,0.07,0.09936946881957827,0.14378707224334603,0.13568145317605362,0.2968641114982578,0.46540217773094483,0.08097165991902834,0.5136512155950601,0.2888888888888889,0.1827941176470588,0.45804195804195813,0.40934629983875337,0.3496503496503497,0.5124555160142349,0.41771752837326614,0.15262185171349363,0.35561160151324084,0.5247759093010578,0.257125530624621,0.20053333333333334,0.35561160151324084,0.11965811965811966,0.0013740458015267186,0.3348987854251012,0.14222222222222222,0.24107142857142855,0.001280000000000001,0.10407461953853708,0.09968433294567206,0.1602836879432624,0.23835524475524478,0.10687022900763359,0.24769230769230763,0.28285714285714286,0.03844000000000001,0.11704834605597962,0.34853325588149864,0.6038969795037756,0.14485443422703348,0.19627375023058477,0.10121119592875315,0.1616912912912913,0.1490273656445763,0.057218797297796165,0.04496402877697841,0.30424969987995193,0.14621741894469167
51-4111.00,0.14344720939223146,0.20153364632237875,0.18797528517110265,0.14147997080094218,0.20381754385964915,0.17289617486338796,0.1421477803305418,0.15732368896925858,0.11900748696640663,0.3238345574023966,0.4308176100628931,0.14875,0.11945478698523769,0.13307984790874525,0.12815667054327964,0.1821138211382114,0.29636459430979983,0.06384453441295547,0.6257060973583651,0.1904761904761905,0.09375,0.3854545454545455,0.31848728554688677,0.4090909090909091,0.38647686832740213,0.3182898438257833,0.18653781876093664,0.22166614123581335,0.33535975268943347,0.27072684744000697,0.21333333333333335,0.22577106977721728,0.12854700854700854,0.002862595419847331,0.3148178137651822,0.12698412698412698,0.11049107142857141,0.005555555555555556,0.07670594010800197,0.03738162485462702,0.19858156028368795,0.20839160839160842,0.0536736641221374,0.389894419306184,0.18575238095238095,0.03844000000000001,0.12091603053435114,0.14522218995062447,0.2616808252427184,0.07275055290420208,0.13171001660210294,0.06717557251908396,0.1299891891891892,0.13114408176722714,0.025951493226032706,0.01056846830228125,0.12785114045618248,0.05816910362364908
51-4121.06,0.07630170712352738,0.08577464788732393,0.08911596958174905,0.08466221656971276,0.19789473684210526,0.1346448087431694,0.1037575038909064,0.0795660036166365,0.05585825722237465,0.11327406262079633,0.18867924528301885,0.10062499999999999,0.1255355773008775,0.13307984790874525,0.18967713352162596,0.27113588850174214,0.3962065331928345,0.1522267206477733,0.533207343412527,0.19047619047619047,0.13183823529411764,0.5422270037654653,0.34324516510260694,0.36363636363636365,0.44483985765124556,0.4728877679697352,0.27722616543127343,0.20885876418663304,0.42161483311367043,0.34436454994368887,0.452736,0.43442622950819676,0.24722051282051277,0.041984732824427475,0.38866396761133604,0.2644444444444444,0.3273214285714286,0.03333333333333333,0.16436987166000422,0.19442432297723874,0.23829787234042557,0.2692307692307692,0.13167938931297707,0.47963800904977383,0.2742857142857143,0.10999999999999999,0.2523324851569126,0.2795527156549521,0.33120954692556637,0.15706359368331196,0.13171001660210294,0.05642748091603052,0.13837837837837838,0.12363996043521265,0.07209568459522316,0.0353563303203591,0.22861944777911158,0.19476160203432927
51-4121.07,0.015769019472195663,0.0048826291079812215,0.011882129277566541,0.004891594735138955,0.00649122807017544,0.006571038251366122,0.02316015711850589,0.005352622061482827,0.004468660577789976,0.02300734441437961,0.038993710691823905,0.019375000000000003,0.020581136452934686,0.023634980988593162,0.0825095530819073,0.1696260162601626,0.29636459430979983,0.0,0.25786398626571416,0.04045214045214043,0.039882352941176466,0.35580419580419587,0.30574779412501124,0.41608391608391615,0.3138505338078292,0.20461489960228926,0.048445763944869345,0.11034047919293821,0.21425761977380467,0.13150827341245774,0.046933333333333334,0.22166614123581335,0.12406153846153849,0.06297709923664122,0.3117408906882591,0.1388888888888889,0.09040178571428571,0.005555555555555556,0.07670594010800197,0.05848147532812759,0.1795177304964539,0.1875524475524476,0.0013740458015267186,0.2206334841628959,0.28285714285714286,0.0,0.0,0.14522218995062447,0.3198321197411003,0.0,0.010791366906474814,0.0,0.1003003003003003,0.004286185295087368,0.011997489755989505,0.016064071819467497,0.07289315726290514,0.10108073744437382
51-4122.00,0.07064520723543659,0.0654303599374022,0.11412547528517111,0.06321445503871886,0.06837894736842107,0.04234972677595629,0.08059734677240052,0.09041591320072331,0.08623730939594684,0.17144182450715117,0.25267924528301894,0.071875,0.05893689075158568,0.0859315589353612,0.11170875560724373,0.2545876887340302,0.41271513874253596,0.040161943319838064,0.44027247051005153,0.1904761904761905,0.10808823529411762,0.342119419042496,0.37184892886115756,0.3706293706293707,0.38552787663107946,0.36375982151518094,0.14380370028115844,0.37042875157629257,0.38918292287415734,0.1754309971411245,0.12953599999999998,0.3940731399747793,0.2441025641025641,0.09541984732824427,0.38866396761133604,0.16825396825396827,0.3482142857142857,0.012835555555555553,0.08240409565888211,0.0830702774547267,0.14184397163120566,0.31951328671328677,0.04437022900763359,0.3054298642533937,0.1507555555555556,0.046500000000000014,0.12091603053435114,0.19604995643334303,0.4055842098166128,0.04009363804498248,0.11621472053126729,0.10178117048346055,0.16890810810810813,0.09891196834817012,0.030510539333308714,0.0353563303203591,0.1610924369747899,0.09541004450095361
51-4191.00,0.06358475593627282,0.12093896713615024,0.11412547528517111,0.13776235880223656,0.07263157894736842,0.05336065573770492,0.12865930482472396,0.10488245931283906,0.06554035514091958,0.2372477773482799,0.26485534591194965,0.14583333333333331,0.1403259303609183,0.15437262357414452,0.1730630780306806,0.3637630662020906,0.5565068493150684,0.12696356275303644,0.39536606302265054,0.3400072150072149,0.15205882352941177,0.4437869822485207,0.39059761434995544,0.363098440021517,0.40880664294187424,0.5368852459016394,0.29492145258646113,0.4177175283732661,0.6779649321345028,0.32487221692800833,0.23893333333333336,0.565862757461118,0.3059418803418803,0.0715648854961832,0.5010526315789474,0.4285714285714286,0.3482142857142857,0.005555555555555556,0.2060102391472053,0.1116464528991527,0.1602836879432624,0.2876923076923077,0.1870229007633588,0.47058823529411764,0.32825396825396824,0.056249999999999994,0.17859202714164546,0.3145164101074644,0.547802049622438,0.2263350534797398,0.1429994465965689,0.099175572519084,0.16890810810810813,0.13114408176722714,0.02399497951197901,0.023073848613416957,0.30424969987995193,0.1224666242848061
51-4192.00,0.09614015097564448,0.1275430359937402,0.11543726235741443,0.1488173629036506,0.1868421052631579,0.1346448087431694,0.12969687986363299,0.13261000602772754,0.08415977421504446,0.2899110939311944,0.220125786163522,0.18229166666666669,0.18146013808071546,0.19062103929024082,0.12114415462147643,0.27113588850174214,0.3962065331928345,0.06072874493927125,0.5849532037437004,0.23190235690235686,0.15205882352941177,0.4428133405056482,0.35266457680250785,0.33674018289402907,0.2910747330960854,0.4041917256765933,0.11830774070505888,0.11493799915931062,0.33208205963331244,0.14294377544832365,0.15300266666666665,0.30832282471626726,0.11965811965811966,0.004713740458015263,0.30409068825910923,0.1528190476190476,0.3056640625,0.002888888888888886,0.09311662809453676,0.062302708091045024,0.28900709219858156,0.30129230769230764,0.04508587786259541,0.38009049773755654,0.25047619047619046,0.037500000000000006,0.12722646310432567,0.16337496369445254,0.4854368932038834,0.024573520092086028,0.050350488839697456,0.04809160305343511,0.16890810810810813,0.08176722716782064,0.06511868286020156,0.04957572403615569,0.22509003601440575,0.14881118881118882
51-4193.00,0.13352798746617292,0.107981220657277,0.09262357414448671,0.14147997080094218,0.13877192982456138,0.09686475409836066,0.0902690283850886,0.09041591320072331,0.08623730939594684,0.15066099729416316,0.21132075471698114,0.057499999999999996,0.05680393661009971,0.09505703422053231,0.11993271307526168,0.3386759581881533,0.43905865823674034,0.0353425101214575,0.21338677521182922,0.17316017316017313,0.10808823529411762,0.37762237762237766,0.3661852634530833,0.32275416890801506,0.3670225385527876,0.4344262295081968,0.09830715086215372,0.17404897015552753,0.2259883107115009,0.14944121978688382,0.12953599999999998,0.3940731399747793,0.13675213675213677,0.05916030534351146,0.4042105263157895,0.21428571428571427,0.2622767857142857,0.001280000000000001,0.09818360333824253,0.10765907958132581,0.1410496453900709,0.23835524475524478,0.029580152671755722,0.3200904977375566,0.2571428571428572,0.031,0.037319762510602206,0.24655242521057222,0.442455501618123,0.06014045706747372,0.10071942446043163,0.11399491094147583,0.14944864864864868,0.11473788328387735,0.08697257189265013,0.087253274303634,0.1532893157262905,0.1557533375715194
51-4194.00,0.04329867540236433,0.1338967136150235,0.0670722433460076,0.07788923924413572,0.13877192982456138,0.10245901639344263,0.1037575038909064,0.09041591320072331,0.04617615930382972,0.15066099729416316,0.21132075471698114,0.22559999999999997,0.22721574644039885,0.2370088719898606,0.20200614720053164,0.4117909407665505,0.5136986301369864,0.024291497975708502,0.48751869081242727,0.27549302549302546,0.15788235294117647,0.5244755244755245,0.5047723016214808,0.5422270037654653,0.4782918149466192,0.36375982151518094,0.11551090226303061,0.4177175283732661,0.5120101573982708,0.4385774928528113,0.09999999999999999,0.3940731399747793,0.21743589743589747,0.11587786259541982,0.3507303643724696,0.1111111111111111,0.21177455357142855,0.0,0.08766393155200225,0.0947399900315667,0.33156028368794327,0.25748251748251744,0.023854961832061067,0.3299396681749623,0.3127365079365079,0.018999999999999996,0.019983036471586085,0.3345919256462387,0.5056634304207119,0.04850036860280138,0.06894484412470023,0.0397557251908397,0.12900900900900902,0.018542696999670292,0.07209568459522316,0.06744604316546761,0.18720288115246095,0.13101080737444376
51-5111.00,0.07064520723543659,0.1338967136150235,0.09262357414448671,0.1700769861756007,0.2288140350877193,0.20158469945355192,0.09994070999777666,0.09041591320072331,0.11073654501979538,0.17144182450715117,0.25267924528301894,0.10416666666666666,0.06709450483656705,0.13307984790874525,0.08566622362518692,0.32061324041811845,0.42149631190727077,0.0,0.44027247051005153,0.1558441558441558,0.0661764705882353,0.30338891877353413,0.2409937203922001,0.2781065088757396,0.2846975088967971,0.046985643612377545,0.026818190755195537,0.10639974779319042,0.0837985357337547,0.18950879320800484,0.0,0.01871847414880201,0.008547008547008548,0.0,0.02850202429149798,0.0,0.010602678571428568,0.0,0.0,0.0,0.3102836879432624,0.19160839160839163,0.0,0.14177978883861234,0.44571428571428573,0.0,0.0,0.09610223642172523,0.20010787486515644,0.0,0.16528315808891345,0.1150127226463104,0.21859939939939937,0.1490273656445763,0.17442504337553985,0.11104962184098875,0.23285714285714285,0.25335028607755883
51-5112.00,0.09537713390440922,0.16079812206572774,0.09262357414448671,0.15051060723504486,0.21052631578947367,0.16939890710382516,0.1269176610094123,0.10488245931283906,0.07588883226843321,0.1939543873212215,0.21132075471698114,0.129375,0.09302673676726475,0.15437262357414452,0.14104640859500467,0.31358885017421606,0.48401826484018273,0.0019433198380566818,0.4593509442321537,0.1904761904761905,0.10808823529411762,0.3706293706293707,0.33122677696876224,0.4128240989779452,0.3520759193357058,0.34193423222427005,0.17547826428894436,0.35561160151324084,0.34778048427052355,0.2869704582864074,0.22459733333333334,0.3160794976881042,0.09747692307692309,0.011927480916030533,0.28858299595141707,0.1492063492063492,0.2603571428571429,0.004053333333333337,0.11045655375552284,0.09968433294567206,0.319063829787234,0.3002461538461539,0.0,0.389894419306184,0.4642857142857143,0.0,0.0,0.2587859424920128,0.33120954692556637,0.005897644822100654,0.1807784541597491,0.12722646310432567,0.2303423423423423,0.16485328058028353,0.13156631843183578,0.0818575908503966,0.19890756302521007,0.21581691036236486
51-5113.00,0.13429100453740817,0.12225352112676055,0.14823193916349808,0.1488173629036506,0.17543859649122806,0.12021857923497266,0.1162084043578152,0.10608800482218202,0.08623730939594684,0.18429068419018169,0.18867924528301885,0.07291666666666667,0.08232454581173872,0.21425602027883395,0.1730630780306806,0.33031358885017426,0.4292237442922375,0.10493927125506074,0.4593509442321537,0.1714285714285714,0.17227941176470588,0.41608391608391615,0.37184892886115756,0.4370629370629371,0.3269276393831554,0.3334465030555825,0.12386701008631369,0.28734499789827656,0.42161483311367043,0.24257125530624626,0.030399999999999996,0.3160794976881042,0.24923076923076926,0.24755725190839692,0.41198380566801623,0.2495238095238095,0.255859375,0.044444444444444446,0.11615470930640298,0.14537298554577174,0.19432624113475178,0.23835524475524478,0.13167938931297707,0.25452488687782804,0.32000000000000006,0.09375,0.07951653944020357,0.23961661341853036,0.37545509708737873,0.199174847062171,0.1612248662608375,0.1272264631043257,0.17824864864864867,0.1160567095285196,0.06321754217579093,0.05003689356207342,0.27783913565426166,0.21524475524475528
51-6011.00,0.04476366817913606,0.042887323943661966,0.07129277566539924,0.018813825904380608,0.09157894736842107,0.05844262295081967,0.034277032535388725,0.04520795660036166,0.030869036886049153,0.05798221878623888,0.12256603773584908,0.02893333333333334,0.023387655060153053,0.06337135614702155,0.0903389267320153,0.13937282229965156,0.2140850017562346,0.0,0.15143019327684554,0.06625781625781624,0.08625,0.34857450242065624,0.2624014742556111,0.30338891877353413,0.296085409252669,0.2564506741682025,0.05087395057116454,0.17404897015552753,0.18286077049938243,0.054145369488001395,0.04100266666666667,0.17404897015552753,0.18119658119658122,0.08015267175572519,0.36534412955465584,0.16825396825396827,0.18328124999999995,0.008444444444444445,0.10957991444000281,0.12057816913108492,0.06170212765957448,0.12531468531468534,0.0,0.10407239819004524,0.25,0.0,0.0,0.11617775196049956,0.21069309600863,0.0,0.08393285371702637,0.06717557251908396,0.17343423423423424,0.03297065611605671,0.07209568459522316,0.07436358605423353,0.15126050420168063,0.19476160203432927
51-6021.00,0.0,0.0,0.0,0.0024457973675694774,0.046315789473684206,0.02151639344262295,0.005336100200103767,0.003616636528028936,0.003057504605856298,0.013730189408581383,0.034905660377358504,0.01601666666666667,0.011693827530076526,0.04024334600760456,0.03270892174779863,0.11207433217189317,0.20580874604847207,0.0,0.11993271307526168,0.03787878787878787,0.0,0.43272727272727274,0.39360221138341667,0.35580419580419587,0.3330960854092527,0.40100882723833553,0.12288393857769216,0.3235077763766288,0.41402438603633757,0.27072684744000697,0.2576,0.22166614123581335,0.2692307692307692,0.05206106870229008,0.37311740890688255,0.23142857142857146,0.30214285714285716,0.04133333333333334,0.09818360333824253,0.06549925236750291,0.07978723404255321,0.16325034965034968,0.0,0.24769230769230763,0.17857142857142858,0.0,0.0,0.11385419692128959,0.20010787486515644,0.0,0.023980815347721816,0.0,0.06822822822822823,0.0,0.004439071209716118,0.005572465104839208,0.0020288115246098423,0.07496503496503497
51-6031.00,0.014690622011516464,0.05095461658841941,0.029942965779467676,0.016556166795854935,0.03890526315789473,0.01592213114754099,0.04997035499888832,0.06781193490054248,0.008937321155579952,0.11327406262079633,0.17358490566037735,0.0675,0.06174340935880405,0.047908745247148284,0.1053954145206845,0.23803948896631827,0.36043788783514813,0.0009327935222672072,0.3559907515091101,0.09090909090909088,0.0661764705882353,0.5547337278106509,0.4264023956653681,0.39335664335664344,0.38552787663107946,0.3855854108060918,0.13824443089990365,0.4177175283732661,0.41402438603633757,0.34436454994368887,0.07039999999999999,0.1559478772593527,0.15316239316239316,0.018129770992366408,0.15380728744939273,0.11520000000000001,0.15694754464285715,0.001280000000000001,0.07100778455712184,0.05848147532812759,0.1410496453900709,0.22657342657342658,0.0,0.36293363499245856,0.3657142857142857,0.0,0.0,0.15393552134766195,0.20010787486515644,0.0,0.048920863309352525,0.0,0.10277477477477477,0.0,0.007438443648713494,0.012874315931869888,0.09296518607442975,0.06389065479974572
51-6041.00,0.034020387816143395,0.03442879499217527,0.03772813688212927,0.04251924654390018,0.006666666666666666,0.004439890710382513,0.028718594826947306,0.037974683544303785,0.02346046803339735,0.07189795129493623,0.12366037735849056,0.04143333333333333,0.05952625965910152,0.006590621039290236,0.06489865426150522,0.08710801393728224,0.2150948366701791,0.0010947368421052623,0.2595946170460209,0.03787878787878787,0.05558823529411764,0.42966648735879504,0.3380171662643845,0.363098440021517,0.2372479240806643,0.2728198661363857,0.1187058846660506,0.14367249894913828,0.24634450969162086,0.3183097981460625,0.025535999999999996,0.19305643127364436,0.1495726495726496,0.030057251908396945,0.2312550607287449,0.1111111111111111,0.10491071428571426,0.008444444444444445,0.04953012132688127,0.0438611064960957,0.10638297872340427,0.17874125874125876,0.0,0.15082956259426847,0.2922222222222222,0.0125,0.0,0.2073772872494917,0.19805151024811218,0.0,0.10625345877144438,0.05642748091603052,0.16144144144144146,0.02439828552588197,0.07209568459522316,0.016064071819467497,0.07923169267707081,0.21169739351557534
51-6042.00,0.06714550226870408,0.107981220657277,0.07129277566539924,0.02859701537465852,0.1143859649122807,0.06454918032786884,0.04307789224042097,0.047848101265822764,0.0469209360667947,0.1298801700811751,0.17358490566037735,0.07291666666666667,0.07244560031433007,0.04461343472750317,0.09816830038212326,0.19564227642276422,0.31370009366584706,0.0,0.2803621864097026,0.12337662337662335,0.06065441176470587,0.45454545454545453,0.3730407523510972,0.38727272727272727,0.38552787663107946,0.2917656901736347,0.1444820196221073,0.3160794976881042,0.32393267963483047,0.3362427445204886,0.001802666666666665,0.24087720680958383,0.1887179487179487,0.0,0.3507303643724696,0.19714285714285712,0.31473214285714285,0.0,0.06574794866400169,0.09968433294567206,0.17730496453900707,0.24475524475524474,0.0,0.307315233785822,0.20285714285714285,0.0,0.05343511450381678,0.26735405169909965,0.2028468851132686,0.0,0.09208633093525177,0.07881933842239183,0.08341141141141141,0.004286185295087368,0.017756284838864475,0.00807046670356023,0.05747899159663863,0.06825174825174825
51-6051.00,0.005025739109202998,0.03687010954616588,0.013726235741444858,0.04172154032555443,0.1694736842105263,0.15027322404371585,0.028718594826947306,0.037974683544303785,0.03889498647642192,0.13451874758407423,0.21698113207547168,0.09114583333333334,0.1184631504106872,0.11153358681875791,0.12114415462147643,0.22276422764227644,0.33679457908909965,0.0,0.4593509442321537,0.09090909090909088,0.06763235294117645,0.6993006993006994,0.5877742946708464,0.7155728886498117,0.32028469750889677,0.371908041517121,0.1356638681897721,0.17240699873896592,0.1364555372311429,0.5083600450489474,0.0,0.129879939050021,0.009873504273504271,0.0,0.024291497975708502,0.0010730158730158721,0.005301339285714285,0.001502222222222221,0.0007407602216144184,0.0,0.17730496453900707,0.23835524475524478,0.0,0.307315233785822,0.37361269841269834,0.0,0.0,0.1603252977054894,0.2326051779935275,0.0,0.09546209186496955,0.008335877862595412,0.12036036036036035,0.004286185295087368,0.05814168112517995,0.05575539568345324,0.16956782713085233,0.1719516846789574
51-6052.00,0.1658290434817995,0.08841940532081377,0.1342680608365019,0.12266614489656157,0.21052631578947367,0.1716188524590164,0.05211035351663825,0.037974683544303785,0.04630355532907373,0.15887127947429455,0.13679245283018868,0.07291666666666667,0.1184631504106872,0.08815209125475283,0.13014343467907183,0.2032520325203252,0.26123990165086053,0.006153846153846155,0.5441103173284599,0.0753246753246753,0.101875,0.5658956428187197,0.3575470469818823,0.5547337278106509,0.38552787663107946,0.27903409642060334,0.10752344625548063,0.18521437578814626,0.15094639074241473,0.3654812440440094,0.0,0.07224674232870952,0.0379076923076923,0.0,0.1522267206477733,0.015873015873015872,0.09095982142857142,0.001502222222222221,0.013807069219440356,0.009596278451570026,0.19574468085106383,0.13412587412587415,0.0,0.11312217194570136,0.32000000000000006,0.0,0.0,0.10165553296543711,0.11124595469255663,0.012286760046043017,0.14535141117874928,0.05642748091603052,0.22006006006006007,0.08605341246290801,0.08697257189265013,0.096046239931132,0.1610924369747899,0.26673871582962494
51-6061.00,0.12354772417441551,0.08577464788732393,0.1342680608365019,0.07788923924413572,0.15785263157894736,0.11551912568306011,0.08685058919439709,0.09335744424352017,0.07588883226843321,0.21646695013529185,0.15101886792452832,0.14875,0.15044342993994048,0.1338403041825095,0.20200614720053164,0.3317073170731707,0.4878600280997541,0.015507692307692306,0.26690480146203693,0.2754930254930254,0.10880882352941172,0.4597902097902098,0.3071900007010726,0.39335664335664344,0.4367734282325029,0.3334465030555825,0.1444820196221073,0.3940731399747793,0.44852641820603234,0.42010309278350516,0.23333333333333334,0.35561160151324084,0.18205128205128207,0.0031011450381679363,0.36534412955465584,0.22666666666666663,0.2310267857142857,0.002888888888888886,0.14004313065432358,0.1561721216148862,0.12482269503546098,0.2202797202797203,0.0,0.24095022624434384,0.3492063492063492,0.0016899999999999986,0.0,0.19604995643334303,0.3434297464940668,0.0021857499450329138,0.136967349197565,0.08956743002544527,0.18517717717717716,0.13188262446422683,0.04614419136919044,0.03764680563241715,0.10564225690276109,0.14621741894469167
51-6062.00,0.06409343398376298,0.06875586854460093,0.03772813688212927,0.056441477713141834,0.10526315789473684,0.10314207650273223,0.0778181279181798,0.06781193490054248,0.030869036886049153,0.15461925009663702,0.19441509433962265,0.06497499999999999,0.11080135461298107,0.20050697084917615,0.15506451791548984,0.23931242740998837,0.402470436717012,0.06441457489878542,0.42071634269258457,0.15584415584415579,0.12682352941176467,0.5489187735341581,0.3873426342303725,0.3788327057557827,0.3952550415183867,0.5122950819672132,0.2892392992666286,0.48027663934426235,0.5009695071039684,0.3045677033700078,0.3503359999999999,0.3612337116435477,0.23076923076923078,0.0,0.437246963562753,0.25,0.3056640625,0.001502222222222221,0.13609825373448345,0.11629838843661738,0.1410496453900709,0.2692307692307692,0.16173664122137402,0.4224660633484162,0.4642857142857143,0.09943999999999999,0.0932994062765055,0.3194888178913738,0.5169902912621359,0.2263350534797398,0.1270060874377421,0.07633587786259542,0.1404204204204204,0.0870425321463897,0.06511868286020156,0.07102010699132999,0.21785114045618245,0.13668150031786397
51-6063.00,0.08622092904958592,0.05164319248826291,0.10741444866920152,0.04172154032555443,0.033157894736842095,0.030054644808743168,0.06948047135551767,0.022905364677516568,0.018991807455607374,0.10088906068805567,0.13679245283018868,0.013125,0.02976312982955076,0.04461343472750317,0.058668383452400726,0.14360975609756096,0.3962065331928345,0.0,0.273093537132414,0.10779220779220774,0.047235294117647056,0.5369822485207101,0.3730407523510972,0.5135502958579882,0.4529964412811387,0.4365117858182171,0.15262185171349363,0.24087720680958383,0.4060475161987041,0.3362427445204886,0.12953599999999998,0.23447351828499366,0.09807863247863248,0.0,0.41975708502024284,0.25,0.34933035714285715,0.0,0.1058541973490427,0.04984216647283602,0.07978723404255321,0.12237762237762238,0.0,0.18853695324283556,0.34377142857142856,0.0,0.04702290076335877,0.2541388324135928,0.4854368932038834,0.0,0.09546209186496955,0.07633587786259542,0.10277477477477477,0.025057698648203088,0.02087563217542174,0.01056846830228125,0.12004801920768307,0.10395422759059125
51-6064.00,0.034020387816143395,0.059272300469483556,0.05346958174904943,0.04741084127903913,0.11894736842105262,0.10557377049180328,0.1269176610094123,0.047848101265822764,0.02346046803339735,0.10088906068805567,0.19441509433962265,0.078125,0.10372892772279078,0.1454397972116603,0.26690480146203693,0.3463414634146341,0.5660197869101978,0.0010947368421052623,0.3987373317826881,0.17316017316017313,0.1354705882352941,0.6109467455621301,0.42314741554578506,0.4800968262506724,0.3952550415183867,0.4744034338927151,0.21071646251548334,0.4689470365699874,0.6805525845472299,0.5863293771116694,0.4512,0.4029003783102143,0.25076923076923074,0.005963740458015267,0.4825522267206478,0.31746031746031744,0.390625,0.005555555555555556,0.25674573953292656,0.09968433294567206,0.13297872340425532,0.32223776223776224,0.009064885496183206,0.43438914027149317,0.5288888888888889,0.0016899999999999986,0.0014334181509754018,0.38727272727272727,0.5618679207119741,0.00420336527890945,0.12160118059398632,0.07633587786259542,0.16144144144144146,0.10096933728981207,0.08697257189265013,0.087253274303634,0.23679471788715487,0.18335664335664334
51-6091.00,0.17244185809917187,0.09859154929577463,0.12137832699619769,0.15987236700506466,0.13877192982456138,0.11133879781420765,0.15864707626176536,0.13261000602772754,0.13842068127474422,0.11703131039814459,0.12578616352201255,0.07674583333333333,0.08314779126985611,0.1338403041825095,0.11283712687600374,0.31358885017421606,0.4305994614213792,0.048582995951417005,0.3083984050506729,0.2453102453102453,0.21873529411764703,0.4007208176438946,0.3575470469818823,0.4370629370629371,0.4618932384341637,0.4433322824716268,0.2661371188140225,0.41968789407313994,0.5748038559471152,0.47377198302001217,0.26666666666666666,0.3160794976881042,0.23076923076923078,0.0031011450381679363,0.437246963562753,0.17857142857142858,0.3283705357142857,0.0,0.13609825373448345,0.17693969097856788,0.12482269503546098,0.17874125874125876,0.052900763358778614,0.307315233785822,0.28460317460317464,0.06299999999999999,0.07951653944020357,0.3145164101074644,0.5545442286947141,0.12125092150700348,0.16228555617044826,0.1150127226463104,0.19255255255255255,0.20236069897790968,0.1052087563217542,0.06147389780483307,0.19714285714285712,0.14621741894469167
51-6092.00,0.14503428490040085,0.187887323943662,0.22789923954372623,0.2061995319120115,0.4378947368421052,0.5277459016393443,0.12089602015860078,0.2675587703435805,0.13842068127474422,0.4684035562427522,0.4245283018867924,0.3275,0.3206166856886261,0.22813688212927757,0.23207758763914277,0.3831637630662021,0.5136986301369864,0.0,0.7947056543168853,0.23015873015873015,0.26588235294117646,0.3991393222162454,0.30574779412501124,0.4195804195804196,0.2846975088967971,0.27126782423125423,0.05087395057116454,0.10639974779319042,0.12075711259393178,0.32216494845360827,0.0015360000000000013,0.1471206389239176,0.14495726495726496,0.002862595419847331,0.18951255060728742,0.09523809523809523,0.09765625,0.0,0.07100778455712184,0.0830702774547267,0.3468085106382979,0.30615384615384617,0.0,0.25452488687782804,0.3961904761904762,0.0,0.0,0.1379262271275051,0.20010787486515644,0.0,0.19627375023058477,0.1561730279898219,0.2303423423423423,0.13114408176722714,0.16058178596478279,0.13758224189878865,0.30424969987995193,0.3095486331849968
51-6093.00,0.05086780474901825,0.14793427230046952,0.07129277566539924,0.07332876784491388,0.27223859649122806,0.26336065573770495,0.0902690283850886,0.09041591320072331,0.06554035514091958,0.18981059141863166,0.21132075471698114,0.140625,0.149447115834378,0.13307984790874525,0.1659674918314227,0.32061324041811845,0.3783222105139913,0.11336032388663968,0.6257060973583651,0.17316017316017313,0.125,0.6648735879505111,0.5828918244914719,0.6455083378160301,0.4723606168446026,0.6252121932292172,0.17547826428894436,0.25811790668348045,0.29288085068210523,0.22801697998787146,0.1104,0.4597519966372425,0.33679316239316237,0.20873091603053434,0.4284631578947369,0.179047619047619,0.3549107142857143,0.008444444444444445,0.20096956308296518,0.1661405549094534,0.3425531914893617,0.25748251748251744,0.11587786259541982,0.43438914027149317,0.6774603174603174,0.09856000000000001,0.12722646310432567,0.18472262561719432,0.2894417475728156,0.17848135645830907,0.15111603025272086,0.1150127226463104,0.1960168168168168,0.09891196834817012,0.13156631843183578,0.096046239931132,0.2070828331332533,0.32508582326764146
51-7011.00,0.07019757055364519,0.1455399061032864,0.07984790874524715,0.09406912952190304,0.2573684210526316,0.2182377049180328,0.08059734677240052,0.09229656419529836,0.07588883226843321,0.22960958639350604,0.19441509433962265,0.17625,0.16239919920669074,0.14378707224334603,0.23207758763914277,0.2787456445993032,0.42149631190727077,0.10011983805668018,0.5955515866422993,0.1904761904761905,0.11745588235294115,0.560817643894567,0.5408274660230152,0.6010973641742873,0.4723606168446026,0.516235813366961,0.25756473525884277,0.33102143757881464,0.543407006672693,0.4175257731958763,0.3888,0.5172209962168979,0.3702153846153846,0.11927480916030533,0.5515789473684211,0.32,0.36272321428571425,0.005555555555555556,0.23732379549758048,0.12057816913108492,0.2681702127659575,0.3002461538461539,0.0536736641221374,0.4147812971342383,0.3724190476190476,0.075,0.07124681933842239,0.2904443799012489,0.5258899676375405,0.12747190211978945,0.16528315808891345,0.08956743002544527,0.1595675675675676,0.07418397626112759,0.07965410314149654,0.04496402877697841,0.1444717887154862,0.1614240305149396
51-7021.00,0.07064520723543659,0.12093896713615024,0.09262357414448671,0.04703456476095152,0.2087719298245614,0.2315573770491803,0.06855406507077746,0.09041591320072331,0.09799694249539416,0.16680324700425206,0.25267924528301894,0.0625,0.0773850730630344,0.13307984790874525,0.17734811984272028,0.3831637630662021,0.42149631190727077,0.012307692307692304,0.5653970759262336,0.23015873015873015,0.0931764705882353,0.46153846153846156,0.49200276422927086,0.3706293706293707,0.38552787663107946,0.40100882723833553,0.11551090226303061,0.22166614123581335,0.22663694891629116,0.47377198302001217,0.33119999999999994,0.46106557377049184,0.41747692307692313,0.08015267175572519,0.45473684210526316,0.3282539682539683,0.31473214285714285,0.008444444444444445,0.1597675152535241,0.14886193719887025,0.397872340425532,0.2876923076923077,0.02719465648854961,0.2828054298642534,0.6857142857142857,0.014439999999999998,0.04627650551314674,0.21550972988672673,0.42475728155339804,0.032333579068534256,0.14849658734550822,0.05642748091603052,0.19255255255255255,0.1160567095285196,0.09095943002694822,0.07436358605423353,0.24459783913565425,0.29401144310235217
51-7031.00,0.1658290434817995,0.19131455399061031,0.14823193916349808,0.15987236700506466,0.23048421052631574,0.23569672131147543,0.129696879863633,0.1539361060880048,0.11073654501979538,0.26478546579049095,0.21132075471698114,0.16164166666666666,0.17231088742118358,0.1338403041825095,0.10383784681840837,0.32061324041811845,0.46759747102212845,0.06072874493927125,0.5653970759262336,0.34769119769119766,0.21873529411764703,0.5369822485207101,0.3661852634530833,0.5369822485207101,0.42179833926453136,0.4041917256765933,0.12288393857769216,0.19305643127364436,0.4776806353894244,0.3459889110283288,0.1408,0.2547945565363598,0.16068376068376067,0.0,0.3348987854251012,0.13488253968253966,0.2619642857142857,0.0,0.13609825373448345,0.1561721216148862,0.22119148936170213,0.2156979020979021,0.06011450381679388,0.25452488687782804,0.25047619047619046,0.06299999999999999,0.05343511450381678,0.24194016845774033,0.42475728155339804,0.07170294494238155,0.17501383508577753,0.11501272264631042,0.1960168168168168,0.12363996043521265,0.07013917088116946,0.05003689356207342,0.18720288115246095,0.22863318499682136
51-7032.00,0.07630170712352738,0.14769170579029733,0.07129277566539924,0.10385231899218096,0.1694736842105263,0.1346448087431694,0.05743718965389462,0.06781193490054248,0.06554035514091958,0.17317356010823348,0.18867924528301885,0.1640625,0.16810110951035603,0.19062103929024082,0.1730630780306806,0.17421602787456447,0.42149631190727077,0.0929165991902834,0.46796256299496036,0.17272727272727267,0.1448382352941176,0.6051640667025282,0.5633619437739742,0.4480903711672943,0.5153926453143535,0.4877049180327869,0.3003283458838796,0.28734499789827656,0.6805525845472299,0.5211491813220134,0.5376,0.3597559373686423,0.19282051282051282,0.0031011450381679363,0.320285020242915,0.1388888888888889,0.20253348214285713,0.002888888888888886,0.116702608878603,0.07310184416015948,0.2612624113475177,0.2692307692307692,0.11587786259541982,0.4417420814479638,0.2922222222222222,0.09375,0.05343511450381678,0.2130409526575661,0.46162857335490837,0.199174847062171,0.16228555617044826,0.038676844783715,0.1960168168168168,0.025057698648203088,0.05168149433349331,0.030360327122917054,0.09296518607442975,0.0775588048315321
51-7041.00,0.03865953160925386,0.054820031298904545,0.052699619771863104,0.02450312685786531,0.05526315789473683,0.03859289617486338,0.08059734677240052,0.06781193490054248,0.07588883226843321,0.09586393505991497,0.14088050314465408,0.07291666666666667,0.07624375549609895,0.09581749049429657,0.07787838511380628,0.2545876887340302,0.3962065331928345,0.05016356275303644,0.3476837237636374,0.20952380952380953,0.0444705882352941,0.39944055944055945,0.3575470469818823,0.37762237762237766,0.4351126927639383,0.40100882723833553,0.1843259078665382,0.4063879255989912,0.5045922204817864,0.24257125530624626,0.21333333333333335,0.3783102143757881,0.16235213675213678,0.01377862595419847,0.4284631578947369,0.40380952380952384,0.23018973214285712,0.012835555555555553,0.09229258713794797,0.07310184416015948,0.10859574468085108,0.2751384615384615,0.10687022900763359,0.45248868778280543,0.2644444444444444,0.046500000000000014,0.03944020356234097,0.16337496369445254,0.4357133225458468,0.07275055290420208,0.07338129496402877,0.06717557251908396,0.13837837837837838,0.06132542037586549,0.017756284838864475,0.023073848613416957,0.10564225690276109,0.08167832167832169
51-7042.00,0.13429100453740817,0.09859154929577463,0.07129277566539924,0.014110369428285459,0.07894736842105263,0.05844262295081967,0.08059734677240052,0.0795660036166365,0.05585825722237465,0.13451874758407423,0.19441509433962265,0.07833333333333332,0.11080135461298107,0.12395437262357413,0.2523259677687324,0.32061324041811845,0.46540217773094483,0.054412955465587054,0.4821537353934763,0.2888888888888889,0.125,0.35580419580419587,0.4068725149478703,0.3706293706293707,0.4294187425860024,0.42559899117276173,0.20862743555966262,0.3783102143757881,0.7014677164484989,0.4596292125097462,0.41126399999999996,0.46106557377049184,0.3938461538461539,0.09404580152671756,0.45473684210526316,0.20190476190476192,0.33482142857142855,0.04133333333333334,0.13609825373448345,0.12057816913108492,0.19858156028368795,0.30615384615384617,0.07395038167938932,0.4253393665158371,0.2571428571428572,0.014439999999999998,0.021204410517387615,0.21783328492593668,0.6038969795037756,0.09700073720560277,0.14849658734550822,0.0779236641221374,0.1003003003003003,0.0039564787339268085,0.02087563217542174,0.016064071819467497,0.07435774309723887,0.06825174825174825
51-8011.00,0.3052068284941095,0.39480438184663535,0.33269961977186313,0.4052949631625289,0.30701754385964913,0.26336065573770495,0.3610761135403544,0.369427365883062,0.3242522833287601,0.6129725550831079,0.27295597484276735,0.26,0.2370946919378075,0.39999999999999997,0.33314642520906024,0.46457607433217185,0.8429926238145417,0.0009327935222672072,0.31860912665448304,0.3001924001924001,0.27999999999999997,0.2912533620225927,0.13821146353921498,0.2781065088757396,0.25691103202846977,0.19643030361819772,0.19907198049586128,0.13923917612442202,0.373615605959191,0.21658147795200558,0.0,0.0,0.0,0.0,0.0997570850202429,0.0,0.0,0.0,0.0006311803071744167,0.0009569695962784524,0.2936170212765958,0.31951328671328677,0.0013740458015267186,0.19984917043740572,0.38095238095238093,0.0,0.047709923664122134,0.3345919256462387,0.5056634304207119,0.0,0.23132263420033203,0.20916030534351143,0.2681081081081081,0.24727992087042533,0.23256672450071983,0.18446781036709092,0.3249939975990396,0.32508582326764146
51-8012.00,0.3052068284941095,0.31298904538341155,0.33269961977186313,0.3518185444119174,0.30701754385964913,0.21148907103825137,0.3181649744311866,0.36166365280289325,0.30183058288581394,0.2899110939311944,0.21132075471698114,0.22559999999999997,0.2370946919378075,0.176425855513308,0.3028603865536911,0.45696631823461087,0.5762644889357218,0.048582995951417005,0.3559907515091101,0.17316017316017313,0.1985294117647059,0.13448090371167296,0.12519154306088318,0.2588757396449704,0.15584341637010674,0.10185275002425066,0.07373036314661528,0.0407208911307272,0.18286077049938243,0.06714025816512174,0.09999999999999999,0.0407208911307272,0.05128205128205128,0.009064885496183206,0.12178137651821863,0.047619047619047616,0.046875,0.0,0.006329335858054561,0.08070443595281608,0.319063829787234,0.2876923076923077,0.01377862595419847,0.19565610859728502,0.358095238095238,0.018999999999999996,0.037319762510602206,0.15393552134766195,0.22333468176914778,0.06014045706747372,0.19627375023058477,0.1590330788804071,0.22450450450450452,0.27621496867787676,0.14131197164900883,0.16528315808891347,0.2817767106842737,0.32508582326764146
51-8013.00,0.3052068284941095,0.1747339593114241,0.30988593155893535,0.2061995319120115,0.23684210526315788,0.1993237704918033,0.2417920403172015,0.2712477396021699,0.1703970836109913,0.26478546579049095,0.21132075471698114,0.09333333333333334,0.09355062024061221,0.11406844106463879,0.18967713352162596,0.3831637630662021,0.5960221285563752,0.12178137651821863,0.3476837237636374,0.3173400673400673,0.27999999999999997,0.30338891877353413,0.28243212114535243,0.35580419580419587,0.296085409252669,0.2917656901736347,0.2189791785454474,0.2787673392181589,0.34778048427052355,0.18950879320800484,0.23893333333333336,0.16551071878940732,0.15316239316239316,0.018129770992366408,0.18218623481781376,0.18575238095238095,0.23018973214285712,0.0026666666666666687,0.08766393155200225,0.14886193719887025,0.2589503546099291,0.2876923076923077,0.0536736641221374,0.40832579185520357,0.3055555555555556,0.056249999999999994,0.10602205258693807,0.2795527156549521,0.5574433656957929,0.2431485145953776,0.194798007747648,0.14249363867684478,0.21859939939939937,0.16485328058028353,0.06511868286020156,0.030360327122917054,0.2070828331332533,0.23458359821996186
51-8021.00,0.22254664577695488,0.1581533646322379,0.1967680608365019,0.1881382590438061,0.16824561403508773,0.10245901639344263,0.17387719558289486,0.10488245931283906,0.09799694249539416,0.1939543873212215,0.21132075471698114,0.0625,0.05680393661009971,0.164958174904943,0.15506451791548984,0.2304297328687573,0.6019201498653554,0.0893927125506073,0.2803621864097026,0.22799422799422794,0.15205882352941177,0.342119419042496,0.31848728554688677,0.32275416890801506,0.3469750889679715,0.36375982151518094,0.12288393857769216,0.25861049810844894,0.37676219129306726,0.1754309971411245,0.17280000000000004,0.3395596889449348,0.11965811965811966,0.0013740458015267186,0.15380728744939273,0.11520000000000001,0.20089285714285715,0.0,0.09818360333824253,0.14886193719887025,0.20035460992907797,0.2202797202797203,0.10687022900763359,0.389894419306184,0.32000000000000006,0.014439999999999998,0.1484308736217133,0.3145164101074644,0.5258899676375405,0.1616678953426713,0.16528315808891345,0.11399491094147583,0.1616912912912913,0.09891196834817012,0.11443759459559233,0.12393931009038922,0.27783913565426166,0.1557533375715194
51-8031.00,0.1994017946161516,0.22309859154929576,0.23098859315589354,0.25398664970913826,0.20381754385964915,0.1346448087431694,0.1402393833839769,0.1350210970464135,0.12402493042217083,0.22960958639350604,0.2037735849056604,0.16375,0.19364978389806722,0.176425855513308,0.15506451791548984,0.20162601626016263,0.5565068493150684,0.06704453441295546,0.29494102010300716,0.19047619047619047,0.20273529411764704,0.342119419042496,0.29194667841797955,0.28187197417966653,0.3138505338078292,0.31343971287224753,0.2189791785454474,0.22166614123581335,0.34778048427052355,0.3168153859481937,0.2826666666666667,0.16551071878940732,0.11965811965811966,0.004351145038167943,0.3264777327935222,0.2085333333333333,0.29296875,0.0026666666666666687,0.19527140753208502,0.3047017777039375,0.23829787234042557,0.2751384615384615,0.05206106870229008,0.4147812971342383,0.3333333333333333,0.044000000000000004,0.15945716709075486,0.24194016845774033,0.34132281553398064,0.15706359368331196,0.1612248662608375,0.143765903307888,0.20348348348348347,0.1450708869106495,0.111262874229392,0.09915144807231138,0.23679471788715487,0.22863318499682136
51-8091.00,0.1994017946161516,0.21439749608763695,0.24482889733840305,0.2061995319120115,0.12846315789473683,0.07581967213114756,0.23733602608760102,0.2890295358649789,0.15875504684253852,0.36858136838036337,0.21132075471698114,0.1910416666666667,0.22721574644039885,0.3292167300380228,0.33314642520906024,0.3637630662020906,0.6622468095070835,0.04498137651821864,0.29494102010300716,0.45725108225108224,0.2459411764705882,0.39944055944055945,0.31848728554688677,0.3356643356643357,0.44483985765124556,0.3282568629352992,0.14380370028115844,0.3395596889449348,0.543407006672693,0.42639478471801096,0.11733333333333332,0.26599936948297603,0.14495726495726496,0.047709923664122134,0.3117408906882591,0.1647238095238095,0.24860491071428575,0.0,0.09818360333824253,0.22428974912776212,0.26595744680851063,0.4309090909090909,0.0357824427480916,0.23981900452488686,0.3701587301587302,0.023559999999999994,0.1484308736217133,0.3801916932907348,0.6409283980582524,0.06466715813706851,0.21309721453606348,0.1561730279898219,0.17824864864864867,0.1160567095285196,0.08697257189265013,0.07436358605423353,0.22509003601440575,0.1869040050858233
51-8092.00,0.10447229739353367,0.20153364632237875,0.11620722433460075,0.19754517199599644,0.23684210526315788,0.12841530054644806,0.1815756318090862,0.15913200723327303,0.11900748696640663,0.21182837263239274,0.19441509433962265,0.14875,0.16976631055063893,0.2440456273764258,0.33314642520906024,0.47781649245063873,0.8049408734340242,0.1522267206477733,0.40518220080855066,0.2754930254930254,0.2459411764705882,0.30984400215169444,0.2409937203922001,0.32275416890801506,0.3952550415183867,0.40983606557377056,0.3077013821985411,0.3395596889449348,0.5961537134537224,0.29888243957376764,0.1964693333333333,0.15434531315678854,0.1282051282051282,0.005963740458015267,0.2312550607287449,0.12936507936507938,0.17438616071428573,0.0,0.0866777123220422,0.2182688154178435,0.1602836879432624,0.36251748251748245,0.1757538167938931,0.40832579185520357,0.32825396825396824,0.125,0.2258269720101781,0.38727272727272727,0.970873786407767,0.2263350534797398,0.19756502490315442,0.12996437659033075,0.20685645645645645,0.18067919551599076,0.13156631843183578,0.1719778023734858,0.23679471788715487,0.1224666242848061
51-8093.00,0.16831139235355155,0.22833333333333336,0.18797528517110265,0.2612788886296762,0.24364210526315788,0.18809426229508197,0.2779218854220707,0.23839662447257381,0.21608325820234406,0.375724777734828,0.3239748427672956,0.2608333333333333,0.26469212490878813,0.39999999999999997,0.38073877166749737,0.5909407665505227,0.8429926238145417,0.21862348178137653,0.4593509442321537,0.42911255411255406,0.27999999999999997,0.32275416890801506,0.3199895840636173,0.3299838622915546,0.3608540925266904,0.3282568629352992,0.2892392992666286,0.3612337116435477,0.6158612742290521,0.42010309278350516,0.3135359999999999,0.26764134089953756,0.1545299145299145,0.001612595419847327,0.30409068825910923,0.22666666666666663,0.2501395089285714,0.001502222222222221,0.16436987166000422,0.3119720883867752,0.22119148936170213,0.4254545454545454,0.2027099236641221,0.43438914027149317,0.42329523809523806,0.12143999999999998,0.23854961832061067,0.43566656985187335,0.8311842637540452,0.27475782149277667,0.16228555617044826,0.10121119592875315,0.20685645645645645,0.18067919551599076,0.1052087563217542,0.112955789214782,0.2817767106842737,0.19476160203432927
51-8099.01,0.16481168738681914,0.27,0.19249049429657797,0.2393118655037214,0.25052631578947365,0.16295081967213115,0.13896094271103535,0.15257383966244725,0.13829328524950021,0.2899110939311944,0.31194968553459124,0.21,0.21958201582876494,0.3485424588086185,0.24445505897989703,0.40418118466898956,0.6530997541271514,0.18951255060728742,0.37152489339314393,0.34579124579124576,0.28582352941176464,0.41608391608391615,0.3873426342303725,0.39335664335664344,0.4294187425860024,0.4610655737704919,0.2253691433514874,0.45252732240437166,0.5550962951717856,0.3362427445204886,0.0,0.30643127364438844,0.3046153846153847,0.4375,0.37311740890688255,0.2085333333333333,0.3214285714285714,0.03333333333333333,0.17751946139280456,0.27679016447914934,0.18723404255319148,0.31384615384615383,0.1870229007633588,0.33597285067873306,0.5107555555555556,0.132,0.22476675148430875,0.3345919256462387,0.5574433656957929,0.4365033174252125,0.3119350673307507,0.19242748091603054,0.28419459459459456,0.20236069897790968,0.18837904684558304,0.18986349382032833,0.3249939975990396,0.3293070565797838
51-8099.03,0.14503428490040085,0.17605633802816903,0.1342680608365019,0.1994265545864345,0.1649122807017544,0.1346448087431694,0.12865930482472396,0.1350210970464135,0.12402493042217083,0.2396598376497874,0.1572327044025157,0.13685,0.1402697999887739,0.3485424588086185,0.2657833527163981,0.31358885017421606,0.6095597705186746,0.13639514170040487,0.37918120396522126,0.2964165464165464,0.26588235294117646,0.3706293706293707,0.31848728554688677,0.3356643356643357,0.46619217081850534,0.4610655737704919,0.2883152120485244,0.46106557377049184,0.5247759093010578,0.4385774928528113,0.432,0.25811790668348045,0.14397264957264957,0.002862595419847331,0.24582995951417003,0.21428571428571427,0.18328124999999995,0.0026666666666666687,0.12823479907426888,0.1869081242731351,0.23829787234042557,0.3002461538461539,0.16698473282442747,0.40832579185520357,0.4374603174603175,0.17500000000000002,0.23854961832061067,0.32762126052860874,0.3510146979503776,0.209521592364102,0.17945028592510606,0.14249363867684478,0.1984864864864865,0.1669106495219255,0.16058178596478279,0.11913546086207955,0.2817767106842737,0.24698029243483788
51-8099.04,0.2415610311921379,0.2347417840375587,0.14823193916349808,0.1881382590438061,0.25052631578947365,0.1871584699453552,0.3181649744311866,0.29294755877034356,0.25877072635333775,0.3732199458832625,0.30157232704402515,0.2544,0.2370946919378075,0.3168567807351077,0.2712729135515313,0.3958745644599303,0.5960221285563752,0.1451012145748988,0.4593509442321537,0.39862914862914856,0.1827941176470588,0.31360946745562135,0.3575470469818823,0.39335664335664344,0.4151838671411625,0.4433322824716268,0.1843259078665382,0.24629571248423704,0.4384794264382172,0.3362427445204886,0.006666666666666667,0.24629571248423704,0.31901538461538465,0.22423664122137402,0.47368421052631576,0.23809523809523808,0.390625,0.020942222222222216,0.16436987166000422,0.3123442432297724,0.26595744680851063,0.34038601398601404,0.1603053435114504,0.36293363499245856,0.3879365079365079,0.12143999999999998,0.23409669211195927,0.31716526285216384,0.5545442286947141,0.3569627129166182,0.24534218778823094,0.17557251908396945,0.2465057057057057,0.20606660072535443,0.14131197164900883,0.10483920555863,0.24849939975990393,0.2325174825174825
51-9011.00,0.25433902374509126,0.2723004694835681,0.2680608365019011,0.2393118655037214,0.17543859649122806,0.09686475409836066,0.2538353220188246,0.1350210970464135,0.10975657559484146,0.31310398144569,0.3169811320754717,0.15458333333333332,0.1402697999887739,0.27782002534854244,0.25786398626571416,0.3831637630662021,0.7098114974827302,0.12696356275303644,0.37152489339314393,0.2698412698412698,0.2317941176470588,0.342119419042496,0.3380171662643845,0.32275416890801506,0.45670225385527874,0.5050198855369095,0.24773402017262736,0.43442622950819676,0.5247759093010578,0.2035865892748852,0.16426666666666667,0.3395596889449348,0.14397264957264957,0.08396946564885495,0.3190672064777328,0.1492063492063492,0.24860491071428575,0.005555555555555556,0.09818360333824253,0.22428974912776212,0.2429078014184397,0.36125874125874124,0.13167938931297707,0.3959276018099548,0.3657142857142857,0.066,0.13740458015267176,0.23525994772001163,0.547802049622438,0.08536064874093044,0.17945028592510606,0.12881424936386768,0.19255255255255255,0.18067919551599076,0.04614419136919044,0.030360327122917054,0.22509003601440575,0.19930069930069932
51-9012.00,0.09461411683317397,0.09859154929577463,0.11549429657794677,0.12308757459681971,0.12280701754385964,0.07581967213114756,0.1421477803305418,0.09041591320072331,0.08623730939594684,0.21646695013529185,0.21132075471698114,0.135,0.1403259303609183,0.2577946768060836,0.20200614720053164,0.3831637630662021,0.6801750380517504,0.12178137651821863,0.3559907515091101,0.19047619047619047,0.17227941176470588,0.3840774610005379,0.30045970334611954,0.32275416890801506,0.30177935943060497,0.3855854108060918,0.19317355144413204,0.3612337116435477,0.543407006672693,0.34436454994368887,0.17920000000000003,0.4706284153005465,0.21743589743589747,0.08015267175572519,0.38866396761133604,0.26948571428571433,0.3482142857142857,0.0026666666666666687,0.17225962549968443,0.3655092208007975,0.2936170212765958,0.2876923076923077,0.16698473282442747,0.36293363499245856,0.38095238095238093,0.17500000000000002,0.24814249363867685,0.3345919256462387,0.4753236245954693,0.21728165134055022,0.16528315808891345,0.10121119592875315,0.19255255255255255,0.13114408176722714,0.10070508324412124,0.05575539568345324,0.22509003601440575,0.1719516846789574
51-9021.00,0.07064520723543659,0.1338967136150235,0.09262357414448671,0.11288295542628367,0.12280701754385964,0.07581967213114756,0.1037575038909064,0.09041591320072331,0.08623730939594684,0.2372477773482799,0.27916981132075475,0.135,0.149447115834378,0.18960709759188848,0.20629118901257132,0.3637630662020906,0.5660197869101978,0.1522267206477733,0.3559907515091101,0.20952380952380953,0.2459411764705882,0.43972027972027977,0.4434584914919828,0.3356643356643357,0.4500308422301305,0.5674653215636822,0.31261673974164883,0.5162358133669609,0.6779649321345028,0.350861994282249,0.29439999999999994,0.43442622950819676,0.35350427350427355,0.1870229007633588,0.39550445344129553,0.3282539682539683,0.30214285714285716,0.027555555555555555,0.15053650326109827,0.17610898820402063,0.19858156028368795,0.31951328671328677,0.1793893129770992,0.3959276018099548,0.38095238095238093,0.188,0.1484308736217133,0.43566656985187335,0.6162773058252426,0.28970886845406696,0.1807784541597491,0.12722646310432567,0.19255255255255255,0.13114408176722714,0.1845767654767618,0.087253274303634,0.3249939975990396,0.20185632549268917
51-9022.00,0.055506948542128724,0.07692488262910799,0.06273764258555133,0.0982081712208668,0.15574736842105266,0.11688524590163935,0.07678055287927077,0.03925256178420736,0.03674885343577281,0.11596443757247776,0.17358490566037735,0.05833333333333334,0.06709450483656705,0.12395437262357413,0.11170875560724373,0.28147735191637635,0.42149631190727077,0.06384453441295547,0.31860912665448304,0.1558441558441558,0.21143382352941176,0.5648197955890263,0.48746582270874433,0.5355029585798817,0.45670225385527874,0.45018915510718793,0.1843259078665382,0.3160794976881042,0.38918292287415734,0.42639478471801096,0.1104,0.3783102143757881,0.18119658119658122,0.08945610687022901,0.3507303643724696,0.13368888888888888,0.2603571428571429,0.0,0.08591065292096221,0.10765907958132581,0.17730496453900707,0.25748251748251744,0.11927480916030533,0.3141025641025641,0.3657142857142857,0.125,0.12722646310432567,0.2117339529480105,0.38641113807982747,0.14485443422703348,0.13576830843017892,0.06717557251908396,0.14944864864864868,0.04945598417408506,0.05168149433349331,0.04496402877697841,0.1421848739495798,0.12460267005721554
51-9023.00,0.10218324617982791,0.14793427230046952,0.08269961977186313,0.15987236700506466,0.14421052631578948,0.06975409836065576,0.09994070999777666,0.09041591320072331,0.08623730939594684,0.21473521453420955,0.21132075471698114,0.1219,0.1255355773008775,0.14220532319391635,0.20629118901257132,0.2787456445993032,0.48401826484018273,0.12955465587044535,0.18967713352162596,0.15584415584415579,0.17941176470588238,0.4195804195804196,0.38083267399120657,0.3356643356643357,0.3269276393831554,0.3855854108060918,0.27034466487092274,0.3940731399747793,0.4754380032983943,0.39471974356753015,0.31206399999999995,0.3448139974779319,0.15316239316239316,0.0013740458015267186,0.3348987854251012,0.16825396825396827,0.24860491071428575,0.005555555555555556,0.11615470930640298,0.1329124439275627,0.19432624113475178,0.2751384615384615,0.13167938931297707,0.40832579185520357,0.4374603174603175,0.09856000000000001,0.0746395250212044,0.24194016845774033,0.45631067961165045,0.2431485145953776,0.15111603025272086,0.1150127226463104,0.21859939939939937,0.1160567095285196,0.057218797297796165,0.06147389780483307,0.19890756302521007,0.1557533375715194
51-9031.00,0.09537713390440922,0.08577464788732393,0.052699619771863104,0.053574250645314216,0.04995789473684209,0.01592213114754099,0.04029867338620025,0.047848101265822764,0.03723883814824977,0.11703131039814459,0.21132075471698114,0.0275,0.025932231930697696,0.05621292775665398,0.01730630780306806,0.1696260162601626,0.30477988525933736,0.0010947368421052623,0.20200614720053164,0.13708513708513706,0.0356470588235294,0.41608391608391615,0.3918495297805643,0.41608391608391615,0.3084223013048636,0.30555825007275195,0.06488271956902143,0.23447351828499366,0.3924606159302783,0.17651390453088453,0.12953599999999998,0.3160794976881042,0.08303589743589743,0.001612595419847327,0.2312550607287449,0.07710476190476188,0.17438616071428573,0.001502222222222221,0.06287257170909599,0.031400564877886686,0.12482269503546098,0.1997202797202797,0.0,0.0915837104072398,0.3657142857142857,0.0,0.04702290076335877,0.11487075225094394,0.17951051779935273,0.0,0.11621472053126729,0.04809160305343511,0.1960168168168168,0.025057698648203088,0.025951493226032706,0.0353563303203591,0.13565426170468187,0.07496503496503497
51-9032.00,0.11190917044784014,0.1338967136150235,0.07129277566539924,0.13776235880223656,0.16824561403508773,0.05844262295081967,0.11487437930778924,0.10608800482218202,0.07588883226843321,0.21473521453420955,0.21524528301886794,0.125,0.11080135461298107,0.15437262357414452,0.23886858282106663,0.2968641114982578,0.504185692541857,0.07125506072874493,0.48751869081242727,0.2528258778258778,0.07941176470588236,0.48076923076923084,0.4434584914919828,0.560817643894567,0.4946903914590748,0.4877049180327869,0.2831245944830027,0.46106557377049184,0.5748038559471152,0.5598631205059343,0.152064,0.43442622950819676,0.21743589743589747,0.08396946564885495,0.41198380566801623,0.2840888888888889,0.3691071428571429,0.034168888888888894,0.11371765200925729,0.06645622196378136,0.2211914893617021,0.25748251748251744,0.07389312977099236,0.5196078431372549,0.21428571428571427,0.066,0.04627650551314674,0.16337496369445254,0.4753236245954693,0.08536064874093044,0.06139088729016786,0.0779236641221374,0.18246246246246248,0.16485328058028353,0.025951493226032706,0.030360327122917054,0.12004801920768307,0.10108073744437382
51-9041.00,0.07064520723543659,0.12225352112676055,0.07277566539923955,0.07332876784491388,0.09157894736842107,0.06975409836065576,0.09264062847402356,0.09229656419529836,0.07588883226843321,0.21473521453420955,0.23396226415094346,0.09114583333333334,0.08793758302617548,0.12395437262357413,0.14104640859500467,0.2545876887340302,0.7546320688443976,0.07125506072874493,0.46424516807886146,0.25079365079365074,0.15205882352941177,0.45804195804195813,0.37184892886115756,0.39335664335664344,0.3330960854092527,0.41771752837326614,0.2831245944830027,0.5635245901639344,0.7116044134999551,0.4175257731958763,0.2767359999999999,0.45252732240437166,0.2636307692307692,0.0536736641221374,0.4284631578947369,0.33650793650793653,0.3273214285714286,0.06666666666666667,0.156480117820324,0.09170958631001827,0.12482269503546098,0.3558041958041958,0.023854961832061067,0.45248868778280543,0.32825396825396824,0.00625,0.11195928753180659,0.3345919256462387,0.6162773058252426,0.08536064874093044,0.14849658734550822,0.10178117048346055,0.1616912912912913,0.04945598417408506,0.030510539333308714,0.012874315931869888,0.1532893157262905,0.10108073744437382
51-9051.00,0.14503428490040085,0.17605633802816903,0.11412547528517111,0.1488173629036506,0.06105263157894737,0.02117486338797815,0.14244423034165868,0.0795660036166365,0.07588883226843321,0.17144182450715117,0.18867924528301885,0.08333333333333333,0.06454992796602242,0.05069708491761724,0.03734008971589966,0.14146341463414636,0.4756468797564688,0.0725506072874494,0.144985324250983,0.23015873015873015,0.08625,0.363098440021517,0.28844131521227473,0.2711135018827326,0.4151838671411625,0.36375982151518094,0.11671024950354891,0.22659205548549805,0.49445552343033006,0.21658147795200558,0.152064,0.37042875157629257,0.18119658119658122,0.0357824427480916,0.38866396761133604,0.15075555555555556,0.3173828125,0.0,0.09818360333824253,0.2422329290579831,0.17340425531914894,0.11716923076923079,0.018129770992366408,0.21116138763197587,0.14222222222222222,0.046500000000000014,0.04627650551314674,0.0801626488527447,0.4055842098166128,0.032333579068534256,0.194798007747648,0.12881424936386768,0.10750750750750751,0.04945598417408506,0.028609398648898075,0.05003689356207342,0.12004801920768307,0.11321042593769869
51-9061.00,0.2390786823203858,0.22065727699530516,0.24952471482889732,0.15987236700506466,0.12846315789473683,0.06975409836065576,0.1037575038909064,0.1350210970464135,0.09799694249539416,0.17144182450715117,0.25267924528301894,0.151875,0.1255355773008775,0.11406844106463879,0.1263775821011242,0.44041811846689893,0.48401826484018273,0.0,0.2836503848922856,0.20952380952380953,0.12682352941176467,0.2781065088757396,0.2588961110499064,0.30338891877353413,0.16370106761565836,0.1882457076341061,0.05505200448280609,0.11916771752837328,0.16215955119756556,0.13536342372000348,0.09386666666666665,0.09063682219419923,0.09435897435897436,0.0,0.2127546558704453,0.07111111111111111,0.11160714285714285,0.0,0.05322953923837575,0.03738162485462702,0.19432624113475178,0.2876923076923077,0.0013740458015267186,0.1319758672699849,0.32825396825396824,0.0014400000000000012,0.0,0.10165553296543711,0.38641113807982747,0.0018624141543475748,0.13171001660210294,0.10178117048346055,0.16144144144144146,0.1490273656445763,0.07209568459522316,0.019568960216442225,0.09296518607442975,0.08895104895104895
51-9071.01,0.08240584369340957,0.10211267605633804,0.11549429657794677,0.13169678133066426,0.30701754385964913,0.3415300546448087,0.0902690283850886,0.13110307414104883,0.08623730939594684,0.18981059141863166,0.4490566037735848,0.25,0.21958201582876494,0.1652724968314322,0.23709641690203243,0.464,0.41271513874253596,0.0009327935222672072,0.47696184305255585,0.1904761904761905,0.11745588235294115,1.0,0.6316864803148817,1.0,0.6198102016607354,0.23375206130565526,0.08257800672420912,0.09063682219419923,0.2856768263650729,0.3556701030927835,0.0015360000000000013,0.03583438419503994,0.002051282051282053,0.002862595419847331,0.006153846153846155,0.0,0.0008035714285714293,0.0,0.0,0.0,0.8042553191489362,0.17244755244755247,0.0,0.19565610859728502,0.6422222222222222,0.0,0.0,0.10165553296543711,0.21237864077669905,0.0,0.1807784541597491,0.0885496183206107,0.18246246246246248,0.051513353115727,0.20672597733397324,0.2195166943368382,0.18720288115246095,0.2736808645899555
51-9071.06,0.08240584369340957,0.11737089201877934,0.10693916349809886,0.09877258599799822,0.17543859649122806,0.16295081967213115,0.08059734677240052,0.11746835443037976,0.08341499745207948,0.11703131039814459,0.31194968553459124,0.1910416666666667,0.2058113645293468,0.08751330798479086,0.20507974746635652,0.4850174216027875,0.35216163212738555,0.0,0.40518220080855066,0.11832611832611833,0.08625,0.7060247444862829,0.3588290083828257,0.6172996234534697,0.427520759193357,0.1882457076341061,0.08601875700438451,0.10639974779319042,0.11178658422981114,0.24257125530624626,0.010133333333333334,0.04560739806641447,0.002051282051282053,0.005963740458015267,0.006153846153846155,0.0,0.0008035714285714293,0.0,0.0,0.0,0.8617021276595745,0.16325034965034968,0.0,0.26923076923076916,0.6618666666666667,0.0030000000000000027,0.0,0.10165553296543711,0.1887810140237325,0.0,0.1807784541597491,0.1150127226463104,0.19255255255255255,0.051513353115727,0.16242755361955036,0.06052850027670171,0.08609843937575029,0.315956770502225
51-9071.07,0.03865953160925386,0.07295774647887324,0.05988593155893535,0.027844462338483308,0.292280701754386,0.1993237704918033,0.08059734677240052,0.07866184448462929,0.05585825722237465,0.1530730575956707,0.21132075471698114,0.10416666666666666,0.08793758302617548,0.0721825095057034,0.144985324250983,0.4139372822299651,0.3783222105139913,0.0,0.4132746303372654,0.1402597402597402,0.08629411764705883,0.5379236148466918,0.28844131521227473,0.5379236148466918,0.296085409252669,0.19912212629741002,0.09634100784491065,0.1471206389239176,0.21425761977380467,0.4060902711600104,0.010133333333333334,0.11916771752837328,0.006495726495726497,0.022480916030534346,0.015261538461538458,0.0,0.0008035714285714293,0.0,0.0,0.0,0.3383829787234043,0.17244755244755247,0.0,0.23416289592760178,0.2571428571428572,0.0,0.0,0.19078710426953235,0.29075647249190933,0.0,0.10625345877144438,0.05642748091603052,0.12064864864864866,0.03659742828882295,0.13843257410757134,0.0353563303203591,0.09296518607442975,0.21169739351557534
51-9081.00,0.10218324617982791,0.1455399061032864,0.07129277566539924,0.11735312046116447,0.21052631578947367,0.14382513661202187,0.08500704068776406,0.10488245931283906,0.09799694249539416,0.21473521453420955,0.22822641509433964,0.11041666666666666,0.09355062024061221,0.13307984790874525,0.144985324250983,0.31358885017421606,0.42149631190727077,0.016194331983805668,0.533207343412527,0.20952380952380953,0.11745588235294115,0.5101882732651964,0.31848728554688677,0.619688004303389,0.48235349940688016,0.27797313027451737,0.0759717661862724,0.09063682219419923,0.16384325036744668,0.24257125530624626,0.0,0.08209857082807902,0.0009846153846153854,0.0,0.06072874493927125,0.0,0.0016741071428571443,0.0,0.0,0.0,0.3546099290780142,0.20391608391608396,0.0,0.2206334841628959,0.38095238095238093,0.0,0.0,0.16381063026430437,0.2844356796116505,0.0,0.08273381294964026,0.10178117048346055,0.17343423423423424,0.10096933728981207,0.05168149433349331,0.05003689356207342,0.21785114045618245,0.1395549904640814
51-9082.00,0.26394286528170585,0.16079812206572774,0.28517110266159695,0.1881382590438061,0.28596491228070176,0.26336065573770495,0.2417920403172015,0.29294755877034356,0.1514640743208812,0.28567452647854663,0.21132075471698114,0.21541666666666665,0.21043276516923307,0.22915082382762988,0.20629118901257132,0.31358885017421606,0.36043788783514813,0.0,0.6347953702165365,0.1558441558441558,0.2459411764705882,0.5177514792899408,0.4068725149478703,0.5101882732651964,0.40880664294187424,0.4155592200989427,0.14380370028115844,0.13829340058848255,0.33208205963331244,0.3865979381443299,0.0,0.2787673392181589,0.20004102564102563,0.06625954198473284,0.32388663967611336,0.1111111111111111,0.1478794642857143,0.0,0.08240409565888211,0.10765907958132581,0.3425531914893617,0.25748251748251744,0.0,0.45248868778280543,0.4292063492063492,0.0,0.0,0.34853325588149864,0.45631067961165045,0.0,0.3119350673307507,0.20916030534351143,0.3207207207207207,0.16485328058028353,0.17442504337553985,0.12393931009038922,0.33853541416566624,0.3827590591226955
51-9083.00,0.06262844120699126,0.12093896713615024,0.0748574144486692,0.10629811635975042,0.09157894736842107,0.06368852459016394,0.0902690283850886,0.13622664255575645,0.03723883814824977,0.17144182450715117,0.19441509433962265,0.09333333333333334,0.099631410556252,0.12395437262357413,0.13568145317605362,0.3010452961672474,0.42149631190727077,0.0,0.39536606302265054,0.20952380952380953,0.09375,0.5806562668101131,0.42314741554578506,0.5285099515868746,0.5041518386714116,0.3282568629352992,0.05087395057116454,0.3783102143757881,0.41402438603633757,0.623754656501776,0.12,0.0735603194619588,0.026283760683760687,0.04437022900763359,0.18951255060728742,0.10666666666666666,0.10491071428571426,0.0,0.041092467915001055,0.004153513872736335,0.37765957446808507,0.2692307692307692,0.0,0.37146304675716435,0.38095238095238093,0.0,0.0,0.12231193726401395,0.29075647249190933,0.0,0.14849658734550822,0.0779236641221374,0.16890810810810813,0.06132542037586549,0.06511868286020156,0.03764680563241715,0.1444717887154862,0.2736808645899555
51-9111.00,0.06307607788878265,0.107981220657277,0.08269961977186313,0.12308757459681971,0.11368421052631579,0.08239071038251368,0.06855406507077746,0.06683544303797466,0.05585825722237465,0.15066099729416316,0.18867924528301885,0.09893333333333335,0.08793758302617548,0.13307984790874525,0.12815667054327964,0.3386759581881533,0.46540217773094483,0.11336032388663968,0.3404566096250761,0.17316017316017313,0.2317941176470588,0.37762237762237766,0.3715684998047012,0.36363636363636365,0.36414709371293,0.36375982151518094,0.19317355144413204,0.3940731399747793,0.44852641820603234,0.42558260417569094,0.3,0.33102143757881464,0.16235213675213678,0.05916030534351146,0.38866396761133604,0.22666666666666663,0.2603571428571429,0.0026666666666666687,0.10432007854688269,0.14886193719887025,0.09937588652482271,0.25748251748251744,0.10687022900763359,0.2469834087481146,0.24952380952380954,0.11200000000000002,0.08359626802374893,0.273017717107174,0.4753236245954693,0.14485443422703348,0.16528315808891345,0.12722646310432567,0.20685645645645645,0.16485328058028353,0.07209568459522316,0.06744604316546761,0.1917767106842737,0.1719516846789574
51-9121.00,0.05086780474901825,0.08577464788732393,0.05988593155893535,0.08184014268405565,0.09890526315789476,0.06352459016393444,0.04632031423701178,0.056962025316455674,0.0543295049194465,0.18981059141863166,0.17358490566037735,0.07833333333333332,0.09936946881957827,0.16197718631178706,0.20200614720053164,0.3443623693379791,0.43905865823674034,0.11336032388663968,0.3559907515091101,0.17316017316017313,0.08294117647058824,0.45804195804195813,0.4264023956653681,0.32275416890801506,0.4893238434163701,0.37042875157629257,0.19907198049586128,0.3940731399747793,0.37676219129306726,0.28094949319934154,0.16426666666666667,0.35561160151324084,0.32905982905982906,0.05916030534351146,0.4210526315789474,0.26948571428571433,0.3482142857142857,0.001280000000000001,0.2109413352970054,0.17610898820402063,0.2211914893617021,0.2876923076923077,0.13167938931297707,0.40832579185520357,0.6774603174603174,0.12143999999999998,0.1484308736217133,0.3345919256462387,0.4357133225458468,0.2263350534797398,0.12197933960523888,0.06717557251908396,0.15051051051051054,0.09891196834817012,0.057218797297796165,0.05003689356207342,0.1532893157262905,0.14881118881118882
51-9122.00,0.034020387816143395,0.04400625978090767,0.052699619771863104,0.028220738856570917,0.11894736842105262,0.07487704918032786,0.04997035499888832,0.05244122965641953,0.003057504605856298,0.08340162350212603,0.09433962264150943,0.0675,0.08232454581173874,0.10418250950570343,0.11993271307526168,0.21545180023228808,0.2469704952581665,0.09716599190283401,0.39536606302265054,0.15584415584415579,0.05558823529411764,0.48076923076923084,0.4068725149478703,0.4370629370629371,0.3670225385527876,0.3855854108060918,0.10349776842767544,0.11493799915931062,0.2846417653999821,0.24257125530624626,0.29439999999999994,0.3940731399747793,0.24923076923076926,0.0013740458015267186,0.5010526315789474,0.25305396825396825,0.43945312500000006,0.005555555555555556,0.16261659302896417,0.14886193719887025,0.217645390070922,0.30615384615384617,0.09404580152671756,0.33743589743589736,0.8571428571428571,0.084,0.16963528413910092,0.11385419692128959,0.24656148867313912,0.09700073720560277,0.13576830843017892,0.04809160305343511,0.17237237237237238,0.1490273656445763,0.030510539333308714,0.023073848613416957,0.1444717887154862,0.12635092180546728
51-9123.00,0.03865953160925386,0.059272300469483556,0.044914448669201516,0.011852710319759782,0.06978245614035086,0.0671516393442623,0.02570777440154155,0.037974683544303785,0.03889498647642192,0.028604561267877856,0.07798742138364781,0.010416666666666666,0.022396018485602555,0.0721825095057034,0.058668383452400726,0.07200929152148665,0.11927760215431447,0.004048582995951417,0.11283712687600374,0.03293650793650792,0.06763235294117645,0.49515868746637975,0.3098490690756858,0.343733189887036,0.28991696322657173,0.2599003298089048,0.041657655177837635,0.11493799915931062,0.06469131031817774,0.3183097981460625,0.05913599999999999,0.11493799915931062,0.07521367521367521,0.0031011450381679363,0.3117408906882591,0.09523809523809523,0.19921874999999997,0.011111111111111112,0.06287257170909599,0.062302708091045024,0.15602836879432622,0.13346013986013988,0.0,0.25452488687782804,0.5,0.0,0.07951653944020357,0.10165553296543711,0.147485167206041,0.00420336527890945,0.08273381294964026,0.03206106870229007,0.19255255255255255,0.04945598417408506,0.05168149433349331,0.0353563303203591,0.07435774309723887,0.1719516846789574
51-9141.00,0.12354772417441551,0.22309859154929576,0.1311787072243346,0.24716851920139069,0.12925614035087718,0.10314207650273223,0.0778181279181798,0.13622664255575645,0.11073654501979538,0.21182837263239274,0.18867924528301885,0.07833333333333332,0.06709450483656705,0.21596958174904943,0.08311181259345406,0.23931242740998837,0.4580845334269992,0.016194331983805668,0.3559907515091101,0.13708513708513706,0.09437499999999999,0.45454545454545453,0.3338557993730407,0.4393491124260356,0.3469750889679715,0.371908041517121,0.18653781876093664,0.28734499789827656,0.25044335111338056,0.2035865892748852,0.09039999999999998,0.30228693778898696,0.1352136752136752,0.0,0.26396761133603236,0.15873015873015872,0.14188058035714285,0.0,0.09311662809453676,0.056321648114304707,0.22119148936170213,0.18881118881118883,0.04508587786259541,0.2601809954751131,0.34377142857142856,0.047249999999999986,0.06038167938931296,0.136508858553587,0.2326051779935275,0.06111046443952973,0.15111603025272086,0.07881933842239183,0.21859939939939937,0.10096933728981207,0.07209568459522316,0.04035233351780114,0.1444717887154862,0.13101080737444376
51-9151.00,0.15724255804016524,0.17605633802816903,0.13307984790874527,0.17684996350117774,0.18596491228070178,0.1993237704918033,0.08500704068776406,0.1350210970464135,0.10975657559484146,0.21473521453420955,0.22822641509433964,0.129375,0.13749134656762774,0.2864385297845373,0.20200614720053164,0.3909407665505226,0.46540217773094483,0.0019433198380566818,0.37883507780916,0.23015873015873015,0.2459411764705882,0.34857450242065624,0.29194667841797955,0.30984400215169444,0.3074733096085409,0.209161897371229,0.04608147696663455,0.18127364438839846,0.25876524127271094,0.18950879320800484,0.0015360000000000013,0.17404897015552753,0.15316239316239316,0.2137404580152672,0.242914979757085,0.17523809523809522,0.24860491071428575,0.0026666666666666687,0.057858194824321474,0.08070443595281608,0.26595744680851063,0.23835524475524478,0.0,0.1689291101055807,0.5822222222222222,0.0125,0.0,0.1379262271275051,0.316039644012945,0.0,0.19627375023058474,0.14249363867684478,0.24118198198198199,0.11177052423343223,0.21744988740817303,0.18986349382032833,0.2573169267707083,0.40623013350286075
51-9191.00,0.08545791197835068,0.1338967136150235,0.08269961977186313,0.09406912952190304,0.05526315789473683,0.047855191256830604,0.1037575038909064,0.07866184448462929,0.06467798204696014,0.17144182450715117,0.23396226415094346,0.125,0.11787378150317135,0.13231939163498102,0.13568145317605362,0.3010452961672474,0.5136986301369864,0.07125506072874493,0.39536606302265054,0.23015873015873015,0.16180147058823527,0.42280796126949977,0.39360221138341667,0.39944055944055945,0.4009489916963226,0.49380395770685814,0.2661371188140225,0.48770491803278687,0.5247759093010578,0.4510309278350516,0.23333333333333334,0.6022751155947877,0.3760683760683761,0.09404580152671756,0.5052631578947369,0.35266031746031745,0.42438616071428575,0.03333333333333333,0.2266112630619258,0.14886193719887025,0.14184397163120566,0.25748251748251744,0.1431297709923664,0.43438914027149317,0.29111111111111115,0.084,0.07951653944020357,0.2795527156549521,0.5258899676375405,0.12747190211978945,0.14849658734550822,0.0885496183206107,0.18517717717717716,0.16485328058028353,0.03506958544058473,0.023073848613416957,0.1532893157262905,0.14621741894469167
51-9192.00,0.034020387816143395,0.025477308294209706,0.018060836501901135,0.04214297002581257,0.07894736842105263,0.030054644808743168,0.028718594826947306,0.022905364677516568,0.02346046803339735,0.1331735601082335,0.1761006289308176,0.057499999999999996,0.051864463861395385,0.11406844106463879,0.11993271307526168,0.13937282229965156,0.46540217773094483,0.0353425101214575,0.18431217810267483,0.12337662337662333,0.11745588235294115,0.342119419042496,0.28844131521227473,0.30984400215169444,0.30177935943060497,0.34920942865457366,0.11671024950354891,0.17240699873896592,0.24949109502549696,0.2035865892748852,0.16426666666666667,0.2787673392181589,0.13675213675213677,0.041984732824427475,0.38866396761133604,0.25,0.31473214285714285,0.001280000000000001,0.1597675152535241,0.12493769729190896,0.09255319148936172,0.19304055944055945,0.0357824427480916,0.25900452488687786,0.18575238095238095,0.044000000000000004,0.12091603053435114,0.16337496369445254,0.45631067961165045,0.04850036860280138,0.07673860911270983,0.05725190839694656,0.15051051051051054,0.03659742828882295,0.039277935693454905,0.04496402877697841,0.11284513805522207,0.13101080737444376
51-9193.00,0.05086780474901825,0.12093896713615024,0.08269961977186313,0.16462097666333034,0.2150456140350877,0.12021857923497266,0.14244423034165868,0.1506931886678722,0.08623730939594684,0.15066099729416316,0.19441509433962265,0.13685,0.18146013808071546,0.176425855513308,0.15506451791548984,0.2545876887340302,0.5762644889357218,0.08550607287449392,0.32185578999833864,0.18831168831168826,0.11745588235294115,0.363098440021517,0.33122677696876224,0.35580419580419587,0.3138505338078292,0.36375982151518094,0.13025697489235366,0.3783102143757881,0.45642048316645856,0.39471974356753015,0.21600000000000003,0.43442622950819676,0.19230769230769232,0.05206106870229008,0.4284631578947369,0.2840888888888889,0.31473214285714285,0.001280000000000001,0.10407461953853708,0.1869081242731351,0.20035460992907797,0.25748251748251744,0.07389312977099236,0.33597285067873306,0.358095238095238,0.09375,0.15945716709075486,0.15393552134766195,0.442455501618123,0.13386101734373182,0.14849658734550822,0.10178117048346055,0.17237237237237238,0.13114408176722714,0.09095943002694822,0.079136690647482,0.2573169267707083,0.1719516846789574
51-9194.00,0.11190917044784014,0.12093896713615024,0.1311787072243346,0.12308757459681971,0.2603508771929825,0.15923497267759565,0.07678055287927077,0.09041591320072331,0.07588883226843321,0.16680324700425206,0.21132075471698114,0.07833333333333332,0.0773850730630344,0.15437262357414452,0.09816830038212326,0.23803948896631827,0.3783222105139913,0.0353425101214575,0.39536606302265054,0.2092352092352092,0.07941176470588236,0.591715976331361,0.38083267399120657,0.4381387842926305,0.4893238434163701,0.3282568629352992,0.09634100784491065,0.23939943253467844,0.25876524127271094,0.2035865892748852,0.0,0.1847217843631778,0.11965811965811966,0.041984732824427475,0.2623481781376518,0.09813333333333332,0.11300223214285715,0.0,0.06048811277088155,0.0930387107492939,0.39148936170212767,0.2147916083916084,0.029580152671755722,0.23981900452488686,0.29111111111111115,0.037500000000000006,0.03180661577608142,0.14522218995062447,0.13652912621359223,0.04009363804498248,0.19627375023058477,0.14249363867684478,0.16144144144144146,0.02439828552588197,0.05168149433349331,0.0353563303203591,0.13565426170468187,0.1557533375715194
51-9195.03,0.04476366817913606,0.09859154929577463,0.06273764258555133,0.028220738856570917,0.20381754385964915,0.1993237704918033,0.07678055287927077,0.07866184448462929,0.06467798204696014,0.1530730575956707,0.23396226415094346,0.071875,0.07294141860160532,0.11457541191381494,0.05191892340920418,0.21545180023228808,0.30477988525933736,0.04275303643724697,0.44027247051005153,0.20952380952380953,0.0625,0.619688004303389,0.4749466684026562,0.4868208714362561,0.46619217081850534,0.4092297992045786,0.08257800672420912,0.13299968474148802,0.27946646057452784,0.257125530624621,0.07039999999999999,0.45252732240437166,0.2441025641025641,0.09404580152671756,0.437246963562753,0.2644444444444444,0.4080636160714286,0.034168888888888894,0.08766393155200225,0.07443096859943514,0.217645390070922,0.22657342657342658,0.0366793893129771,0.23416289592760178,0.22956190476190474,0.025,0.05597964376590331,0.10539645657856522,0.29075647249190933,0.032333579068534256,0.10935251798561149,0.03155216284987278,0.18246246246246248,0.051513353115727,0.02174314297316253,0.03764680563241715,0.12785114045618248,0.1160203432930706
51-9195.04,0.05697194131890045,0.107981220657277,0.047528517110266164,0.10606482491853614,0.27223859649122806,0.1993237704918033,0.06432965241236198,0.06683544303797466,0.06554035514091958,0.15066099729416316,0.21132075471698114,0.1431,0.14588283720321063,0.21425602027883395,0.11993271307526168,0.2787456445993032,0.54337899543379,0.0353425101214575,0.6257060973583651,0.3475228475228475,0.2317941176470588,0.619688004303389,0.4749466684026562,0.4868208714362561,0.4893238434163701,0.45018915510718793,0.2253691433514874,0.49259142496847413,0.6641641192666248,0.4965130382049728,0.17280000000000004,0.3011375577973939,0.22153846153846155,0.10496183206106868,0.37311740890688255,0.19047619047619047,0.18328124999999995,0.0,0.08766393155200225,0.09968433294567206,0.319063829787234,0.2937062937062937,0.04437022900763359,0.389894419306184,0.6238095238095239,0.05456000000000001,0.18999151823579305,0.24655242521057222,0.37545509708737873,0.04009363804498248,0.1357683084301789,0.07633587786259541,0.16504504504504505,0.04945598417408506,0.07855587138690981,0.05003689356207342,0.13565426170468187,0.10108073744437382
51-9195.05,0.07630170712352738,0.093943661971831,0.11412547528517111,0.15051060723504486,0.31456140350877193,0.3678688524590164,0.04250352034388203,0.06027727546714887,0.061738073772098306,0.20971008890606885,0.22822641509433964,0.046875,0.03713024117349897,0.07984790874524714,0.06489865426150522,0.24390243902439027,0.36880927291886195,0.07866558704453441,0.5808896826715402,0.17316017316017313,0.15788235294117647,0.6261430876815492,0.49851272446843675,0.5422270037654653,0.5124555160142349,0.5304830730429722,0.25412398497866734,0.4010088272383354,0.26605207046695056,0.6107597678246557,0.22459733333333334,0.3011375577973939,0.24923076923076926,0.0,0.3348987854251012,0.19047619047619047,0.255859375,0.0,0.12097622554176309,0.09170958631001827,0.19858156028368795,0.20391608391608396,0.10496183206106868,0.3457767722473605,0.4038095238095238,0.06200000000000001,0.052586938083121294,0.08713331397037466,0.12641585760517798,0.04850036860280138,0.14849658734550822,0.12722646310432567,0.21859939939939937,0.08605341246290801,0.07965410314149654,0.012874315931869888,0.12785114045618248,0.21524475524475528
51-9195.07,0.07630170712352738,0.1619718309859155,0.07129277566539924,0.06321445503871886,0.09157894736842107,0.06975409836065576,0.04997035499888832,0.04708860759493671,0.030869036886049153,0.15066099729416316,0.21132075471698114,0.11499999999999999,0.09936946881957827,0.15437262357414452,0.1263775821011242,0.2606271777003485,0.3962065331928345,0.11336032388663968,0.3559907515091101,0.1558441558441558,0.101875,0.4370629370629371,0.3873426342303725,0.39335664335664344,0.296085409252669,0.4092297992045786,0.15262185171349363,0.3235077763766288,0.43886584919851784,0.3384085593000087,0.16426666666666667,0.5861837957124842,0.3702153846153846,0.0357824427480916,0.5091497975708502,0.3127365079365079,0.31473214285714285,0.008444444444444445,0.12823479907426888,0.17610898820402063,0.12482269503546098,0.25748251748251744,0.16698473282442747,0.36293363499245856,0.34377142857142856,0.066,0.18999151823579305,0.15393552134766195,0.4055842098166128,0.17072129748186085,0.19627375023058474,0.1150127226463104,0.20685645645645645,0.1160567095285196,0.048045332053601085,0.04035233351780114,0.15786314525810324,0.14621741894469167
51-9196.00,0.07242558040165216,0.05164319248826291,0.07129277566539924,0.06377886981585028,0.0968421052631579,0.10314207650273223,0.0805973467724005,0.05696202531645568,0.05585825722237465,0.17317356010823348,0.14213836477987418,0.052083333333333336,0.07700619305105992,0.0721825095057034,0.07528243894334606,0.2620209059233449,0.3962065331928345,0.048582995951417005,0.26690480146203693,0.23190235690235686,0.15205882352941177,0.3840774610005379,0.3071900007010726,0.343733189887036,0.3608540925266904,0.2500848772916869,0.11830774070505888,0.2778215636822194,0.373615605959191,0.23005284588062028,0.16426666666666667,0.19539459857082805,0.08303589743589743,0.0031011450381679363,0.3348987854251012,0.19714285714285712,0.2885044642857143,0.011111111111111112,0.07144610421488183,0.031400564877886686,0.1202127659574468,0.14895104895104896,0.03787213740458015,0.3470965309200603,0.28460317460317464,0.047249999999999986,0.071882951653944,0.24902120243973278,0.547802049622438,0.07170294494238155,0.10625345877144438,0.05642748091603052,0.1960168168168168,0.13188262446422683,0.034146701613200936,0.03764680563241715,0.13565426170468187,0.13101080737444376
51-9197.00,0.08952733635827212,0.05164319248826291,0.08365019011406843,0.037627651808761216,0.0968421052631579,0.06454918032786884,0.04997035499888832,0.06781193490054248,0.0543295049194465,0.10088906068805567,0.12578616352201255,0.0353125,0.0447920369712051,0.05621292775665398,0.0321897325137066,0.22276422764227644,0.3783222105139913,0.035912550607287444,0.29494102010300716,0.2526936026936026,0.05558823529411764,0.48076923076923084,0.5047723016214808,0.4209252286175363,0.4529964412811387,0.6338151130080512,0.2661371188140225,0.5920554854981084,0.6262118838799605,0.3556701030927835,0.37033599999999994,0.5283469945355191,0.26525811965811963,0.0031011450381679363,0.5473684210526315,0.3657142857142857,0.5064174107142857,0.002888888888888886,0.2109413352970054,0.14537298554577174,0.10638297872340426,0.19304055944055945,0.06011450381679388,0.3232956259426847,0.2463111111111111,0.06299999999999999,0.156225614927905,0.2927679349404589,0.6516231796116505,0.0814806192527063,0.11621472053126729,0.06412213740458014,0.12036036036036035,0.018542696999670292,0.02087563217542174,0.030667773473528857,0.09296518607442975,0.10108073744437382
51-9198.00,0.04476366817913606,0.049295774647887314,0.06273764258555133,0.018813825904380608,0.04951578947368421,0.03415300546448087,0.059642036611576396,0.04708860759493671,0.04630355532907373,0.11327406262079633,0.1572327044025157,0.0675,0.06709450483656705,0.06615969581749051,0.10279946835022431,0.11074564459930314,0.43905865823674034,0.057004048582995945,0.2657833527163981,0.12337662337662333,0.08625,0.35580419580419587,0.35153785291495987,0.342119419042496,0.3608540925266904,0.3855854108060918,0.12386701008631369,0.1847217843631778,0.3622713377817954,0.22801697998787146,0.21333333333333335,0.48027663934426235,0.23483076923076926,0.09404580152671756,0.49263157894736836,0.34920634920634924,0.3482142857142857,0.012835555555555553,0.10957991444000281,0.11629838843661738,0.14184397163120566,0.24475524475524474,0.10687022900763359,0.389894419306184,0.22666666666666666,0.066,0.05597964376590331,0.18472262561719432,0.42475728155339804,0.07275055290420208,0.07673860911270983,0.023348600508905862,0.1299891891891892,0.051513353115727,0.011997489755989505,0.004965258562380864,0.09930372148859543,0.09541004450095361
51-9199.01,0.055506948542128724,0.07692488262910799,0.07277566539923955,0.12191359186038635,0.09890526315789476,0.05336065573770492,0.028718594826947306,0.022302591922845092,0.02449923562384854,0.1530730575956707,0.25849056603773585,0.05059999999999999,0.04905794525417702,0.12395437262357413,0.15143019327684554,0.3233449477351916,0.4266186629200328,0.15380728744939273,0.18431217810267483,0.15079365079365076,0.17941176470588238,0.4370629370629371,0.46546215710036354,0.37762237762237766,0.4500308422301305,0.5683747211174701,0.25412398497866734,0.4010088272383354,0.4754380032983943,0.4385774928528113,0.6144000000000001,0.37042875157629257,0.17094017094017094,0.002862595419847331,0.437246963562753,0.24480000000000002,0.2603571428571429,0.012835555555555553,0.17225962549968443,0.13993022096693805,0.1602836879432624,0.2751384615384615,0.17312977099236646,0.45248868778280543,0.3127365079365079,0.16200000000000003,0.1484308736217133,0.18036595991867557,0.2616808252427184,0.14550110580840417,0.15111603025272086,0.06641221374045803,0.17824864864864867,0.030253874052093652,0.02174314297316253,0.019568960216442225,0.11284513805522207,0.19930069930069932
53-1011.00,0.2868944187844629,0.1338967136150235,0.3127376425855513,0.19382755999729082,0.30701754385964913,0.24385245901639344,0.22511672719187725,0.18497890295358652,0.09799694249539416,0.21473521453420955,0.23396226415094346,0.22559999999999997,0.2370946919378075,0.26996197718631176,0.3559907515091101,0.4117909407665505,0.54337899543379,0.1451012145748988,0.4945727418729579,0.3475228475228475,0.3400735294117647,0.28187197417966653,0.3124780914799643,0.2588757396449704,0.2676156583629893,0.45469977689397617,0.19317355144413204,0.32839428331231607,0.41402438603633757,0.24257125530624626,0.26666666666666666,0.5541653530895334,0.24923076923076926,0.08015267175572519,0.41198380566801623,0.2571428571428572,0.3482142857142857,0.058666666666666666,0.1597675152535241,0.13993022096693805,0.14184397163120566,0.41790209790209787,0.19083969465648853,0.45248868778280543,0.34377142857142856,0.09375,0.23854961832061067,0.3003194888178914,0.5806701725997843,0.199174847062171,0.2298468917173953,0.19083969465648853,0.3156756756756756,0.3461918892185954,0.19501458156447266,0.1283588513804341,0.3457382953181272,0.29401144310235217
53-1021.00,0.3052068284941095,0.2535211267605634,0.33269961977186313,0.22388452826212926,0.30701754385964913,0.24385245901639344,0.23733602608760102,0.3164556962025316,0.16904472580455487,0.33629686896018557,0.22822641509433964,0.1171875,0.1257975190375512,0.15437262357414452,0.18967713352162596,0.2787456445993032,0.28813224446786095,0.057004048582995945,0.33314642520906024,0.17316017316017313,0.27999999999999997,0.2074018289402905,0.2711348362995383,0.23534158149542764,0.15584341637010674,0.17051241633524106,0.07962879219834451,0.12507881462799492,0.15426548623713934,0.04060902711600104,0.06613333333333335,0.19272803699033206,0.15316239316239316,0.0366793893129771,0.28858299595141707,0.15075555555555556,0.20176339285714284,0.022222222222222223,0.07100778455712184,0.07443096859943514,0.1410496453900709,0.2751384615384615,0.07389312977099236,0.15082956259426847,0.1111111111111111,0.056249999999999994,0.07951653944020357,0.09410397908800465,0.4055842098166128,0.1001564945226917,0.3529791551374285,0.26717557251908397,0.3556756756756757,0.4615891856247939,0.3760751596589021,0.3429948349013097,0.38355342136854736,0.3095486331849968
53-1021.01,0.24569149693775816,0.19131455399061031,0.25100760456273763,0.23197447340101296,0.27223859649122806,0.15923497267759565,0.1037575038909064,0.20644966847498494,0.13829328524950021,0.262667182064167,0.23781132075471698,0.18229166666666669,0.19060938874024735,0.17743979721166034,0.144985324250983,0.23803948896631827,0.26123990165086053,0.08550607287449392,0.144985324250983,0.13015873015873017,0.14235294117647057,0.12772458310919851,0.11768005047723017,0.2074018289402905,0.16370106761565836,0.2300780871083519,0.09830715086215372,0.07224674232870952,0.12972764095805242,0.1015225677900026,0.0896,0.1287305590584279,0.0,0.0,0.16194331983805668,0.000914285714285715,0.0,0.0,0.0006311803071744167,0.0,0.09361702127659574,0.20839160839160842,0.06297709923664122,0.23981900452488686,0.14222222222222222,0.084,0.07124681933842239,0.10165553296543711,0.2768001618122977,0.06014045706747372,0.3014204021398266,0.26717557251908397,0.3016216216216216,0.32047477744807124,0.32808520063494406,0.18680440263174075,0.29157262905162057,0.3458359821996186
53-1031.00,0.26705597493234584,0.2926447574334899,0.33269961977186313,0.3450455670863404,0.3280701754385965,0.2766393442622951,0.20560661083524792,0.24773960216998192,0.16904472580455487,0.30132199458832626,0.21132075471698114,0.16375,0.2005210769547402,0.176425855513308,0.24942543058093813,0.31358885017421606,0.35216163212738555,0.12178137651821863,0.3083984050506729,0.1402597402597402,0.28582352941176464,0.22189349112426035,0.13270303564453614,0.2074018289402905,0.15584341637010674,0.18945824037249004,0.09830715086215372,0.13135771332492643,0.13800812867877918,0.10673135233474833,0.08,0.13135771332492643,0.09025641025641025,0.0,0.12955465587044535,0.09523809523809523,0.04910714285714285,0.0,0.07670594010800197,0.05848147532812759,0.217645390070922,0.2692307692307692,0.13167938931297707,0.2828054298642534,0.23809523809523808,0.075,0.05597964376590331,0.1728144060412431,0.2760079557713053,0.1616678953426713,0.289153292750415,0.22900763358778625,0.4030030030030029,0.46158918562479384,0.31008896600095986,0.3135645329889934,0.3249939975990396,0.3610934520025429
53-2011.00,0.36783526970110075,0.41715179968701094,0.3959125475285171,0.2116555414242819,0.29969122807017545,0.25614754098360654,0.5891943970947899,0.4746835443037975,0.41550703618047125,0.6129725550831079,0.3239748427672956,0.316875,0.3616620203191947,0.4544993662864385,0.5136512155950601,0.8274099883855982,0.9044608359676852,1.0,0.4699077919920252,0.5820105820105821,0.6619411764705883,0.6051640667025282,0.40934629983875337,0.35580419580419587,0.7562277580071174,0.8039092055485499,1.0,1.0,0.9946521850136975,0.5211491813220134,0.47519999999999996,0.20393284993694827,0.017094017094017096,0.0,0.054412955465587054,0.03571428571428571,0.244140625,0.0,0.02391472052738622,0.17610898820402063,0.4021276595744681,0.8363636363636364,1.0,1.0,0.5406349206349207,1.0,0.8074639525021203,0.6389776357827476,0.778249730312837,0.7449656617390292,0.4521306032097399,0.4007633587786259,0.34878078078078073,0.39952522255192885,0.19501458156447266,0.20365246264526835,0.4378391356542617,0.3610934520025429
53-2012.00,0.3433576820558732,0.34824726134585293,0.33269961977186313,0.29575334321686325,0.30701754385964913,0.24385245901639344,0.4971929889572371,0.4746835443037975,0.36846850378268203,0.6129725550831079,0.22822641509433964,0.20052083333333331,0.15362882855913332,0.164958174904943,0.42071634269258457,0.6243902439024391,0.8177028451001053,0.6477732793522267,0.4311831976518802,0.5158730158730159,0.5033823529411764,0.39944055944055945,0.3755746291826495,0.35580419580419587,0.6754448398576512,0.6668930061111651,0.6717131004109238,0.5943936527952921,0.7590447077332855,0.24257125530624626,0.18666666666666668,0.1847217843631778,0.09572649572649575,0.08396946564885495,0.1522267206477733,0.07111111111111111,0.11749999999999998,0.001280000000000001,0.06048811277088155,0.10765907958132581,0.46418439716312065,0.8081454545454546,0.5596946564885497,0.9049773755656108,0.4549587301587302,0.5249999999999999,0.6509245122985582,0.392099912866686,0.547802049622438,0.3847695909155576,0.42479247371333706,0.4075725190839694,0.25657657657657656,0.3403363006923838,0.22108604968806525,0.12107237287093399,0.39495798319327735,0.32508582326764146
53-2021.00,0.5650802693958941,0.3536776212832551,0.6195342205323194,0.2919454248538166,0.4857894736842105,0.39344262295081966,0.6015897131846143,0.611139240506329,0.4174669750303791,0.6476691148047933,0.5471698113207547,0.2756,0.2752446348719292,0.4879594423320659,1.0,1.0,1.0,0.057004048582995945,0.6972711413856123,1.0,1.0,0.19203873050026893,0.13821146353921498,0.30338891877353413,0.25691103202846977,0.00875448637113202,0.026818190755195537,0.020360445565363598,0.05175304825454219,0.0015593866412544415,0.0,0.0,0.0,0.0,0.054412955465587054,0.0,0.0008035714285714293,0.0,0.0,0.0,0.42970212765957455,0.6690909090909092,0.04437022900763359,0.3200904977375566,0.38095238095238093,0.23744000000000004,0.13109414758269722,0.3003194888178914,0.8174892125134843,0.08536064874093044,0.6153846153846154,0.4854961832061069,0.3339147147147147,0.5578635014836795,0.23256672450071983,0.12224066900325893,0.3913565426170468,0.4339732994278449
53-2022.00,0.3494007772600566,0.3536776212832551,0.4030418250950571,0.36870583454368944,0.3377192982456141,0.2766393442622951,0.3361743126065368,0.3930078360458107,0.2795362784681118,0.34316196366447627,0.23396226415094346,0.14875,0.09355062024061221,0.20278833967046897,0.39536606302265054,0.3637630662020906,0.48401826484018273,0.16194331983805668,0.37152489339314393,0.3001924001924001,0.27999999999999997,0.15129101667563208,0.15924364277344338,0.1815492200107585,0.22835112692763937,0.17736928897080223,0.07373036314661528,0.05779739386296762,0.13973323028726392,0.050355193623841304,0.07039999999999999,0.04925914249684741,0.031794871794871796,0.0013740458015267186,0.0893927125506073,0.0419047619047619,0.03044642857142858,0.0,0.02391472052738622,0.02554577172287756,0.19858156028368795,0.5056615384615385,0.15458015267175573,0.40832579185520357,0.3055555555555556,0.132,0.16963528413910092,0.2073772872494917,0.494336569579288,0.12747190211978945,0.2298468917173953,0.26876335877862595,0.25657657657657656,0.45507418397626115,0.285281848720883,0.23016971038553768,0.3601440576230492,0.392879847425302
53-2031.00,0.3296233747736383,0.09859154929577463,0.3555133079847909,0.11288295542628367,0.15574736842105266,0.11688524590163935,0.2779218854220707,0.2712477396021699,0.11073654501979538,0.1939543873212215,0.12256603773584908,0.059399999999999994,0.07244560031433007,0.12395437262357413,0.21338677521182922,0.2968641114982578,0.42149631190727077,0.009353846153846152,0.09816830038212326,0.17316017316017313,0.25058823529411767,0.30984400215169444,0.2624014742556111,0.26495965572888647,0.09990984578884934,0.34920942865457366,0.022856412575450742,0.06797761664564943,0.13524796610520362,0.0,0.26666666666666666,0.3612337116435477,0.19230769230769232,0.0013740458015267186,0.4284631578947369,0.2777777777777778,0.38448660714285715,0.0,0.2524721228697665,0.46652267818574517,0.14184397163120566,0.3776223776223776,0.0013740458015267186,0.1478129713423831,0.2571428571428572,0.014439999999999998,0.0,0.1995004356665699,0.6636832524271844,0.0,0.4521306032097399,0.45801526717557245,0.4040648648648648,0.3482492581602374,0.21744988740817303,0.1540921109266433,0.22509003601440575,0.6810934520025428
53-3011.00,0.28079028221458074,0.1455399061032864,0.28517110266159695,0.1700769861756007,0.23684210526315788,0.08896174863387979,0.2598569628696361,0.19529837251356238,0.10975657559484146,0.17144182450715117,0.21132075471698114,0.057499999999999996,0.052856100435945894,0.12395437262357413,0.2803621864097026,0.3386759581881533,0.4566210045662101,0.4284631578947369,0.31860912665448304,0.17316017316017313,0.3161764705882353,0.342119419042496,0.30045970334611954,0.30338891877353413,0.296085409252669,0.40100882723833553,0.3251214093313148,0.37042875157629257,0.5295647913662115,0.033570129082560865,0.43999999999999995,0.5402480033627575,0.23589743589743586,0.05206106870229008,0.38866396761133604,0.17857142857142858,0.31473214285714285,0.0,0.2109413352970054,0.10271473666722047,0.13297872340425532,0.33398601398601396,0.22656488549618325,0.43438914027149317,0.19047619047619047,0.23744000000000004,0.1306191687871077,0.1995004356665699,0.3476436084142395,0.12747190211978945,0.23132263420033203,0.12881424936386768,0.28419459459459456,0.1450708869106495,0.1814574181402045,0.1719778023734858,0.3249939975990396,0.47043865225683407
53-3021.00,0.07878405599527945,0.06660406885758997,0.10337452471482891,0.07525530361752243,0.05894736842105264,0.07487704918032786,0.1421477803305418,0.028860759493670868,0.005879816549723655,0.09954387321221495,0.02389937106918238,0.04583333333333333,0.033299343274645905,0.22179974651457543,0.1730630780306806,0.20905923344947738,0.36043788783514813,0.4453441295546559,0.18967713352162596,0.27549302549302546,0.3400735294117647,0.28187197417966653,0.2383646979879215,0.24068854222700373,0.498220640569395,0.5901639344262296,0.45390377696073614,0.508025956284153,0.6372111317356592,0.10673135233474833,0.24,0.21571563682219416,0.07521367521367521,0.0,0.20113360323886637,0.047619047619047616,0.21515625,0.0,0.07100778455712184,0.03738162485462702,0.05878014184397166,0.5235636363636363,0.47709923664122134,0.5176772247360483,0.35266031746031745,0.47,0.46649703138252757,0.3194888178913738,0.4357133225458468,0.2723263363468229,0.194798007747648,0.11068702290076336,0.1955747747747748,0.1160567095285196,0.08121377680977516,0.08070466703560228,0.06295318127250898,0.3315448188175461
53-3022.00,0.07630170712352738,0.12225352112676055,0.08269961977186313,0.07788923924413572,0.07894736842105263,0.08200819672131147,0.1162084043578152,0.0795660036166365,0.04311865469797342,0.1530730575956707,0.06862893081761007,0.0644,0.07928415065391883,0.22915082382762988,0.21338677521182922,0.20905923344947738,0.44678609062170704,0.39550445344129553,0.2523259677687324,0.18831168831168826,0.301,0.24068854222700373,0.19717668032089097,0.2283162990855299,0.3670225385527876,0.3855854108060918,0.3594355203397495,0.3395596889449348,0.5247759093010578,0.033570129082560865,0.29439999999999994,0.19215006305170237,0.0211965811965812,0.0013740458015267186,0.054412955465587054,0.023809523809523808,0.024553571428571428,0.005555555555555556,0.005478995722000141,0.015657085894666887,0.046184397163120575,0.38052587412587413,0.53,0.5927601809954751,0.29841269841269835,0.42400000000000004,0.41777777777777775,0.34853325588149864,0.4357133225458468,0.6518449540216507,0.14849658734550822,0.14249363867684478,0.29160360360360355,0.08176722716782064,0.13156631843183578,0.12224066900325893,0.030012004801920768,0.3293070565797838
53-3031.00,0.19126294585630862,0.12093896713615024,0.22789923954372623,0.15239198982548294,0.18872982456140347,0.12469945355191257,0.05743718965389462,0.06781193490054248,0.03723883814824977,0.11703131039814459,0.12256603773584908,0.12689999999999999,0.17535128257900348,0.17743979721166034,0.11170875560724373,0.15609756097560978,0.34392928228544667,0.21862348178137653,0.11170875560724373,0.10649350649350649,0.1985294117647059,0.1882732651963421,0.2588961110499064,0.2781065088757396,0.2609727164887307,0.3176835774565913,0.20349580228465816,0.2532313997477932,0.3074131066319807,0.15437927748418953,0.2576,0.26599936948297603,0.1052991452991453,0.0,0.36534412955465584,0.15873015873015872,0.21177455357142855,0.001280000000000001,0.10957991444000281,0.05582322644957635,0.06595744680851066,0.30615384615384617,0.3220419847328244,0.3589743589743589,0.19047619047619047,0.21875,0.18553859202714162,0.14522218995062447,0.147485167206041,0.17072129748186085,0.2495480538646006,0.11399491094147583,0.23459459459459459,0.13114408176722714,0.2768651482151427,0.17647420525118365,0.12785114045618248,0.4675270184361094
53-3032.00,0.05697194131890045,0.107981220657277,0.0748574144486692,0.09406912952190304,0.11368421052631579,0.09686475409836066,0.1162084043578152,0.10488245931283906,0.08623730939594684,0.18981059141863166,0.21132075471698114,0.08773333333333333,0.09936946881957827,0.13307984790874525,0.15143019327684554,0.1743925667828107,0.3962065331928345,0.5557894736842105,0.3404566096250761,0.20952380952380953,0.2459411764705882,0.3284346422807961,0.31848728554688677,0.2781065088757396,0.5693950177935944,0.6774662915898729,0.53085861465563,0.677313209331652,0.7710790165540751,0.4596292125097462,0.48906666666666665,0.47551492223623365,0.29914529914529914,0.0357824427480916,0.3348987854251012,0.23142857142857146,0.244140625,0.016888888888888884,0.1825601374570447,0.21531815916265162,0.19574468085106383,0.561958041958042,0.5496183206106869,0.6221719457013575,0.34377142857142856,0.576,0.43850720949957595,0.34853325588149864,0.4357133225458468,0.6224213970692845,0.15111603025272086,0.12722646310432567,0.17237237237237238,0.0580283547642598,0.05168149433349331,0.06744604316546761,0.16566626650660263,0.21805467260012715
53-3033.00,0.0788450973609783,0.1338967136150235,0.12476235741444866,0.09406912952190304,0.05894736842105264,0.03859289617486338,0.059642036611576396,0.06781193490054248,0.03723883814824977,0.1331735601082335,0.09308176100628933,0.07291666666666667,0.09936946881957827,0.06337135614702155,0.15506451791548984,0.1425691056910569,0.29636459430979983,0.5052631578947369,0.2803621864097026,0.1558441558441558,0.27999999999999997,0.23534158149542764,0.28844131521227473,0.24068854222700373,0.30177935943060497,0.45469977689397617,0.3251214093313148,0.3011375577973939,0.41402438603633757,0.16676773802304426,0.29439999999999994,0.565862757461118,0.21230769230769228,0.0013740458015267186,0.4042105263157895,0.2857142857142857,0.3214285714285714,0.005555555555555556,0.18540921523248474,0.06549925236750291,0.09255319148936172,0.43601118881118883,0.2862595419847328,0.4147812971342383,0.2571428571428572,0.282,0.2748091603053435,0.19078710426953235,0.23702973300970873,0.25866863254827405,0.1807784541597491,0.10178117048346055,0.17343423423423424,0.008572370590174737,0.04614419136919044,0.023073848613416957,0.06842737094837933,0.2653273998728544
53-3041.00,0.20601460923352394,0.08577464788732393,0.1342680608365019,0.10606482491853614,0.1649122807017544,0.12469945355191257,0.09264062847402356,0.09229656419529836,0.08623730939594684,0.08581368380363356,0.09630188679245281,0.1325,0.1403259303609183,0.26996197718631176,0.18967713352162596,0.20162601626016263,0.23270108886547242,0.37311740890688255,0.2523259677687324,0.1714285714285714,0.3675,0.3284346422807961,0.30574779412501124,0.2912533620225927,0.40403321470937126,0.49558638083228257,0.47678968168144553,0.5349542875157629,0.6641641192666248,0.013536342372000349,0.2090666666666667,0.23746847414880198,0.14397264957264957,0.0,0.33943319838056685,0.13368888888888888,0.15694754464285715,0.0,0.057858194824321474,0.04984216647283602,0.13297872340425532,0.39776223776223774,0.6812977099236641,0.5184766214177978,0.3365079365079365,0.50456,0.5555555555555555,0.37641591635201854,0.45631067961165045,0.5761843790012805,0.21306032097399003,0.12881424936386768,0.245045045045045,0.06132542037586549,0.09095943002694822,0.10914345446719546,0.15126050420168063,0.38906547997457086
53-4011.00,0.2390786823203858,0.16079812206572774,0.2680608365019011,0.16462097666333034,0.09157894736842107,0.05844262295081967,0.208441414066553,0.1350210970464135,0.1514640743208812,0.3156242752222652,0.13679245283018868,0.140625,0.15362882855913332,0.20278833967046897,0.31860912665448304,0.5723577235772358,0.7546320688443976,0.4284631578947369,0.3559907515091101,0.5820105820105821,0.3917647058823529,0.342119419042496,0.3575470469818823,0.32275416890801506,0.5693950177935944,0.6468862159278301,0.5898429051729223,0.6452947667087011,0.8704448692027961,0.47377198302001217,0.33119999999999994,0.25811790668348045,0.15316239316239316,0.023854961832061067,0.28340080971659914,0.10666666666666666,0.1478794642857143,0.0,0.08766393155200225,0.1116464528991527,0.2211914893617021,0.7727272727272727,0.4933206106870229,0.7601809954751131,0.3657142857142857,0.4375,0.48854961832061067,0.39816439151902405,0.883225458468177,0.4441857758118962,0.2298468917173953,0.1590330788804071,0.19255255255255255,0.16485328058028353,0.030510539333308714,0.0353563303203591,0.1890756302521008,0.1508963763509218
53-4012.00,0.17803731662156388,0.12225352112676055,0.16112167300380226,0.16462097666333034,0.09890526315789476,0.06352459016393444,0.24312606536722745,0.11301989150090415,0.09658578652346048,0.17144182450715117,0.15778616352201258,0.0625,0.04905794525417702,0.11406844106463879,0.144985324250983,0.2606271777003485,0.5660197869101978,0.21862348178137653,0.29494102010300716,0.45725108225108224,0.27999999999999997,0.43272727272727274,0.38083267399120657,0.2958579881656805,0.46619217081850534,0.5050198855369095,0.46081476966634555,0.5172209962168979,0.781816048965284,0.22801697998787146,0.29439999999999994,0.17404897015552753,0.11076923076923079,0.0,0.2545748987854251,0.16825396825396827,0.24107142857142855,0.0,0.15122028192720385,0.26117295231766074,0.2429078014184397,0.6153846153846154,0.36790076335877864,0.6282051282051281,0.4828571428571429,0.38556,0.43850720949957595,0.37641591635201854,0.591626213592233,0.4247856283707756,0.1612248662608375,0.12881424936386768,0.20685645645645645,0.1160567095285196,0.057218797297796165,0.06147389780483307,0.1444717887154862,0.21169739351557534
53-4013.00,0.2072863043522494,0.13507042253521126,0.22956273764258553,0.10385231899218096,0.14298245614035088,0.10314207650273223,0.2626361817238568,0.13622664255575645,0.11184391046999331,0.24159257827599534,0.1761006289308176,0.09114583333333334,0.09936946881957827,0.1652724968314322,0.2523259677687324,0.32061324041811845,0.46759747102212845,0.44400971659919025,0.31860912665448304,0.2528258778258778,0.27999999999999997,0.3536847767616998,0.3244964796138091,0.24068854222700373,0.4893238434163701,0.477434765738675,0.46081476966634555,0.5336407103825137,0.6693394240920791,0.37597461665078397,0.5013333333333333,0.2944054749894913,0.19230769230769232,0.001612595419847327,0.340080971659919,0.1866285714285714,0.34095982142857145,0.0,0.2266112630619258,0.3655092208007975,0.16028368794326242,0.5244755244755245,0.3757156488549618,0.6208069381598792,0.5674603174603174,0.22493999999999995,0.34563189143341816,0.37118791751379604,0.7521743527508089,0.46172350909866916,0.22431285740638254,0.21068702290076333,0.17343423423423424,0.20236069897790968,0.09228838273838089,0.053034495480538645,0.29157262905162057,0.2497902097902098
53-4021.00,0.10529635583046777,0.11042253521126759,0.09838403041825095,0.09406912952190304,0.0926315789473684,0.07735655737704918,0.13896094271103535,0.06781193490054248,0.06467798204696014,0.11703131039814459,0.12366037735849056,0.07674583333333333,0.07700619305105992,0.12313307984790874,0.22117461372320982,0.3010452961672474,0.49394099051633295,0.2414574898785425,0.3987373317826881,0.23190235690235686,0.25899999999999995,0.30133942980096823,0.3199895840636173,0.343733189887036,0.4099359430604982,0.46894703656998743,0.2795609602642496,0.3864806641445986,0.543407006672693,0.27072684744000697,0.38079999999999997,0.41968789407313994,0.2441025641025641,0.009064885496183206,0.45619433198380566,0.2777777777777778,0.4314676339285714,0.001502222222222221,0.2958657689880076,0.4246552583485629,0.10984397163120564,0.5496503496503496,0.23043893129770993,0.4626244343891402,0.38948571428571427,0.19774999999999998,0.38019508057676,0.3194888178913738,0.7020293959007551,0.27475782149277667,0.11007194244604314,0.06412213740458014,0.15051051051051054,0.12363996043521265,0.057218797297796165,0.04384184959724529,0.22509003601440575,0.19930069930069932
53-4031.00,0.28079028221458074,0.14793427230046952,0.33269961977186313,0.2061995319120115,0.2163157894736842,0.1804098360655738,0.2598569628696361,0.23839662447257381,0.13829328524950021,0.3961190568225744,0.25267924528301894,0.1219,0.1255355773008775,0.17743979721166034,0.23886858282106663,0.3386759581881533,0.48401826484018273,0.21862348178137653,0.4311831976518802,0.23015873015873015,0.26588235294117646,0.2912533620225927,0.22960128997365975,0.2588757396449704,0.3138505338078292,0.3282568629352992,0.20862743555966262,0.35561160151324084,0.543407006672693,0.16676773802304426,0.32,0.26599936948297603,0.11076923076923079,0.0,0.29700404858299595,0.22666666666666663,0.23018973214285712,0.0,0.156480117820324,0.29074597109154343,0.19858156028368795,0.5056615384615385,0.25286259541984735,0.45248868778280543,0.3055555555555556,0.154,0.27777777777777773,0.3145164101074644,0.6932308522114348,0.18437900128040974,0.283194982475558,0.2885496183206107,0.24118198198198199,0.4915924826904055,0.2699988925394071,0.09915144807231138,0.30424969987995193,0.29401144310235217
53-4041.00,0.17244185809917187,0.12323943661971828,0.2525570342205323,0.11288295542628367,0.07719298245614033,0.05336065573770492,0.19037649151411842,0.2079566003616636,0.09897691192034809,0.19327406262079627,0.14213836477987418,0.12768333333333332,0.15962542331655655,0.2577946768060836,0.23363515534141882,0.443205574912892,0.5268703898840884,0.37943319838056677,0.28832308799911394,0.29641654641654636,0.287485294117647,0.3698224852071006,0.4131320921009144,0.30133942980096823,0.5569395017793595,0.6602240760500533,0.5244686498495901,0.5549863387978142,0.9201277955271565,0.37597461665078397,0.4346666666666666,0.22166614123581335,0.11965811965811966,0.14694656488549615,0.16805829959514168,0.15873015873015872,0.06776785714285713,0.0,0.156480117820324,0.13141717893337762,0.11170212765957445,0.47636363636363643,0.5081106870229007,0.6787330316742082,0.38948571428571427,0.39375,0.43850720949957595,0.39816439151902405,0.7757719795037755,1.0,0.270890979524073,0.20737913486005088,0.23326366366366366,0.08308605341246289,0.12643508435158185,0.12224066900325893,0.17999999999999997,0.37047043865225676
53-5011.00,0.2390786823203858,0.13145539906103287,0.10337452471482891,0.15987236700506466,0.13877192982456138,0.11133879781420765,0.20560661083524792,0.10488245931283906,0.09799694249539416,0.18981059141863166,0.21132075471698114,0.1325,0.10571220087189177,0.18960709759188848,0.23207758763914277,0.543842044134727,0.6540144596651446,0.37311740890688255,0.4132746303372654,0.23015873015873015,0.29411764705882354,0.43972027972027977,0.39059761434995544,0.3356643356643357,0.5124555160142349,0.5956567077311088,0.2661371188140225,0.3940731399747793,0.4754380032983943,0.4596292125097462,0.36,0.5040458175704078,0.3702153846153846,0.11587786259541982,0.4534412955465587,0.3657142857142857,0.39986607142857145,0.0026666666666666687,0.24721228697664632,0.43956803455723553,0.15957446808510642,0.6631104895104895,0.4174618320610687,0.8046757164404224,0.5107555555555556,0.405,0.5937234944868532,0.4417659018297996,0.8567286947141316,0.7449656617390292,0.19627375023058477,0.14249363867684478,0.2303423423423423,0.16485328058028353,0.1814574181402045,0.1283588513804341,0.25930372148859543,0.32508582326764146
53-5021.01,0.3296233747736383,0.3306885758998435,0.3127376425855513,0.3870003988531092,0.3280701754385965,0.28286885245901644,0.3181649744311866,0.369427365883062,0.3242522833287601,0.34316196366447627,0.29323270440251575,0.21541666666666665,0.2370946919378075,0.21596958174904943,0.39536606302265054,0.40418118466898956,0.5886605783866058,0.8084210526315789,0.5528949991692973,0.5820105820105821,0.5219117647058823,0.4370629370629371,0.3873426342303725,0.32275416890801506,0.5693950177935944,0.4433322824716268,0.414733292699711,0.45252732240437166,0.6024054816828711,0.18950879320800484,0.12,0.1847217843631778,0.11965811965811966,0.011927480916030533,0.3348987854251012,0.13368888888888888,0.2260044642857143,0.0,0.08240409565888211,0.19442432297723874,0.2936170212765958,0.7225174825174826,0.5725190839694656,0.7601809954751131,0.41996190476190476,0.54144,0.7404580152671755,0.34853325588149864,0.5574433656957929,0.5489465719939473,0.3271997786386276,0.33486005089058524,0.38582582582582575,0.5281107814045499,0.2934770571080512,0.23016971038553768,0.507202881152461,0.3610934520025429
53-5021.02,0.28079028221458074,0.1455399061032864,0.30988593155893535,0.1881382590438061,0.27223859649122806,0.24385245901639344,0.2417920403172015,0.1506931886678722,0.16904472580455487,0.1939543873212215,0.21132075471698114,0.11041666666666666,0.11787378150317135,0.18960709759188848,0.144985324250983,0.31358885017421606,0.5351027397260274,0.48064777327935226,0.39536606302265054,0.3173400673400673,0.3161764705882353,0.37762237762237766,0.30045970334611954,0.30338891877353413,0.5124555160142349,0.40100882723833553,0.1658933170798844,0.3940731399747793,0.5120101573982708,0.2035865892748852,0.17280000000000004,0.22659205548549805,0.11965811965811966,0.08945610687022901,0.3799578947368421,0.11936507936507935,0.31473214285714285,0.0,0.08766393155200225,0.1869081242731351,0.22163120567375885,0.5572027972027972,0.38645038167938933,0.551470588235294,0.38095238095238093,0.32843999999999995,0.48854961832061067,0.34853325588149864,0.5258899676375405,0.3233357906853426,0.30741560597675704,0.26876335877862595,0.25657657657657656,0.24933728981206724,0.1814574181402045,0.14891932607759945,0.36821128451380547,0.2796694214876033
53-5021.03,0.3433576820558732,0.2652582159624413,0.35266159695817495,0.23197447340101296,0.30701754385964913,0.2315573770491803,0.3181649744311866,0.36166365280289325,0.21908196464270313,0.2597603401623502,0.21132075471698114,0.151875,0.15362882855913332,0.3472750316856781,0.44027247051005153,0.7156794425087109,0.6860291534949069,0.8744939271255061,0.5742232929057983,0.48773448773448774,0.4632352941176471,0.342119419042496,0.2588961110499064,0.2588757396449704,0.5466192170818506,0.5486710641187312,0.5244686498495901,0.5861837957124842,0.6900406433938959,0.257125530624621,0.23333333333333334,0.11493799915931062,0.11076923076923079,0.0366793893129771,0.28340080971659914,0.08761904761904761,0.16325892857142854,0.0,0.12327740374500316,0.2063465691975411,0.319063829787234,1.0,0.8516221374045801,0.9049773755656108,0.4714666666666667,0.7000000000000001,1.0,0.3345919256462387,0.6253371089536138,0.523803980910255,0.24954805386460063,0.24885496183206104,0.21859939939939937,0.3403363006923838,0.16058178596478279,0.11913546086207955,0.33853541416566624,0.3458359821996186
53-5022.00,0.08844893889759292,0.07692488262910799,0.19367870722433458,0.08466221656971276,0.1649122807017544,0.14382513661202187,0.22210590676647152,0.10608800482218202,0.06467798204696014,0.16814843448009278,0.1591949685534591,0.070625,0.08615544371059179,0.28517110266159695,0.2803621864097026,0.45696631823461087,0.6402938765952464,0.6911740890688259,0.46796256299496036,0.42911255411255406,0.3754411764705882,0.46301775147929,0.44755976644265727,0.39335664335664344,0.6133760379596679,0.5635245901639345,0.43869566072236094,0.41114964270701976,0.5045922204817864,0.28832409252360736,0.4442666666666666,0.4546618852459016,0.25641025641025644,0.009064885496183206,0.2903643724696356,0.1492063492063492,0.3074441964285714,0.0,0.13609825373448345,0.26216979564711745,0.09361702127659574,0.6538461538461539,0.5496183206106869,0.6066666666666666,0.32000000000000006,0.4075,0.6774809160305344,0.3345919256462387,0.7121426645091694,0.5017395465538871,0.21306032097399003,0.22900763358778625,0.2597477477477477,0.18067919551599076,0.09609066410720217,0.11913546086207955,0.2573169267707083,0.3665861411315957
53-5031.00,0.26959936516979677,0.3016901408450704,0.28517110266159695,0.25774941489001435,0.30701754385964913,0.2766393442622951,0.3361743126065368,0.3164556962025316,0.2081847046372153,0.3238345574023966,0.27295597484276735,0.14875,0.1257975190375512,0.22915082382762988,0.3559907515091101,0.3831637630662021,0.5660197869101978,0.09716599190283401,0.4945727418729579,0.39518999518999515,0.25899999999999995,0.41608391608391615,0.3661852634530833,0.41608391608391615,0.5062870699881376,0.46894703656998743,0.2661371188140225,0.35561160151324084,0.45642048316645856,0.27072684744000697,0.058197333333333344,0.33102143757881464,0.15316239316239316,0.08396946564885495,0.38866396761133604,0.22666666666666663,0.43945312500000006,0.0026666666666666687,0.10407461953853708,0.17610898820402063,0.28900709219858156,0.2876923076923077,0.08396946564885495,0.2748868778280543,0.4292063492063492,0.075,0.14249363867684478,0.41624164972407784,0.6038969795037756,0.2723263363468229,0.289153292750415,0.24732824427480918,0.21859939939939937,0.21496867787668972,0.043486285946325066,0.04496402877697841,0.2935174069627851,0.25335028607755883
53-6011.00,0.06409343398376298,0.09878716744913926,0.07361216730038021,0.1952423597053002,0.12925614035087718,0.10557377049180328,0.09264062847402356,0.07956600361663652,0.049488455960174045,0.13451874758407423,0.14213836477987418,0.07674583333333333,0.11080135461298107,0.22915082382762988,0.2257157888907349,0.23931242740998837,0.35216163212738555,0.13761295546558702,0.18967713352162596,0.23190235690235686,0.20439705882352938,0.28644432490586336,0.23536010095446033,0.2528240989779451,0.3817034400948991,0.34920942865457366,0.22622933092153122,0.28734499789827656,0.3924606159302783,0.28094949319934154,0.284,0.1847217843631778,0.16068376068376067,0.001612595419847327,0.22348178137651817,0.14349206349206348,0.11854910714285712,0.0,0.11371765200925729,0.1953414188403389,0.04468085106382978,0.35359999999999997,0.1757538167938931,0.5090497737556562,0.2587301587301587,0.22599999999999998,0.4672943172179813,0.30554748765611384,0.4357133225458468,0.4132231404958678,0.17501383508577753,0.22894656488549617,0.196996996996997,0.18067919551599076,0.1564288087415556,0.13642931808399433,0.21428571428571427,0.29401144310235217
53-6021.00,0.07878405599527945,0.03647887323943662,0.14823193916349808,0.06547211414724452,0.06578947368421052,0.047855191256830604,0.08059734677240052,0.04520795660036166,0.04311865469797342,0.08340162350212603,0.08734591194968555,0.109375,0.1403259303609183,0.15437262357414452,0.11993271307526168,0.286411149825784,0.3783222105139913,0.37765182186234825,0.28711164645289916,0.1904761904761905,0.14235294117647057,0.19956966110812266,0.23536010095446033,0.2017213555675094,0.2733096085409253,0.3176835774565913,0.20862743555966262,0.10114543926019333,0.3567510126346442,0.10829073897600279,0.19353600000000004,0.23447351828499366,0.11965811965811966,0.13603053435114504,0.3190672064777328,0.2644444444444444,0.27486607142857145,0.001280000000000001,0.16261659302896417,0.0947399900315667,0.09361702127659574,0.3646153846153846,0.39742366412213737,0.4147812971342383,0.29841269841269835,0.4165,0.22005089058524172,0.10165553296543711,0.21237864077669905,0.2263350534797398,0.2298468917173953,0.1272264631043257,0.196996996996997,0.04945598417408506,0.05058326257890656,0.079136690647482,0.1421848739495798,0.3540495867768595
53-6031.00,0.10027061672126479,0.09859154929577463,0.20193916349809882,0.07332876784491388,0.0968421052631579,0.06368852459016394,0.03561105758541467,0.05244122965641953,0.02346046803339735,0.1331735601082335,0.09630188679245281,0.10062499999999999,0.10571220087189177,0.14378707224334603,0.15143019327684554,0.2074889663182346,0.30477988525933736,0.1522267206477733,0.3559907515091101,0.12337662337662333,0.17470588235294118,0.342119419042496,0.3380171662643845,0.37762237762237766,0.32028469750889677,0.40100882723833553,0.20862743555966262,0.09363177805800756,0.3567510126346442,0.3654812440440094,0.16426666666666667,0.4177175283732661,0.20004102564102563,0.06297709923664122,0.47368421052631576,0.40380952380952384,0.39986607142857145,0.0,0.1479328844940038,0.14537298554577174,0.09255319148936172,0.2751384615384615,0.1431297709923664,0.3190045248868778,0.34377142857142856,0.1035,0.10300254452926207,0.26633749636944526,0.4055842098166128,0.2723263363468229,0.19627375023058477,0.1150127226463104,0.17343423423423424,0.11473788328387735,0.12643508435158185,0.11104962184098875,0.12751500600240095,0.3827590591226955
53-6041.00,0.26394286528170585,0.2723004694835681,0.30988593155893535,0.2453774429752937,0.3217543859649123,0.26336065573770495,0.208441414066553,0.25610608800482215,0.22043432244913955,0.24797835330498652,0.27295597484276735,0.25,0.2532602391153853,0.20278833967046897,0.1946959627845157,0.3831637630662021,0.46540217773094483,0.13639514170040487,0.39536606302265054,0.19047619047619047,0.12682352941176467,0.2017213555675094,0.12619307540537023,0.24663797740720816,0.1553973902728351,0.15156659229799205,0.09240872181042449,0.10639974779319042,0.20528709140968404,0.050355193623841304,0.02666666666666667,0.0407208911307272,0.037305982905982915,0.05916030534351146,0.05020242914979758,0.024406349206349213,0.038750000000000014,0.0,0.010957991444000281,0.020601428808772224,0.09255319148936172,0.33398601398601396,0.16698473282442747,0.20814479638009045,0.3055555555555556,0.17500000000000002,0.1484308736217133,0.15393552134766195,0.25072478425026967,0.17848135645830907,0.24954805386460063,0.17557251908396945,0.25657657657657656,0.16485328058028353,0.23256672450071983,0.196957818360696,0.29157262905162057,0.32508582326764146
53-6051.01,0.3052068284941095,0.39480438184663535,0.30988593155893535,0.43347054883692926,0.28596491228070176,0.2227185792349727,0.3610761135403544,0.3691983122362869,0.36846850378268203,0.2899110939311944,0.27295597484276735,0.13685,0.11945478698523769,0.176425855513308,0.31860912665448304,0.42519860627177697,0.5351027397260274,0.11336032388663968,0.38835354710084735,0.20952380952380953,0.2135,0.342119419042496,0.2588961110499064,0.30984400215169444,0.32028469750889677,0.3282568629352992,0.12878236762942138,0.13135771332492643,0.16384325036744668,0.13536342372000348,0.16000000000000003,0.1471206389239176,0.0765811965811966,0.0,0.15380728744939273,0.11936507936507935,0.1325,0.0,0.07670594010800197,0.020601428808772224,0.3425531914893617,0.3558041958041958,0.13167938931297707,0.38009049773755654,0.38095238095238093,0.13799999999999998,0.1484308736217133,0.32762126052860874,0.5258899676375405,0.2263350534797398,0.3014204021398266,0.20610687022900764,0.25657657657657656,0.16485328058028353,0.23256672450071983,0.2174414314702084,0.31692677070828323,0.32508582326764146
53-6051.07,0.18458908987323747,0.093943661971831,0.08911596958174905,0.13169678133066426,0.08526315789473685,0.05844262295081967,0.15737789965167126,0.09041591320072331,0.08623730939594684,0.10736760726710477,0.17358490566037735,0.07291666666666667,0.06709450483656705,0.14378707224334603,0.1730630780306806,0.3637630662020906,0.3962065331928345,0.12178137651821863,0.3028603865536911,0.1558441558441558,0.1985294117647059,0.35580419580419587,0.2711348362995383,0.30338891877353413,0.2676156583629893,0.31343971287224753,0.10420557991388295,0.20393284993694827,0.20528709140968404,0.18950879320800484,0.046933333333333334,0.1559478772593527,0.07521367521367521,0.005963740458015267,0.29700404858299595,0.13368888888888888,0.3273214285714286,0.0,0.07670594010800197,0.09170958631001827,0.319063829787234,0.24475524475524474,0.16698473282442747,0.37146304675716435,0.28285714285714286,0.14256,0.1484308736217133,0.3345919256462387,0.463524811218986,0.14226774790155072,0.15111603025272086,0.12722646310432567,0.20348348348348347,0.09891196834817012,0.057218797297796165,0.05003689356207342,0.11284513805522207,0.1614240305149396
53-6051.08,0.26394286528170585,0.3333333333333333,0.3127376425855513,0.39433779095581756,0.14908070175438595,0.12021857923497266,0.2417920403172015,0.1702833031946956,0.20285367096546586,0.3177425589485891,0.29323270440251575,0.21541666666666665,0.2005210769547402,0.20278833967046897,0.16514371157999666,0.4343786295005807,0.4756468797564688,0.11336032388663968,0.36343246386442934,0.13015873015873017,0.15205882352941177,0.19203873050026893,0.14650415135156789,0.24663797740720816,0.22835112692763937,0.1882457076341061,0.09240872181042449,0.06157392812105926,0.16384325036744668,0.0,0.152064,0.19539459857082805,0.11076923076923079,0.0,0.2127546558704453,0.15873015873015872,0.1478794642857143,0.0,0.09818360333824253,0.1869081242731351,0.20035460992907797,0.34038601398601404,0.12595419847328243,0.40832579185520357,0.26948571428571433,0.12143999999999998,0.1484308736217133,0.136508858553587,0.29075647249190933,0.07056480295916917,0.24534218778823094,0.22264631043256994,0.25657657657657656,0.20236069897790968,0.13843257410757134,0.09915144807231138,0.23679471788715487,0.2736808645899555
53-6061.00,0.20601460923352394,0.12093896713615024,0.28517110266159695,0.09035151752319744,0.08526315789473685,0.0891393442622951,0.1421477803305418,0.11987944544906567,0.07588883226843321,0.07093931194433709,0.17358490566037735,0.078125,0.07928415065391883,0.15437262357414452,0.11993271307526168,0.22276422764227644,0.27441166139796275,0.032388663967611336,0.13568145317605362,0.13708513708513706,0.21143382352941176,0.15737493275954814,0.13821146353921498,0.11326519634211943,0.1388185053380783,0.19279270540304588,0.09240872181042449,0.01871847414880201,0.0776295723818133,0.030862860608160785,0.07406933333333336,0.18127364438839846,0.11965811965811966,0.20091603053435114,0.28858299595141707,0.1647238095238095,0.1325,0.0,0.14396170839469807,0.17610898820402063,0.04042553191489361,0.2147916083916084,0.047709923664122134,0.19565610859728502,0.19337142857142858,0.05,0.037319762510602206,0.19604995643334303,0.32493932038834955,0.036860280138129045,0.33163622947795607,0.2885496183206107,0.3686486486486486,0.16485328058028353,0.23815940049466572,0.1368289983397897,0.1764345738295318,0.6572917991099809
53-7011.00,0.19075426780881846,0.09859154929577463,0.16397338403041825,0.17684996350117774,0.15350877192982457,0.07581967213114756,0.14244423034165868,0.1506931886678722,0.12347614754419661,0.21792037108620024,0.18867924528301885,0.07291666666666667,0.06709450483656705,0.15437262357414452,0.15506451791548984,0.3443623693379791,0.5351027397260274,0.0893927125506073,0.3559907515091101,0.23015873015873015,0.20458823529411763,0.35580419580419587,0.33122677696876224,0.32275416890801506,0.45670225385527874,0.5050198855369095,0.2661371188140225,0.4098360655737705,0.3229390211083433,0.16243610846400416,0.09999999999999999,0.4177175283732661,0.14495726495726496,0.11587786259541982,0.38866396761133604,0.12444444444444445,0.2310267857142857,0.005555555555555556,0.09818360333824253,0.14886193719887025,0.09255319148936172,0.31951328671328677,0.13167938931297707,0.47058823529411764,0.3055555555555556,0.13799999999999998,0.2862595419847328,0.34853325588149864,0.4753236245954693,0.19400147441120552,0.15111603025272086,0.12881424936386768,0.19255255255255255,0.09239696669963733,0.10070508324412124,0.06147389780483307,0.2573169267707083,0.2325174825174825
53-7021.00,0.09461411683317397,0.09859154929577463,0.10646387832699622,0.11735312046116447,0.12846315789473683,0.10245901639344263,0.11487437930778924,0.09041591320072331,0.03723883814824977,0.11703131039814459,0.10943396226415095,0.1219,0.10571220087189177,0.15437262357414452,0.12815667054327964,0.2606271777003485,0.48401826484018273,0.35627530364372473,0.39536606302265054,0.2698412698412698,0.2211764705882353,0.43972027972027977,0.39059761434995544,0.32275416890801506,0.6099359430604983,0.7275196430303619,0.4300937850219225,0.677313209331652,0.7362733665012869,0.4060902711600104,0.3,0.33102143757881464,0.17094017094017094,0.011927480916030533,0.3190672064777328,0.12444444444444445,0.27486607142857145,0.0,0.09818360333824253,0.21133078584482476,0.17100709219858154,0.5953846153846154,0.45920801526717553,0.894841628959276,0.4038095238095238,0.188,0.5089058524173027,0.3145164101074644,0.45631067961165045,0.3880029488224111,0.1429994465965689,0.14249363867684478,0.12036036036036035,0.12363996043521265,0.06511868286020156,0.05575539568345324,0.1444717887154862,0.13101080737444376
53-7031.00,0.048324414511567326,0.024647887323943657,0.052699619771863104,0.04741084127903913,0.11894736842105262,0.047855191256830604,0.07011969169198845,0.03737191078963231,0.018619419074124885,0.13451874758407423,0.06981132075471701,0.057499999999999996,0.051864463861395385,0.10418250950570343,0.11993271307526168,0.31358885017421606,0.4292237442922375,0.24975546558704453,0.2803621864097026,0.19047619047619047,0.15205882352941177,0.39944055944055945,0.34324516510260694,0.3284346422807961,0.5693950177935944,0.6668930061111651,0.31234147971923476,0.3160794976881042,0.594511416722445,0.3168153859481937,0.23333333333333334,0.35561160151324084,0.19230769230769232,0.009064885496183206,0.3348987854251012,0.11904761904761904,0.11749999999999998,0.0026666666666666687,0.09229258713794797,0.12057816913108492,0.06702127659574468,0.3854545454545455,0.22423664122137402,0.6825037707390649,0.21428571428571427,0.084,0.3333333333333333,0.3226488527446994,0.5697141316073354,0.18437900128040974,0.11621472053126729,0.07633587786259542,0.17237237237237238,0.18067919551599076,0.06511868286020156,0.06052850027670171,0.1890756302521008,0.1224666242848061
53-7032.00,0.10218324617982791,0.11042253521126759,0.13397338403041828,0.10629811635975042,0.08526315789473685,0.06352459016393444,0.08500704068776406,0.09041591320072331,0.07588883226843321,0.11596443757247776,0.17358490566037735,0.08773333333333333,0.08793758302617548,0.13307984790874525,0.3028603865536911,0.3386759581881533,0.43905865823674034,0.5091497975708502,0.42071634269258457,0.1904761904761905,0.27999999999999997,0.46153846153846156,0.44996845173114863,0.4195804195804196,0.5921708185053381,0.7793190416141237,0.5406893297418455,0.677313209331652,0.8187746258254611,0.5863293771116694,0.6400000000000001,0.4925914249684741,0.32905982905982906,0.002862595419847331,0.36534412955465584,0.23142857142857146,0.24107142857142855,0.0026666666666666687,0.13040009818360335,0.13993022096693805,0.15886524822695036,0.513006993006993,0.7085496183206107,0.8778280542986425,0.38095238095238093,0.3645,0.45923664122137403,0.40778390938135345,0.8680555555555556,0.7002677220346875,0.19627375023058477,0.12722646310432567,0.22006006006006007,0.18067919551599076,0.23815940049466572,0.096046239931132,0.1764345738295318,0.19930069930069932
53-7033.00,0.06307607788878265,0.07692488262910799,0.05988593155893535,0.014110369428285459,0.021754385964912283,0.010327868852459026,0.07011969169198845,0.04708860759493671,0.04617615930382972,0.17144182450715117,0.22822641509433964,0.019375000000000003,0.008887308922858156,0.0721825095057034,0.16181397795868638,0.17282229965156798,0.33551399133590915,0.21862348178137653,0.33314642520906024,0.2092352092352092,0.25058823529411767,0.39335664335664344,0.41713822147886265,0.2912533620225927,0.4893238434163701,0.5122950819672132,0.2580562710131535,0.44333228247162676,0.5620381040443283,0.21224984839296546,0.41919999999999996,0.33196721311475413,0.2636307692307692,0.004351145038167943,0.35368421052631577,0.2571428571428572,0.3545982142857143,0.0026666666666666687,0.18080685882600464,0.13993022096693805,0.10859574468085108,0.2692307692307692,0.27916030534351144,0.6282051282051281,0.21428571428571427,0.2975,0.18553859202714162,0.24655242521057222,0.4055842098166128,0.13386101734373182,0.11621472053126729,0.10178117048346055,0.14944864864864868,0.13114408176722714,0.04614419136919044,0.05003689356207342,0.17999999999999997,0.1224666242848061
53-7041.00,0.14592955826398354,0.06885758998435054,0.09452471482889732,0.06377886981585028,0.15785263157894736,0.11551912568306011,0.13896094271103535,0.05176612417118744,0.06976402336247108,0.15461925009663702,0.1591949685534591,0.070625,0.11080135461298107,0.2534854245880862,0.1659674918314227,0.22276422764227644,0.5565068493150684,0.19838056680161942,0.3859721991471452,0.18049543049543046,0.18178676470588231,0.3720763851533082,0.3277514597333921,0.3150887573964497,0.4841945432977461,0.5501867300417111,0.3194982403019996,0.3886546343001261,0.6351824122440812,0.29888243957376764,0.4138026666666666,0.3350869588062211,0.13675213675213677,0.001612595419847327,0.27769392712550606,0.1647238095238095,0.416015625,0.001502222222222221,0.12097622554176309,0.3538793819571357,0.07092198581560283,0.2965034965034965,0.2862595419847328,0.6941930618401205,0.28408888888888884,0.163,0.3027989821882951,0.37641591635201854,0.4854368932038834,0.4820936639118457,0.14775871610403984,0.08015267175572517,0.1955747747747748,0.21496867787668972,0.14287164531728747,0.11104962184098875,0.26857142857142857,0.2325174825174825
53-7051.00,0.03865953160925386,0.029733959311424092,0.029942965779467676,0.0491040856104334,0.08425263157894738,0.03859289617486338,0.0902690283850886,0.05605786618444847,0.007408568852651803,0.04793196752995749,0.05534591194968552,0.08166666666666668,0.08232454581173874,0.07984790874524714,0.07112892507060974,0.1696260162601626,0.41271513874253596,0.37765182186234825,0.2657833527163981,0.13708513708513706,0.17941176470588238,0.30984400215169444,0.39059761434995544,0.2912533620225927,0.5693950177935944,0.6984188573091474,0.4352844025874442,0.4177175283732661,0.5550962951717856,0.21224984839296546,0.31206399999999995,0.5040458175704078,0.26871794871794874,0.029580152671755722,0.38866396761133604,0.20190476190476192,0.31473214285714285,0.022222222222222223,0.15053650326109827,0.13993022096693805,0.07978723404255321,0.39776223776223774,0.45920801526717553,0.7179487179487178,0.29111111111111115,0.16200000000000003,0.17859202714164546,0.2541388324135928,0.5056634304207119,0.199174847062171,0.07338129496402877,0.0397557251908397,0.1303303303303303,0.16485328058028353,0.025951493226032706,0.019568960216442225,0.09930372148859543,0.10108073744437382
53-7061.00,0.0,0.007136150234741789,0.018060836501901135,0.0,0.017543859649122806,0.0,0.021251760171941015,0.018987341772151892,0.01224961781192427,0.04290684190181678,0.028855345911949697,0.007916666666666664,0.01777461784571632,0.047908745247148284,0.04516946336600764,0.02880371660859466,0.10098349139445029,0.08097165991902834,0.11170875560724373,0.017316017316017316,0.03882352941176471,0.2528240989779451,0.29194667841797955,0.1815492200107585,0.2676156583629893,0.4092297992045786,0.08601875700438451,0.13829340058848255,0.13800812867877918,0.13536342372000348,0.16000000000000003,0.17039722572509455,0.17094017094017094,0.0,0.3507303643724696,0.23555555555555557,0.3046875,0.0026666666666666687,0.1825601374570447,0.0438611064960957,0.11914893617021279,0.14895104895104896,0.0366793893129771,0.2828054298642534,0.12444444444444444,0.046500000000000014,0.07124681933842239,0.0036305547487656114,0.05225188781014025,0.008083394767133564,0.08273381294964026,0.038167938931297704,0.11073153153153152,0.012199142762940984,0.005758795082874966,0.0014603701654061375,0.03781512605042016,0.10395422759059125
53-7062.00,0.07064520723543659,0.11042253521126759,0.044914448669201516,0.06622466718341974,0.07263157894736842,0.03859289617486338,0.04997035499888832,0.04520795660036166,0.030869036886049153,0.07189795129493623,0.12256603773584908,0.057499999999999996,0.06709450483656705,0.07604562737642585,0.0903389267320153,0.12125435540069687,0.2403407095187917,0.11336032388663968,0.24445505897989703,0.08085618085618086,0.1175,0.30338891877353413,0.31848728554688677,0.2711135018827326,0.3469750889679715,0.5486710641187312,0.19317355144413204,0.2532313997477932,0.29288085068210523,0.1754309971411245,0.2532693333333334,0.7224674232870955,0.3760683760683761,0.05206106870229008,0.5862348178137652,0.4199619047619048,0.4040178571428571,0.06666666666666667,0.156480117820324,0.08070443595281608,0.08794326241134753,0.2876923076923077,0.13603053435114504,0.36293363499245856,0.2571428571428572,0.09375,0.09541984732824427,0.15393552134766195,0.23702973300970873,0.12747190211978945,0.13171001660210294,0.04809160305343511,0.1186882882882883,0.13114408176722714,0.030510539333308714,0.030360327122917054,0.10564225690276109,0.14621741894469167
53-7063.00,0.05086780474901825,0.079906103286385,0.08269961977186313,0.13169678133066426,0.07263157894736842,0.047855191256830604,0.04997035499888832,0.03345388788426764,0.03674885343577281,0.13451874758407423,0.17358490566037735,0.09114583333333334,0.09936946881957827,0.13231939163498102,0.07528243894334606,0.2968641114982578,0.41271513874253596,0.012307692307692304,0.22476740322312677,0.1402597402597402,0.16864705882352943,0.48076923076923084,0.30045970334611954,0.2912533620225927,0.44483985765124556,0.31343971287224753,0.11010400896561218,0.44333228247162676,0.5045922204817864,0.42639478471801096,0.21600000000000003,0.3940731399747793,0.20004102564102563,0.06625954198473284,0.3507303643724696,0.15873015873015872,0.23018973214285712,0.008444444444444445,0.10407461953853708,0.12493769729190896,0.07651063829787237,0.22657342657342658,0.01377862595419847,0.2963800904977375,0.20190476190476192,0.014439999999999998,0.012247667514843085,0.21783328492593668,0.4055842098166128,0.018675875269985383,0.13576830843017892,0.08956743002544527,0.12900900900900902,0.016485328058028353,0.03506958544058473,0.023073848613416957,0.09296518607442975,0.10934520025429116
53-7064.00,0.04476366817913606,0.01823943661971831,0.06273764258555133,0.028220738856570917,0.021754385964912283,0.006229508196721317,0.03561105758541467,0.028860759493670868,0.007408568852651803,0.05798221878623888,0.09630188679245281,0.04106666666666666,0.051864463861395385,0.06615969581749051,0.060225951154676854,0.05981881533101047,0.20635756937126798,0.06384453441295547,0.09389018109320486,0.0753246753246753,0.05294117647058825,0.22754168908015063,0.41713822147886265,0.24663797740720816,0.1693950177935943,0.3213211756717432,0.048445763944869345,0.08238755779739387,0.11592682809017453,0.13536342372000348,0.2576,0.4010088272383354,0.24923076923076926,0.018129770992366408,0.41198380566801623,0.2180571428571429,0.28125,0.016888888888888884,0.10957991444000281,0.05848147532812759,0.04397163120567377,0.07832167832167833,0.0366793893129771,0.2262443438914027,0.10666666666666666,0.031,0.026293469041560644,0.06389776357827476,0.12641585760517798,0.032333579068534256,0.08393285371702637,0.05642748091603052,0.08553513513513514,0.042940982525552264,0.0028793975414374813,0.0032666174752505692,0.05747899159663863,0.13949141767323583
53-7071.00,0.07064520723543659,0.12225352112676055,0.08269961977186313,0.17684996350117774,0.18421052631578946,0.11475409836065574,0.17387719558289486,0.13110307414104883,0.10975657559484146,0.1939543873212215,0.21132075471698114,0.09893333333333335,0.10571220087189177,0.18960709759188848,0.3028603865536911,0.3637630662020906,0.6095597705186746,0.12178137651821863,0.2803621864097026,0.19047619047619047,0.25058823529411767,0.48335664335664336,0.44996845173114863,0.48335664335664336,0.3701067615658363,0.49558638083228257,0.24773402017262736,0.4098360655737705,0.5045922204817864,0.21658147795200558,0.12960000000000002,0.19539459857082805,0.12854700854700854,0.08015267175572519,0.3507303643724696,0.11936507936507935,0.17327008928571427,0.0,0.08766393155200225,0.14886193719887025,0.15886524822695036,0.31951328671328677,0.13167938931297707,0.3200904977375566,0.28408888888888884,0.125,0.16963528413910092,0.3003194888178914,0.5056634304207119,0.19400147441120552,0.13576830843017892,0.1150127226463104,0.17237237237237238,0.1490273656445763,0.07209568459522316,0.07436358605423353,0.1764345738295318,0.1557533375715194
53-7072.00,0.15260341424705476,0.13497652582159625,0.14852661596958175,0.16932443313942552,0.14908070175438595,0.07735655737704918,0.17370117838879418,0.10608800482218202,0.07588883226843321,0.26478546579049095,0.22963522012578616,0.1917708333333333,0.19137182629520832,0.22915082382762988,0.21338677521182922,0.3386759581881533,0.721702669476642,0.1463967611336032,0.3364346236916432,0.23190235690235686,0.125625,0.343733189887036,0.3338557993730407,0.343733189887036,0.3817034400948991,0.4092297992045786,0.2661371188140225,0.38471390290037827,0.4664674749342736,0.37597461665078397,0.36,0.3940731399747793,0.28923076923076924,0.0,0.36534412955465584,0.2463111111111111,0.36272321428571425,0.005555555555555556,0.156480117820324,0.27679016447914934,0.1602836879432624,0.3356643356643357,0.1757538167938931,0.4253393665158371,0.3492063492063492,0.12143999999999998,0.23854961832061067,0.3194888178913738,0.6636832524271844,0.1616678953426713,0.14535141117874928,0.08625954198473282,0.15051051051051054,0.1450708869106495,0.1052087563217542,0.06052850027670171,0.22509003601440575,0.14621741894469167
53-7073.00,0.08844893889759292,0.08577464788732393,0.10456273764258554,0.09933700077512962,0.03508771929824561,0.03859289617486338,0.15864707626176536,0.09335744424352017,0.06554035514091958,0.15066099729416316,0.15377358490566037,0.023099999999999996,0.03713024117349897,0.13307984790874525,0.04849919698731794,0.08641114982578399,0.4580845334269992,0.06072874493927125,0.2608060585922357,0.18049543049543043,0.06661764705882352,0.2689618074233459,0.3254980119582962,0.2525228617536309,0.4744958481613286,0.5304830730429722,0.202758498653192,0.19539459857082805,0.5748038559471152,0.13150827341245774,0.16426666666666667,0.3783102143757881,0.25641025641025644,0.009064885496183206,0.3304874493927125,0.21428571428571427,0.2720424107142857,0.016666666666666666,0.17291710498632443,0.3779697624190065,0.17730496453900707,0.14895104895104896,0.06297709923664122,0.23416289592760178,0.09777777777777776,0.028499999999999994,0.12166242578456317,0.1312808597153645,0.3476436084142395,0.02425018430140069,0.13300129127467253,0.05642748091603052,0.14944864864864868,0.028684470820969338,0.0,0.0,0.07435774309723887,0.017393515575333755
53-7081.00,0.07630170712352738,0.05173708920187793,0.07277566539923955,0.07332876784491388,0.10526315789473684,0.06975409836065576,0.021251760171941015,0.02260397830018083,0.02155932734898671,0.09954387321221495,0.1761006289308176,0.006016666666666666,0.0031620109641326897,0.15437262357414452,0.1053954145206845,0.15784436701509874,0.2714846036763845,0.20599190283400812,0.2242897491277621,0.04155844155844156,0.13183823529411764,0.27141473910704683,0.30574779412501124,0.2420656266810113,0.3138505338078292,0.4925914249684742,0.24773402017262736,0.3086906263135771,0.4213112152305771,0.22801697998787146,0.3392,0.45252732240437166,0.2692307692307692,0.011927480916030533,0.35627530364372473,0.25,0.30691964285714285,0.0026666666666666687,0.15341188021600394,0.20239906961289253,0.09361702127659574,0.26153846153846155,0.26908396946564883,0.389894419306184,0.38095238095238093,0.30456,0.30916030534351147,0.2599128666860296,0.2894417475728156,0.28970886845406696,0.16528315808891345,0.12722646310432567,0.17343423423423424,0.13188262446422683,0.08697257189265013,0.07436358605423353,0.12751500600240095,0.20470438652256834
53-7111.00,0.05086780474901825,0.01823943661971831,0.05988593155893535,0.025165373529699497,0.019999999999999993,0.019207650273224047,0.04307789224042097,0.04520795660036166,0.0033122966563443167,0.009663703131039814,0.0,0.026249999999999996,0.004621400639886238,0.015969581749049434,0.006576396965165863,0.008826945412311262,0.19483227959255356,0.21862348178137653,0.20200614720053164,0.06986531986531985,0.15205882352941177,0.2022592791823561,0.3951045099001472,0.09908015061861214,0.6168446026097272,0.5501867300417111,0.3003283458838796,0.47284836065573765,0.6569186925109889,0.11208091484016285,0.09039999999999998,0.38849043715847,0.10256410256410256,0.02719465648854961,0.1463967611336032,0.08761904761904761,0.3056640625,0.014000000000000002,0.0742951819903219,0.03754776540953647,0.12482269503546098,0.23300699300699299,0.09875954198473282,0.5735294117647058,0.035199999999999995,0.12143999999999998,0.18018659881255297,0.04923032239326169,0.21427487864077668,0.012286760046043017,0.061750599520383684,0.04039694656488548,0.09632672672672675,0.04945598417408506,0.004439071209716118,0.00807046670356023,0.08609843937575029,0.03310870947234584
53-7121.00,0.08844893889759292,0.1323317683881064,0.11543726235741443,0.14110369428285457,0.14298245614035088,0.11782786885245901,0.1447509819906618,0.07594936708860757,0.0543295049194465,0.15461925009663702,0.1761006289308176,0.14466249999999997,0.17231088742118358,0.22915082382762988,0.19521515201860773,0.3252032520325203,0.6254756468797564,0.2414574898785425,0.3236279559173727,0.3001924001924001,0.30274999999999996,0.33670790747713825,0.3755746291826495,0.30984400215169444,0.4841945432977461,0.6547676787273257,0.3077013821985411,0.5182061790668347,0.6262118838799605,0.3183097981460625,0.5866666666666667,0.6477577238335435,0.3064957264957265,0.001612595419847327,0.4534412955465587,0.38948571428571427,0.40513392857142855,0.008444444444444445,0.23055613998176594,0.4306363183253032,0.12482269503546098,0.43776223776223777,0.2862595419847328,0.7437782805429863,0.32825396825396824,0.25,0.43850720949957595,0.35942492012779553,0.6779598166127292,0.28291881684967474,0.1270060874377421,0.12996437659033075,0.17237237237237238,0.20606660072535443,0.08697257189265013,0.10914345446719546,0.23679471788715487,0.18335664335664334
