occ,exposure_A,exposure_B,social_share,pctl_A,pctl_B,occ_title_onetsoc2010,daioe_allapps,pctl_rank_allapps,corr_A_vs_DAIOE,corr_B_vs_DAIOE
53-2011.00,46.39171318726612,40.47838008231258,0.07304310465153004,100.0,100.0,"Airline Pilots, Copilots, and Flight Engineers",25.808903,15.06,0.21563178692020205,0.19664967078260237
19-2012.00,45.68678534840597,39.07725521656686,0.08457004074632378,99.89637305699482,99.89637305699482,Physicists,41.533199,85.660004,0.21563178692020205,0.19664967078260237
53-2021.00,43.76889294055658,37.576788930932906,0.08239267092519435,99.79274611398964,99.79274611398964,Air Traffic Controllers,38.642712,74.480003,0.21563178692020205,0.19664967078260237
29-1067.00,43.2766452395839,35.43161009974654,0.11070672653249639,99.68911917098445,99.68911917098445,Surgeons,27.201929,22.83,0.21563178692020205,0.19664967078260237
17-2199.08,40.14385782118755,34.45801256133169,0.08250396405967472,99.58549222797927,99.58549222797927,Robotics Engineers,36.762333,67.860001,0.21563178692020205,0.19664967078260237
29-1021.00,39.788306711600605,31.617652908500382,0.12921031530622487,99.48186528497409,98.96373056994818,"Dentists, General",24.971371,10.82,0.21563178692020205,0.19664967078260237
29-1069.04,39.50031172660834,31.25598142120797,0.13188404155830452,99.37823834196891,98.860103626943,Neurologists,36.799084,68.059998,0.21563178692020205,0.19664967078260237
19-3039.01,39.363679115711285,31.63363937330574,0.12218068953723656,99.27461139896373,99.06735751295336,Neuropsychologists and Clinical Neuropsychologists,37.097549,69.309998,0.21563178692020205,0.19664967078260237
33-1021.01,39.13013304233426,31.20645854042949,0.126955682773796,99.17098445595855,98.75647668393782,Municipal Fire Fighting and Prevention Supervisors,22.283232,2.54,0.21563178692020205,0.19664967078260237
29-1069.06,38.493894276769204,30.078984611040127,0.1398802149498173,99.06735751295336,98.13471502590673,Ophthalmologists,28.208843,28.620001,0.21563178692020205,0.19664967078260237
19-1029.02,38.37493457346784,33.1414846283243,0.07895617839447647,98.96373056994818,99.48186528497409,Molecular and Cellular Biologists,41.419514,85.459999,0.21563178692020205,0.19664967078260237
19-1021.00,38.2351074759364,32.81435445837095,0.0825972826075604,98.860103626943,99.27461139896373,Biochemists and Biophysicists,41.062489,84.010002,0.21563178692020205,0.19664967078260237
11-1011.00,38.08584905412047,27.53987684682574,0.19146730876740034,98.75647668393782,95.75129533678756,Chief Executives,29.841835,39.18,0.21563178692020205,0.19664967078260237
53-2012.00,38.049045285713106,33.018314128705434,0.07618092094886912,98.65284974093264,99.37823834196891,Commercial Pilots,28.449961,29.969999,0.21563178692020205,0.19664967078260237
29-1069.09,37.89939960003748,28.842747476401033,0.15700050993835712,98.54922279792746,97.40932642487047,Preventive Medicine Physicians,33.913727,58.330002,0.21563178692020205,0.19664967078260237
17-1011.00,37.75134430743567,30.894653217723114,0.11096889551391904,98.44559585492227,98.54922279792746,"Architects, Except Landscape and Naval",39.092087,76.860001,0.21563178692020205,0.19664967078260237
29-1069.05,37.50367514251489,29.72362630863688,0.1308731436920492,98.34196891191709,98.03108808290155,Nuclear Medicine Physicians,31.330603,48.290001,0.21563178692020205,0.19664967078260237
19-1022.00,37.07495318063018,31.756743607509677,0.08373354709868426,98.23834196891191,99.17098445595855,Microbiologists,39.75322,79.239998,0.21563178692020205,0.19664967078260237
29-1069.11,36.927930348720984,28.716995701194566,0.14296298145117006,98.13471502590673,96.99481865284974,Sports Medicine Physicians,26.981667,21.379999,0.21563178692020205,0.19664967078260237
29-1022.00,36.45679201809227,30.36576480872915,0.10029431578176744,98.03108808290155,98.23834196891191,Oral and Maxillofacial Surgeons,28.139431,28.309999,0.21563178692020205,0.19664967078260237
17-2199.04,36.24159519505325,30.493808763992117,0.09424513801385592,97.92746113989638,98.34196891191709,Manufacturing Engineers,35.562828,64.75,0.21563178692020205,0.19664967078260237
17-3029.06,35.85833086581986,30.924522157830523,0.07977178568529673,97.8238341968912,98.65284974093264,Manufacturing Engineering Technologists,37.550114,71.169998,0.21563178692020205,0.19664967078260237
29-1061.00,35.788356996276654,29.497064002620228,0.10664269828850717,97.72020725388602,97.8238341968912,Anesthesiologists,29.891491,39.389999,0.21563178692020205,0.19664967078260237
53-5021.01,35.73809461043106,29.13917822744773,0.11323099662377349,97.61658031088083,97.61658031088083,Ship and Boat Captains,25.264484,12.16,0.21563178692020205,0.19664967078260237
29-1069.07,35.50258002246474,29.653803579650624,0.09861764321572106,97.51295336787565,97.92746113989638,Pathologists,40.08643,80.279999,0.21563178692020205,0.19664967078260237
17-2111.01,35.49513015907812,28.443897228811444,0.1239498384054828,97.40932642487047,96.6839378238342,Industrial Safety and Health Engineers,34.952995,61.849998,0.21563178692020205,0.19664967078260237
29-1069.10,35.42333978616506,28.719581644551933,0.11671058138280395,97.30569948186529,97.09844559585493,Radiologists,33.173973,55.02,0.21563178692020205,0.19664967078260237
53-5021.03,35.36319446470766,30.77071029600584,0.07462427946126968,97.20207253886011,98.44559585492227,"Pilots, Ship",28.41453,29.76,0.21563178692020205,0.19664967078260237
19-3091.02,35.267876500385185,29.42959228436604,0.09919070844757565,97.09844559585493,97.72020725388602,Archeologists,34.496754,59.68,0.21563178692020205,0.19664967078260237
17-2051.00,34.99077605562802,29.03155496935165,0.10263351536918135,96.99481865284974,97.51295336787565,Civil Engineers,41.583897,86.080002,0.21563178692020205,0.19664967078260237
29-1069.03,34.861645964528975,26.780280614751682,0.15088276082749008,96.89119170984456,95.12953367875647,Hospitalists,30.954956,46.740002,0.21563178692020205,0.19664967078260237
33-2011.02,34.326232602468245,28.030354203758126,0.11230465289421866,96.78756476683938,96.37305699481865,Forest Firefighters,20.225155,0.47,0.21563178692020205,0.19664967078260237
29-1141.03,34.31946047576175,26.36724350286623,0.1507972756429977,96.6839378238342,94.4041450777202,Critical Care Nurses,24.431538,7.6100001,0.21563178692020205,0.19664967078260237
29-1069.12,34.2919058139328,28.12321597279893,0.1096725539337373,96.58031088082902,96.58031088082902,Urologists,30.932451,46.529999,0.21563178692020205,0.19664967078260237
19-1041.00,34.28289540314226,27.44241772206386,0.12463329124930969,96.47668393782384,95.64766839378238,Epidemiologists,40.995514,83.589996,0.21563178692020205,0.19664967078260237
19-1029.03,34.009297655884644,27.86176745862137,0.11032197089422306,96.37305699481865,96.16580310880829,Geneticists,39.101318,76.970001,0.21563178692020205,0.19664967078260237
17-2031.00,33.955333684840994,27.879222248988437,0.10897203985080715,96.26943005181347,96.26943005181347,Biomedical Engineers,40.729374,82.870003,0.21563178692020205,0.19664967078260237
17-2121.01,33.93591234073459,28.770847907298304,0.08976211702342744,96.16580310880829,97.20207253886011,Marine Engineers,34.756561,60.919998,0.21563178692020205,0.19664967078260237
19-1029.01,33.790190950905235,28.60592345523939,0.09061527945038778,96.06217616580311,96.89119170984456,Bioinformatics Scientists,43.813831,91.25,0.21563178692020205,0.19664967078260237
17-2041.00,33.66304170090745,28.540328461551074,0.08974516965103585,95.95854922279793,96.78756476683938,Chemical Engineers,45.349804,95.389999,0.21563178692020205,0.19664967078260237
29-1069.08,33.584146053428526,25.802413408848956,0.15079466639951628,95.85492227979275,93.47150259067358,Physical Medicine and Rehabilitation Physicians,30.125345,41.049999,0.21563178692020205,0.19664967078260237
11-9161.00,33.45010678760131,24.045661179922753,0.195553899252538,95.75129533678756,89.22279792746114,Emergency Management Directors,29.402788,36.080002,0.21563178692020205,0.19664967078260237
19-4092.00,33.42310222489687,28.794768269942637,0.0803676194155296,95.64766839378238,97.30569948186529,Forensic Science Technicians,35.399509,63.82,0.21563178692020205,0.19664967078260237
13-1041.04,33.40764475497998,27.679179632312717,0.10347967675999756,95.5440414507772,95.95854922279793,Government Property Inspectors and Investigators,33.472134,56.470001,0.21563178692020205,0.19664967078260237
33-1012.00,33.26549711350471,24.859784652749106,0.16906245524991032,95.44041450777202,91.19170984455958,First-Line Supervisors of Police and Detectives,22.569088,3.1600001,0.21563178692020205,0.19664967078260237
29-1069.01,33.25274443848519,26.147101934005445,0.13587820406280945,95.33678756476684,94.09326424870466,Allergists and Immunologists,38.125156,73.449997,0.21563178692020205,0.19664967078260237
29-1171.00,32.981010007346306,25.16893025069566,0.15519292395104325,95.23316062176166,92.12435233160622,Nurse Practitioners,26.562895,18.790001,0.21563178692020205,0.19664967078260237
29-1066.00,32.96611940649604,23.992351880309908,0.18701308589823465,95.12953367875647,88.70466321243524,Psychiatrists,30.156145,41.25,0.21563178692020205,0.19664967078260237
33-3051.01,32.965928955048554,25.90390554978941,0.1363119432258074,95.02590673575129,93.78238341968913,Police Patrol Officers,20.987434,0.98000002,0.21563178692020205,0.19664967078260237
27-2022.00,32.936314472927364,23.305242182141892,0.20662888236719276,94.92227979274611,86.94300518134715,Coaches and Scouts,23.082651,3.99,0.21563178692020205,0.19664967078260237
17-2199.09,32.89692897977763,28.055036381281344,0.08629275208723045,94.81865284974093,96.47668393782384,Nanosystems Engineers,40.101963,80.379997,0.21563178692020205,0.19664967078260237
29-2041.00,32.62256705300305,26.227678998849406,0.12191105538607101,94.71502590673575,94.30051813471502,Emergency Medical Technicians and Paramedics,23.27947,4.4000001,0.21563178692020205,0.19664967078260237
17-2151.00,32.583835909159276,27.747930330711238,0.08713993297539177,94.61139896373057,96.06217616580311,"Mining and Geological Engineers, Including Mining Safety Engineers",45.71386,96.639999,0.21563178692020205,0.19664967078260237
29-1041.00,32.4734203229446,26.79084549202834,0.10605441385952374,94.50777202072538,95.23316062176166,Optometrists,34.919254,61.540001,0.21563178692020205,0.19664967078260237
11-9041.00,32.42068135989818,25.092151004603927,0.14603232608375452,94.4041450777202,91.70984455958549,Architectural and Engineering Managers,36.751564,67.75,0.21563178692020205,0.19664967078260237
29-1151.00,32.40263873017134,26.18443052996022,0.11873865641447211,94.30051813471502,94.19689119170984,Nurse Anesthetists,29.816238,38.98,0.21563178692020205,0.19664967078260237
13-1041.01,32.367367565400365,27.417302828967216,0.09027264219446215,94.19689119170984,95.5440414507772,Environmental Compliance Inspectors,36.709904,67.550003,0.21563178692020205,0.19664967078260237
17-2199.01,32.29071841957904,27.569630934634894,0.08562115858818384,94.09326424870466,95.85492227979275,Biochemical Engineers,38.940998,76.139999,0.21563178692020205,0.19664967078260237
29-1063.00,32.20665202813849,25.887236186439164,0.12205659569424618,93.98963730569949,93.67875647668394,"Internists, General",37.839542,72.0,0.21563178692020205,0.19664967078260237
33-1021.02,32.10095686372674,25.76468634455891,0.12296424715657274,93.88601036269431,93.26424870466322,Forest Fire Fighting and Prevention Supervisors,25.095049,11.44,0.21563178692020205,0.19664967078260237
29-1141.00,32.001429098209336,24.457140681283324,0.15423488205838268,93.78238341968913,90.15544041450777,Registered Nurses,24.546698,8.3299999,0.21563178692020205,0.19664967078260237
29-1081.00,31.921015985265992,25.393851723174755,0.12851859444651445,93.67875647668394,92.64248704663213,Podiatrists,33.374344,56.060001,0.21563178692020205,0.19664967078260237
19-2011.00,31.905514632025497,26.852799934658517,0.09408171046709951,93.57512953367876,95.33678756476684,Astronomers,45.428856,95.809998,0.21563178692020205,0.19664967078260237
17-2161.00,31.79743952882704,26.448508799295986,0.10111970338519496,93.47150259067358,94.92227979274611,Nuclear Engineers,42.933788,88.660004,0.21563178692020205,0.19664967078260237
33-2011.01,31.79388620834919,26.060777728559582,0.10999496138418736,93.3678756476684,93.88601036269431,Municipal Firefighters,20.556932,0.56999999,0.21563178692020205,0.19664967078260237
17-2081.00,31.78265317015274,25.093801692361478,0.13327696535968372,93.26424870466322,91.81347150259067,Environmental Engineers,39.510254,78.309998,0.21563178692020205,0.19664967078260237
21-2011.00,31.764700783482677,22.223446481708155,0.2146663954582339,93.16062176165804,82.69430051813471,Clergy,26.477999,18.370001,0.21563178692020205,0.19664967078260237
29-1064.00,31.72433410858536,25.132962489187165,0.13113001744688807,93.05699481865285,91.91709844559585,Obstetricians and Gynecologists,30.880747,46.330002,0.21563178692020205,0.19664967078260237
17-2141.02,31.697140128364424,26.406888451178745,0.10016802409277288,92.95336787564767,94.71502590673575,Automotive Engineers,41.34457,84.940002,0.21563178692020205,0.19664967078260237
25-9021.00,31.68898219071138,23.77879265311243,0.1663286621190916,92.84974093264249,88.29015544041451,Farm and Home Management Advisors,30.529505,43.939999,0.21563178692020205,0.19664967078260237
19-1042.00,31.549575466015725,26.063206993837724,0.10525121627348426,92.74611398963731,93.98963730569949,"Medical Scientists, Except Epidemiologists",42.21463,87.529999,0.21563178692020205,0.19664967078260237
17-2199.06,31.47643961934847,26.403806263146098,0.09605875201566391,92.64248704663213,94.61139896373057,Microsystems Engineers,38.845818,75.720001,0.21563178692020205,0.19664967078260237
17-2121.02,31.443747608493435,26.444651942087063,0.0945199747259716,92.53886010362694,94.81865284974093,Marine Architects,41.107235,84.110001,0.21563178692020205,0.19664967078260237
11-3051.06,31.430506360007072,24.5790008033151,0.13937721902364467,92.43523316062176,90.56994818652849,Hydroelectric Production Managers,30.665232,45.389999,0.21563178692020205,0.19664967078260237
29-1199.04,31.392275344525242,24.713104595107882,0.13513419011586952,92.33160621761658,90.88082901554404,Naturopathic Physicians,37.4809,70.959999,0.21563178692020205,0.19664967078260237
29-1141.04,31.275237354618103,23.132869031924848,0.17599132021748495,92.2279792746114,86.21761658031087,Clinical Nurse Specialists,24.207233,6.9899998,0.21563178692020205,0.19664967078260237
17-3024.01,31.155562623400904,26.893673759893336,0.0792358995196734,92.12435233160622,95.44041450777202,Robotics Technicians,29.516436,36.799999,0.21563178692020205,0.19664967078260237
17-2081.01,31.067486156648002,25.248850554237844,0.11522575235476497,92.02072538860104,92.43523316062176,Water/Wastewater Engineers,43.302517,89.699997,0.21563178692020205,0.19664967078260237
29-1069.02,30.95197011330381,24.18289509967247,0.13995584452837115,91.91709844559585,89.84455958549223,Dermatologists,32.381378,52.740002,0.21563178692020205,0.19664967078260237
33-3021.01,30.943786883837323,25.230804150162474,0.11321444016753743,91.81347150259067,92.33160621761658,Police Detectives,28.165606,28.52,0.21563178692020205,0.19664967078260237
17-2199.07,30.894428122586092,26.37240951359228,0.08573389182856377,91.70984455958549,94.50777202072538,Photonics Engineers,40.642944,82.559998,0.21563178692020205,0.19664967078260237
21-1014.00,30.845363708006442,22.390597246312456,0.18880171816511981,91.60621761658031,83.62694300518135,Mental Health Counselors,31.189999,47.57,0.21563178692020205,0.19664967078260237
23-1011.00,30.832709082246602,23.055326053260533,0.1686678169508293,91.50259067357513,85.69948186528498,Lawyers,34.763546,61.02,0.21563178692020205,0.19664967078260237
17-2051.01,30.800095761014678,25.37240847410608,0.10696042696238017,91.39896373056995,92.53886010362694,Transportation Engineers,43.235161,89.389999,0.21563178692020205,0.19664967078260237
33-3021.03,30.745093205399517,24.52497755359056,0.12681185208461696,91.29533678756476,90.36269430051813,Criminal Investigators and Special Agents,29.589619,37.220001,0.21563178692020205,0.19664967078260237
49-1011.00,30.63525268005937,24.031271387997634,0.13740390979397119,91.19170984455958,88.9119170984456,"First-Line Supervisors of Mechanics, Installers, and Repairers",27.281092,23.450001,0.21563178692020205,0.19664967078260237
29-1065.00,30.56319625576885,24.06997438496056,0.1348821932038573,91.0880829015544,89.32642487046633,"Pediatricians, General",36.786957,67.959999,0.21563178692020205,0.19664967078260237
49-9095.00,30.489653518249963,25.21268244427987,0.10464914008321449,90.98445595854922,92.2279792746114,Manufactured Building and Mobile Home Installers,20.79347,0.77999997,0.21563178692020205,0.19664967078260237
41-9031.00,30.469272121879467,22.24017396957778,0.1850052558841993,90.88082901554404,82.79792746113989,Sales Engineers,31.79833,50.470001,0.21563178692020205,0.19664967078260237
11-9032.00,30.372982165460982,22.01614272007809,0.18978890970219073,90.77720207253886,82.1761658031088,"Education Administrators, Elementary and Secondary School",30.805584,46.009998,0.21563178692020205,0.19664967078260237
33-2021.02,30.347261722823113,25.47589453187181,0.09560738259567178,90.67357512953367,92.84974093264249,Fire Investigators,31.784954,50.259998,0.21563178692020205,0.19664967078260237
17-3029.04,30.227031758353817,25.87248370800895,0.08415403985735033,90.56994818652849,93.57512953367876,Electronics Engineering Technologists,36.015148,65.889999,0.21563178692020205,0.19664967078260237
29-1071.00,30.162591290945585,23.012650242456967,0.15534805798459062,90.46632124352331,85.49222797927462,Physician Assistants,29.420959,36.490002,0.21563178692020205,0.19664967078260237
33-3051.03,30.161188772039804,22.58387505372717,0.16775937920941744,90.36269430051813,84.66321243523316,Sheriffs and Deputy Sheriffs,21.00662,1.09,0.21563178692020205,0.19664967078260237
17-1022.00,30.129086739290432,25.032736234791454,0.10179371637000423,90.25906735751295,91.50259067357513,Surveyors,30.628189,45.080002,0.21563178692020205,0.19664967078260237
19-2041.00,30.0497841481668,24.282543513624216,0.11875281169179738,90.15544041450777,89.94818652849742,"Environmental Scientists and Specialists, Including Health",37.612206,71.269997,0.21563178692020205,0.19664967078260237
13-1199.04,30.01703814375771,23.39297814382837,0.14158222948788857,90.05181347150258,87.25388601036269,Business Continuity Planners,41.394318,85.139999,0.21563178692020205,0.19664967078260237
15-2041.01,29.937149659606213,25.082926515724452,0.09676349250632006,89.94818652849742,91.60621761658031,Biostatisticians,44.259476,92.389999,0.21563178692020205,0.19664967078260237
27-1027.00,29.926135538605095,24.150661904691567,0.11957174624666428,89.84455958549223,89.63730569948187,Set and Exhibit Designers,31.654169,49.330002,0.21563178692020205,0.19664967078260237
29-1062.00,29.892514426544373,23.0665003827535,0.147963798810473,89.74093264248705,85.80310880829016,Family and General Practitioners,34.984535,62.060001,0.21563178692020205,0.19664967078260237
19-1013.00,29.86367528113493,25.46838503483087,0.0862891431924916,89.63730569948187,92.74611398963731,Soil and Plant Scientists,40.564079,82.040001,0.21563178692020205,0.19664967078260237
29-1127.00,29.817421885403984,23.28796919569387,0.14018939639694875,89.53367875647669,86.83937823834196,Speech-Language Pathologists,35.326927,63.610001,0.21563178692020205,0.19664967078260237
17-2011.00,29.816196943099577,24.721114720757242,0.10305122321333306,89.43005181347151,90.98445595854922,Aerospace Engineers,45.358471,95.599998,0.21563178692020205,0.19664967078260237
19-3032.00,29.695219675091693,22.59273294973465,0.15718520510907166,89.32642487046633,84.76683937823834,Industrial-Organizational Psychologists,38.117924,73.339996,0.21563178692020205,0.19664967078260237
19-2031.00,29.673423097913567,25.611089762539955,0.07930809217879088,89.22279792746114,93.16062176165804,Chemists,39.215393,77.589996,0.21563178692020205,0.19664967078260237
17-2141.00,29.669782292286047,24.766613424803875,0.09898747122550931,89.11917098445596,91.0880829015544,Mechanical Engineers,43.17329,89.290001,0.21563178692020205,0.19664967078260237
11-9151.00,29.65001525428981,21.124977881129656,0.20177624377006625,89.01554404145078,77.61658031088083,Social and Community Service Managers,28.505972,30.49,0.21563178692020205,0.19664967078260237
19-3031.03,29.618480154454062,20.49140037902724,0.22270512523800726,88.9119170984456,73.57512953367876,Counseling Psychologists,30.765278,45.810001,0.21563178692020205,0.19664967078260237
17-2021.00,29.60292792737833,24.534411192388184,0.10329403659303339,88.80829015544042,90.46632124352331,Agricultural Engineers,40.123245,80.589996,0.21563178692020205,0.19664967078260237
11-3131.00,29.587533258769305,21.09022543444932,0.20145132755291142,88.70466321243524,77.40932642487047,Training and Development Managers,32.616375,53.16,0.21563178692020205,0.19664967078260237
17-1022.01,29.547431172053805,25.791472518483605,0.07281396304298776,88.60103626943005,93.3678756476684,Geodetic Surveyors,38.338432,73.959999,0.21563178692020205,0.19664967078260237
17-2141.01,29.50262441868774,24.996842028543565,0.09012703254673296,88.49740932642487,91.29533678756476,Fuel Cell Engineers,41.278542,84.629997,0.21563178692020205,0.19664967078260237
17-2072.00,29.470201527292858,24.596446173923056,0.09907438088631103,88.39378238341969,90.67357512953367,"Electronics Engineers, Except Computer",38.255562,73.860001,0.21563178692020205,0.19664967078260237
15-1121.01,29.44657731123556,23.172895078558692,0.13536681997239422,88.29015544041451,86.42487046632124,Informatics Nurse Specialists,40.589039,82.25,0.21563178692020205,0.19664967078260237
19-1012.00,29.435583968527197,23.501917779442216,0.12623791481126112,88.18652849740933,87.56476683937824,Food Scientists and Technologists,35.989223,65.790001,0.21563178692020205,0.19664967078260237
21-1023.00,29.43296468287764,21.105436268330354,0.1972839677103266,88.08290155440415,77.51295336787565,Mental Health and Substance Abuse Social Workers,30.060724,40.32,0.21563178692020205,0.19664967078260237
27-2012.05,29.362335830988094,22.319302694330347,0.15777896901875094,87.97927461139896,83.10880829015544,Technical Directors/Managers,34.284256,59.369999,0.21563178692020205,0.19664967078260237
11-9033.00,29.34505567938067,21.172962203980852,0.19298417946127855,87.87564766839378,77.8238341968912,"Education Administrators, Postsecondary",34.105659,59.16,0.21563178692020205,0.19664967078260237
25-9031.00,29.31810616224866,21.53004561049016,0.18086493388485672,87.7720207253886,79.79274611398964,Instructional Coordinators,34.540485,60.09,0.21563178692020205,0.19664967078260237
19-2042.00,29.141930958987462,24.685138583353485,0.09027278418115567,87.66839378238342,90.77720207253886,"Geoscientists, Except Hydrologists and Geographers",39.96637,79.870003,0.21563178692020205,0.19664967078260237
49-3011.00,29.12909766373209,25.00904347632983,0.08237128683673456,87.56476683937824,91.39896373056995,Aircraft Mechanics and Service Technicians,29.03277,34.209999,0.21563178692020205,0.19664967078260237
45-1011.05,29.121635567705063,23.54639704508873,0.11838835707943711,87.46113989637306,87.7720207253886,First-Line Supervisors of Logging Workers,24.484335,7.9200001,0.21563178692020205,0.19664967078260237
29-1051.00,29.027343730902363,22.282003054070586,0.15136297801555826,87.35751295336787,83.00518134715026,Pharmacists,31.92844,51.189999,0.21563178692020205,0.19664967078260237
13-2061.00,28.965266012375846,22.373921040177297,0.14729972811565614,87.25388601036269,83.41968911917098,Financial Examiners,39.909153,79.660004,0.21563178692020205,0.19664967078260237
15-2021.00,28.950699003356384,25.609591750775877,0.06523156021179606,87.15025906735751,93.05699481865285,Mathematicians,54.915405,99.839996,0.21563178692020205,0.19664967078260237
17-2171.00,28.920375081767304,23.009327010110464,0.12844895613547253,87.04663212435233,85.38860103626943,Petroleum Engineers,40.753189,83.07,0.21563178692020205,0.19664967078260237
19-4051.01,28.90176297389471,26.607228635666434,0.043118627077765245,86.94300518134715,95.02590673575129,Nuclear Equipment Operation Technicians,36.09502,66.099998,0.21563178692020205,0.19664967078260237
33-2021.01,28.884259522739377,24.52240578310097,0.08893608926910976,86.83937823834196,90.25906735751295,Fire Inspectors,35.511986,64.540001,0.21563178692020205,0.19664967078260237
17-2131.00,28.861997323672185,24.12715741500921,0.09812262230521794,86.73575129533678,89.43005181347151,Materials Engineers,42.682999,88.040001,0.21563178692020205,0.19664967078260237
11-9041.01,28.840412056107457,23.771754516541204,0.106610926342002,86.6321243523316,88.18652849740933,Biofuels/Biodiesel Technology and Product Development Managers,36.986183,68.889999,0.21563178692020205,0.19664967078260237
19-1020.01,28.83141411995755,24.132910125900167,0.09734640309737876,86.52849740932642,89.53367875647669,Biologists,40.738224,82.970001,0.21563178692020205,0.19664967078260237
11-9021.00,28.823891586252728,21.930224396927056,0.15717274626454897,86.42487046632124,81.65803108808291,Construction Managers,34.829094,61.23,0.21563178692020205,0.19664967078260237
13-1041.06,28.778612976029237,23.120703636555703,0.12235590725119457,86.32124352331606,86.11398963730569,Coroners,32.663651,53.470001,0.21563178692020205,0.19664967078260237
19-2043.00,28.75892557583931,24.00562448583728,0.09900390412268502,86.21761658031087,88.80829015544042,Hydrologists,39.575035,78.730003,0.21563178692020205,0.19664967078260237
19-1032.00,28.72143383324014,22.441398811098722,0.13992075705716564,86.11398963730569,83.93782383419689,Foresters,28.878063,32.970001,0.21563178692020205,0.19664967078260237
19-2099.01,28.705514145762308,24.40357475686886,0.08814158236556265,86.01036269430051,90.05181347150258,Remote Sensing Scientists and Technologists,45.514915,96.010002,0.21563178692020205,0.19664967078260237
29-1071.01,28.66835872879856,23.9280674224245,0.0990529494649374,85.90673575129534,88.49740932642487,Anesthesiologist Assistants,29.481886,36.700001,0.21563178692020205,0.19664967078260237
29-2099.07,28.632645791193575,23.9774175196943,0.09707526399946152,85.80310880829016,88.60103626943005,Surgical Assistants,25.431849,13.41,0.21563178692020205,0.19664967078260237
29-1181.00,28.626888587675683,22.53057145366831,0.13528989148241966,85.69948186528498,84.4559585492228,Audiologists,32.994713,54.610001,0.21563178692020205,0.19664967078260237
45-1011.06,28.622588142751965,22.389415442767593,0.13919909423088267,85.5958549222798,83.52331606217616,First-Line Supervisors of Aquacultural Workers,26.296062,17.34,0.21563178692020205,0.19664967078260237
23-1023.00,28.588246793279456,22.41253506853986,0.13777360985389703,85.49222797927462,83.73056994818653,"Judges, Magistrate Judges, and Magistrates",40.245487,81.419998,0.21563178692020205,0.19664967078260237
21-1013.00,28.57692890153195,19.760399727893354,0.22308580026327535,85.38860103626943,69.11917098445596,Marriage and Family Therapists,30.066782,40.419998,0.21563178692020205,0.19664967078260237
29-9011.00,28.502853539681066,22.439664191455066,0.13509982360909917,85.28497409326425,83.83419689119171,Occupational Health and Safety Specialists,34.921227,61.650002,0.21563178692020205,0.19664967078260237
25-2032.00,28.499647534096788,20.844328832754712,0.183630731475329,85.18134715025907,76.26943005181347,"Career/Technical Education Teachers, Secondary School",27.139547,22.41,0.21563178692020205,0.19664967078260237
51-8093.00,28.495936159019877,25.156574072498245,0.06637155911806569,85.07772020725389,92.02072538860104,"Petroleum Pump System Operators, Refinery Operators, and Gaugers",30.452471,43.32,0.21563178692020205,0.19664967078260237
15-2011.00,28.481139098501675,23.550626524989415,0.1046790107320611,84.97409326424871,87.87564766839378,Actuaries,44.808338,93.839996,0.21563178692020205,0.19664967078260237
13-1081.01,28.44492473696327,22.943453014563985,0.11989197351652074,84.87046632124353,85.28497409326425,Logistics Engineers,40.536701,81.940002,0.21563178692020205,0.19664967078260237
29-1141.02,28.421146852151814,20.538234231052872,0.19190823642424773,84.76683937823834,73.88601036269431,Advanced Practice Psychiatric Nurses,30.590992,44.57,0.21563178692020205,0.19664967078260237
19-1031.01,28.38559834377862,22.446292820388155,0.1323003662768701,84.66321243523316,84.04145077720207,Soil and Water Conservationists,30.207035,41.869999,0.21563178692020205,0.19664967078260237
33-3021.06,28.384224799919043,24.03817817437097,0.09039883542800554,84.55958549222798,89.01554404145078,Intelligence Analysts,48.203289,98.290001,0.21563178692020205,0.19664967078260237
19-2032.00,28.330900187217033,23.761095209662084,0.09616149712864894,84.4559585492228,88.08290155440415,Materials Scientists,43.254257,89.489998,0.21563178692020205,0.19664967078260237
25-1072.00,28.290079440756404,21.0581744252771,0.1717125347484659,84.35233160621762,77.20207253886011,"Nursing Instructors and Teachers, Postsecondary",30.774345,45.91,0.21563178692020205,0.19664967078260237
17-2112.01,28.287839120370364,22.937168099766716,0.11663756827631362,84.24870466321244,85.18134715025907,Human Factors Engineers and Ergonomists,44.29044,92.599998,0.21563178692020205,0.19664967078260237
27-1011.00,28.275133272418902,21.925980688785756,0.14478605709254505,84.14507772020725,81.55440414507773,Art Directors,39.860695,79.550003,0.21563178692020205,0.19664967078260237
19-1011.00,28.254752907292982,23.383570731439026,0.10415821928566046,84.04145077720207,87.04663212435233,Animal Scientists,40.824184,83.389999,0.21563178692020205,0.19664967078260237
51-8011.00,28.21490175186256,23.650380217492867,0.09649996093918124,83.93782383419689,87.97927461139896,Nuclear Power Reactor Operators,37.45179,70.760002,0.21563178692020205,0.19664967078260237
49-2094.00,28.210570152682752,24.17173722176369,0.08354453165415414,83.83419689119171,89.74093264248705,"Electrical and Electronics Repairers, Commercial and Industrial Equipment",30.360725,43.009998,0.21563178692020205,0.19664967078260237
11-3051.01,28.135858276754366,22.029224877021818,0.13860300200807876,83.73056994818653,82.27979274611398,Quality Control Systems Managers,32.263676,52.330002,0.21563178692020205,0.19664967078260237
43-9031.00,28.06710968845457,23.27082986663995,0.10305347616095029,83.62694300518135,86.6321243523316,Desktop Publishers,36.942554,68.580002,0.21563178692020205,0.19664967078260237
29-1131.00,28.058476836169973,22.458772473441158,0.12466630510084202,83.52331606217616,84.24870466321244,Veterinarians,29.757439,38.560001,0.21563178692020205,0.19664967078260237
29-1161.00,28.05470071888679,21.578000562203027,0.15007646649218817,83.41968911917098,80.10362694300518,Nurse Midwives,29.593582,37.32,0.21563178692020205,0.19664967078260237
17-2111.02,28.041413708213163,23.44611126508589,0.0979971132775915,83.3160621761658,87.35751295336787,Fire-Prevention and Protection Engineers,45.087677,94.769997,0.21563178692020205,0.19664967078260237
53-4011.00,28.002811124650233,25.55706916899526,0.0478486390493876,83.21243523316062,92.95336787564767,Locomotive Engineers,28.542671,30.59,0.21563178692020205,0.19664967078260237
11-3051.03,27.97356417725903,21.600678794381594,0.14751585918992152,83.10880829015544,80.31088082901555,Biofuels Production Managers,30.010227,39.799999,0.21563178692020205,0.19664967078260237
47-5031.00,27.930702274561476,23.829565296281533,0.08605144339162368,83.00518134715026,88.39378238341969,"Explosives Workers, Ordnance Handling Experts, and Blasters",27.436083,24.17,0.21563178692020205,0.19664967078260237
25-1032.00,27.929317604923998,22.20958471297146,0.12876721843006692,82.90155440414507,82.59067357512953,"Engineering Teachers, Postsecondary",40.447945,81.830002,0.21563178692020205,0.19664967078260237
19-4051.02,27.85178963447645,23.517653796025623,0.09214643339939109,82.79792746113989,87.66839378238342,Nuclear Monitoring Technicians,34.805344,61.130001,0.21563178692020205,0.19664967078260237
11-3051.00,27.84369100248093,21.019623329951596,0.1623261170147964,82.69430051813471,76.99481865284974,Industrial Production Managers,31.790493,50.360001,0.21563178692020205,0.19664967078260237
29-1122.00,27.786418587852438,20.569603186029244,0.17542427378289954,82.59067357512953,74.09326424870466,Occupational Therapists,27.681034,25.83,0.21563178692020205,0.19664967078260237
17-1012.00,27.763324404538093,21.293615019388014,0.15191665152345804,82.48704663212435,78.34196891191709,Landscape Architects,38.780846,75.099998,0.21563178692020205,0.19664967078260237
29-1141.01,27.7145394992419,20.430421284915422,0.1782664711790507,82.38341968911917,73.26424870466322,Acute Care Nurses,29.601984,37.419998,0.21563178692020205,0.19664967078260237
29-1031.00,27.70720021589305,19.67190799047795,0.20423266084063949,82.27979274611398,68.39378238341969,Dietitians and Nutritionists,33.055992,54.810001,0.21563178692020205,0.19664967078260237
19-2021.00,27.68125403524631,22.517650171783696,0.1146568097485811,82.1761658031088,84.35233160621762,Atmospheric and Space Scientists,44.16848,92.290001,0.21563178692020205,0.19664967078260237
11-9199.08,27.656662564850325,20.11958093086624,0.1873071228442227,82.07253886010362,71.39896373056995,Loss Prevention Managers,29.124561,34.830002,0.21563178692020205,0.19664967078260237
33-1011.00,27.645849026934712,20.430357499581657,0.17658750042677432,81.96891191709845,73.16062176165804,First-Line Supervisors of Correctional Officers,22.39455,2.74,0.21563178692020205,0.19664967078260237
19-3099.01,27.64336659981321,21.685325201425897,0.1373749607867432,81.86528497409327,80.51813471502591,Transportation Planners,41.49794,85.559998,0.21563178692020205,0.19664967078260237
29-1023.00,27.58831789098499,21.252545649002883,0.14905913735278503,81.76165803108809,78.13471502590673,Orthodontists,30.453335,43.43,0.21563178692020205,0.19664967078260237
11-3121.00,27.58528919056294,19.46528152716073,0.20857668182379022,81.65803108808291,67.46113989637306,Human Resources Managers,33.095242,54.919998,0.21563178692020205,0.19664967078260237
11-9199.07,27.552430983159972,21.332983048114702,0.14577070447714327,81.55440414507773,78.65284974093264,Security Managers,31.130579,47.360001,0.21563178692020205,0.19664967078260237
29-1123.00,27.549166139773128,21.2247296867606,0.14898744404169104,81.45077720207254,78.03108808290155,Physical Therapists,26.829571,20.030001,0.21563178692020205,0.19664967078260237
29-1125.02,27.51364042546324,20.70232308156089,0.1645061116346175,81.34715025906736,74.92227979274611,Music Therapists,27.929749,27.48,0.21563178692020205,0.19664967078260237
29-9091.00,27.49664016121102,21.320755333898155,0.1448326930869503,81.24352331606218,78.54922279792746,Athletic Trainers,27.376328,23.959999,0.21563178692020205,0.19664967078260237
49-9092.00,27.482766905115458,23.101175035264582,0.09483482686837905,81.139896373057,86.01036269430051,Commercial Divers,24.403322,7.3000002,0.21563178692020205,0.19664967078260237
17-3025.00,27.47383116058604,23.272360453733388,0.09026739498997934,81.03626943005182,86.73575129533678,Environmental Engineering Technicians,33.796448,58.02,0.21563178692020205,0.19664967078260237
15-2041.00,27.431015837235584,24.04534388286029,0.0704018202207669,80.93264248704664,89.11917098445596,Statisticians,50.705498,99.639999,0.21563178692020205,0.19664967078260237
43-5031.00,27.356038757616712,21.28933059224753,0.14248236080232513,80.82901554404145,78.23834196891191,"Police, Fire, and Ambulance Dispatchers",32.056213,51.709999,0.21563178692020205,0.19664967078260237
27-2012.03,27.349385030932783,20.33443611936739,0.1724893886996959,80.72538860103627,72.64248704663213,Program Directors,35.430069,64.029999,0.21563178692020205,0.19664967078260237
19-3031.01,27.294499119091466,19.552807619658665,0.1979687943037191,80.62176165803109,67.97927461139896,School Psychologists,33.961227,58.540001,0.21563178692020205,0.19664967078260237
25-4012.00,27.282655858016735,21.685984737459002,0.1290388974333824,80.51813471502591,80.72538860103627,Curators,37.716,71.480003,0.21563178692020205,0.19664967078260237
11-9081.00,27.270644011108693,18.91488739772093,0.22087777837880648,80.41450777202073,63.10880829015544,Lodging Managers,25.333231,12.47,0.21563178692020205,0.19664967078260237
29-2091.00,27.171247599098315,21.430737967467003,0.13393168355531457,80.31088082901555,79.48186528497409,Orthotists and Prosthetists,31.372408,48.400002,0.21563178692020205,0.19664967078260237
17-3029.07,27.145270360226494,23.387136966453138,0.0803461620625919,80.20725388601036,87.15025906735751,Mechanical Engineering Technologists,33.18103,55.23,0.21563178692020205,0.19664967078260237
25-1031.00,27.108738931746725,20.79729466914002,0.1517371456964524,80.10362694300518,75.85492227979275,"Architecture Teachers, Postsecondary",39.074715,76.550003,0.21563178692020205,0.19664967078260237
11-9199.03,27.046513631413024,22.010923220243082,0.11438844161109038,80.0,82.07253886010362,Investment Fund Managers,44.529305,93.43,0.21563178692020205,0.19664967078260237
33-3052.00,27.03957132162811,21.83385502586035,0.11921202851264769,79.89637305699482,81.24352331606218,Transit and Railroad Police,24.022501,6.3699999,0.21563178692020205,0.19664967078260237
33-3031.00,27.032161055188542,21.584271766589975,0.126200442329291,79.79274611398964,80.20725388601036,Fish and Game Wardens,26.132519,16.299999,0.21563178692020205,0.19664967078260237
49-9044.00,27.02095650468367,22.348361447316503,0.1045399920791114,79.68911917098445,83.21243523316062,Millwrights,23.114693,4.1900001,0.21563178692020205,0.19664967078260237
29-2011.00,26.999914334426204,22.536954870245655,0.09901425214443581,79.58549222797927,84.55958549222798,Medical and Clinical Laboratory Technologists,33.786072,57.82,0.21563178692020205,0.19664967078260237
17-2199.03,26.988313732548566,22.10836220482688,0.1103643834516212,79.48186528497409,82.38341968911917,Energy Engineers,43.815582,91.360001,0.21563178692020205,0.19664967078260237
13-1041.03,26.975173828229646,20.832565110169035,0.14742804560016007,79.37823834196891,76.06217616580311,Equal Opportunity Representatives and Officers,38.882195,75.830002,0.21563178692020205,0.19664967078260237
47-1011.03,26.971235499416853,20.291893454535618,0.16458153744613407,79.27461139896373,72.53886010362694,Solar Energy Installation Managers,25.244436,12.06,0.21563178692020205,0.19664967078260237
27-2012.02,26.96431341471061,20.821289656420987,0.14751784975036844,79.17098445595855,75.95854922279793,"Directors- Stage, Motion Pictures, Television, and Radio",37.724209,71.580002,0.21563178692020205,0.19664967078260237
11-2021.00,26.93024898051994,19.701671438492937,0.18345087026230364,79.06735751295336,68.70466321243524,Marketing Managers,36.846905,68.169998,0.21563178692020205,0.19664967078260237
17-3029.01,26.919653374282802,23.13610333577133,0.08176722725519703,78.96373056994818,86.32124352331606,Non-Destructive Testing Specialists,32.231121,52.23,0.21563178692020205,0.19664967078260237
19-3051.00,26.90829051206762,20.89475306724393,0.14390065834879218,78.860103626943,76.47668393782384,Urban and Regional Planners,39.188381,77.279999,0.21563178692020205,0.19664967078260237
11-3061.00,26.88327664273262,18.611484821571015,0.22222278073091906,78.75647668393782,60.72538860103627,Purchasing Managers,32.303005,52.43,0.21563178692020205,0.19664967078260237
29-1128.00,26.866869513793443,20.227631659963144,0.1641130797079779,78.65284974093264,72.12435233160622,Exercise Physiologists,27.352848,23.76,0.21563178692020205,0.19664967078260237
11-3031.01,26.858876722550992,21.0624468676136,0.13760105583578233,78.54922279792746,77.30569948186529,Treasurers and Controllers,41.546135,85.769997,0.21563178692020205,0.19664967078260237
27-1025.00,26.85706670172257,20.27575676535349,0.16229505050127152,78.44559585492227,72.2279792746114,Interior Designers,39.086166,76.760002,0.21563178692020205,0.19664967078260237
11-9199.11,26.8553695643242,20.176257860273275,0.16551909056441003,78.34196891191709,71.60621761658031,Brownfield Redevelopment Specialists and Site Managers,38.614101,74.379997,0.21563178692020205,0.19664967078260237
11-2011.00,26.823935062022215,20.08465209593915,0.1677719617420125,78.23834196891191,71.19170984455958,Advertising and Promotions Managers,37.238392,69.82,0.21563178692020205,0.19664967078260237
11-2031.00,26.80716982100892,19.44379152472954,0.18935037147755587,78.13471502590673,67.25388601036269,Public Relations and Fundraising Managers,35.387791,63.720001,0.21563178692020205,0.19664967078260237
11-3051.04,26.77046282774487,20.7960622887234,0.14364259098851298,78.03108808290155,75.75129533678756,Biomass Power Plant Managers,32.216499,52.119999,0.21563178692020205,0.19664967078260237
29-9092.00,26.7622205815894,21.393311033182403,0.12548103330240631,77.92746113989638,79.06735751295336,Genetic Counselors,43.50642,90.220001,0.21563178692020205,0.19664967078260237
11-9121.00,26.75769876793408,20.836306236685072,0.14209314414912022,77.8238341968912,76.16580310880829,Natural Sciences Managers,40.069778,80.18,0.21563178692020205,0.19664967078260237
11-9071.00,26.752735718390458,18.980156579489105,0.20475540089328842,77.72020725388602,63.626943005181346,Gaming Managers,29.041349,34.32,0.21563178692020205,0.19664967078260237
19-2041.03,26.749915262822768,21.919785318658125,0.11017740078077397,77.61658031088083,81.45077720207254,Industrial Ecologists,46.200768,97.360001,0.21563178692020205,0.19664967078260237
49-3023.01,26.74852953712587,23.491082126525257,0.06933370274420918,77.51295336787565,87.46113989637306,Automotive Master Mechanics,26.963223,21.27,0.21563178692020205,0.19664967078260237
27-1021.00,26.740315532304734,22.193842968922976,0.10242643803842305,77.40932642487047,82.48704663212435,Commercial and Industrial Designers,44.582695,93.529999,0.21563178692020205,0.19664967078260237
11-2022.00,26.692716856865413,18.1475065531383,0.23543758694081757,77.30569948186529,57.61658031088083,Sales Managers,31.32287,48.189999,0.21563178692020205,0.19664967078260237
21-1021.00,26.66845161271281,18.908506217597346,0.20519720875395261,77.20207253886011,62.90155440414508,"Child, Family, and School Social Workers",27.914007,27.280001,0.21563178692020205,0.19664967078260237
19-4099.02,26.65494802734758,22.640627724475596,0.08865302569619811,77.09844559585493,84.87046632124353,Precision Agriculture Technicians,35.829338,65.480003,0.21563178692020205,0.19664967078260237
29-1011.00,26.632788250553514,21.163025281943053,0.12922923107022488,76.99481865284974,77.72020725388602,Chiropractors,29.581436,37.110001,0.21563178692020205,0.19664967078260237
17-3029.03,26.562310756896643,22.451493467114915,0.0915488605647307,76.89119170984456,84.14507772020725,Electromechanical Engineering Technologists,34.33493,59.470001,0.21563178692020205,0.19664967078260237
13-1081.00,26.54688734417737,19.83700011864259,0.16912555289115783,76.78756476683938,69.63730569948187,Logisticians,38.80864,75.410004,0.21563178692020205,0.19664967078260237
21-1012.00,26.538844555780177,19.031444528454816,0.19723673670962522,76.6839378238342,63.73056994818653,"Educational, Guidance, School, and Vocational Counselors",30.583912,44.459999,0.21563178692020205,0.19664967078260237
27-3041.00,26.52107664588942,21.566629134079776,0.11486374344845078,76.58031088082902,80.0,Editors,43.587124,90.629997,0.21563178692020205,0.19664967078260237
53-5031.00,26.503735906281758,23.231144762703117,0.07043542574003246,76.47668393782384,86.52849740932642,Ship Engineers,29.829126,39.080002,0.21563178692020205,0.19664967078260237
49-3042.00,26.456651512243315,23.04545227280832,0.07401024720742677,76.37305699481865,85.5958549222798,"Mobile Heavy Equipment Mechanics, Except Engines",25.397358,13.1,0.21563178692020205,0.19664967078260237
13-2011.02,26.43824209213778,20.949538498543664,0.13099819821748518,76.26943005181347,76.6839378238342,Auditors,42.322025,87.629997,0.21563178692020205,0.19664967078260237
19-2041.02,26.428999015132526,21.406169052777294,0.117322019413454,76.16580310880829,79.27461139896373,Environmental Restoration Planners,34.881569,61.34,0.21563178692020205,0.19664967078260237
25-9031.01,26.422438280117614,19.676688387444806,0.17141476654621152,76.06217616580311,68.49740932642487,Instructional Designers and Technologists,38.109715,73.139999,0.21563178692020205,0.19664967078260237
29-9099.01,26.35386987756205,20.349446396733818,0.14753284594985275,75.95854922279793,72.74611398963731,Midwives,30.038275,40.009998,0.21563178692020205,0.19664967078260237
47-2111.00,26.35179984137597,22.28004789250671,0.09137664264713463,75.85492227979275,82.90155440414507,Electricians,27.714405,26.040001,0.21563178692020205,0.19664967078260237
19-3092.00,26.32975411885864,21.68541014089303,0.1070845316687737,75.75129533678756,80.62176165803109,Geographers,45.007725,94.459999,0.21563178692020205,0.19664967078260237
25-2054.00,26.309106989369823,19.642782277070186,0.1696889121476826,75.64766839378238,68.18652849740933,"Special Education Teachers, Secondary School",33.572086,56.779999,0.21563178692020205,0.19664967078260237
11-9013.03,26.232037094117103,20.7954369618889,0.1307161792798987,75.5440414507772,75.64766839378238,Aquacultural Managers,30.342964,42.810001,0.21563178692020205,0.19664967078260237
17-2112.00,26.19873238404214,21.45143949817875,0.1106520820261606,75.44041450777202,79.68911917098445,Industrial Engineers,39.111488,77.07,0.21563178692020205,0.19664967078260237
11-3031.02,26.180804248459975,18.894388600928078,0.19281956673564957,75.33678756476684,62.590673575129536,"Financial Managers, Branch or Department",35.464985,64.440002,0.21563178692020205,0.19664967078260237
53-2022.00,26.174284043525162,20.752953289400708,0.1306158858096916,75.23316062176166,75.33678756476684,Airfield Operations Specialists,34.50465,59.779999,0.21563178692020205,0.19664967078260237
25-2021.00,26.152424969305756,19.66509120400177,0.16494542786518682,75.12953367875647,68.29015544041451,"Elementary School Teachers, Except Special Education",35.237049,63.41,0.21563178692020205,0.19664967078260237
11-3051.02,26.130338711832557,20.189249747681895,0.14713496138787457,75.02590673575129,71.70984455958549,Geothermal Production Managers,32.492168,52.950001,0.21563178692020205,0.19664967078260237
27-1022.00,26.12950216349333,19.09486454272692,0.18420234417022474,74.92227979274611,64.24870466321244,Fashion Designers,33.76075,57.709999,0.21563178692020205,0.19664967078260237
53-6051.01,26.122347041843692,21.809328035100336,0.09888014430802047,74.81865284974093,81.03626943005182,Aviation Inspectors,33.180119,55.119999,0.21563178692020205,0.19664967078260237
27-2041.01,26.10992881365703,19.187896837043436,0.18037495290391026,74.71502590673575,64.87046632124353,Music Directors,31.240334,47.77,0.21563178692020205,0.19664967078260237
19-4091.00,26.0637907917383,21.399504314677188,0.10898118032252821,74.61139896373057,79.17098445595855,"Environmental Science and Protection Technicians, Including Health",32.036354,51.599998,0.21563178692020205,0.19664967078260237
21-1022.00,26.05786934095139,18.6146032409266,0.19993082859966135,74.50777202072538,60.829015544041454,Healthcare Social Workers,30.621389,44.880001,0.21563178692020205,0.19664967078260237
11-9111.00,26.035290008873876,18.40551575411872,0.20726868936144296,74.4041450777202,59.689119170984455,Medical and Health Services Managers,33.596825,57.09,0.21563178692020205,0.19664967078260237
11-1011.03,26.021710664687088,19.450387348916973,0.16892525577738732,74.30051813471502,67.35751295336787,Chief Sustainability Officers,39.212631,77.480003,0.21563178692020205,0.19664967078260237
19-1031.02,25.991135998217242,19.825594585893953,0.1554944893483828,74.19689119170984,69.53367875647669,Range Managers,29.411716,36.279999,0.21563178692020205,0.19664967078260237
33-3021.05,25.97954632024825,20.73526186130618,0.12645811984483216,74.09326424870466,75.23316062176166,Immigration and Customs Inspectors,28.768402,32.450001,0.21563178692020205,0.19664967078260237
17-3029.12,25.974755779839093,23.07077461631757,0.06293636021799603,73.98963730569949,85.90673575129534,Nanotechnology Engineering Technicians,31.737991,49.740002,0.21563178692020205,0.19664967078260237
17-3027.00,25.95556143166899,21.758043221552246,0.09645900064117278,73.88601036269431,80.93264248704664,Mechanical Engineering Technicians,29.797218,38.77,0.21563178692020205,0.19664967078260237
11-9121.01,25.89238215532117,18.96821176572182,0.18252037870307525,73.78238341968913,63.41968911917098,Clinical Research Coordinators,36.688568,67.440002,0.21563178692020205,0.19664967078260237
15-1111.00,25.872376214068126,21.368873886790308,0.10537528442389676,73.67875647668394,78.860103626943,Computer and Information Research Scientists,44.848518,94.150002,0.21563178692020205,0.19664967078260237
29-2061.00,25.835863134596554,18.96443223076417,0.18116627010550634,73.57512953367876,63.3160621761658,Licensed Practical and Licensed Vocational Nurses,22.773802,3.26,0.21563178692020205,0.19664967078260237
19-3091.01,25.804624549398376,20.73322180744104,0.12230136707786617,73.47150259067358,75.12953367875647,Anthropologists,44.085762,92.080002,0.21563178692020205,0.19664967078260237
19-1023.00,25.798199837576743,20.722748944227813,0.12246084983726692,73.3678756476684,75.02590673575129,Zoologists and Wildlife Biologists,32.414063,52.849998,0.21563178692020205,0.19664967078260237
15-1121.00,25.75988217069011,21.307364745005138,0.10448306205319753,73.26424870466322,78.44559585492227,Computer Systems Analysts,45.084431,94.669998,0.21563178692020205,0.19664967078260237
23-1021.00,25.746937455846798,20.528645930495433,0.12709780136057489,73.16062176165804,73.78238341968913,"Administrative Law Judges, Adjudicators, and Hearing Officers",40.277645,81.519997,0.21563178692020205,0.19664967078260237
51-4011.00,25.731197540442746,22.746034629588262,0.06561941365752068,73.05699481865285,85.07772020725389,"Computer-Controlled Machine Tool Operators, Metal and Plastic",28.458944,30.07,0.21563178692020205,0.19664967078260237
19-4099.03,25.72948031471843,21.967132828010516,0.08563583413832024,72.95336787564767,81.86528497409327,Remote Sensing Technicians,43.026588,88.870003,0.21563178692020205,0.19664967078260237
13-1199.02,25.665307525384605,19.95055256222911,0.1432229745349213,72.84974093264249,70.46632124352331,Security Management Specialists,40.186668,80.800003,0.21563178692020205,0.19664967078260237
17-3024.00,25.640847275188584,22.355715522555354,0.07347409098399829,72.74611398963731,83.3160621761658,Electro-Mechanical Technicians,31.679388,49.529999,0.21563178692020205,0.19664967078260237
29-1199.05,25.63057900532277,20.196438469761794,0.13453214891568624,72.64248704663213,71.81347150259067,Orthoptists,36.589394,67.239998,0.21563178692020205,0.19664967078260237
49-2022.00,25.627436110070082,21.81193212846718,0.08746368636970069,72.53886010362694,81.139896373057,"Telecommunications Equipment Installers and Repairers, Except Line Installers",27.014309,21.58,0.21563178692020205,0.19664967078260237
11-9199.04,25.615245372607003,18.525577725599014,0.19134808511832108,72.43523316062176,60.41450777202073,Supply Chain Managers,37.757633,71.790001,0.21563178692020205,0.19664967078260237
17-2071.00,25.59522584936838,21.00447222677337,0.10928038498257057,72.33160621761658,76.89119170984456,Electrical Engineers,43.361713,89.800003,0.21563178692020205,0.19664967078260237
53-5022.00,25.587566033796552,21.88448475624635,0.08460517391192524,72.2279792746114,81.34715025906736,Motorboat Operators,24.985434,10.92,0.21563178692020205,0.19664967078260237
13-1121.00,25.56292810927497,18.47024284910255,0.19200303206941985,72.12435233160622,60.0,"Meeting, Convention, and Event Planners",29.675077,37.939999,0.21563178692020205,0.19664967078260237
19-4041.02,25.552484811668837,22.64406955224133,0.06422024214149327,72.02072538860104,84.97409326424871,Geological Sample Test Technicians,36.194851,66.410004,0.21563178692020205,0.19664967078260237
51-8099.01,25.53042297020455,21.20549717701312,0.10197652422598398,71.91709844559585,77.92746113989638,Biofuels Processing Technicians,25.211609,11.96,0.21563178692020205,0.19664967078260237
19-4093.00,25.50280780034489,21.024689964067946,0.10649664380141231,71.81347150259067,77.09844559585493,Forest and Conservation Technicians,27.028757,21.790001,0.21563178692020205,0.19664967078260237
51-8099.04,25.49338031553568,21.969925156597434,0.08018814661005293,71.70984455958549,81.96891191709845,Hydroelectric Plant Technicians,28.567537,30.799999,0.21563178692020205,0.19664967078260237
11-9199.09,25.480728894462864,18.896252202986577,0.17422705361742583,71.60621761658031,62.69430051813472,Wind Energy Operations Managers,29.468954,36.59,0.21563178692020205,0.19664967078260237
11-3021.00,25.475115984516698,19.235818548377775,0.16217915084942156,71.50259067357513,65.5958549222798,Computer and Information Systems Managers,37.655148,71.379997,0.21563178692020205,0.19664967078260237
53-5011.00,25.458845064942434,21.715511108663158,0.08619032583547878,71.39896373056995,80.82901554404145,Sailors and Marine Oilers,23.777988,5.8499999,0.21563178692020205,0.19664967078260237
51-1011.00,25.40659608912651,19.39288864530832,0.15504929548680396,71.29533678756476,66.73575129533678,First-Line Supervisors of Production and Operating Workers,28.099785,28.110001,0.21563178692020205,0.19664967078260237
15-2031.00,25.400915416101444,21.561624447435655,0.08903065207413911,71.19170984455958,79.89637305699482,Operations Research Analysts,49.971851,99.330002,0.21563178692020205,0.19664967078260237
29-1126.00,25.360584702862003,19.932862445004492,0.13615009567323302,71.0880829015544,70.36269430051813,Respiratory Therapists,27.866734,26.860001,0.21563178692020205,0.19664967078260237
13-1151.00,25.322417046510942,17.826123144718444,0.2102614752780252,70.98445595854922,55.44041450777202,Training and Development Specialists,33.214733,55.330002,0.21563178692020205,0.19664967078260237
19-3022.00,25.293336912388746,20.041630011599544,0.13101995440863995,70.88082901554404,70.88082901554404,Survey Researchers,41.746861,86.389999,0.21563178692020205,0.19664967078260237
25-1041.00,25.282994347534945,18.815432284015802,0.171868548271769,70.77720207253886,61.968911917098445,"Agricultural Sciences Teachers, Postsecondary",33.372009,55.950001,0.21563178692020205,0.19664967078260237
25-1052.00,25.275967443971446,20.03364963829643,0.13083781288791657,70.67357512953367,70.67357512953367,"Chemistry Teachers, Postsecondary",41.149368,84.419998,0.21563178692020205,0.19664967078260237
41-3031.01,25.202491837254197,18.882338080471314,0.16735622807536157,70.56994818652849,62.27979274611399,"Sales Agents, Securities and Commodities",38.238449,73.760002,0.21563178692020205,0.19664967078260237
25-1054.00,25.20194828938483,19.474399108436838,0.14705329671678197,70.46632124352331,67.56476683937824,"Physics Teachers, Postsecondary",38.054867,72.830002,0.21563178692020205,0.19664967078260237
25-1051.00,25.191192174264057,19.38187395320325,0.14986471986886224,70.36269430051813,66.6321243523316,"Atmospheric, Earth, Marine, and Space Sciences Teachers, Postsecondary",38.192425,73.550003,0.21563178692020205,0.19664967078260237
13-1199.01,25.17112559191918,20.78748084603403,0.105439537824553,70.25906735751295,75.5440414507772,Energy Auditors,31.842213,50.779999,0.21563178692020205,0.19664967078260237
17-3026.00,25.132059867512726,20.868791266582864,0.1021445982776353,70.15544041450777,76.37305699481865,Industrial Engineering Technicians,39.532822,78.519997,0.21563178692020205,0.19664967078260237
11-9121.02,25.12550402287601,20.07292551406939,0.12585555865449705,70.05181347150258,71.0880829015544,Water Resource Specialists,42.442249,87.730003,0.21563178692020205,0.19664967078260237
19-3011.01,25.113195155014367,20.28557020917221,0.11899160082912841,69.94818652849742,72.43523316062176,Environmental Economists,44.309864,92.699997,0.21563178692020205,0.19664967078260237
53-1011.00,25.03307408916962,20.406819776537297,0.11335069264323466,69.84455958549223,72.95336787564767,Aircraft Cargo Handling Supervisors,25.655823,14.54,0.21563178692020205,0.19664967078260237
15-1142.00,24.99077120425054,20.65188329279069,0.10504823821502275,69.74093264248705,74.61139896373057,Network and Computer Systems Administrators,40.597359,82.349998,0.21563178692020205,0.19664967078260237
29-1125.00,24.981615374272142,17.431547601670133,0.21656332372573245,69.63730569948187,52.84974093264249,Recreational Therapists,23.9081,6.0599999,0.21563178692020205,0.19664967078260237
15-1199.04,24.940882425246926,20.6062558962647,0.10517744103546649,69.53367875647669,74.4041450777202,Geospatial Information Scientists and Technologists,44.814358,93.940002,0.21563178692020205,0.19664967078260237
27-3021.00,24.909705657598852,19.701575215810085,0.13217548304486224,69.43005181347151,68.60103626943005,Broadcast News Analysts,38.800053,75.309998,0.21563178692020205,0.19664967078260237
11-9013.02,24.909314579999716,19.417670264885643,0.14140842439386261,69.32642487046633,66.83937823834196,Farm and Ranch Managers,27.73056,26.24,0.21563178692020205,0.19664967078260237
33-3012.00,24.88442956239429,19.219175955425353,0.1473854451436482,69.22279792746114,65.28497409326425,Correctional Officers and Jailers,21.687778,2.02,0.21563178692020205,0.19664967078260237
29-2011.01,24.81276789522677,21.334370754049587,0.08152096870532101,69.11917098445596,78.75647668393782,Cytogenetic Technologists,43.12302,89.080002,0.21563178692020205,0.19664967078260237
25-2031.00,24.79470334857977,18.263978025857497,0.17878704500947987,69.01554404145078,58.86010362694301,"Secondary School Teachers, Except Special and Career/Technical Education",35.454006,64.230003,0.21563178692020205,0.19664967078260237
13-1041.07,24.784000207449225,19.213000149857724,0.14497996185235948,68.9119170984456,65.18134715025907,Regulatory Affairs Specialists,42.182903,87.419998,0.21563178692020205,0.19664967078260237
19-3031.02,24.73765171436915,17.566394430848685,0.20411864574004102,68.80829015544042,53.575129533678755,Clinical Psychologists,36.968018,68.790001,0.21563178692020205,0.19664967078260237
53-5021.02,24.727589380956665,20.450428248272406,0.1045738769075797,68.70466321243524,73.3678756476684,"Mates- Ship, Boat, and Barge",26.32395,17.440001,0.21563178692020205,0.19664967078260237
11-9039.01,24.72729139042678,17.508080623169732,0.20616796674169233,68.60103626943005,53.36787564766839,Distance Learning Coordinators,35.237038,63.299999,0.21563178692020205,0.19664967078260237
47-5011.00,24.692509922159182,21.41568507169656,0.07650525396437924,68.49740932642487,79.37823834196891,"Derrick Operators, Oil and Gas",22.355051,2.6400001,0.21563178692020205,0.19664967078260237
29-1125.01,24.688188150140846,17.805645445667604,0.19326855421991668,68.39378238341969,55.33678756476684,Art Therapists,31.297623,47.98,0.21563178692020205,0.19664967078260237
11-3071.01,24.675305964134186,17.894373832027185,0.18947106492127005,68.29015544041451,55.64766839378238,Transportation Managers,36.67461,67.339996,0.21563178692020205,0.19664967078260237
29-1124.00,24.671868205916287,19.910245210943614,0.1195772062203296,68.18652849740933,69.94818652849742,Radiation Therapists,28.371704,29.66,0.21563178692020205,0.19664967078260237
53-4031.00,24.652536409520657,19.84932839688188,0.12099170099360407,68.08290155440415,69.74093264248705,Railroad Conductors and Yardmasters,26.362608,17.65,0.21563178692020205,0.19664967078260237
53-4041.00,24.644526487218695,21.436392315784165,0.0748291532496421,67.97927461139896,79.58549222797927,Subway and Streetcar Operators,25.805902,14.96,0.21563178692020205,0.19664967078260237
13-1075.00,24.633721685119458,17.08549793337382,0.22089563269330817,67.87564766839378,49.84455958549223,Labor Relations Specialists,34.524918,59.990002,0.21563178692020205,0.19664967078260237
25-1021.00,24.589988410453127,18.885270801561408,0.1510361611658771,67.7720207253886,62.38341968911917,"Computer Science Teachers, Postsecondary",37.81081,71.889999,0.21563178692020205,0.19664967078260237
39-9011.01,24.467747722754087,18.013938127782144,0.17913377822194526,67.66839378238342,56.89119170984456,Nannies,24.151176,6.7800002,0.21563178692020205,0.19664967078260237
25-2053.00,24.457104139834573,17.700959369909345,0.1908412032573304,67.56476683937824,54.40414507772021,"Special Education Teachers, Middle School",36.331173,66.610001,0.21563178692020205,0.19664967078260237
19-4031.00,24.450371028726792,20.451820120090915,0.09775538033184356,67.46113989637306,73.47150259067358,Chemical Technicians,34.644516,60.509998,0.21563178692020205,0.19664967078260237
21-1011.00,24.43083692113144,17.4785146755334,0.19888195234718573,67.35751295336787,53.16062176165803,Substance Abuse and Behavioral Disorder Counselors,31.78306,50.16,0.21563178692020205,0.19664967078260237
15-1199.02,24.428032070035215,19.811158045236105,0.11652206333060142,67.25388601036269,69.32642487046633,Computer Systems Engineers/Architects,44.350643,93.120003,0.21563178692020205,0.19664967078260237
17-2111.03,24.415381751136977,20.67048555851115,0.0905855883749149,67.15025906735751,74.81865284974093,Product Safety Engineers,46.30862,97.57,0.21563178692020205,0.19664967078260237
25-2052.00,24.404223060332242,17.090090771561236,0.2139875202108957,67.04663212435233,50.05181347150259,"Special Education Teachers, Kindergarten and Elementary School",29.151426,35.040001,0.21563178692020205,0.19664967078260237
11-9199.10,24.385496692688545,18.246582672985745,0.1682209246992733,66.94300518134715,58.54922279792746,Wind Energy Project Managers,37.343559,70.129997,0.21563178692020205,0.19664967078260237
13-1111.00,24.363960360250033,18.37675929153259,0.1629014390876892,66.83937823834196,59.37823834196891,Management Analysts,40.822216,83.279999,0.21563178692020205,0.19664967078260237
51-6092.00,24.35673752873932,20.66245759118535,0.08939594724516112,66.73575129533678,74.71502590673575,Fabric and Apparel Patternmakers,35.5214,64.650002,0.21563178692020205,0.19664967078260237
49-9097.00,24.356258445132774,21.663428934776352,0.06215150700436014,66.6321243523316,80.41450777202073,Signal and Track Switch Repairers,29.713476,38.25,0.21563178692020205,0.19664967078260237
45-1011.08,24.34994004382681,18.49493679340105,0.15828665206671083,66.52849740932642,60.310880829015545,First-Line Supervisors of Animal Husbandry and Animal Care Workers,25.876732,15.27,0.21563178692020205,0.19664967078260237
45-1011.07,24.332811718228832,18.922184398063497,0.14297047334342283,66.42487046632124,63.21243523316062,First-Line Supervisors of Agricultural Crop and Horticultural Workers,24.571857,8.4399996,0.21563178692020205,0.19664967078260237
47-2221.00,24.32476604155243,20.63179456415452,0.0894970979357763,66.32124352331606,74.50777202072538,Structural Iron and Steel Workers,20.562588,0.67000002,0.21563178692020205,0.19664967078260237
17-3027.01,24.3185621094188,21.37939871603051,0.06873821458749607,66.21761658031087,78.96373056994818,Automotive Engineering Technicians,34.616585,60.299999,0.21563178692020205,0.19664967078260237
53-7032.00,24.30677971804291,20.995977895697628,0.07884371565812406,66.11398963730569,76.78756476683938,Excavating and Loading Machine and Dragline Operators,23.651327,5.4299998,0.21563178692020205,0.19664967078260237
33-2022.00,24.28962867074309,19.276442639009623,0.1300340038256933,66.01036269430051,65.90673575129534,Forest Fire Inspectors and Prevention Specialists,32.175579,51.810001,0.21563178692020205,0.19664967078260237
29-2032.00,24.286517663470317,19.443346039001394,0.1245457344315636,65.90673575129534,67.15025906735751,Diagnostic Medical Sonographers,29.096703,34.52,0.21563178692020205,0.19664967078260237
49-9021.02,24.266726690106385,20.202525872806284,0.10058645247846808,65.80310880829016,71.91709844559585,Refrigeration Mechanics and Installers,27.272419,23.24,0.21563178692020205,0.19664967078260237
15-1199.11,24.242267666830518,19.290244464920676,0.12835563621070487,65.69948186528498,66.01036269430051,Video Game Designers,43.817524,91.459999,0.21563178692020205,0.19664967078260237
41-1012.00,24.216500018471375,16.936566366716843,0.21491763720363075,65.5958549222798,48.80829015544042,First-Line Supervisors of Non-Retail Sales Workers,34.754677,60.82,0.21563178692020205,0.19664967078260237
27-2012.01,24.2095575326193,17.711318277665473,0.18344877419848277,65.49222797927462,54.50777202072539,Producers,35.081631,62.369999,0.21563178692020205,0.19664967078260237
29-2054.00,24.18215263898083,19.102044325520943,0.13297289616988017,65.38860103626943,64.35233160621762,Respiratory Therapy Technicians,29.640696,37.630001,0.21563178692020205,0.19664967078260237
25-2059.01,24.179500358091477,17.447361785696657,0.1929271214492103,65.28497409326425,53.056994818652846,Adapted Physical Education Specialists,22.204605,2.4300001,0.21563178692020205,0.19664967078260237
17-3011.01,24.176816366060578,20.22214945808071,0.09778057758344758,65.18134715025907,72.02072538860104,Architectural Drafters,43.434856,90.110001,0.21563178692020205,0.19664967078260237
29-2056.00,24.13539649227985,19.731096851344997,0.11160807921924083,65.07772020725389,68.9119170984456,Veterinary Technologists and Technicians,29.142097,34.939999,0.21563178692020205,0.19664967078260237
19-4021.00,24.10949353097127,21.93901028321379,0.04946629815425598,64.97409326424871,81.76165803108809,Biological Technicians,41.664417,86.279999,0.21563178692020205,0.19664967078260237
25-2022.00,24.10336271246724,17.581648896567323,0.1854693451753899,64.87046632124353,53.78238341968912,"Middle School Teachers, Except Special and Career/Technical Education",35.180431,63.099998,0.21563178692020205,0.19664967078260237
25-1063.00,24.084689911622924,19.054158227773872,0.13200613807532072,64.76683937823834,63.83419689119171,"Economics Teachers, Postsecondary",40.588257,82.139999,0.21563178692020205,0.19664967078260237
47-4041.00,24.052738524098192,20.063370273849372,0.09941919517501431,64.66321243523316,70.98445595854922,Hazardous Materials Removal Workers,27.5079,24.59,0.21563178692020205,0.19664967078260237
17-3029.05,24.039664433116073,19.496699064068547,0.11650601350820418,64.55958549222798,67.7720207253886,Industrial Engineering Technologists,40.369213,81.730003,0.21563178692020205,0.19664967078260237
17-3021.00,24.032686231434955,20.518092873965248,0.08564619965068151,64.4559585492228,73.67875647668394,Aerospace Engineering and Operations Technicians,38.689198,74.690002,0.21563178692020205,0.19664967078260237
11-3071.03,24.01838489746872,17.424353171624382,0.18921883816561816,64.35233160621762,52.64248704663213,Logistics Managers,37.75354,71.690002,0.21563178692020205,0.19664967078260237
15-1141.00,24.01829268625836,19.814606844341725,0.10607542897367757,64.24870466321244,69.43005181347151,Database Administrators,46.377911,97.669998,0.21563178692020205,0.19664967078260237
17-2199.11,23.994558458810406,19.715983985834143,0.10850522287019515,64.14507772020725,68.80829015544042,Solar Energy Systems Engineers,38.046658,72.720001,0.21563178692020205,0.19664967078260237
25-1061.00,23.993618652831138,18.263936162147456,0.15685782187956337,64.04145077720207,58.75647668393783,"Anthropology and Archeology Teachers, Postsecondary",41.240829,84.519997,0.21563178692020205,0.19664967078260237
15-1199.08,23.98926188613302,18.8058862503674,0.13781258609028202,63.93782383419689,61.865284974093264,Business Intelligence Analysts,44.263916,92.489998,0.21563178692020205,0.19664967078260237
25-1112.00,23.974331858606188,17.970290475106655,0.16705465590043275,63.83419689119171,56.58031088082902,"Law Teachers, Postsecondary",38.82283,75.519997,0.21563178692020205,0.19664967078260237
47-5012.00,23.955131940326368,19.487918635417646,0.11461494140246299,63.73056994818653,67.66839378238342,"Rotary Drill Operators, Oil and Gas",25.074692,11.34,0.21563178692020205,0.19664967078260237
13-2099.04,23.944315238872544,18.235746077727477,0.15652140408220877,63.626943005181346,58.44559585492228,"Fraud Examiners, Investigators and Analysts",41.572708,85.970001,0.21563178692020205,0.19664967078260237
15-1143.00,23.934062256376205,19.20150095338407,0.12323415014486332,63.523316062176164,65.07772020725389,Computer Network Architects,42.918831,88.559998,0.21563178692020205,0.19664967078260237
11-9039.02,23.932537917323156,17.192931963680934,0.19599932018224828,63.41968911917098,50.77720207253886,Fitness and Wellness Coordinators,25.394087,12.99,0.21563178692020205,0.19664967078260237
43-9111.01,23.901232084111385,20.035528516267355,0.09647121523910311,63.3160621761658,70.77720207253886,Bioinformatics Technicians,48.682163,98.910004,0.21563178692020205,0.19664967078260237
29-2031.00,23.893293389775316,19.43648518673325,0.11465056979757192,63.21243523316062,67.04663212435233,Cardiovascular Technologists and Technicians,30.820145,46.119999,0.21563178692020205,0.19664967078260237
25-1123.00,23.870620669176795,18.0556851852796,0.16102782653294104,63.10880829015544,57.2020725388601,"English Language and Literature Teachers, Postsecondary",41.339336,84.830002,0.21563178692020205,0.19664967078260237
47-4011.00,23.84127791299279,19.916242336476973,0.09853855737954748,63.005181347150256,70.05181347150258,Construction and Building Inspectors,37.449917,70.650002,0.21563178692020205,0.19664967078260237
29-1024.00,23.821813958064528,18.476806326821894,0.14464100388072867,62.90155440414508,60.20725388601036,Prosthodontists,29.664949,37.84,0.21563178692020205,0.19664967078260237
25-1042.00,23.817316396627724,18.352437238632053,0.14888701394090717,62.7979274611399,59.170984455958546,"Biological Science Teachers, Postsecondary",38.041378,72.620003,0.21563178692020205,0.19664967078260237
53-4013.00,23.797625733653227,20.590617876216957,0.0778754643672083,62.69430051813472,74.19689119170984,"Rail Yard Engineers, Dinkey Operators, and Hostlers",25.545759,14.23,0.21563178692020205,0.19664967078260237
23-1022.00,23.78620367803004,16.248213221240746,0.23196367360981981,62.590673575129536,43.93782383419689,"Arbitrators, Mediators, and Conciliators",34.98637,62.16,0.21563178692020205,0.19664967078260237
13-1161.00,23.754297951692084,19.295722582866574,0.11553273917776093,62.487046632124354,66.21761658031087,Market Research Analysts and Marketing Specialists,45.583447,96.220001,0.21563178692020205,0.19664967078260237
17-2199.05,23.720922330942216,19.361270235906538,0.11258693365455083,62.38341968911917,66.32124352331606,Mechatronics Engineers,42.028214,87.220001,0.21563178692020205,0.19664967078260237
11-9013.01,23.716305048403743,17.56667386916944,0.1750368688186121,62.27979274611399,53.67875647668394,Nursery and Greenhouse Managers,28.319115,29.450001,0.21563178692020205,0.19664967078260237
29-2035.00,23.71126637894468,19.22825908822991,0.11657340558352809,62.17616580310881,65.49222797927462,Magnetic Resonance Imaging Technologists,30.331141,42.490002,0.21563178692020205,0.19664967078260237
51-4023.00,23.70527370689787,20.76529343738273,0.07079072295271396,62.07253886010363,75.44041450777202,"Rolling Machine Setters, Operators, and Tenders, Metal and Plastic",25.363382,12.58,0.21563178692020205,0.19664967078260237
11-9031.00,23.702142554284002,16.86539458600252,0.20268568083060626,61.968911917098445,48.18652849740933,"Education Administrators, Preschool and Childcare Center/Program",33.233479,55.43,0.21563178692020205,0.19664967078260237
25-1011.00,23.69509552367014,17.927210502435106,0.16086956251368742,61.865284974093264,56.06217616580311,"Business Teachers, Postsecondary",38.364677,74.07,0.21563178692020205,0.19664967078260237
49-9099.01,23.680761290677253,20.94304269662034,0.06536105172766307,61.76165803108808,76.58031088082902,Geothermal Technicians,30.967165,46.84,0.21563178692020205,0.19664967078260237
25-1121.00,23.67314028827705,17.360102065853482,0.18182606871998244,61.6580310880829,52.12435233160622,"Art, Drama, and Music Teachers, Postsecondary",34.578373,60.200001,0.21563178692020205,0.19664967078260237
17-3029.11,23.66763756098412,19.810044022481172,0.09736458773451512,61.55440414507772,69.22279792746114,Nanotechnology Engineering Technologists,41.022873,83.699997,0.21563178692020205,0.19664967078260237
13-2099.01,23.661194357683787,18.9144816574561,0.1254782654420913,61.45077720207254,63.005181347150256,Financial Quantitative Analysts,43.420826,89.910004,0.21563178692020205,0.19664967078260237
15-1199.05,23.650603907379416,19.889942389946032,0.09453676244266862,61.347150259067355,69.84455958549223,Geographic Information Systems Technicians,45.614429,96.43,0.21563178692020205,0.19664967078260237
25-4021.00,23.643600075548804,18.650541379572797,0.1338582777399885,61.24352331606217,60.932642487046635,Librarians,39.209248,77.379997,0.21563178692020205,0.19664967078260237
49-2092.00,23.595805538789875,20.546665476849054,0.07420036271521623,61.13989637305699,73.98963730569949,"Electric Motor, Power Tool, and Related Repairers",28.980949,33.490002,0.21563178692020205,0.19664967078260237
51-8092.00,23.59310456667332,20.410310949346705,0.07797023830811584,61.03626943005181,73.05699481865285,Gas Plant Operators,30.602787,44.669998,0.21563178692020205,0.19664967078260237
27-1014.00,23.58708307503988,18.84821189903167,0.12571142560880452,60.932642487046635,62.07253886010363,Multimedia Artists and Animators,39.734829,79.139999,0.21563178692020205,0.19664967078260237
47-5013.00,23.57173140991418,20.023980536174218,0.08858755299254288,60.829015544041454,70.56994818652849,"Service Unit Operators, Oil, Gas, and Mining",24.963654,10.71,0.21563178692020205,0.19664967078260237
49-9021.01,23.54740717191715,19.917641929561267,0.09111935175841969,60.72538860103627,70.15544041450777,Heating and Air Conditioning Mechanics and Installers,27.116573,22.309999,0.21563178692020205,0.19664967078260237
19-1031.03,23.49859993123864,18.3611015498247,0.13990169292056967,60.62176165803109,59.27461139896373,Park Naturalists,29.340954,35.869999,0.21563178692020205,0.19664967078260237
17-2199.02,23.482763869534697,19.086658437934624,0.11516173577201026,60.51813471502591,64.14507772020725,Validation Engineers,41.057941,83.900002,0.21563178692020205,0.19664967078260237
47-1011.00,23.446288359218677,17.72355147040218,0.16144441756984484,60.41450777202073,54.61139896373057,First-Line Supervisors of Construction Trades and Extraction Workers,27.349213,23.65,0.21563178692020205,0.19664967078260237
11-9199.02,23.44114072355148,16.838015120630107,0.19607790929083915,60.310880829015545,48.082901554404145,Compliance Managers,37.039371,69.099998,0.21563178692020205,0.19664967078260237
25-1113.00,23.424559619454772,16.5648686958755,0.20705539686189225,60.20725388601036,45.90673575129534,"Social Work Teachers, Postsecondary",35.17942,62.990002,0.21563178692020205,0.19664967078260237
29-1122.01,23.407246199195793,17.591552960558786,0.16529789188243077,60.10362694300518,53.98963730569948,"Low Vision Therapists, Orientation and Mobility Specialists, and Vision Rehabilitation Therapists",31.924131,51.09,0.21563178692020205,0.19664967078260237
13-2099.02,23.37757590722818,19.07612192631373,0.11274445606737804,60.0,63.93782383419689,Risk Management Specialists,46.139168,97.150002,0.21563178692020205,0.19664967078260237
51-9082.00,23.37358730779583,19.158703853960077,0.10999918068477639,59.89637305699482,64.76683937823834,Medical Appliance Technicians,28.633932,31.52,0.21563178692020205,0.19664967078260237
25-1043.00,23.369747746845952,17.278138195667402,0.17628084352010967,59.79274611398964,51.295336787564764,"Forestry and Conservation Science Teachers, Postsecondary",36.933777,68.480003,0.21563178692020205,0.19664967078260237
17-3023.03,23.34857017532279,19.56888916049725,0.09657372433933026,59.689119170984455,68.08290155440415,Electrical Engineering Technicians,37.146507,69.510002,0.21563178692020205,0.19664967078260237
15-2041.02,23.31542794313923,18.775182569544835,0.12091081822445537,59.58549222797927,61.6580310880829,Clinical Data Managers,46.527576,97.879997,0.21563178692020205,0.19664967078260237
33-9021.00,23.314822607227107,19.226670696434095,0.10631460785228992,59.48186528497409,65.38860103626943,Private Detectives and Investigators,39.288395,77.800003,0.21563178692020205,0.19664967078260237
45-2011.00,23.29822004272068,19.18866672786024,0.10708282584567828,59.37823834196891,64.97409326424871,Agricultural Inspectors,35.068188,62.27,0.21563178692020205,0.19664967078260237
51-4012.00,23.286716959064755,20.280962531118277,0.07410285442159292,59.27461139896373,72.33160621761658,"Computer Numerically Controlled Machine Tool Programmers, Metal and Plastic",35.407066,63.919998,0.21563178692020205,0.19664967078260237
49-2091.00,23.277357927933647,19.506779931600967,0.09664788369874272,59.170984455958546,67.87564766839378,Avionics Technicians,33.742146,57.610001,0.21563178692020205,0.19664967078260237
25-3011.00,23.272631102463354,17.04728916026741,0.182590377967704,59.067357512953365,49.637305699481864,Adult Basic and Secondary Education and Literacy Teachers and Instructors,37.394444,70.449997,0.21563178692020205,0.19664967078260237
51-8091.00,23.258088804674507,20.59428339920147,0.06467341819663235,58.96373056994819,74.30051813471502,Chemical Plant and System Operators,30.342289,42.700001,0.21563178692020205,0.19664967078260237
21-1094.00,23.253014136855157,16.286516421057033,0.21387316770795312,58.86010362694301,44.35233160621762,Community Health Workers,25.603807,14.44,0.21563178692020205,0.19664967078260237
39-1021.01,23.247994701664332,15.980982645616379,0.22736436854968084,58.75647668393783,41.76165803108808,Spa Managers,28.989967,33.700001,0.21563178692020205,0.19664967078260237
33-3021.02,23.224396218491513,18.968388691853082,0.11218684928326006,58.652849740932645,63.523316062176164,Police Identification and Records Officers,31.979218,51.290001,0.21563178692020205,0.19664967078260237
25-1082.00,23.22142441283799,17.588992747864083,0.16011239943395517,58.54922279792746,53.8860103626943,"Library Science Teachers, Postsecondary",41.048893,83.800003,0.21563178692020205,0.19664967078260237
17-3029.02,23.20487459347756,19.378564392399973,0.09872532669598115,58.44559585492228,66.42487046632124,Electrical Engineering Technologists,41.913204,86.900002,0.21563178692020205,0.19664967078260237
17-3022.00,23.14120887017604,19.918170996236206,0.08090697370127177,58.3419689119171,70.25906735751295,Civil Engineering Technicians,44.953651,94.360001,0.21563178692020205,0.19664967078260237
15-1132.00,23.12508510397209,18.750009407814897,0.11666862669236008,58.23834196891192,61.55440414507772,"Software Developers, Applications",46.112133,97.050003,0.21563178692020205,0.19664967078260237
11-9199.01,23.120472787980155,16.746886265654663,0.19029168829422202,58.134715025906736,47.461139896373055,Regulatory Affairs Managers,39.410931,78.0,0.21563178692020205,0.19664967078260237
27-2032.00,23.11282591062987,16.545704120315797,0.19845398366125047,58.031088082901555,45.69948186528497,Choreographers,19.614782,0.36000001,0.21563178692020205,0.19664967078260237
51-9011.00,23.09130315918848,20.392836148940887,0.06616213141073407,57.92746113989637,72.84974093264249,Chemical Equipment Operators and Tenders,30.01643,39.91,0.21563178692020205,0.19664967078260237
15-1199.09,23.082528418582275,16.872420362714525,0.1840313340459186,57.82383419689119,48.39378238341969,Information Technology Project Managers,39.699894,78.93,0.21563178692020205,0.19664967078260237
35-1011.00,23.010427427934477,16.656674006194905,0.19072695483433555,57.72020725388601,46.83937823834197,Chefs and Head Cooks,25.85404,15.17,0.21563178692020205,0.19664967078260237
49-9051.00,23.00104984521158,19.077830602812107,0.10282141937619432,57.61658031088083,64.04145077720207,Electrical Power-Line Installers and Repairers,24.869349,9.7799997,0.21563178692020205,0.19664967078260237
17-2061.00,22.995890965208556,19.137601481789407,0.100803893504903,57.512953367875646,64.55958549222798,Computer Hardware Engineers,47.145554,98.190002,0.21563178692020205,0.19664967078260237
49-9081.00,22.989014293355886,19.73972002550719,0.0823034537381999,57.409326424870464,69.01554404145078,Wind Turbine Service Technicians,27.664278,25.719999,0.21563178692020205,0.19664967078260237
13-1041.02,22.913919565151094,18.1302507684156,0.13192505878266836,57.30569948186528,57.409326424870464,Licensing Examiners and Inspectors,31.144623,47.459999,0.21563178692020205,0.19664967078260237
25-2023.00,22.89139964425378,17.363712443727373,0.15917354132765768,57.2020725388601,52.2279792746114,"Career/Technical Education Teachers, Middle School",31.084503,47.150002,0.21563178692020205,0.19664967078260237
25-1071.00,22.871502671800613,17.006543131961056,0.17243244245261433,57.09844559585492,49.32642487046632,"Health Specialties Teachers, Postsecondary",37.209435,69.620003,0.21563178692020205,0.19664967078260237
43-1011.00,22.859168229374458,15.612126654344408,0.2320965533870239,56.994818652849744,39.89637305699482,First-Line Supervisors of Office and Administrative Support Workers,31.995098,51.400002,0.21563178692020205,0.19664967078260237
29-2055.00,22.852711584386824,18.680192678873127,0.11168297290189959,56.89119170984456,61.13989637305699,Surgical Technologists,28.054892,27.9,0.21563178692020205,0.19664967078260237
33-9093.00,22.82794754985758,18.40848306396323,0.12003880141938394,56.78756476683938,59.79274611398964,Transportation Security Screeners,26.764568,19.82,0.21563178692020205,0.19664967078260237
17-3023.01,22.800651722761955,19.290311920397695,0.09098711873737014,56.6839378238342,66.11398963730569,Electronics Engineering Technicians,40.629948,82.449997,0.21563178692020205,0.19664967078260237
29-2033.00,22.782619738669165,18.13121008900187,0.12827080009648048,56.58031088082902,57.512953367875646,Nuclear Medicine Technologists,31.413713,48.5,0.21563178692020205,0.19664967078260237
49-9041.00,22.760009448260956,20.095658364037174,0.06629170928263434,56.476683937823836,71.29533678756476,Industrial Machinery Mechanics,26.240294,17.030001,0.21563178692020205,0.19664967078260237
27-3091.00,22.73692935134168,18.59185800164355,0.11147544665336022,56.373056994818654,60.62176165803109,Interpreters and Translators,37.920006,72.099998,0.21563178692020205,0.19664967078260237
51-8012.00,22.662054660112464,18.667291544309357,0.10699900160451753,56.26943005181347,61.03626943005181,Power Distributors and Dispatchers,38.11018,73.239998,0.21563178692020205,0.19664967078260237
49-9062.00,22.619074835873246,19.146768271254874,0.09067604818279851,56.16580310880829,64.66321243523316,Medical Equipment Repairers,33.357685,55.849998,0.21563178692020205,0.19664967078260237
29-9012.00,22.57322083507134,18.15016688148298,0.12184609602958547,56.06217616580311,57.72020725388601,Occupational Health and Safety Technicians,34.509445,59.889999,0.21563178692020205,0.19664967078260237
25-1053.00,22.57122480004555,16.69880058868209,0.17583371273214676,55.95854922279793,47.15025906735751,"Environmental Science Teachers, Postsecondary",39.348637,77.900002,0.21563178692020205,0.19664967078260237
43-9011.00,22.48701109834052,18.424246491095776,0.11025592306334565,55.854922279792746,59.89637305699482,Computer Operators,35.684818,65.169998,0.21563178692020205,0.19664967078260237
29-2011.02,22.47326657421955,19.268317966742742,0.08316627878490934,55.751295336787564,65.69948186528498,Cytotechnologists,39.974876,80.07,0.21563178692020205,0.19664967078260237
13-1131.00,22.449184197893537,15.284881645777737,0.23435911111862778,55.64766839378238,36.78756476683938,Fundraisers,33.726803,57.509998,0.21563178692020205,0.19664967078260237
19-2041.01,22.403520944910255,17.429879550900306,0.1426757247370951,55.5440414507772,52.74611398963731,Climate Change Analysts,44.313332,92.910004,0.21563178692020205,0.19664967078260237
41-4011.00,22.36114333988429,15.301432619055388,0.23068790016554414,55.44041450777202,36.89119170984456,"Sales Representatives, Wholesale and Manufacturing, Technical and Scientific Products",31.428137,48.599998,0.21563178692020205,0.19664967078260237
13-2021.01,22.31345430005949,18.22286171688119,0.11223793075784792,55.33678756476684,58.23834196891192,Assessors,38.750526,74.900002,0.21563178692020205,0.19664967078260237
43-4051.03,22.290429400289966,15.526474988062372,0.21782002732198077,55.233160621761655,39.067357512953365,Patient Representatives,30.54324,44.150002,0.21563178692020205,0.19664967078260237
19-3041.00,22.272292158986588,16.480502029399577,0.1757164350714266,55.129533678756474,45.59585492227979,Sociologists,40.143188,80.690002,0.21563178692020205,0.19664967078260237
13-2071.01,22.25131030402954,16.67420844864875,0.1672373795900564,55.02590673575129,46.943005181347154,Loan Counselors,39.084385,76.660004,0.21563178692020205,0.19664967078260237
49-3041.00,22.23456112259793,20.17207386815321,0.05112234041788055,54.92227979274612,71.50259067357513,Farm Equipment Mechanics and Service Technicians,27.060366,21.889999,0.21563178692020205,0.19664967078260237
21-1015.00,22.181680657909357,15.348408022554876,0.2226052573437197,54.818652849740936,37.512953367875646,Rehabilitation Counselors,28.218159,28.83,0.21563178692020205,0.19664967078260237
51-8099.03,22.171399963363584,18.741023271102957,0.09152052805862454,54.715025906735754,61.45077720207254,Biomass Plant Technicians,27.4147,24.07,0.21563178692020205,0.19664967078260237
53-1031.00,22.162683744057873,16.56357658779658,0.16901866352906242,54.61139896373057,45.803108808290155,First-Line Supervisors of Transportation and Material-Moving Machine and Vehicle Operators,30.067949,40.529999,0.21563178692020205,0.19664967078260237
47-5081.00,22.14841353114289,19.27025287835167,0.07467885011578035,54.50777202072539,65.80310880829016,Helpers--Extraction Workers,24.418476,7.5100002,0.21563178692020205,0.19664967078260237
41-9022.00,22.115954759946373,15.306070242165719,0.22245698634717276,54.40414507772021,36.994818652849744,Real Estate Sales Agents,30.287617,42.18,0.21563178692020205,0.19664967078260237
47-4099.02,22.087979626801904,17.981433438232074,0.1141885101284113,54.30051813471503,56.6839378238342,Solar Thermal Installers and Technicians,25.542311,14.13,0.21563178692020205,0.19664967078260237
25-1066.00,22.083910869349303,16.258420870748456,0.1791530076909822,54.196891191709845,44.04145077720207,"Psychology Teachers, Postsecondary",37.101299,69.410004,0.21563178692020205,0.19664967078260237
13-2052.00,22.07527932325742,16.64850593480806,0.16298079268192078,54.09326424870466,46.73575129533679,Personal Financial Advisors,40.191696,80.900002,0.21563178692020205,0.19664967078260237
19-4099.01,22.039984409625053,18.386275550530396,0.0993596786106379,53.98963730569948,59.48186528497409,Quality Control Analysts,35.460354,64.339996,0.21563178692020205,0.19664967078260237
27-4021.00,22.03648697750465,17.784946327192344,0.11952638405807003,53.8860103626943,55.129533678756474,Photographers,32.62093,53.259998,0.21563178692020205,0.19664967078260237
15-1199.10,22.018160144600866,16.794655474517725,0.15551092066189412,53.78238341968912,47.7720207253886,Search Marketing Strategists,42.055149,87.32,0.21563178692020205,0.19664967078260237
39-4031.00,21.99263909886546,15.02361671882031,0.23193557551674457,53.67875647668394,34.30051813471503,"Morticians, Undertakers, and Funeral Directors",22.501627,2.95,0.21563178692020205,0.19664967078260237
43-9111.00,21.976873334118206,18.390612047904387,0.09750249955989022,53.575129533678755,59.58549222797927,Statistical Assistants,46.682625,97.980003,0.21563178692020205,0.19664967078260237
47-2152.01,21.95550732568945,18.256581171085553,0.10130391117429445,53.47150259067357,58.652849740932645,Pipe Fitters and Steamfitters,25.373848,12.68,0.21563178692020205,0.19664967078260237
49-3023.02,21.952779842824498,19.428423038471834,0.06496556100703534,53.36787564766839,66.94300518134715,Automotive Specialty Technicians,29.284794,35.77,0.21563178692020205,0.19664967078260237
27-4012.00,21.94963062831709,19.13547769373205,0.0735323408076411,53.26424870466321,64.4559585492228,Broadcast Technicians,37.3456,70.239998,0.21563178692020205,0.19664967078260237
47-2031.02,21.885175452925232,18.04441502051144,0.10642518552272062,53.16062176165803,57.09844559585492,Rough Carpenters,24.133478,6.6799998,0.21563178692020205,0.19664967078260237
17-1021.00,21.880915651363257,17.956932171882013,0.10926096512258487,53.056994818652846,56.476683937823836,Cartographers and Photogrammetrists,42.81279,88.349998,0.21563178692020205,0.19664967078260237
27-4014.00,21.87550612961304,17.508872331226275,0.12469774511403203,52.95336787564767,53.47150259067357,Sound Engineering Technicians,35.084297,62.470001,0.21563178692020205,0.19664967078260237
25-9011.00,21.86720994533397,17.943556217845025,0.10933322469229463,52.84974093264249,56.16580310880829,Audio-Visual and Multimedia Collections Specialists,36.325005,66.510002,0.21563178692020205,0.19664967078260237
25-4013.00,21.847773460198834,17.89969762755305,0.11028331077974478,52.74611398963731,55.751295336787564,Museum Technicians and Conservators,33.267258,55.75,0.21563178692020205,0.19664967078260237
53-7121.00,21.843569419336855,18.849081780615425,0.07943324968224683,52.64248704663213,62.17616580310881,"Tank Car, Truck, and Ship Loaders",23.643799,5.3299999,0.21563178692020205,0.19664967078260237
15-1199.06,21.81640730972245,17.407379484003915,0.1266424917596041,52.538860103626945,52.538860103626945,Database Architects,44.798637,93.739998,0.21563178692020205,0.19664967078260237
49-9063.00,21.8154058659715,18.1811271997914,0.09994646168642932,52.43523316062176,57.92746113989637,Musical Instrument Repairers and Tuners,29.057356,34.419998,0.21563178692020205,0.19664967078260237
25-1064.00,21.812807810463784,16.320110871621125,0.16828001298673323,52.33160621761658,44.66321243523316,"Geography Teachers, Postsecondary",38.829483,75.620003,0.21563178692020205,0.19664967078260237
27-4031.00,21.81253285609537,18.334571030136345,0.09484710114685348,52.2279792746114,59.067357512953365,"Camera Operators, Television, Video, and Motion Picture",30.667612,45.5,0.21563178692020205,0.19664967078260237
15-1134.00,21.803340596795977,17.745500203770288,0.1143343480440056,52.12435233160622,54.818652849740936,Web Developers,45.663086,96.529999,0.21563178692020205,0.19664967078260237
53-4012.00,21.791663166427234,19.38132280624835,0.06218203948911612,52.020725388601036,66.52849740932642,Locomotive Firers,27.001341,21.48,0.21563178692020205,0.19664967078260237
25-2011.00,21.785424293504267,16.057750434280493,0.1783460853581394,51.917098445595855,42.590673575129536,"Preschool Teachers, Except Special Education",30.652786,45.189999,0.21563178692020205,0.19664967078260237
11-1021.00,21.779197288136757,15.152643179173278,0.21866000639648867,51.81347150259067,35.33678756476684,General and Operations Managers,30.135094,41.150002,0.21563178692020205,0.19664967078260237
25-1124.00,21.770075708870966,16.2436839988756,0.17010893927688772,51.70984455958549,43.73056994818653,"Foreign Language and Literature Teachers, Postsecondary",36.901226,68.269997,0.21563178692020205,0.19664967078260237
13-1051.00,21.75154787419649,17.16897525292011,0.13345504183474707,51.60621761658031,50.46632124352332,Cost Estimators,43.628277,90.940002,0.21563178692020205,0.19664967078260237
13-1081.02,21.7509763525054,18.06650001426756,0.10196984295043646,51.50259067357513,57.30569948186528,Logistics Analysts,49.176014,99.019997,0.21563178692020205,0.19664967078260237
17-2199.10,21.750010644189228,17.28996012513256,0.1289780452579984,51.398963730569946,51.70984455958549,Wind Energy Engineers,43.509899,90.32,0.21563178692020205,0.19664967078260237
25-1022.00,21.740096445299983,16.56616811072662,0.15615947816028858,51.295336787564764,46.01036269430052,"Mathematical Science Teachers, Postsecondary",40.714928,82.760002,0.21563178692020205,0.19664967078260237
37-2021.00,21.73185062208212,17.14443773414116,0.13378720722948126,51.19170984455958,50.362694300518136,Pest Control Workers,25.293385,12.27,0.21563178692020205,0.19664967078260237
49-2096.00,21.728461004312187,18.184763707642407,0.09743589066215058,51.0880829015544,58.031088082901555,"Electronic Equipment Installers and Repairers, Motor Vehicles",28.832989,32.869999,0.21563178692020205,0.19664967078260237
29-2034.00,21.726038501025645,17.43316530014736,0.12312374508495032,50.984455958549226,52.95336787564767,Radiologic Technologists,27.773537,26.450001,0.21563178692020205,0.19664967078260237
15-1122.00,21.713773870846,17.335928378525235,0.1262651009144625,50.880829015544045,51.917098445595855,Information Security Analysts,45.122959,94.879997,0.21563178692020205,0.19664967078260237
47-5021.00,21.674913489661126,18.906119014927096,0.07322482399872653,50.77720207253886,62.7979274611399,"Earth Drillers, Except Oil and Gas",28.950851,33.279999,0.21563178692020205,0.19664967078260237
27-4032.00,21.67159432660972,18.032614732500313,0.1008999429115194,50.67357512953368,56.994818652849744,Film and Video Editors,45.492771,95.910004,0.21563178692020205,0.19664967078260237
13-1031.02,21.66954926698601,17.036758985240144,0.1359645424860297,50.5699481865285,49.53367875647668,"Insurance Adjusters, Examiners, and Investigators",41.394035,85.040001,0.21563178692020205,0.19664967078260237
51-8013.00,21.663039593121653,18.891029333028175,0.0733684282424735,50.46632124352332,62.487046632124354,Power Plant Operators,31.89299,50.880001,0.21563178692020205,0.19664967078260237
51-9071.01,21.66053020313478,18.47319689007772,0.08626913175945829,50.362694300518136,60.10362694300518,Jewelers,34.892521,61.439999,0.21563178692020205,0.19664967078260237
19-3011.00,21.638128182982065,17.1718712800519,0.13004572507244724,50.259067357512954,50.5699481865285,Economists,44.62796,93.629997,0.21563178692020205,0.19664967078260237
17-3029.09,21.605047089214583,18.008415852962084,0.09985973407152614,50.15544041450777,56.78756476683938,Manufacturing Production Technicians,30.167322,41.360001,0.21563178692020205,0.19664967078260237
29-2099.01,21.598486019662634,17.79819613572137,0.10676053502731096,50.05181347150259,55.233160621761655,Neurodiagnostic Technologists,36.517036,67.129997,0.21563178692020205,0.19664967078260237
53-3011.00,21.59465322513303,17.338704616594036,0.12272971662674934,49.94818652849741,52.020725388601036,"Ambulance Drivers and Attendants, Except Emergency Medical Technicians",24.805752,9.2700005,0.21563178692020205,0.19664967078260237
15-1143.01,21.590070608811835,16.707227644628645,0.14612965921228172,49.84455958549223,47.25388601036269,Telecommunications Engineering Specialists,33.241745,55.639999,0.21563178692020205,0.19664967078260237
29-2053.00,21.57269109523556,15.573501092426342,0.19260890557636787,49.740932642487046,39.58549222797927,Psychiatric Technicians,26.072765,15.99,0.21563178692020205,0.19664967078260237
27-3031.00,21.563073188189808,14.937003245377843,0.2218005122567794,49.637305699481864,33.056994818652846,Public Relations Specialists,36.400887,66.82,0.21563178692020205,0.19664967078260237
29-2092.00,21.55869645344131,16.13141035455084,0.1682210662181616,49.53367875647668,42.90155440414508,Hearing Aid Specialists,32.88319,54.400002,0.21563178692020205,0.19664967078260237
41-3011.00,21.548824874767416,15.150793075514297,0.21114511192134203,49.4300518134715,35.129533678756474,Advertising Sales Agents,33.528267,56.68,0.21563178692020205,0.19664967078260237
29-2011.03,21.52292027365785,18.21804367438483,0.0907033888583708,49.32642487046632,58.134715025906736,Histotechnologists and Histologic Technicians,34.089188,59.060001,0.21563178692020205,0.19664967078260237
13-1199.05,21.520703927918145,16.26658447144608,0.16150038951615822,49.22279792746114,44.145077720207254,Sustainability Specialists,42.620415,87.940002,0.21563178692020205,0.19664967078260237
17-3031.02,21.517352450870096,18.234012794744572,0.09003338138141082,49.119170984455955,58.3419689119171,Mapping Technicians,44.312149,92.809998,0.21563178692020205,0.19664967078260237
37-1012.00,21.50966133466688,15.913150703579799,0.17584546062987066,49.015544041450774,40.932642487046635,"First-Line Supervisors of Landscaping, Lawn Service, and Groundskeeping Workers",24.925663,9.9899998,0.21563178692020205,0.19664967078260237
17-2072.01,21.49439811624064,17.00536260751796,0.13198882059527822,48.9119170984456,49.22279792746114,Radio Frequency Identification Device Specialists,39.51643,78.419998,0.21563178692020205,0.19664967078260237
25-1125.00,21.451185918397112,16.00108749041986,0.17030400062621753,48.80829015544042,42.17616580310881,"History Teachers, Postsecondary",39.645782,78.830002,0.21563178692020205,0.19664967078260237
29-2012.00,21.424578279158172,17.64749414190298,0.10701474404478535,48.704663212435236,54.30051813471503,Medical and Clinical Laboratory Technicians,31.826843,50.57,0.21563178692020205,0.19664967078260237
11-3071.02,21.421124352858747,15.627572220341579,0.18536315336863426,48.601036269430054,40.10362694300518,Storage and Distribution Managers,30.086393,40.630001,0.21563178692020205,0.19664967078260237
17-3031.01,21.358805499340416,17.741609490790363,0.10194103332134932,48.49740932642487,54.715025906735754,Surveying Technicians,29.09786,34.630001,0.21563178692020205,0.19664967078260237
27-4011.00,21.315305108791666,17.252143753203725,0.11775815845591397,48.39378238341969,51.0880829015544,Audio and Video Equipment Technicians,34.080162,58.950001,0.21563178692020205,0.19664967078260237
27-2012.04,21.282850637644707,15.413976069087886,0.19037510316129966,48.29015544041451,38.134715025906736,Talent Directors,37.297749,69.93,0.21563178692020205,0.19664967078260237
15-1199.03,21.26838989584597,16.88543582201501,0.12978504434325952,48.18652849740933,48.601036269430054,Web Administrators,44.314041,93.010002,0.21563178692020205,0.19664967078260237
11-3011.00,21.244252977174412,15.559502324011145,0.18267777897981557,48.082901554404145,39.37823834196891,Administrative Services Managers,34.018513,58.639999,0.21563178692020205,0.19664967078260237
21-1093.00,21.19697956225627,15.201645609197637,0.19719358374698606,47.979274611398964,35.854922279792746,Social and Human Service Assistants,29.159861,35.139999,0.21563178692020205,0.19664967078260237
19-3094.00,21.191110643926287,16.269853929933316,0.15123850328302063,47.87564766839378,44.248704663212436,Political Scientists,43.281853,89.599998,0.21563178692020205,0.19664967078260237
27-2042.02,21.17322151122928,16.91196610498265,0.125983442131875,47.7720207253886,48.704663212435236,"Musicians, Instrumental",28.937899,33.07,0.21563178692020205,0.19664967078260237
53-1021.00,21.12864289151474,15.463369870206108,0.18318364848221536,47.66839378238342,38.44559585492228,"First-Line Supervisors of Helpers, Laborers, and Material Movers, Hand",27.55094,24.790001,0.21563178692020205,0.19664967078260237
21-2021.00,21.116533656044904,14.582813376229911,0.22402125403541834,47.56476683937824,31.295336787564768,"Directors, Religious Activities and Education",34.721401,60.709999,0.21563178692020205,0.19664967078260237
51-9021.00,21.101969274660814,17.78378366877504,0.0932924530484444,47.461139896373055,54.92227979274612,"Crushing, Grinding, and Polishing Machine Setters, Operators, and Tenders",24.516336,8.2299995,0.21563178692020205,0.19664967078260237
19-4011.01,21.097829450154872,17.285398093999362,0.11027895728588977,47.35751295336787,51.50259067357513,Agricultural Technicians,33.027084,54.709999,0.21563178692020205,0.19664967078260237
53-6041.00,21.064209128668224,17.02269495957468,0.11870958678080318,47.25388601036269,49.4300518134715,Traffic Technicians,35.928001,65.68,0.21563178692020205,0.19664967078260237
27-3043.05,21.029419340470994,17.64551633439354,0.09588563298320044,47.15025906735751,54.196891191709845,"Poets, Lyricists and Creative Writers",48.628712,98.809998,0.21563178692020205,0.19664967078260237
37-3013.00,21.026582253170062,17.277089978477555,0.10851052692795284,47.04663212435233,51.19170984455958,Tree Trimmers and Pruners,20.94383,0.88,0.21563178692020205,0.19664967078260237
25-1062.00,21.016739789975553,15.992957645708161,0.15706232254093297,46.943005181347154,41.968911917098445,"Area, Ethnic, and Cultural Studies Teachers, Postsecondary",41.297192,84.730003,0.21563178692020205,0.19664967078260237
49-3043.00,20.988128309982322,18.713609286478416,0.06077178882716575,46.83937823834197,61.347150259067355,Rail Car Repairers,25.157854,11.65,0.21563178692020205,0.19664967078260237
47-5041.00,20.97990939927702,18.698149837759203,0.06101565078139466,46.73575129533679,61.24352331606217,Continuous Mining Machine Operators,25.731522,14.65,0.21563178692020205,0.19664967078260237
25-1122.00,20.96517101657927,15.356638231361336,0.18260939343365482,46.63212435233161,37.61658031088083,"Communications Teachers, Postsecondary",37.943275,72.309998,0.21563178692020205,0.19664967078260237
47-2152.02,20.920687425435677,17.184987250103585,0.10869080439118675,46.52849740932643,50.67357512953368,Plumbers,26.141363,16.41,0.21563178692020205,0.19664967078260237
27-3011.00,20.89503768208339,16.610676514672797,0.12896407812246746,46.424870466321245,46.21761658031088,Radio and Television Announcers,36.360744,66.720001,0.21563178692020205,0.19664967078260237
13-1031.01,20.89459069350312,15.555353225495072,0.1716205794432585,46.32124352331606,39.27461139896373,"Claims Examiners, Property and Casualty Insurance",39.712944,79.040001,0.21563178692020205,0.19664967078260237
51-4041.00,20.878807808566204,17.86156522839516,0.0844618750257795,46.21761658031088,55.5440414507772,Machinists,27.558254,24.9,0.21563178692020205,0.19664967078260237
29-2099.06,20.869042166888935,16.83190713878676,0.11992506240719342,46.1139896373057,47.979274611398964,Radiologic Technicians,28.000103,27.799999,0.21563178692020205,0.19664967078260237
13-2051.00,20.830594837197985,17.925212452055863,0.08104178382580063,46.01036269430052,55.95854922279793,Financial Analysts,49.991322,99.43,0.21563178692020205,0.19664967078260237
25-1111.00,20.828269915025768,15.5020481877629,0.17179090345839954,45.90673575129534,38.75647668393783,"Criminal Justice and Law Enforcement Teachers, Postsecondary",40.842941,83.489998,0.21563178692020205,0.19664967078260237
49-2095.00,20.825630289752898,17.628150804174847,0.09069242489180418,45.803108808290155,54.09326424870466,"Electrical and Electronics Repairers, Powerhouse, Substation, and Relay",30.339865,42.599998,0.21563178692020205,0.19664967078260237
53-7021.00,20.796339241690998,18.787334941447547,0.05346698471349707,45.69948186528497,61.76165803108808,Crane and Tower Operators,26.462278,18.27,0.21563178692020205,0.19664967078260237
49-3092.00,20.795367933502302,17.216570033289308,0.10393469469508633,45.59585492227979,50.880829015544045,Recreational Vehicle Service Technicians,26.598089,19.1,0.21563178692020205,0.19664967078260237
11-9131.00,20.745664776439988,14.584259034582196,0.2112347883854732,45.49222797927461,31.39896373056995,Postmasters and Mail Superintendents,32.725445,54.09,0.21563178692020205,0.19664967078260237
25-1192.00,20.743672349665534,15.3700936639684,0.17480630903031638,45.38860103626943,37.82383419689119,"Home Economics Teachers, Postsecondary",38.666882,74.589996,0.21563178692020205,0.19664967078260237
53-3032.00,20.740505370791478,18.53080693639675,0.05962229389089938,45.284974093264246,60.51813471502591,Heavy and Tractor-Trailer Truck Drivers,24.941145,10.2,0.21563178692020205,0.19664967078260237
43-4131.00,20.710266212956917,16.162577805949685,0.14068573904507856,45.181347150259064,43.3160621761658,Loan Interviewers and Clerks,41.412567,85.349998,0.21563178692020205,0.19664967078260237
53-6051.08,20.706794780665433,17.250666242899314,0.10017376978668067,45.07772020725388,50.984455958549226,Freight and Cargo Inspectors,33.23592,55.540001,0.21563178692020205,0.19664967078260237
25-1081.00,20.657209542033932,15.210628836715415,0.17903864343108428,44.97409326424871,36.06217616580311,"Education Teachers, Postsecondary",37.407658,70.550003,0.21563178692020205,0.19664967078260237
35-1012.00,20.65567118026023,14.587778091215526,0.20797866032451756,44.870466321243526,31.502590673575128,First-Line Supervisors of Food Preparation and Serving Workers,25.534243,13.92,0.21563178692020205,0.19664967078260237
49-3031.00,20.653468150029934,17.95246623721836,0.07522648635350061,44.766839378238345,56.26943005181347,Bus and Truck Mechanics and Diesel Engine Specialists,27.872721,26.969999,0.21563178692020205,0.19664967078260237
31-1013.00,20.636630343902837,14.927384666372856,0.1912339570906646,44.66321243523316,32.95336787564767,Psychiatric Aides,24.031162,6.4699998,0.21563178692020205,0.19664967078260237
13-1011.00,20.632245023051656,13.95098475207711,0.23945479081610344,44.55958549222798,27.46113989637306,"Agents and Business Managers of Artists, Performers, and Athletes",33.655224,57.400002,0.21563178692020205,0.19664967078260237
47-4021.00,20.607335930003114,17.479890757120504,0.08945837294802986,44.4559585492228,53.26424870466321,Elevator Installers and Repairers,28.992962,33.799999,0.21563178692020205,0.19664967078260237
25-1126.00,20.58554264797729,15.608900751439618,0.15941679608920173,44.35233160621762,39.79274611398964,"Philosophy and Religion Teachers, Postsecondary",40.771263,83.18,0.21563178692020205,0.19664967078260237
41-3031.03,20.557222599865316,15.53763200517486,0.1615301029467896,44.248704663212436,39.170984455958546,Securities and Commodities Traders,38.982113,76.349998,0.21563178692020205,0.19664967078260237
53-7072.00,20.519920552467198,17.956682071174825,0.07137283132631282,44.145077720207254,56.373056994818654,"Pump Operators, Except Wellhead Pumpers",27.626453,25.209999,0.21563178692020205,0.19664967078260237
47-4061.00,20.508555628292985,18.179607065677864,0.06405387515256177,44.04145077720207,57.82383419689119,Rail-Track Laying and Maintenance Equipment Operators,24.961309,10.4,0.21563178692020205,0.19664967078260237
27-3022.00,20.507634505433277,16.29283503008165,0.1293451835598223,43.93782383419689,44.4559585492228,Reporters and Correspondents,43.134338,89.18,0.21563178692020205,0.19664967078260237
41-2022.00,20.49841226403914,15.633713782794194,0.15558358521948978,43.83419689119171,40.20725388601036,Parts Salespersons,28.59552,31.110001,0.21563178692020205,0.19664967078260237
47-2011.00,20.482823050091653,17.91974589482223,0.07151544364281423,43.73056994818653,55.854922279792746,Boilermakers,27.375784,23.860001,0.21563178692020205,0.19664967078260237
13-1022.00,20.481113956522673,14.430091085632856,0.2096668286770014,43.626943005181346,29.844559585492227,"Wholesale and Retail Buyers, Except Farm Products",34.269379,59.27,0.21563178692020205,0.19664967078260237
11-9051.00,20.47559545654903,14.402253432992634,0.21084693627330583,43.523316062176164,29.740932642487046,Food Service Managers,26.035086,15.68,0.21563178692020205,0.19664967078260237
31-2021.00,20.468491454522173,15.664410034922525,0.15334383512974126,43.41968911917098,40.310880829015545,Physical Therapist Assistants,27.206379,22.93,0.21563178692020205,0.19664967078260237
17-3029.08,20.460687950113055,17.404333677364548,0.08780440347232284,43.3160621761658,52.43523316062176,Photonics Technicians,35.159134,62.889999,0.21563178692020205,0.19664967078260237
11-9061.00,20.443297343259275,14.28180505691091,0.21571125854875198,43.21243523316062,28.808290155440414,Funeral Service Managers,28.603998,31.209999,0.21563178692020205,0.19664967078260237
23-1012.00,20.433119087862355,16.631015860063417,0.11430760633597399,43.10880829015544,46.63212435233161,Judicial Law Clerks,45.135643,94.980003,0.21563178692020205,0.19664967078260237
39-7012.00,20.412572942418425,14.659887177728635,0.19620498080739987,43.005181347150256,32.020725388601036,Travel Guides,30.493931,43.740002,0.21563178692020205,0.19664967078260237
25-2012.00,20.40118165095151,14.68001114951618,0.1948626074995825,42.90155440414508,32.12435233160622,"Kindergarten Teachers, Except Special Education",34.354259,59.580002,0.21563178692020205,0.19664967078260237
15-1199.01,20.35570332817651,17.11293514866543,0.09474611314015215,42.7979274611399,50.15544041450777,Software Quality Assurance Engineers and Testers,49.30566,99.120003,0.21563178692020205,0.19664967078260237
13-2041.00,20.347812543732587,16.882333023133512,0.10263627414085491,42.69430051813472,48.49740932642487,Credit Analysts,45.739246,96.739998,0.21563178692020205,0.19664967078260237
15-1151.00,20.338289398878505,16.433957904623945,0.11878853277201155,42.590673575129536,45.07772020725388,Computer User Support Specialists,36.416622,66.93,0.21563178692020205,0.19664967078260237
31-2011.00,20.314901136943757,14.953937981745641,0.17924921053378295,42.487046632124354,33.47150259067357,Occupational Therapy Assistants,27.148186,22.52,0.21563178692020205,0.19664967078260237
15-1199.12,20.31167290350381,16.03566929470633,0.1333278808078521,42.38341968911917,42.38341968911917,Document Management Specialists,43.422859,90.010002,0.21563178692020205,0.19664967078260237
41-1011.00,20.310151990170613,14.430650379590347,0.20371575278740742,42.27979274611399,29.94818652849741,First-Line Supervisors of Retail Sales Workers,25.501221,13.82,0.21563178692020205,0.19664967078260237
13-2081.00,20.308846266776776,16.05153063668761,0.13261400817310798,42.17616580310881,42.487046632124354,"Tax Examiners and Collectors, and Revenue Agents",43.058044,88.980003,0.21563178692020205,0.19664967078260237
41-4011.07,20.299528254006347,14.621552541880314,0.19416459694901358,42.07253886010363,31.70984455958549,Solar Sales Representatives and Assessors,33.589035,56.990002,0.21563178692020205,0.19664967078260237
29-1199.01,20.269189941846182,15.960325179474228,0.13498674725980417,41.968911917098445,41.55440414507772,Acupuncturists,35.566315,64.860001,0.21563178692020205,0.19664967078260237
47-5061.00,20.231121896940486,17.28761147683461,0.08513351957412331,41.865284974093264,51.60621761658031,"Roof Bolters, Mining",21.197756,1.1900001,0.21563178692020205,0.19664967078260237
13-2011.01,20.18257806389068,16.47997576321278,0.11233640006143057,41.76165803108808,45.49222797927461,Accountants,44.005226,91.980003,0.21563178692020205,0.19664967078260237
13-2031.00,20.170977896743356,16.451940068365783,0.11302733333950794,41.6580310880829,45.181347150259064,Budget Analysts,46.419815,97.769997,0.21563178692020205,0.19664967078260237
31-9099.01,20.154456222119666,15.200616278364718,0.16294865461493915,41.55440414507772,35.751295336787564,Speech-Language Pathology Assistants,36.064396,65.989998,0.21563178692020205,0.19664967078260237
43-6011.00,20.136473881362285,15.364086690238683,0.15530982372533927,41.45077720207254,37.72020725388601,Executive Secretaries and Executive Administrative Assistants,37.540012,71.07,0.21563178692020205,0.19664967078260237
51-9195.04,20.112029130220947,18.28154434736919,0.05006373499061555,41.347150259067355,58.96373056994819,"Glass Blowers, Molders, Benders, and Finishers",29.562634,37.009998,0.21563178692020205,0.19664967078260237
19-4061.00,20.04466097077227,16.238288301711936,0.1172036300359024,41.24352331606217,43.523316062176164,Social Science Research Assistants,44.4063,93.220001,0.21563178692020205,0.19664967078260237
25-1193.00,20.03438628129083,14.536886396753777,0.18908794271669802,41.13989637305699,30.77720207253886,"Recreation and Fitness Studies Teachers, Postsecondary",34.957355,61.959999,0.21563178692020205,0.19664967078260237
13-1023.00,20.00938440673526,14.364144985255777,0.19650454055128574,41.03626943005181,29.326424870466322,"Purchasing Agents, Except Wholesale, Retail, and Farm Products",39.972553,79.970001,0.21563178692020205,0.19664967078260237
15-1152.00,20.007351872654752,16.970120009715572,0.08948763653999889,40.932642487046635,49.015544041450774,Computer Network Support Specialists,44.413784,93.32,0.21563178692020205,0.19664967078260237
51-6093.00,20.007057057883213,17.001040403785016,0.08840684401376259,40.829015544041454,49.119170984455955,Upholsterers,26.260674,17.129999,0.21563178692020205,0.19664967078260237
51-2091.00,19.997364657639658,17.048887519729263,0.0864712473027454,40.72538860103627,49.740932642487046,Fiberglass Laminators and Fabricators,25.952183,15.48,0.21563178692020205,0.19664967078260237
21-1091.00,19.970618218241025,14.506349182150412,0.18834060063900215,40.62176165803109,30.362694300518136,Health Educators,34.64143,60.400002,0.21563178692020205,0.19664967078260237
31-9092.00,19.94351757053412,14.948589999118916,0.16707019095813078,40.51813471502591,33.26424870466321,Medical Assistants,31.077095,47.049999,0.21563178692020205,0.19664967078260237
13-1141.00,19.938869947090037,15.083503844379797,0.16094954305061485,40.41450777202073,34.40414507772021,"Compensation, Benefits, and Job Analysis Specialists",42.73851,88.150002,0.21563178692020205,0.19664967078260237
27-2021.00,19.87890398245374,15.307091380828904,0.14933642479428588,40.310880829015545,37.09844559585492,Athletes and Sports Competitors,18.680368,0.25999999,0.21563178692020205,0.19664967078260237
51-7011.00,19.82619851495622,17.78404327157931,0.05741538108604581,40.20725388601036,55.02590673575129,Cabinetmakers and Bench Carpenters,26.590015,19.0,0.21563178692020205,0.19664967078260237
49-2097.00,19.81758061650502,16.39812649201173,0.10426356102811685,40.10362694300518,44.97409326424871,Electronic Home Entertainment Equipment Installers and Repairers,30.697939,45.599998,0.21563178692020205,0.19664967078260237
47-5042.00,19.797213212334512,16.738434444721804,0.09136991806833059,40.0,47.35751295336787,Mine Cutting and Channeling Machine Operators,23.913181,6.1599998,0.21563178692020205,0.19664967078260237
51-4191.00,19.730369348783647,17.284280312041247,0.07076051164937171,39.89637305699482,51.398963730569946,"Heat Treating Equipment Setters, Operators, and Tenders, Metal and Plastic",26.087885,16.200001,0.21563178692020205,0.19664967078260237
25-1065.00,19.706331811065425,14.643576617775514,0.17286607382326072,39.79274611398964,31.917098445595855,"Political Science Teachers, Postsecondary",39.91988,79.760002,0.21563178692020205,0.19664967078260237
29-2081.00,19.69808989838747,15.13669697672491,0.15067332485668533,39.689119170984455,35.02590673575129,"Opticians, Dispensing",31.777987,50.049999,0.21563178692020205,0.19664967078260237
51-7031.00,19.687265353996658,17.138457571565425,0.07435931068441029,39.58549222797927,50.259067357512954,"Model Makers, Wood",30.270042,42.080002,0.21563178692020205,0.19664967078260237
45-3011.00,19.67938889321544,16.682933449324192,0.08980601202400143,39.48186528497409,47.04663212435233,Fishers and Related Fishing Workers,22.539007,3.05,0.21563178692020205,0.19664967078260237
11-9141.00,19.667825896565294,13.697502874650354,0.21793472418115256,39.37823834196891,26.21761658031088,"Property, Real Estate, and Community Association Managers",37.028614,69.0,0.21563178692020205,0.19664967078260237
25-1067.00,19.632102748412287,14.190037634508712,0.19175654265599096,39.27461139896373,28.39378238341969,"Sociology Teachers, Postsecondary",38.533119,74.279999,0.21563178692020205,0.19664967078260237
51-2011.00,19.621920691364664,16.803412829755352,0.08386712539188232,39.170984455958546,47.87564766839378,"Aircraft Structure, Surfaces, Rigging, and Systems Assemblers",28.941404,33.18,0.21563178692020205,0.19664967078260237
41-3031.02,19.614150626097658,13.863735999887073,0.2073905124223884,39.067357512953365,27.150259067357513,"Sales Agents, Financial Services",37.338501,70.029999,0.21563178692020205,0.19664967078260237
29-2099.05,19.570371042738863,15.323965211516018,0.1385544071854083,38.96373056994819,37.30569948186528,Ophthalmic Medical Technologists,32.307045,52.540001,0.21563178692020205,0.19664967078260237
17-3013.00,19.563477957405837,16.24523206217176,0.10212983977498423,38.86010362694301,43.83419689119171,Mechanical Drafters,45.396465,95.699997,0.21563178692020205,0.19664967078260237
41-3099.01,19.55270351439584,14.825712927632155,0.15941866033145433,38.75647668393783,32.74611398963731,Energy Brokers,41.548126,85.870003,0.21563178692020205,0.19664967078260237
41-3021.00,19.544759883162943,14.052872218198763,0.19540089668829663,38.652849740932645,27.7720207253886,Insurance Sales Agents,38.092216,73.029999,0.21563178692020205,0.19664967078260237
53-7071.00,19.518687881916968,17.0859798318165,0.07119018265403852,38.54922279792746,49.94818652849741,Gas Compressor and Gas Pumping Station Operators,29.885506,39.290001,0.21563178692020205,0.19664967078260237
45-4011.00,19.493807957513166,15.92539281232613,0.11203538861613221,38.44559585492228,41.03626943005181,Forest and Conservation Workers,25.374483,12.78,0.21563178692020205,0.19664967078260237
53-7041.00,19.48927984464972,16.13701409698969,0.1038688361896326,38.3419689119171,43.005181347150256,Hoist and Winch Operators,24.997942,11.02,0.21563178692020205,0.19664967078260237
19-3093.00,19.48045076856933,15.477710414191243,0.1293066043769641,38.23834196891192,38.652849740932645,Historians,44.115891,92.18,0.21563178692020205,0.19664967078260237
25-3099.02,19.470527722988102,13.784467211309408,0.20624883154764184,38.134715025906736,26.735751295336787,Tutors,36.961662,68.690002,0.21563178692020205,0.19664967078260237
51-9012.00,19.4208310148837,16.774166477246933,0.07889108949844982,38.031088082901555,47.66839378238342,"Separating, Filtering, Clarifying, Precipitating, and Still Machine Setters, Operators, and Tenders",26.94455,21.17,0.21563178692020205,0.19664967078260237
39-2011.00,19.418267703996737,15.098359313406965,0.14305886821602531,37.92746113989637,34.50777202072539,Animal Trainers,25.331345,12.37,0.21563178692020205,0.19664967078260237
27-4013.00,19.40694036767066,16.069881638302352,0.10382959888809862,37.82383419689119,42.69430051813472,Radio Operators,39.80006,79.349998,0.21563178692020205,0.19664967078260237
53-3041.00,19.38396538974345,16.477379968328822,0.08819925943934591,37.72020725388601,45.38860103626943,Taxi Drivers and Chauffeurs,26.745564,19.719999,0.21563178692020205,0.19664967078260237
15-1133.00,19.36588643187163,15.935757093996946,0.10762367039237897,37.61658031088083,41.45077720207254,"Software Developers, Systems Software",48.440098,98.599998,0.21563178692020205,0.19664967078260237
39-1011.00,19.347384088193387,13.635649511478064,0.2094412360741364,37.512953367875646,26.010362694300518,Gaming Supervisors,35.734051,65.269997,0.21563178692020205,0.19664967078260237
39-5091.00,19.263966313633436,15.571618139452626,0.11856019525760747,37.409326424870464,39.48186528497409,"Makeup Artists, Theatrical and Performance",32.183685,51.919998,0.21563178692020205,0.19664967078260237
49-9031.00,19.246726058370086,16.21318202344163,0.09355177874838029,37.30569948186528,43.41968911917098,Home Appliance Repairers,28.780645,32.66,0.21563178692020205,0.19664967078260237
27-1024.00,19.216032143312386,15.278569766273607,0.12885572528295341,37.2020725388601,36.58031088082902,Graphic Designers,43.644405,91.050003,0.21563178692020205,0.19664967078260237
43-5032.00,19.202042412482772,14.269472931408236,0.1728364286748658,37.09844559585492,28.60103626943005,"Dispatchers, Except Police, Fire, and Ambulance",38.785458,75.209999,0.21563178692020205,0.19664967078260237
39-1021.00,19.199531394327984,13.465408959548599,0.21292047096398076,36.994818652849744,25.077720207253886,First-Line Supervisors of Personal Service Workers,30.052925,40.220001,0.21563178692020205,0.19664967078260237
33-9099.02,19.19566222855058,15.099777341664176,0.1356273272846482,36.89119170984456,34.61139896373057,Retail Loss Prevention Specialists,31.919634,50.98,0.21563178692020205,0.19664967078260237
47-2211.00,19.168550856152578,16.62371667920607,0.07654227469269073,36.78756476683938,46.424870466321245,Sheet Metal Workers,26.940905,21.07,0.21563178692020205,0.19664967078260237
27-1013.00,19.14803424104381,17.33563407756132,0.05227383536632219,36.6839378238342,51.81347150259067,"Fine Artists, Including Painters, Sculptors, and Illustrators",39.436096,78.110001,0.21563178692020205,0.19664967078260237
51-9151.00,19.146065797789486,15.334272770769607,0.12428998375084245,36.58031088082902,37.409326424870464,Photographic Process Workers and Processing Machine Operators,30.092192,40.73,0.21563178692020205,0.19664967078260237
51-8031.00,19.124989382359505,16.145789668441058,0.09225933742162082,36.476683937823836,43.21243523316062,Water and Wastewater Treatment Plant and System Operators,28.290049,29.24,0.21563178692020205,0.19664967078260237
27-2023.00,19.069306624910304,15.511502811965466,0.11468275692153992,36.373056994818654,38.86010362694301,"Umpires, Referees, and Other Sports Officials",31.655626,49.43,0.21563178692020205,0.19664967078260237
17-3011.02,19.045709132501365,15.776103867849832,0.10362524524558535,36.26943005181347,40.62176165803109,Civil Drafters,45.162014,95.080002,0.21563178692020205,0.19664967078260237
33-9031.00,19.044773975585166,15.278423566106058,0.1232571669839829,36.16580310880829,36.476683937823836,Gaming Surveillance Officers and Gaming Investigators,35.770351,65.370003,0.21563178692020205,0.19664967078260237
19-4011.02,18.997943530907687,15.931633299742082,0.09623339219134701,36.06217616580311,41.24352331606217,Food Science Technicians,38.435276,74.169998,0.21563178692020205,0.19664967078260237
45-4023.00,18.988987434305322,15.724695170299638,0.10379508882853217,35.95854922279793,40.51813471502591,Log Graders and Scalers,30.199266,41.669998,0.21563178692020205,0.19664967078260237
39-9032.00,18.979575360013065,12.500832555894366,0.259132452784669,35.854922279792746,20.10362694300518,Recreation Workers,24.509939,8.0200005,0.21563178692020205,0.19664967078260237
13-2071.00,18.963958116448925,13.44715639440758,0.20512893433498242,35.751295336787564,24.974093264248705,Credit Counselors,40.214836,81.110001,0.21563178692020205,0.19664967078260237
13-1199.03,18.961397757227083,14.594253182826664,0.14961863823012606,35.64766839378238,31.60621761658031,Customs Brokers,44.828033,94.050003,0.21563178692020205,0.19664967078260237
49-9071.00,18.947238960507516,16.870129397005197,0.06156175553315703,35.5440414507772,48.29015544041451,"Maintenance and Repair Workers, General",29.418663,36.389999,0.21563178692020205,0.19664967078260237
47-4071.00,18.91453772379772,16.242998835939378,0.08223662744921456,35.44041450777202,43.626943005181346,Septic Tank Servicers and Sewer Pipe Cleaners,24.96172,10.61,0.21563178692020205,0.19664967078260237
53-7011.00,18.898738272824595,16.13863394861219,0.08551232814998434,35.33678756476684,43.10880829015544,Conveyor Operators and Tenders,27.904947,27.07,0.21563178692020205,0.19664967078260237
53-2031.00,18.896948257626335,13.933097166181827,0.17813164697841483,35.233160621761655,27.357512953367877,Flight Attendants,22.413925,2.8499999,0.21563178692020205,0.19664967078260237
49-3052.00,18.854565582329762,15.682061844418811,0.10115072142251597,35.129533678756474,40.41450777202073,Motorcycle Mechanics,28.662645,31.940001,0.21563178692020205,0.19664967078260237
51-7021.00,18.84766418331142,15.935070237839598,0.0913894291647219,35.02590673575129,41.347150259067355,Furniture Finishers,27.260681,23.139999,0.21563178692020205,0.19664967078260237
31-9099.02,18.800019442736364,15.128390229228081,0.12134897229232916,34.92227979274612,34.818652849740936,Endoscopy Technicians,28.119421,28.209999,0.21563178692020205,0.19664967078260237
53-4021.00,18.769001107710924,16.351400830470915,0.07392639634687444,34.818652849740936,44.870466321243526,"Railroad Brake, Signal, and Switch Operators",24.933441,10.09,0.21563178692020205,0.19664967078260237
45-4021.00,18.74628277079915,17.381288229663355,0.039266207518676904,34.715025906735754,52.33160621761658,Fallers,22.783625,3.3599999,0.21563178692020205,0.19664967078260237
51-9032.00,18.728115158557625,16.75943924322971,0.05873334682493028,34.61139896373057,47.56476683937824,"Cutting and Slicing Machine Setters, Operators, and Tenders",27.968424,27.690001,0.21563178692020205,0.19664967078260237
49-2011.00,18.697143182006243,15.225127299291515,0.11402255674001144,34.50777202072539,36.26943005181347,"Computer, Automated Teller, and Office Machine Repairers",31.47319,48.709999,0.21563178692020205,0.19664967078260237
47-2231.00,18.682779832647896,15.516892342650582,0.1020142248875241,34.40414507772021,38.96373056994819,Solar Photovoltaic Installers,28.463373,30.280001,0.21563178692020205,0.19664967078260237
47-4091.00,18.67589977758124,14.503678043640562,0.14383323048769953,34.30051813471503,30.259067357512954,Segmental Pavers,24.193455,6.8800001,0.21563178692020205,0.19664967078260237
27-3043.04,18.630164350772777,14.372219020877044,0.14813110361422457,34.196891191709845,29.533678756476682,Copy Writers,45.85228,96.839996,0.21563178692020205,0.19664967078260237
29-2021.00,18.629435914187074,14.545366203862711,0.14039074895342907,34.09326424870466,30.984455958549223,Dental Hygienists,28.652187,31.83,0.21563178692020205,0.19664967078260237
51-9041.00,18.580427605652986,16.948379945638973,0.0481476006924768,33.98963730569948,48.9119170984456,"Extruding, Forming, Pressing, and Compacting Machine Setters, Operators, and Tenders",27.657436,25.620001,0.21563178692020205,0.19664967078260237
29-2051.00,18.575205474835087,14.457183377937476,0.14242131365581068,33.8860103626943,30.05181347150259,Dietetic Technicians,31.094183,47.259998,0.21563178692020205,0.19664967078260237
13-1071.00,18.538792328981035,13.680228617881331,0.17757611538556853,33.78238341968912,26.1139896373057,Human Resources Specialists,42.589371,87.839996,0.21563178692020205,0.19664967078260237
47-4051.00,18.52517549922466,15.581735598368187,0.09445160592908299,33.67875647668394,39.689119170984455,Highway Maintenance Workers,23.761038,5.75,0.21563178692020205,0.19664967078260237
45-4022.00,18.51455468477836,16.329758690669014,0.06689615062584366,33.575129533678755,44.766839378238345,Logging Equipment Operators,26.061281,15.89,0.21563178692020205,0.19664967078260237
51-6064.00,18.485970256105883,15.927102295863742,0.08033061861185756,33.47150259067357,41.13989637305699,"Textile Winding, Twisting, and Drawing Out Machine Setters, Operators, and Tenders",24.650997,8.8500004,0.21563178692020205,0.19664967078260237
25-4011.00,18.47531316706279,14.54242015773239,0.1352214062952662,33.36787564766839,30.88082901554404,Archivists,41.400524,85.25,0.21563178692020205,0.19664967078260237
51-4081.00,18.454724784222527,15.812654229972345,0.08354291809031748,33.26424870466321,40.72538860103627,"Multiple Machine Tool Setters, Operators, and Tenders, Metal and Plastic",28.739553,32.25,0.21563178692020205,0.19664967078260237
51-4061.00,18.44948671267942,16.61504984637444,0.055204073513666616,33.16062176165803,46.32124352331606,"Model Makers, Metal and Plastic",30.464338,43.529999,0.21563178692020205,0.19664967078260237
49-9012.00,18.44482773832113,15.983370800446924,0.07700055791126922,33.056994818652846,41.865284974093264,"Control and Valve Installers and Repairers, Except Mechanical Door",30.656612,45.290001,0.21563178692020205,0.19664967078260237
49-9011.00,18.405074433936026,14.701844997088408,0.12594437764719374,32.95336787564767,32.33160621761658,Mechanical Door Repairers,23.750572,5.6399999,0.21563178692020205,0.19664967078260237
39-5012.00,18.39462783783979,14.355153707898902,0.1406976968737775,32.84974093264249,29.015544041450777,"Hairdressers, Hairstylists, and Cosmetologists",30.19282,41.560001,0.21563178692020205,0.19664967078260237
51-5112.00,18.375815990783416,15.416228390693473,0.09598935372145236,32.74611398963731,38.23834196891192,Printing Press Operators,28.974068,33.389999,0.21563178692020205,0.19664967078260237
51-4051.00,18.34761200605144,16.62654511273535,0.05175660011284646,32.64248704663213,46.52849740932643,Metal-Refining Furnace Operators and Tenders,26.84725,20.24,0.21563178692020205,0.19664967078260237
51-4194.00,18.338440259644532,16.460995174097455,0.057027083286597655,32.538860103626945,45.284974093264246,"Tool Grinders, Filers, and Sharpeners",29.777168,38.66,0.21563178692020205,0.19664967078260237
39-9041.00,18.33497788108805,12.614397440914258,0.22674806573080278,32.43523316062176,20.82901554404145,Residential Advisors,31.834602,50.669998,0.21563178692020205,0.19664967078260237
29-2052.00,18.3226329721763,15.208797047193897,0.10236956661726652,32.33160621761658,35.95854922279793,Pharmacy Technicians,33.818115,58.130001,0.21563178692020205,0.19664967078260237
49-2021.01,18.31100609740658,15.99638201658997,0.07234836222391088,32.2279792746114,42.07253886010363,Radio Mechanics,36.139103,66.199997,0.21563178692020205,0.19664967078260237
25-1194.00,18.26429425738999,13.016425765123975,0.20158638734479176,32.12435233160622,22.590673575129532,"Vocational Education Teachers, Postsecondary",30.856758,46.220001,0.21563178692020205,0.19664967078260237
15-1131.00,18.224065970703073,15.28028560954838,0.09632609089830026,32.020725388601036,36.6839378238342,Computer Programmers,49.482174,99.220001,0.21563178692020205,0.19664967078260237
49-3051.00,18.189243197240888,16.57183945297983,0.04879976507285758,31.917098445595855,46.1139896373057,Motorboat Mechanics and Service Technicians,30.953033,46.639999,0.21563178692020205,0.19664967078260237
27-2041.04,18.18555917736755,14.791379899984646,0.11473504501721395,31.813471502590673,32.538860103626945,Music Composers and Arrangers,43.946892,91.870003,0.21563178692020205,0.19664967078260237
43-5011.01,18.177161041657705,13.409300192640226,0.17778186708186114,31.70984455958549,24.76683937823834,Freight Forwarders,41.872921,86.800003,0.21563178692020205,0.19664967078260237
49-9094.00,18.146829735378102,15.827260788284544,0.07327764981324246,31.60621761658031,40.829015544041454,Locksmiths and Safe Repairers,31.69556,49.639999,0.21563178692020205,0.19664967078260237
47-2031.01,18.07926153572529,15.212473250944106,0.09422492442520046,31.502590673575128,36.16580310880829,Construction Carpenters,24.828125,9.3699999,0.21563178692020205,0.19664967078260237
43-5061.00,18.078041012881943,14.369141693973598,0.12905778918109825,31.39896373056995,29.430051813471504,"Production, Planning, and Expediting Clerks",38.9324,76.040001,0.21563178692020205,0.19664967078260237
51-8021.00,18.070659855175535,15.30798603823551,0.09023635800423246,31.295336787564768,37.2020725388601,Stationary Engineers and Boiler Operators,30.381361,43.119999,0.21563178692020205,0.19664967078260237
43-4151.00,18.027055172964033,13.743847912896362,0.15582271017596827,31.191709844559586,26.321243523316063,Order Clerks,36.481155,67.029999,0.21563178692020205,0.19664967078260237
39-9011.00,18.02079345272093,13.366496620234425,0.1741030939042304,31.088082901554404,24.559585492227978,Childcare Workers,30.521702,43.84,0.21563178692020205,0.19664967078260237
17-3012.02,17.994242265155982,15.00793556886559,0.0994909220721061,30.984455958549223,33.98963730569948,Electrical Drafters,48.61343,98.709999,0.21563178692020205,0.19664967078260237
21-1092.00,17.959017226084825,12.053716679855107,0.2449576633943541,30.88082901554404,18.031088082901555,Probation Officers and Correctional Treatment Specialists,30.189386,41.459999,0.21563178692020205,0.19664967078260237
49-3053.00,17.943991423224446,15.477251043021607,0.0796892281887178,30.77720207253886,38.54922279792746,Outdoor Power Equipment and Other Small Engine Mechanics,29.396795,35.970001,0.21563178692020205,0.19664967078260237
27-2031.00,17.92673356743905,13.622621926167751,0.15797662390539932,30.673575129533678,25.803108808290155,Dancers,15.661506,0.050000001,0.21563178692020205,0.19664967078260237
27-1026.00,17.91978904001636,14.515352912535336,0.11727018102815068,30.569948186528496,30.466321243523318,Merchandise Displayers and Window Trimmers,27.914513,27.379999,0.21563178692020205,0.19664967078260237
51-6091.00,17.834507785260485,15.134093764506817,0.08921624455264068,30.466321243523318,34.92227979274612,"Extruding and Forming Machine Setters, Operators, and Tenders, Synthetic and Glass Fibers",26.20495,16.610001,0.21563178692020205,0.19664967078260237
51-9195.05,17.824209609416346,15.624171264500294,0.07040496125112129,30.362694300518136,40.0,"Potters, Manufacturing",28.594677,31.0,0.21563178692020205,0.19664967078260237
51-9023.00,17.822687030343275,15.39158307551957,0.07897511071133398,30.259067357512954,38.031088082901555,"Mixing and Blending Machine Setters, Operators, and Tenders",27.859535,26.76,0.21563178692020205,0.19664967078260237
49-2098.00,17.817018508501352,14.976735999472142,0.09482314801867765,30.155440414507773,33.78238341968912,Security and Fire Alarm Systems Installers,30.09601,40.84,0.21563178692020205,0.19664967078260237
51-7032.00,17.808714332313652,16.30685957857509,0.0460497849540505,30.05181347150259,44.55958549222798,"Patternmakers, Wood",28.798979,32.759998,0.21563178692020205,0.19664967078260237
51-4033.00,17.804404272318283,16.120516552162332,0.05222809438851641,29.94818652849741,42.7979274611399,"Grinding, Lapping, Polishing, and Buffing Machine Tool Setters, Operators, and Tenders, Metal and Plastic",28.773838,32.560001,0.21563178692020205,0.19664967078260237
13-2021.02,17.72842058112096,15.194205459381287,0.08339413102298761,29.844559585492227,35.64766839378238,"Appraisers, Real Estate",45.993065,96.949997,0.21563178692020205,0.19664967078260237
23-2011.00,17.72080260667632,14.30871189511389,0.11923123257263932,29.740932642487046,28.911917098445596,Paralegals and Legal Assistants,46.156013,97.260002,0.21563178692020205,0.19664967078260237
43-4061.00,17.71307478139204,13.072981078789779,0.17746884488843065,29.637305699481864,23.00518134715026,"Eligibility Interviewers, Government Programs",39.253609,77.690002,0.21563178692020205,0.19664967078260237
47-2044.00,17.709282733041192,14.176518935615741,0.12459912808884521,29.533678756476682,28.29015544041451,Tile and Marble Setters,25.128649,11.54,0.21563178692020205,0.19664967078260237
31-1011.00,17.698900594895363,13.050536825786118,0.1780909027406712,29.430051813471504,22.901554404145077,Home Health Aides,26.188599,16.51,0.21563178692020205,0.19664967078260237
51-9193.00,17.69753374276496,15.015631151396487,0.08930369174388818,29.326424870466322,34.09326424870466,Cooling and Freezing Equipment Operators and Tenders,27.735653,26.35,0.21563178692020205,0.19664967078260237
35-3011.00,17.694817751007882,13.180942786626623,0.17122731800949142,29.22279792746114,23.83419689119171,Bartenders,25.403524,13.2,0.21563178692020205,0.19664967078260237
49-3091.00,17.681721671478833,13.851243616169986,0.13827199064050585,29.11917098445596,26.94300518134715,Bicycle Repairers,26.640572,19.309999,0.21563178692020205,0.19664967078260237
53-3022.00,17.677130869652267,14.973134777668367,0.09029492261088726,29.015544041450777,33.67875647668394,"Bus Drivers, School or Special Client",30.887108,46.43,0.21563178692020205,0.19664967078260237
49-9098.00,17.663296489741615,15.162144902329008,0.08248013732636246,28.911917098445596,35.44041450777202,"Helpers--Installation, Maintenance, and Repair Workers",25.406105,13.3,0.21563178692020205,0.19664967078260237
43-4181.00,17.657925693332064,12.797630326441912,0.18989044232853092,28.808290155440414,21.761658031088082,Reservation and Transportation Ticket Agents and Travel Clerks,29.010115,33.900002,0.21563178692020205,0.19664967078260237
51-9071.06,17.612145330728094,15.169091882663208,0.0805273468894027,28.704663212435232,35.5440414507772,Gem and Diamond Workers,38.055408,72.93,0.21563178692020205,0.19664967078260237
51-9191.00,17.610903752688074,15.440223560780206,0.07029302986977543,28.60103626943005,38.3419689119171,Adhesive Bonding Machine Operators and Tenders,24.719791,9.1599998,0.21563178692020205,0.19664967078260237
51-5113.00,17.606527326475245,14.94267703327699,0.0891356444118387,28.497409326424872,33.16062176165803,Print Binding and Finishing Workers,27.908754,27.17,0.21563178692020205,0.19664967078260237
51-4111.00,17.58655384413887,16.00178918815512,0.049518358145751264,28.39378238341969,42.27979274611399,Tool and Die Makers,34.938931,61.75,0.21563178692020205,0.19664967078260237
49-2021.00,17.568891694864693,14.687638624429026,0.09808428516356124,28.29015544041451,32.2279792746114,"Radio, Cellular, and Tower Equipment Installers and Repairers",28.644352,31.629999,0.21563178692020205,0.19664967078260237
45-2093.00,17.56254354128773,14.471411485344513,0.1068013323743047,28.186528497409327,30.155440414507773,"Farmworkers, Farm, Ranch, and Aquacultural Animals",26.04936,15.79,0.21563178692020205,0.19664967078260237
13-1021.00,17.537458354477824,12.84347896324575,0.18273784714658936,28.082901554404145,21.968911917098445,"Buyers and Purchasing Agents, Farm Products",36.166985,66.300003,0.21563178692020205,0.19664967078260237
51-4121.06,17.487172789413584,15.10341361804479,0.0789145828768405,27.979274611398964,34.715025906735754,"Welders, Cutters, and Welder Fitters",26.720287,19.41,0.21563178692020205,0.19664967078260237
41-3041.00,17.486367228984857,12.219120672747273,0.2155329625308189,27.875647668393782,18.963730569948186,Travel Agents,35.091125,62.580002,0.21563178692020205,0.19664967078260237
47-2073.00,17.476121197995614,15.383580453964425,0.06801214939178651,27.7720207253886,37.92746113989637,Operating Engineers and Other Construction Equipment Operators,28.265882,29.139999,0.21563178692020205,0.19664967078260237
33-9011.00,17.419711807560677,13.389440624741791,0.15050185051687356,27.66839378238342,24.66321243523316,Animal Control Workers,28.759993,32.349998,0.21563178692020205,0.19664967078260237
51-4192.00,17.405876553934498,15.152111112097701,0.074371334303289,27.564766839378237,35.233160621761655,"Layout Workers, Metal and Plastic",32.01395,51.5,0.21563178692020205,0.19664967078260237
47-2072.00,17.404328274686076,15.26054997630035,0.07023922144729432,27.46113989637306,36.373056994818654,Pile-Driver Operators,24.443508,7.8200002,0.21563178692020205,0.19664967078260237
53-3021.00,17.373661253221545,14.94915731209699,0.08109165923227744,27.357512953367877,33.36787564766839,"Bus Drivers, Transit and Intercity",26.630775,19.200001,0.21563178692020205,0.19664967078260237
47-4099.03,17.35117712379567,14.137024679137523,0.113678532704317,27.253886010362695,28.082901554404145,Weatherization Installers and Technicians,27.952322,27.59,0.21563178692020205,0.19664967078260237
31-9097.00,17.328005229693538,13.295681639201364,0.15164034834450144,27.150259067357513,24.145077720207254,Phlebotomists,30.315878,42.389999,0.21563178692020205,0.19664967078260237
49-9052.00,17.275873679062112,14.571621746691099,0.09279172831209026,27.04663212435233,31.088082901554404,Telecommunications Line Installers and Repairers,26.521015,18.58,0.21563178692020205,0.19664967078260237
27-3042.00,17.239536862918328,14.148592365105452,0.10923151992971562,26.94300518134715,28.186528497409327,Technical Writers,50.558884,99.529999,0.21563178692020205,0.19664967078260237
43-9021.00,17.16641864020522,14.857764327220591,0.07769184724363246,26.83937823834197,32.84974093264249,Data Entry Keyers,39.547363,78.620003,0.21563178692020205,0.19664967078260237
53-1021.01,17.11622662854257,12.617796096201047,0.1782573794204801,26.735751295336787,20.932642487046632,Recycling Coordinators,32.677303,53.669998,0.21563178692020205,0.19664967078260237
53-6011.00,17.09526776661133,13.851668258948886,0.11708335223690154,26.632124352331605,27.04663212435233,Bridge and Lock Tenders,27.082039,22.0,0.21563178692020205,0.19664967078260237
51-9121.00,17.028621769057914,15.021369034432306,0.06681324218932833,26.528497409326423,34.196891191709845,"Coating, Painting, and Spraying Machine Setters, Operators, and Tenders",26.917313,20.65,0.21563178692020205,0.19664967078260237
49-9096.00,17.01369815489609,14.998740621997724,0.06717089066608539,26.424870466321245,33.8860103626943,Riggers,26.852661,20.450001,0.21563178692020205,0.19664967078260237
11-3111.00,16.974180111826403,11.88132099148963,0.21432209112036835,26.321243523316063,17.202072538860104,Compensation and Benefits Managers,38.96204,76.239998,0.21563178692020205,0.19664967078260237
41-9011.00,16.955970135589844,12.518108642885828,0.17725766804341078,26.21761658031088,20.310880829015545,Demonstrators and Product Promoters,29.992796,39.599998,0.21563178692020205,0.19664967078260237
47-2022.00,16.952400125353904,13.13427120882944,0.14534985823795646,26.1139896373057,23.523316062176164,Stonemasons,21.292608,1.4,0.21563178692020205,0.19664967078260237
51-4021.00,16.92760421036802,14.800924642795932,0.07184279424756103,26.010362694300518,32.64248704663213,"Extruding and Drawing Machine Setters, Operators, and Tenders, Metal and Plastic",25.471333,13.51,0.21563178692020205,0.19664967078260237
51-7042.00,16.88781003378265,15.96703422962346,0.028833651601087116,25.906735751295336,41.6580310880829,"Woodworking Machine Setters, Operators, and Tenders, Except Sawing",28.557001,30.690001,0.21563178692020205,0.19664967078260237
49-3021.00,16.87352232338344,14.36248528627961,0.08741652252561781,25.803108808290155,29.22279792746114,Automotive Body and Related Repairers,27.089006,22.1,0.21563178692020205,0.19664967078260237
49-9043.00,16.834946827396383,14.724659714373837,0.07165826423012461,25.699481865284973,32.43523316062176,"Maintenance Workers, Machinery",29.110319,34.73,0.21563178692020205,0.19664967078260237
51-6062.00,16.82314546440411,14.63656494839474,0.07469582254165383,25.59585492227979,31.813471502590673,"Textile Cutting Machine Setters, Operators, and Tenders",26.231426,16.93,0.21563178692020205,0.19664967078260237
41-4012.00,16.80622356076787,11.3271188242889,0.24185782905049277,25.492227979274613,13.8860103626943,"Sales Representatives, Wholesale and Manufacturing, Except Technical and Scientific Products",32.65044,53.360001,0.21563178692020205,0.19664967078260237
27-1012.00,16.796062409310487,14.261658301569796,0.08885376630646552,25.38860103626943,28.497409326424872,Craft Artists,31.768236,49.84,0.21563178692020205,0.19664967078260237
13-2053.00,16.746139588977556,13.07705549781352,0.1402870887784144,25.28497409326425,23.212435233160623,Insurance Underwriters,45.554379,96.120003,0.21563178692020205,0.19664967078260237
27-1023.00,16.692251523991168,13.157634144142413,0.1343181206106994,25.181347150259068,23.626943005181346,Floral Designers,33.790421,57.919998,0.21563178692020205,0.19664967078260237
13-1032.00,16.658755145807117,13.190033809934224,0.1314902367141919,25.077720207253886,23.93782383419689,"Insurance Appraisers, Auto Damage",38.888554,75.93,0.21563178692020205,0.19664967078260237
43-4011.00,16.633936245630167,13.44240991863975,0.11871109221884857,24.974093264248705,24.870466321243523,Brokerage Clerks,41.923172,87.010002,0.21563178692020205,0.19664967078260237
43-3011.00,16.615752010216855,11.930164437520075,0.1963756491889048,24.870466321243523,17.409326424870468,Bill and Account Collectors,38.039833,72.519997,0.21563178692020205,0.19664967078260237
31-9093.00,16.59475827326701,14.35913686329622,0.07784665022886318,24.76683937823834,29.11917098445596,Medical Equipment Preparers,30.551022,44.25,0.21563178692020205,0.19664967078260237
51-4072.00,16.581148403572715,14.961387364727187,0.05413137830600723,24.66321243523316,33.575129533678755,"Molding, Coremaking, and Casting Machine Setters, Operators, and Tenders, Metal and Plastic",27.475563,24.379999,0.21563178692020205,0.19664967078260237
19-4061.01,16.566775940112546,12.706815660879888,0.15188542834992905,24.559585492227978,21.34715025906736,City and Regional Planning Aides,42.805748,88.25,0.21563178692020205,0.19664967078260237
51-9111.00,16.43173133628101,13.863792223823278,0.09261315630672225,24.4559585492228,27.253886010362695,Packaging and Filling Machine Operators and Tenders,26.524288,18.690001,0.21563178692020205,0.19664967078260237
27-2011.00,16.42393612310432,12.909428923055753,0.1361217146395914,24.352331606217618,22.072538860103627,Actors,34.025364,58.75,0.21563178692020205,0.19664967078260237
51-2031.00,16.416027113993994,14.58125820212298,0.06291531520935133,24.248704663212436,31.191709844559586,Engine and Other Machine Assemblers,29.994467,39.700001,0.21563178692020205,0.19664967078260237
43-4041.01,16.395492579085648,12.559645548976087,0.15270522624033264,24.145077720207254,20.518134715025905,Credit Authorizers,43.590416,90.730003,0.21563178692020205,0.19664967078260237
17-3012.01,16.365160274085305,13.030143680059401,0.12797313198969654,24.041450777202073,22.694300518134714,Electronic Drafters,43.595009,90.839996,0.21563178692020205,0.19664967078260237
51-9081.00,16.34795106595544,14.121982674468168,0.0788121768309386,23.93782383419689,27.875647668393782,Dental Laboratory Technicians,38.732052,74.790001,0.21563178692020205,0.19664967078260237
39-3011.00,16.341245641205226,12.229969320683715,0.16808203735917754,23.83419689119171,19.067357512953368,Gaming Dealers,31.198881,47.669998,0.21563178692020205,0.19664967078260237
13-2072.00,16.303157689580388,11.871061426933855,0.18667649434408196,23.730569948186528,17.098445595854923,Loan Officers,40.197048,81.0,0.21563178692020205,0.19664967078260237
29-2057.00,16.285969379569284,12.466080513653695,0.15321130253136853,23.626943005181346,19.89637305699482,Ophthalmic Medical Technicians,33.390968,56.259998,0.21563178692020205,0.19664967078260237
31-9091.00,16.264597163037237,12.44690333181276,0.15335918217774386,23.523316062176164,19.689119170984455,Dental Assistants,27.453856,24.280001,0.21563178692020205,0.19664967078260237
51-6061.00,16.250621106375352,14.277689677045885,0.06909141023359444,23.419689119170986,28.704663212435232,Textile Bleaching and Dyeing Machine Operators and Tenders,28.429193,29.870001,0.21563178692020205,0.19664967078260237
43-4021.00,16.23309508141872,12.595960798370594,0.14437700868037887,23.316062176165804,20.72538860103627,Correspondence Clerks,43.829102,91.559998,0.21563178692020205,0.19664967078260237
51-9083.00,16.194606423208416,14.031720548631315,0.07707129952741515,23.212435233160623,27.66839378238342,Ophthalmic Laboratory Technicians,31.303778,48.080002,0.21563178692020205,0.19664967078260237
47-2181.00,16.182675388433335,13.088832358303913,0.11818636473583546,23.10880829015544,23.419689119170986,Roofers,21.320061,1.5,0.21563178692020205,0.19664967078260237
51-4062.00,16.163566441600196,14.386419291903856,0.061764748880093166,23.00518134715026,29.637305699481864,"Patternmakers, Metal and Plastic",32.718838,53.990002,0.21563178692020205,0.19664967078260237
39-6012.00,16.148800115838483,11.709451254265023,0.18956263471170282,22.901554404145077,15.751295336787564,Concierges,35.448208,64.129997,0.21563178692020205,0.19664967078260237
53-7031.00,16.147698656911878,13.769106907690889,0.08637422038942846,22.797927461139896,26.632124352331605,Dredge Operators,26.010353,15.58,0.21563178692020205,0.19664967078260237
27-3012.00,16.14489488796282,13.361603063311186,0.10415261594973238,22.694300518134714,24.4559585492228,Public Address System and Other Announcers,37.924736,72.199997,0.21563178692020205,0.19664967078260237
51-4031.00,16.122396091645584,14.526163128061688,0.05494337869923436,22.590673575129532,30.673575129533678,"Cutting, Punching, and Press Machine Setters, Operators, and Tenders, Metal and Plastic",28.609537,31.42,0.21563178692020205,0.19664967078260237
31-2012.00,16.064114532220106,11.541713562151324,0.19591549147862516,22.487046632124354,14.922279792746114,Occupational Therapy Aides,24.716427,9.0600004,0.21563178692020205,0.19664967078260237
33-9092.00,16.018163981820738,12.405177702293651,0.14562412430654112,22.383419689119172,19.585492227979273,"Lifeguards, Ski Patrol, and Other Recreational Protective Service Workers",28.154749,28.42,0.21563178692020205,0.19664967078260237
49-9061.00,16.00014727029743,14.516271260355472,0.05111078400671959,22.27979274611399,30.569948186528496,Camera and Photographic Equipment Repairers,41.851723,86.699997,0.21563178692020205,0.19664967078260237
51-4032.00,15.999488681406504,14.13669670928452,0.06588498043176398,22.17616580310881,27.979274611398964,"Drilling and Boring Machine Tool Setters, Operators, and Tenders, Metal and Plastic",30.487171,43.630001,0.21563178692020205,0.19664967078260237
51-9141.00,15.955917993262766,13.825030307030413,0.07706629348757148,22.072538860103627,26.83937823834197,Semiconductor Processors,31.482393,48.810001,0.21563178692020205,0.19664967078260237
41-2031.00,15.900641932952533,10.637704753828189,0.24737183917566302,21.968911917098445,11.813471502590673,Retail Salespersons,27.518467,24.690001,0.21563178692020205,0.19664967078260237
25-1191.00,15.864029282503665,11.81288939650557,0.17147116806140938,21.865284974093264,16.683937823834196,Graduate Teaching Assistants,41.135662,84.32,0.21563178692020205,0.19664967078260237
51-3091.00,15.807617728659453,13.080522594271093,0.1042425910254822,21.761658031088082,23.316062176165804,"Food and Tobacco Roasting, Baking, and Drying Machine Operators and Tenders",28.371277,29.549999,0.21563178692020205,0.19664967078260237
47-2021.00,15.79356239851745,13.544206523253179,0.08303756559686591,21.6580310880829,25.28497409326425,Brickmasons and Blockmasons,23.313126,4.6100001,0.21563178692020205,0.19664967078260237
53-7033.00,15.701914557219842,13.628949868037461,0.07605005188418389,21.55440414507772,25.906735751295336,"Loading Machine Operators, Underground Mining",24.961399,10.51,0.21563178692020205,0.19664967078260237
51-9199.01,15.697939368933636,14.024159915168768,0.05967485624413334,21.45077720207254,27.564766839378237,Recycling and Reclamation Workers,26.082466,16.1,0.21563178692020205,0.19664967078260237
19-4041.01,15.674171217470779,12.984658542291694,0.10356501352804945,21.34715025906736,22.383419689119172,Geophysical Data Technicians,37.976593,72.410004,0.21563178692020205,0.19664967078260237
53-6051.07,15.588178672219339,13.558294519931218,0.07485765076515019,21.243523316062177,25.38860103626943,"Transportation Vehicle, Equipment and Systems Inspectors, Except Aviation",31.768394,49.950001,0.21563178692020205,0.19664967078260237
51-9195.07,15.474740377568413,13.332826462474383,0.08032482538951911,21.139896373056995,24.352331606217618,Molding and Casting Workers,25.478954,13.61,0.21563178692020205,0.19664967078260237
51-4022.00,15.443540225554617,13.316036629064127,0.07988501593060024,21.036269430051814,24.248704663212436,"Forging Machine Setters, Operators, and Tenders, Metal and Plastic",29.200193,35.459999,0.21563178692020205,0.19664967078260237
51-9061.00,15.422578317914752,13.610471034603755,0.06657033686430949,20.932642487046632,25.699481865284973,"Inspectors, Testers, Sorters, Samplers, and Weighers",37.228924,69.720001,0.21563178692020205,0.19664967078260237
51-5111.00,15.389401620018209,12.27356924140056,0.12693261093551694,20.82901554404145,19.27461139896373,Prepress Technicians and Workers,40.236271,81.309998,0.21563178692020205,0.19664967078260237
43-4071.00,15.36376195224174,13.17466341941581,0.08307986561538282,20.72538860103627,23.730569948186528,File Clerks,41.635464,86.18,0.21563178692020205,0.19664967078260237
51-9022.00,15.306540378128267,13.584605714895646,0.06337816125735998,20.621761658031087,25.492227979274613,"Grinding and Polishing Workers, Hand",27.781889,26.549999,0.21563178692020205,0.19664967078260237
51-9194.00,15.298848222686876,13.594544128029742,0.06268338528333353,20.518134715025905,25.59585492227979,Etchers and Engravers,32.676369,53.57,0.21563178692020205,0.19664967078260237
39-9031.00,15.279216085894202,10.56034812526728,0.22342388265289728,20.414507772020727,11.606217616580311,Fitness Trainers and Aerobics Instructors,16.932285,0.16,0.21563178692020205,0.19664967078260237
39-4011.00,15.276630642318239,11.529968655587815,0.1624749424151583,20.310880829015545,14.818652849740932,Embalmers,28.604874,31.309999,0.21563178692020205,0.19664967078260237
53-3031.00,15.259438367947293,11.70955332363246,0.151580719870432,20.207253886010363,15.854922279792746,Driver/Sales Workers,25.069338,11.23,0.21563178692020205,0.19664967078260237
53-7051.00,15.226081239892544,13.536051328987673,0.062426991071083064,20.10362694300518,25.181347150259068,Industrial Truck and Tractor Operators,24.644342,8.75,0.21563178692020205,0.19664967078260237
43-3071.00,15.214807279044264,12.028587824464926,0.13244362102502547,20.0,17.927461139896373,Tellers,35.11552,62.68,0.21563178692020205,0.19664967078260237
49-9045.00,15.192814168293472,13.07331376130542,0.08106209510787467,19.89637305699482,23.10880829015544,"Refractory Materials Repairers, Except Brickmasons",26.231092,16.82,0.21563178692020205,0.19664967078260237
47-2151.00,15.172664364128817,12.943057875192602,0.08613136518571878,19.792746113989637,22.27979274611399,Pipelayers,25.886745,15.37,0.21563178692020205,0.19664967078260237
45-2091.00,15.170791185801573,13.753829253585803,0.05151154293435586,19.689119170984455,26.528497409326423,Agricultural Equipment Operators,26.919071,20.860001,0.21563178692020205,0.19664967078260237
13-1199.06,15.166543773119471,11.107171987625907,0.1827365142997678,19.585492227979273,13.367875647668393,Online Merchants,43.530937,90.419998,0.21563178692020205,0.19664967078260237
47-2051.00,15.11850674334407,12.766796331067995,0.0921026055124412,19.481865284974095,21.55440414507772,Cement Masons and Concrete Finishers,23.489231,4.9200001,0.21563178692020205,0.19664967078260237
51-2022.00,15.090683430531932,12.77147410503796,0.09079646195966973,19.378238341968913,21.6580310880829,Electrical and Electronic Equipment Assemblers,32.210239,52.02,0.21563178692020205,0.19664967078260237
51-3021.00,15.089326059357132,11.73514961997327,0.14291153278842902,19.27461139896373,15.958549222797927,Butchers and Meat Cutters,25.019913,11.13,0.21563178692020205,0.19664967078260237
35-2012.00,15.073224799413703,11.630625317452916,0.1479971793431787,19.17098445595855,15.336787564766839,"Cooks, Institution and Cafeteria",27.7076,25.93,0.21563178692020205,0.19664967078260237
47-2041.00,15.023538000843182,12.268011330283183,0.11230535236620093,19.067357512953368,19.17098445595855,Carpet Installers,24.093933,6.5700002,0.21563178692020205,0.19664967078260237
53-6031.00,14.930813764657737,12.17026881355291,0.11341347481292531,18.963730569948186,18.65284974093264,Automotive and Watercraft Service Attendants,23.88196,5.9499998,0.21563178692020205,0.19664967078260237
43-5111.00,14.91646694022377,12.076787607717705,0.11756766057106778,18.860103626943005,18.134715025906736,"Weighers, Measurers, Checkers, and Samplers, Recordkeeping",33.62952,57.299999,0.21563178692020205,0.19664967078260237
51-4035.00,14.888201381588189,13.247360179038054,0.06193087454308512,18.756476683937823,24.041450777202073,"Milling and Planing Machine Setters, Operators, and Tenders, Metal and Plastic",29.730387,38.349998,0.21563178692020205,0.19664967078260237
47-2071.00,14.794668035603257,12.807923016128143,0.0775592192806492,18.65284974093264,21.865284974093264,"Paving, Surfacing, and Tamping Equipment Operators",25.391745,12.89,0.21563178692020205,0.19664967078260237
47-2132.00,14.794472914996913,12.18273329174899,0.10719021588598591,18.54922279792746,18.756476683937823,"Insulation Workers, Mechanical",25.488787,13.72,0.21563178692020205,0.19664967078260237
41-9021.00,14.736031643800189,9.917479956356162,0.24293226246228974,18.44559585492228,9.533678756476684,Real Estate Brokers,38.226177,73.650002,0.21563178692020205,0.19664967078260237
45-3021.00,14.72296039936845,13.745610756094688,0.03555133564510443,18.3419689119171,26.424870466321245,Hunters and Trappers,29.740267,38.459999,0.21563178692020205,0.19664967078260237
35-3022.01,14.709832692509895,11.517193817034455,0.13860315829509542,18.238341968911918,14.715025906735752,Baristas,26.215992,16.719999,0.21563178692020205,0.19664967078260237
53-3033.00,14.695763403661976,13.032481558784184,0.06381293682923739,18.134715025906736,22.797927461139896,Light Truck or Delivery Services Drivers,26.422756,18.059999,0.21563178692020205,0.19664967078260237
43-4141.00,14.684059003120774,10.894108457223647,0.17394496120442487,18.031088082901555,12.849740932642487,New Accounts Clerks,39.445831,78.209999,0.21563178692020205,0.19664967078260237
51-4193.00,14.633984668076508,12.44811468337297,0.08779923869207366,17.927461139896373,19.792746113989637,"Plating and Coating Machine Setters, Operators, and Tenders, Metal and Plastic",29.029791,34.110001,0.21563178692020205,0.19664967078260237
37-1011.00,14.593789829527353,10.11707711533774,0.22124535886964855,17.82383419689119,10.466321243523316,First-Line Supervisors of Housekeeping and Janitorial Workers,24.661467,8.9499998,0.21563178692020205,0.19664967078260237
37-3012.00,14.572816008607731,12.127300113333805,0.10082688943209683,17.72020725388601,18.44559585492228,"Pesticide Handlers, Sprayers, and Applicators, Vegetation",28.217402,28.73,0.21563178692020205,0.19664967078260237
47-3016.00,14.553863188940655,11.979967442684016,0.1074249891984672,17.616580310880828,17.72020725388601,Helpers--Roofers,21.584793,1.8099999,0.21563178692020205,0.19664967078260237
13-2082.00,14.520433440788262,11.10147904769954,0.15398643632972492,17.512953367875646,13.264248704663212,Tax Preparers,45.201565,95.190002,0.21563178692020205,0.19664967078260237
51-9071.07,14.511997323967822,12.671626715561056,0.07261777235541313,17.409326424870468,21.139896373056995,Precious Metal Workers,39.054249,76.449997,0.21563178692020205,0.19664967078260237
47-5071.00,14.502805276568296,12.683570729807872,0.07171618251337573,17.305699481865286,21.243523316062177,"Roustabouts, Oil and Gas",24.510168,8.1300001,0.21563178692020205,0.19664967078260237
43-4161.00,14.488422928788914,10.79719002614006,0.17093488647103364,17.202072538860104,12.2279792746114,"Human Resources Assistants, Except Payroll and Timekeeping",43.002922,88.769997,0.21563178692020205,0.19664967078260237
53-6021.00,14.46307108707663,12.089424270588681,0.09817038278086536,17.098445595854923,18.3419689119171,Parking Lot Attendants,27.169834,22.620001,0.21563178692020205,0.19664967078260237
51-4122.00,14.442845600618,12.620688817718213,0.0721892762438472,16.99481865284974,21.036269430051814,"Welding, Soldering, and Brazing Machine Setters, Operators, and Tenders",28.225285,28.93,0.21563178692020205,0.19664967078260237
43-6014.00,14.40819622257122,11.014724916659404,0.15404249001167986,16.89119170984456,13.05699481865285,"Secretaries and Administrative Assistants, Except Legal, Medical, and Executive",41.1199,84.209999,0.21563178692020205,0.19664967078260237
51-4052.00,14.335847097414964,12.553597146566807,0.07098562786585726,16.787564766839377,20.414507772020727,"Pourers and Casters, Metal",28.465588,30.379999,0.21563178692020205,0.19664967078260237
39-3021.00,14.333008301462717,12.579099619064323,0.06971519168749765,16.683937823834196,20.621761658031087,Motion Picture Projectionists,32.960602,54.5,0.21563178692020205,0.19664967078260237
43-5021.00,14.32807973829096,12.331150468845657,0.08097092296823782,16.580310880829014,19.378238341968913,Couriers and Messengers,26.918381,20.76,0.21563178692020205,0.19664967078260237
49-2093.00,14.313765542644358,11.746636621447399,0.10927080678182419,16.476683937823836,16.16580310880829,"Electrical and Electronics Installers and Repairers, Transportation Equipment",31.54328,49.119999,0.21563178692020205,0.19664967078260237
47-2161.00,14.273816794762322,11.936879888008688,0.0978872590106744,16.373056994818654,17.512953367875646,Plasterers and Stucco Masons,23.025576,3.78,0.21563178692020205,0.19664967078260237
47-4031.00,14.266461858319708,11.83238734438795,0.10285644152302996,16.269430051813472,16.787564766839377,Fence Erectors,21.475046,1.6,0.21563178692020205,0.19664967078260237
35-2013.00,14.254777579591828,11.461206155497358,0.12187074319200407,16.16580310880829,14.507772020725389,"Cooks, Private Household",30.608744,44.77,0.21563178692020205,0.19664967078260237
47-2061.00,14.235255524974669,11.929263798714063,0.09665272581654143,16.06217616580311,17.305699481865286,Construction Laborers,22.852381,3.47,0.21563178692020205,0.19664967078260237
47-2081.00,14.229876340574142,12.517410162285863,0.06840337402411835,15.958549222797927,20.207253886010363,Drywall and Ceiling Tile Installers,25.166946,11.75,0.21563178692020205,0.19664967078260237
33-9032.00,14.201939772003406,11.314780372219898,0.12758353696692495,15.854922279792746,13.782383419689118,Security Guards,29.705889,38.150002,0.21563178692020205,0.19664967078260237
43-4121.00,14.198593013760414,10.81956528880557,0.15615358079362682,15.751295336787564,12.33160621761658,"Library Assistants, Clerical",33.577587,56.880001,0.21563178692020205,0.19664967078260237
51-9197.00,14.195570014875477,12.99728246335341,0.04609761905616464,15.647668393782384,22.487046632124354,Tire Builders,23.639353,5.23,0.21563178692020205,0.19664967078260237
51-2093.00,14.172265416271857,12.49801725579469,0.06698055084301094,15.544041450777202,20.0,Timing Device Assemblers and Adjusters,37.466919,70.860001,0.21563178692020205,0.19664967078260237
43-3031.00,14.148780012865602,11.658576571818674,0.10679706161840954,15.44041450777202,15.544041450777202,"Bookkeeping, Accounting, and Auditing Clerks",43.663212,91.150002,0.21563178692020205,0.19664967078260237
33-3041.00,14.124412088937886,10.826270810521397,0.15232120718850056,15.336787564766839,12.538860103626943,Parking Enforcement Workers,26.766689,19.93,0.21563178692020205,0.19664967078260237
43-4051.00,14.067206174658034,10.051289512673456,0.19977121626638025,15.233160621761659,10.362694300518134,Customer Service Representatives,40.328613,81.629997,0.21563178692020205,0.19664967078260237
31-9094.00,14.056905555572769,12.720042574305591,0.052549469605063806,15.129533678756477,21.45077720207254,Medical Transcriptionists,48.293873,98.5,0.21563178692020205,0.19664967078260237
47-2131.00,14.053333593477504,11.79195465283425,0.09588651785137768,15.025906735751295,16.476683937823836,"Insulation Workers, Floor, Ceiling, and Wall",23.292154,4.5,0.21563178692020205,0.19664967078260237
47-2171.00,14.045581009981367,12.133104634561027,0.07881232516419047,14.922279792746114,18.54922279792746,Reinforcing Iron and Rebar Workers,21.960747,2.1199999,0.21563178692020205,0.19664967078260237
49-9064.00,14.030500930546708,12.362166858658075,0.06747741277736374,14.818652849740932,19.481865284974095,Watch Repairers,40.218403,81.209999,0.21563178692020205,0.19664967078260237
25-3021.00,13.994085748671354,10.164182451275522,0.18840193570685118,14.715025906735752,10.77720207253886,Self-Enrichment Education Teachers,33.612267,57.189999,0.21563178692020205,0.19664967078260237
53-6061.00,13.969718543740218,9.931852956992504,0.20327856263240698,14.61139896373057,9.637305699481866,"Transportation Attendants, Except Flight Attendants",25.785265,14.75,0.21563178692020205,0.19664967078260237
43-5041.00,13.968116685698996,11.554636034107965,0.10443776179823892,14.507772020725389,15.025906735751295,"Meter Readers, Utilities",26.848351,20.34,0.21563178692020205,0.19664967078260237
43-5051.00,13.932885746398076,11.425859828008644,0.10970841390176454,14.404145077720207,14.196891191709845,Postal Service Clerks,29.648403,37.73,0.21563178692020205,0.19664967078260237
51-2023.00,13.92561794172653,12.933138079948082,0.038369646084472686,14.300518134715025,22.17616580310881,Electromechanical Equipment Assemblers,36.714134,67.650002,0.21563178692020205,0.19664967078260237
51-3011.00,13.908937200212772,11.833110177580277,0.08771265506195836,14.196891191709845,16.89119170984456,Bakers,34.685863,60.610001,0.21563178692020205,0.19664967078260237
43-6012.00,13.869704933855939,11.432871690981973,0.10657135445664517,14.093264248704664,14.300518134715025,Legal Secretaries,45.607361,96.330002,0.21563178692020205,0.19664967078260237
35-2014.00,13.866779395081926,11.370701390304596,0.10975919246747819,13.989637305699482,14.093264248704664,"Cooks, Restaurant",30.579569,44.360001,0.21563178692020205,0.19664967078260237
43-4081.00,13.86278965777169,9.508437595141865,0.22897305782679742,13.8860103626943,7.875647668393782,"Hotel, Motel, and Resort Desk Clerks",32.870991,54.299999,0.21563178692020205,0.19664967078260237
35-2015.00,13.85943846450187,10.82560360440597,0.14012312712342181,13.782383419689118,12.435233160621761,"Cooks, Short Order",29.02816,34.009998,0.21563178692020205,0.19664967078260237
47-3011.00,13.846627586314685,11.806841079270953,0.08638155173549968,13.678756476683938,16.580310880829014,"Helpers--Brickmasons, Blockmasons, Stonemasons, and Tile and Marble Setters",21.571274,1.71,0.21563178692020205,0.19664967078260237
51-9195.03,13.824155373227232,12.18857344704441,0.06709488740782175,13.575129533678757,18.860103626943005,"Stone Cutters and Carvers, Manufacturing",28.65008,31.73,0.21563178692020205,0.19664967078260237
51-3092.00,13.823243143685271,11.562115635952102,0.09778173731035228,13.471502590673575,15.129533678756477,Food Batchmakers,31.536873,49.02,0.21563178692020205,0.19664967078260237
47-3012.00,13.797940917336437,11.49978055831869,0.09992192230813084,13.367875647668393,14.61139896373057,Helpers--Carpenters,24.572237,8.54,0.21563178692020205,0.19664967078260237
51-6052.00,13.75689493501107,11.24502673702445,0.11168796023028778,13.264248704663212,13.471502590673575,"Tailors, Dressmakers, and Custom Sewers",32.826805,54.189999,0.21563178692020205,0.19664967078260237
31-9096.00,13.7163468961407,10.604616767725917,0.14671582182418036,13.160621761658032,11.709844559585493,Veterinary Assistants and Laboratory Animal Caretakers,27.653742,25.52,0.21563178692020205,0.19664967078260237
51-9122.00,13.713086830408228,11.768558771407823,0.08261538633450646,13.05699481865285,16.269430051813472,"Painters, Transportation Equipment",26.285685,17.24,0.21563178692020205,0.19664967078260237
41-2021.00,13.7072542656244,10.045017882167564,0.18229118287376217,12.953367875647668,10.259067357512953,Counter and Rental Clerks,29.803974,38.869999,0.21563178692020205,0.19664967078260237
49-9091.00,13.696433265217648,11.869872632223592,0.07694103759948623,12.849740932642487,16.99481865284974,"Coin, Vending, and Amusement Machine Servicers and Repairers",31.597528,49.220001,0.21563178692020205,0.19664967078260237
47-2053.00,13.668810148765687,11.790773598943437,0.0796400903665278,12.746113989637307,16.373056994818654,Terrazzo Workers and Finishers,23.10317,4.0900002,0.21563178692020205,0.19664967078260237
45-2021.00,13.664119333383931,11.358497276255218,0.10149326979848755,12.642487046632125,13.989637305699482,Animal Breeders,29.40913,36.18,0.21563178692020205,0.19664967078260237
51-9196.00,13.64997355502766,11.667200364703069,0.0849721067756366,12.538860103626943,15.647668393782384,"Paper Goods Machine Setters, Operators, and Tenders",29.687681,38.040001,0.21563178692020205,0.19664967078260237
25-9041.00,13.649076862058699,9.660623309788738,0.206428375497708,12.435233160621761,8.601036269430052,Teacher Assistants,35.118446,62.779999,0.21563178692020205,0.19664967078260237
43-5011.00,13.639991013499033,9.965430589126786,0.18436536141155474,12.33160621761658,9.844559585492227,Cargo and Freight Agents,41.827568,86.589996,0.21563178692020205,0.19664967078260237
31-1014.00,13.58332119624485,9.882633855212637,0.18723183491616813,12.2279792746114,9.430051813471502,Nursing Assistants,24.849281,9.5799999,0.21563178692020205,0.19664967078260237
47-5051.00,13.559058497697222,11.975922486045969,0.06609662067769244,12.124352331606218,17.616580310880828,"Rock Splitters, Quarry",22.995001,3.6700001,0.21563178692020205,0.19664967078260237
39-5094.00,13.557715684175625,10.042469671084557,0.1750190007151613,12.020725388601036,10.155440414507773,Skincare Specialists,32.536434,53.049999,0.21563178692020205,0.19664967078260237
53-7081.00,13.524232728766801,11.266957841538508,0.10017233218474793,11.917098445595855,13.575129533678757,Refuse and Recyclable Material Collectors,24.624712,8.6400003,0.21563178692020205,0.19664967078260237
43-9041.01,13.482426418847366,10.775344290704327,0.1256146465073225,11.813471502590673,12.124352331606218,Insurance Claims Clerks,42.825634,88.459999,0.21563178692020205,0.19664967078260237
51-7041.00,13.434302790873762,12.088884547492805,0.05564691424156225,11.709844559585493,18.238341968911918,"Sawing Machine Setters, Operators, and Tenders, Wood",27.648052,25.41,0.21563178692020205,0.19664967078260237
51-2092.00,13.40126653003442,10.897935168079497,0.11485347101748608,11.606217616580311,12.953367875647668,Team Assemblers,28.259203,29.040001,0.21563178692020205,0.19664967078260237
43-9061.00,13.400594056265867,10.22818568528562,0.15508167668211714,11.50259067357513,10.984455958549223,"Office Clerks, General",38.774128,75.0,0.21563178692020205,0.19664967078260237
51-6051.00,13.361119713058539,11.648201277898798,0.07352716502288728,11.398963730569948,15.44041450777202,"Sewers, Hand",35.263432,63.509998,0.21563178692020205,0.19664967078260237
31-2022.00,13.319550354570852,9.566627797971757,0.19614657514922665,11.295336787564766,8.290155440414507,Physical Therapist Aides,25.175072,11.85,0.21563178692020205,0.19664967078260237
43-3061.00,13.31354829098757,9.739306415869457,0.18349570916539598,11.191709844559586,8.911917098445596,Procurement Clerks,45.357533,95.5,0.21563178692020205,0.19664967078260237
53-7063.00,13.265688376427347,12.015568833255218,0.052020822339771434,11.088082901554404,17.82383419689119,Machine Feeders and Offbearers,27.600916,25.1,0.21563178692020205,0.19664967078260237
51-4034.00,13.226600458897117,11.746043075719264,0.06302366565632532,10.984455958549223,16.06217616580311,"Lathe and Turning Machine Tool Setters, Operators, and Tenders, Metal and Plastic",28.731533,32.139999,0.21563178692020205,0.19664967078260237
39-3092.00,13.164685841202054,10.015038658432978,0.1572458824268727,10.880829015544041,10.05181347150259,Costume Attendants,32.682781,53.880001,0.21563178692020205,0.19664967078260237
43-5071.00,13.15913148842928,10.885000081144282,0.10446170832944676,10.77720207253886,12.642487046632125,"Shipping, Receiving, and Traffic Clerks",30.628143,44.98,0.21563178692020205,0.19664967078260237
39-3012.00,13.067317569624148,10.28695451358658,0.13514024254532192,10.67357512953368,11.191709844559586,Gaming and Sports Book Writers and Runners,35.652943,64.959999,0.21563178692020205,0.19664967078260237
51-9051.00,13.0138252736218,11.582261787066965,0.0617998242861922,10.569948186528498,15.233160621761659,"Furnace, Kiln, Oven, Drier, and Kettle Operators and Tenders",28.067188,28.0,0.21563178692020205,0.19664967078260237
39-1012.00,13.006079997570016,9.286262470303381,0.20028604291351185,10.466321243523316,7.150259067357513,Slot Supervisors,29.160168,35.25,0.21563178692020205,0.19664967078260237
43-4171.00,13.005262929740974,9.669818452912008,0.17246675793714192,10.362694300518134,8.704663212435234,Receptionists and Information Clerks,39.116199,77.169998,0.21563178692020205,0.19664967078260237
23-2093.00,12.990751462450302,10.318179581086453,0.12950791660298086,10.259067357512953,11.295336787564766,"Title Examiners, Abstractors, and Searchers",46.251118,97.459999,0.21563178692020205,0.19664967078260237
35-3022.00,12.889437000429208,9.600372375907,0.17129880465764077,10.155440414507773,8.49740932642487,"Counter Attendants, Cafeteria, Food Concession, and Coffee Shop",32.677654,53.779999,0.21563178692020205,0.19664967078260237
51-3093.00,12.693745325802107,10.893456444489996,0.08263166472854043,10.05181347150259,12.746113989637307,Food Cooking Machine Operators and Tenders,31.00816,46.950001,0.21563178692020205,0.19664967078260237
43-9071.00,12.683307561054232,10.467289115645551,0.1058544586342025,9.94818652849741,11.50259067357513,"Office Machine Operators, Except Computer",30.295475,42.290001,0.21563178692020205,0.19664967078260237
43-3041.00,12.670847647140866,9.555994391300949,0.16297902281501137,9.844559585492227,8.186528497409327,Gaming Cage Workers,33.489178,56.57,0.21563178692020205,0.19664967078260237
23-2091.00,12.563379740105155,11.446651361992167,0.04877969734541801,9.740932642487047,14.404145077720207,Court Reporters,41.960438,87.110001,0.21563178692020205,0.19664967078260237
41-2012.00,12.546164950755289,9.990803067500835,0.1278857097867744,9.637305699481866,9.94818652849741,Gaming Change Persons and Booth Cashiers,31.492317,48.91,0.21563178692020205,0.19664967078260237
47-3013.00,12.537072866341944,11.077751464764296,0.0658672207180042,9.533678756476684,13.160621761658032,Helpers--Electricians,27.0166,21.690001,0.21563178692020205,0.19664967078260237
25-4031.00,12.438947051175568,9.50715215714421,0.15418891196709433,9.430051813471502,7.772020725388601,Library Technicians,33.952873,58.439999,0.21563178692020205,0.19664967078260237
13-1074.00,12.427422884802585,9.023916614173958,0.18858254215706655,9.32642487046632,6.424870466321243,Farm Labor Contractors,26.383635,17.959999,0.21563178692020205,0.19664967078260237
45-2092.02,12.364542738499411,10.233764359833009,0.10410530786841228,9.22279792746114,11.088082901554404,"Farmworkers and Laborers, Crop",23.358902,4.8099999,0.21563178692020205,0.19664967078260237
43-4111.00,12.25837921574451,8.859916339360382,0.19178865500605125,9.119170984455959,5.9067357512953365,"Interviewers, Except Eligibility and Loan",39.820614,79.449997,0.21563178692020205,0.19664967078260237
53-7073.00,12.171773337070547,11.26831039886634,0.04008866042131309,9.015544041450777,13.678756476683938,Wellhead Pumpers,27.845591,26.66,0.21563178692020205,0.19664967078260237
43-9041.02,12.167660642559584,9.547288185209037,0.13723124339171575,8.911917098445596,8.082901554404145,Insurance Policy Processing Clerks,43.839928,91.669998,0.21563178692020205,0.19664967078260237
27-2042.01,12.110745363493075,9.184644281528943,0.15929310881689543,8.808290155440414,6.94300518134715,Singers,35.849667,65.580002,0.21563178692020205,0.19664967078260237
47-2121.00,12.106987679849574,10.156472274556046,0.09602327228224462,8.704663212435234,10.67357512953368,Glaziers,26.505825,18.48,0.21563178692020205,0.19664967078260237
49-3093.00,12.100032446303818,9.96073904084568,0.10738627910467312,8.601036269430052,9.740932642487047,Tire Repairers and Changers,23.188541,4.3000002,0.21563178692020205,0.19664967078260237
49-3022.00,11.93822894412293,9.537634825770805,0.12584850239105874,8.49740932642487,7.979274611398964,Automotive Glass Installers and Repairers,26.876459,20.549999,0.21563178692020205,0.19664967078260237
39-6011.00,11.870705661970643,9.0291523700607,0.157354376991804,8.393782383419689,6.528497409326425,Baggage Porters and Bellhops,22.127888,2.23,0.21563178692020205,0.19664967078260237
43-4031.01,11.868881441268435,8.613629173219376,0.1889593922948274,8.290155440414507,5.181347150259067,Court Clerks,40.108734,80.489998,0.21563178692020205,0.19664967078260237
43-3021.02,11.801872212530657,9.017700737362688,0.15437258100795143,8.186528497409327,6.321243523316062,"Billing, Cost, and Rate Clerks",43.939716,91.769997,0.21563178692020205,0.19664967078260237
41-9091.00,11.77482039555169,7.188586411531293,0.3189941472125567,8.082901554404145,3.4196891191709846,"Door-To-Door Sales Workers, News and Street Vendors, and Related Workers",35.66732,65.059998,0.21563178692020205,0.19664967078260237
51-2041.00,11.74019587891625,10.226858588107477,0.07398837471795047,7.979274611398964,10.880829015544041,Structural Metal Fabricators and Fitters,28.667507,32.040001,0.21563178692020205,0.19664967078260237
31-9011.00,11.720233982131516,9.127720547332354,0.14201319055264258,7.875647668393782,6.7357512953367875,Massage Therapists,26.352549,17.549999,0.21563178692020205,0.19664967078260237
45-2092.01,11.68741994448051,9.822323127967223,0.09494173589152112,7.772020725388601,9.22279792746114,Nursery Workers,23.524698,5.02,0.21563178692020205,0.19664967078260237
51-9198.00,11.679009460594191,10.45676009789891,0.05844302399845961,7.668393782383419,11.398963730569948,Helpers--Production Workers,26.729109,19.51,0.21563178692020205,0.19664967078260237
51-6031.00,11.668178464469953,10.769886316129494,0.04170388256536812,7.564766839378239,12.020725388601036,Sewing Machine Operators,31.265385,47.880001,0.21563178692020205,0.19664967078260237
51-3022.00,11.6305363854332,9.370809127943405,0.1205726862342854,7.461139896373057,7.357512953367876,"Meat, Poultry, and Fish Cutters and Trimmers",25.534647,14.03,0.21563178692020205,0.19664967078260237
31-9095.00,11.58227686812263,8.991774342434335,0.14404846179597147,7.357512953367876,6.1139896373057,Pharmacy Aides,32.370178,52.639999,0.21563178692020205,0.19664967078260237
43-3051.00,11.488786150095605,9.37486158843693,0.11274430783415593,7.253886010362694,7.461139896373057,Payroll and Timekeeping Clerks,46.877876,98.080002,0.21563178692020205,0.19664967078260237
53-7062.00,11.47504888114838,9.820892312716355,0.08421620539969565,7.150259067357513,9.119170984455959,"Laborers and Freight, Stock, and Material Movers, Hand",23.585548,5.1199999,0.21563178692020205,0.19664967078260237
43-9051.00,11.47472685075195,9.703840308476808,0.09124668615621083,7.046632124352332,8.808290155440414,"Mail Clerks and Mail Machine Operators, Except Postal Service",30.121489,40.939999,0.21563178692020205,0.19664967078260237
51-6042.00,11.473026508472485,10.714010818466699,0.03542164101129822,6.94300518134715,11.917098445595855,Shoe Machine Operators and Tenders,30.535967,44.049999,0.21563178692020205,0.19664967078260237
43-4031.02,11.466657630819464,8.732969704920867,0.156515367524876,6.839378238341969,5.595854922279793,Municipal Clerks,44.896721,94.25,0.21563178692020205,0.19664967078260237
43-9022.00,11.452108313079073,9.841816284177536,0.08180868156878547,6.7357512953367875,9.32642487046632,Word Processors and Typists,43.540245,90.529999,0.21563178692020205,0.19664967078260237
41-2011.00,11.34129583271256,8.729779333881115,0.14957517246145605,6.632124352331606,5.492227979274611,Cashiers,30.448992,43.220001,0.21563178692020205,0.19664967078260237
47-2043.00,11.340667931066077,9.59870991253934,0.09073917403478986,6.528497409326425,8.393782383419689,Floor Sanders and Finishers,23.069433,3.8800001,0.21563178692020205,0.19664967078260237
51-6063.00,11.329480558101935,10.142758139278087,0.05850097195102364,6.424870466321243,10.569948186528498,"Textile Knitting and Weaving Machine Setters, Operators, and Tenders",26.735905,19.620001,0.21563178692020205,0.19664967078260237
43-6013.00,11.292575068944446,8.413562119556987,0.17109358132005173,6.321243523316062,4.974093264248705,Medical Secretaries,41.822102,86.489998,0.21563178692020205,0.19664967078260237
35-9031.00,11.162201687124423,7.937575882536233,0.2031240930674322,6.217616580310881,4.66321243523316,"Hosts and Hostesses, Restaurant, Lounge, and Coffee Shop",28.985882,33.59,0.21563178692020205,0.19664967078260237
39-9021.00,11.1495422345422,7.668876072697738,0.22693456830239542,6.1139896373057,4.041450777202073,Personal Care Aides,27.191385,22.719999,0.21563178692020205,0.19664967078260237
47-2042.00,11.105009679165283,8.623923810807879,0.14384901367333508,6.010362694300518,5.284974093264249,"Floor Layers, Except Carpet, Wood, and Hard Tiles",26.454086,18.17,0.21563178692020205,0.19664967078260237
29-2071.00,11.050051988957216,9.288034934558977,0.09485413582167504,5.9067357512953365,7.253886010362694,Medical Records and Health Information Technicians,45.016312,94.57,0.21563178692020205,0.19664967078260237
47-2141.00,11.00292094042899,9.116130565114156,0.1034863619952555,5.803108808290156,6.632124352331606,"Painters, Construction and Maintenance",24.300686,7.0900002,0.21563178692020205,0.19664967078260237
51-9192.00,10.997853666446673,9.48619361074251,0.07967685025911252,5.699481865284974,7.668393782383419,"Cleaning, Washing, and Metal Pickling Equipment Operators and Tenders",27.497215,24.48,0.21563178692020205,0.19664967078260237
51-4071.00,10.991553663055553,9.787446179007762,0.06151285340553784,5.595854922279793,9.015544041450777,Foundry Mold and Coremakers,24.329405,7.1900001,0.21563178692020205,0.19664967078260237
49-9093.00,10.990766334145576,9.45831882537469,0.08101056525286762,5.492227979274611,7.564766839378239,"Fabric Menders, Except Garment",26.930334,20.959999,0.21563178692020205,0.19664967078260237
43-5052.00,10.815094484813663,9.139114925085163,0.09169266244416337,5.38860103626943,6.839378238341969,Postal Service Mail Carriers,27.582581,25.0,0.21563178692020205,0.19664967078260237
43-5053.00,10.78277829785119,8.863262321175963,0.1082849580164829,5.284974093264249,6.010362694300518,"Postal Service Mail Sorters, Processors, and Processing Machine Operators",26.58441,18.889999,0.21563178692020205,0.19664967078260237
43-4041.02,10.687693962581593,7.903454396627403,0.1761406738262634,5.181347150259067,4.5595854922279795,Credit Checkers,45.204571,95.290001,0.21563178692020205,0.19664967078260237
43-4031.03,10.653452065902572,7.7891811970549565,0.18386212853352163,5.077720207253886,4.248704663212435,License Clerks,40.71286,82.660004,0.21563178692020205,0.19664967078260237
35-3031.00,10.486262243989756,7.470223642781932,0.20187070330364587,4.974093264248705,3.8341968911917097,Waiters and Waitresses,23.966618,6.2600002,0.21563178692020205,0.19664967078260237
47-2142.00,10.43881781584732,8.66064610304675,0.10265814418713087,4.870466321243524,5.38860103626943,Paperhangers,24.436766,7.71,0.21563178692020205,0.19664967078260237
51-9031.00,10.32935060908696,8.848095714041428,0.08370472827813483,4.766839378238342,5.699481865284974,"Cutters and Trimmers, Hand",29.61804,37.529999,0.21563178692020205,0.19664967078260237
51-2021.00,10.308018833208722,8.854640936834388,0.08206870875635587,4.66321243523316,5.803108808290156,"Coil Winders, Tapers, and Finishers",30.046013,40.110001,0.21563178692020205,0.19664967078260237
47-3015.00,10.21345303808206,8.606993130317635,0.09332294585583926,4.5595854922279795,5.077720207253886,"Helpers--Pipelayers, Plumbers, Pipefitters, and Steamfitters",24.82822,9.4700003,0.21563178692020205,0.19664967078260237
43-2021.00,10.19358809697347,7.59427707681339,0.17113617226952488,4.455958549222798,3.937823834196891,Telephone Operators,37.060272,69.199997,0.21563178692020205,0.19664967078260237
43-2011.00,10.187824211130252,7.894774096555117,0.1452258219507324,4.352331606217617,4.455958549222798,"Switchboard Operators, Including Answering Service",37.377388,70.339996,0.21563178692020205,0.19664967078260237
43-5081.01,10.019573180233975,7.762854480791037,0.14535366500989577,4.248704663212435,4.1450777202072535,"Stock Clerks, Sales Floor",29.196289,35.349998,0.21563178692020205,0.19664967078260237
37-3011.00,9.788251407082576,8.373377391798325,0.08448645923149907,4.1450777202072535,4.870466321243524,Landscaping and Groundskeeping Workers,23.345022,4.71,0.21563178692020205,0.19664967078260237
39-7011.00,9.76254036035045,6.985369726630973,0.19878479897290272,4.041450777202073,3.1088082901554404,Tour Guides and Escorts,33.886543,58.23,0.21563178692020205,0.19664967078260237
47-3014.00,9.74410814463259,7.84883871640725,0.12073565891113673,3.937823834196891,4.352331606217617,"Helpers--Painters, Paperhangers, Plasterers, and Stucco Masons",21.285248,1.29,0.21563178692020205,0.19664967078260237
31-1015.00,9.678844901965052,7.345849085929544,0.15879687894107417,3.8341968911917097,3.523316062176166,Orderlies,21.678278,1.92,0.21563178692020205,0.19664967078260237
43-9081.00,9.645204792082039,8.993353693998225,0.03624071287882465,3.7305699481865284,6.217616580310881,Proofreaders and Copy Markers,56.770428,99.949997,0.21563178692020205,0.19664967078260237
33-3011.00,9.568150788399477,6.9946437509313,0.18396269553581818,3.626943005181347,3.2124352331606216,Bailiffs,26.362669,17.75,0.21563178692020205,0.19664967078260237
15-2091.00,9.398607410288847,9.251829607866673,0.007932366280144836,3.523316062176166,7.046632124352332,Mathematical Technicians,50.82547,99.739998,0.21563178692020205,0.19664967078260237
39-5011.00,9.369794156819992,7.417475243475551,0.13160265786270814,3.4196891191709846,3.7305699481865284,Barbers,34.078247,58.849998,0.21563178692020205,0.19664967078260237
43-3021.01,9.257416250077313,7.396279698865057,0.12581572270028155,3.316062176165803,3.626943005181347,Statement Clerks,48.216888,98.400002,0.21563178692020205,0.19664967078260237
43-5081.03,9.240210730092533,6.784489074086623,0.1809805888983996,3.2124352331606216,2.901554404145078,"Stock Clerks- Stockroom, Warehouse, or Storage Yard",24.958742,10.3,0.21563178692020205,0.19664967078260237
53-7111.00,9.193031592973513,8.292275636382515,0.0543129531680613,3.1088082901554404,4.766839378238342,Mine Shuttle Car Operators,24.87911,9.8900003,0.21563178692020205,0.19664967078260237
39-2021.00,8.814178995278768,6.771415709551707,0.1508372379830081,3.005181347150259,2.7979274611398965,Nonfarm Animal Caretakers,30.346359,42.91,0.21563178692020205,0.19664967078260237
39-3031.00,8.756106407231705,6.133677670274897,0.21377294976435207,2.901554404145078,1.9689119170984455,"Ushers, Lobby Attendants, and Ticket Takers",30.724646,45.700001,0.21563178692020205,0.19664967078260237
51-6011.00,8.66771490187759,6.816380557105762,0.1358003950382361,2.7979274611398965,3.005181347150259,Laundry and Dry-Cleaning Workers,27.646297,25.309999,0.21563178692020205,0.19664967078260237
51-6041.00,8.594349548966335,7.066783620308386,0.10808070621180899,2.694300518134715,3.316062176165803,Shoe and Leather Workers and Repairers,28.46106,30.18,0.21563178692020205,0.19664967078260237
35-3021.00,8.584752687595309,6.015253612047459,0.21358194028607624,2.5906735751295336,1.8652849740932642,"Combined Food Preparation and Serving Workers, Including Fast Food",27.32934,23.549999,0.21563178692020205,0.19664967078260237
39-3091.00,8.306833979670861,5.995368184519786,0.19277096285090098,2.4870466321243523,1.761658031088083,Amusement and Recreation Attendants,27.238682,23.030001,0.21563178692020205,0.19664967078260237
51-9123.00,8.220296662954153,6.663716830251221,0.11679516644799037,2.383419689119171,2.5906735751295336,"Painting, Coating, and Decorating Workers",29.223728,35.560001,0.21563178692020205,0.19664967078260237
35-2011.00,8.084448857623709,6.200940023667332,0.15187284724312175,2.2797927461139897,2.0725388601036268,"Cooks, Fast Food",27.72575,26.139999,0.21563178692020205,0.19664967078260237
33-9091.00,8.07277714048979,6.322854211374955,0.13838077477468047,2.1761658031088085,2.2797927461139897,Crossing Guards,28.57279,30.9,0.21563178692020205,0.19664967078260237
47-2082.00,8.032852820948163,6.631922788801585,0.10562020071404747,2.0725388601036268,2.4870466321243523,Tapers,25.79545,14.86,0.21563178692020205,0.19664967078260237
35-2021.00,7.606700367931655,5.752242895177112,0.16119429469063165,1.9689119170984455,1.6580310880829014,Food Preparation Workers,27.278803,23.34,0.21563178692020205,0.19664967078260237
35-9021.00,7.60533463538405,6.258134685377206,0.10763590252817022,1.8652849740932642,2.1761658031088085,Dishwashers,23.724823,5.54,0.21563178692020205,0.19664967078260237
51-4121.07,7.577089574883631,6.6715430937035745,0.06786634429707028,1.761658031088083,2.694300518134715,Solderers and Brazers,29.921955,39.490002,0.21563178692020205,0.19664967078260237
39-5092.00,7.5403294160256555,5.406970147491351,0.19727862465859092,1.6580310880829014,1.2435233160621761,Manicurists and Pedicurists,36.915661,68.370003,0.21563178692020205,0.19664967078260237
39-4021.00,7.4114343604816035,5.047249151514483,0.23420532036324393,1.5544041450777202,0.8290155440414507,Funeral Attendants,28.312134,29.35,0.21563178692020205,0.19664967078260237
41-9041.00,7.337293695653775,4.247455622595612,0.363728117207493,1.450777202072539,0.31088082901554404,Telemarketers,35.188129,63.200001,0.21563178692020205,0.19664967078260237
51-6021.00,6.823847721579207,6.370264950223164,0.03560156248604324,1.3471502590673574,2.383419689119171,"Pressers, Textile, Garment, and Related Materials",24.404758,7.4000001,0.21563178692020205,0.19664967078260237
43-5081.02,6.7415934412841265,5.123257453898499,0.1579401388616698,1.2435233160621761,1.0362694300518134,Marking Clerks,33.41684,56.369999,0.21563178692020205,0.19664967078260237
43-5081.04,6.714186754796835,5.640477032235331,0.09517898188621748,1.1398963730569949,1.3471502590673574,"Order Fillers, Wholesale and Retail Sales",33.379478,56.16,0.21563178692020205,0.19664967078260237
35-3041.00,6.704291514030164,5.05153268479036,0.16358983821049872,1.0362694300518134,0.9326424870466321,"Food Servers, Nonrestaurant",30.238392,41.98,0.21563178692020205,0.19664967078260237
35-9011.00,6.639074021401498,4.822890749775848,0.1882878304583263,0.9326424870466321,0.7253886010362695,Dining Room and Cafeteria Attendants and Bartender Helpers,22.147696,2.3299999,0.21563178692020205,0.19664967078260237
37-2011.00,6.616919674745929,5.30208912484939,0.12399174353127154,0.8290155440414507,1.1398963730569949,"Janitors and Cleaners, Except Maids and Housekeeping Cleaners",27.11591,22.200001,0.21563178692020205,0.19664967078260237
53-7064.00,6.601721831888572,5.6631506577699735,0.08286651996718976,0.7253886010362695,1.450777202072539,"Packers and Packagers, Hand",26.377733,17.860001,0.21563178692020205,0.19664967078260237
51-3023.00,6.478411700741471,5.689349205203112,0.06934558480051933,0.6217616580310881,1.5544041450777202,Slaughterers and Meat Packers,22.990238,3.5699999,0.21563178692020205,0.19664967078260237
39-5093.00,6.281127828009783,4.404381279947986,0.21305450513629925,0.5181347150259067,0.5181347150259067,Shampooers,29.279219,35.66,0.21563178692020205,0.19664967078260237
37-2012.00,6.260225651435221,4.33736617210343,0.22166211048758303,0.41450777202072536,0.41450777202072536,Maids and Housekeeping Cleaners,24.856785,9.6800003,0.21563178692020205,0.19664967078260237
53-7061.00,5.519913477992153,4.749690326096062,0.08108140731452317,0.31088082901554404,0.6217616580310881,Cleaners of Vehicles and Equipment,25.567411,14.34,0.21563178692020205,0.19664967078260237
39-3093.00,4.919050578334518,3.05563909259761,0.30491354333224213,0.20725388601036268,0.10362694300518134,"Locker Room, Coatroom, and Dressing Room Attendants",30.204609,41.77,0.21563178692020205,0.19664967078260237
45-2041.00,4.471563388531965,3.8065541110617636,0.08735056143530177,0.10362694300518134,0.20725388601036268,"Graders and Sorters, Agricultural Products",26.830147,20.129999,0.21563178692020205,0.19664967078260237
41-9012.00,3.840780835140579,2.7926503624702357,0.18765873572215117,0.0,0.0,Models,29.555912,36.900002,0.21563178692020205,0.19664967078260237
