occ,exposure_A,exposure_B,social_share,pctl_A,pctl_B,occ_title_onetsoc2010,daioe_allapps,pctl_rank_allapps,corr_A_vs_DAIOE,corr_B_vs_DAIOE,delta_e_2023,delta_DAIOE_2023,pctl_new_2023,corr_new_vs_old
53-2011.00,46.39171318726612,40.47838008231258,0.07304310465153,100.0,100.0,"Airline Pilots, Copilots, and Flight Engineers",25.808903,15.06,0.215631786920202,0.1966496707826023,0.3035111716349452,0.09211903130721714,30.259067357512954,0.7909512460114306
19-2012.00,45.68678534840597,39.07725521656686,0.0845700407463237,99.89637305699482,99.89637305699482,Physicists,41.533199,85.660004,0.215631786920202,0.1966496707826023,0.5557842139901182,0.30889609252061356,85.18134715025907,0.7909512460114306
53-2021.00,43.76889294055658,37.576788930932906,0.0823926709251943,99.79274611398964,99.79274611398964,Air Traffic Controllers,38.642712,74.480003,0.215631786920202,0.1966496707826023,0.49858933848589304,0.24859132845180043,67.35751295336787,0.7909512460114306
29-1067.00,43.2766452395839,35.43161009974654,0.1107067265324963,99.68911917098444,99.68911917098444,Surgeons,27.201929,22.83,0.215631786920202,0.1966496707826023,0.4173726807669021,0.17419995465055035,51.0880829015544,0.7909512460114306
17-2199.08,40.14385782118755,34.45801256133169,0.0825039640596747,99.58549222797927,99.58549222797927,Robotics Engineers,36.762333,67.860001,0.215631786920202,0.1966496707826023,0.43867745044821455,0.19243790553174572,54.50777202072539,0.7909512460114306
29-1021.00,39.788306711600605,31.617652908500386,0.1292103153062248,99.48186528497408,98.96373056994818,"Dentists, General",24.971371,10.82,0.215631786920202,0.1966496707826023,0.3840980100158998,0.14753128129817428,44.248704663212436,0.7909512460114306
29-1069.04,39.50031172660834,31.25598142120797,0.1318840415583045,99.37823834196892,98.860103626943,Neurologists,36.799084,68.059998,0.215631786920202,0.1966496707826023,0.5655951112807336,0.3198978299046654,89.11917098445596,0.7909512460114306
19-3039.01,39.363679115711285,31.63363937330574,0.1221806895372365,99.27461139896371,99.06735751295336,Neuropsychologists and Clinical Neuropsychologists,37.097549,69.309998,0.215631786920202,0.1966496707826023,0.5883533686222845,0.34615968636918976,95.5440414507772,0.7909512460114306
33-1021.01,39.13013304233426,31.20645854042949,0.126955682773796,99.17098445595856,98.75647668393782,Municipal Fire Fighting and Prevention Supervisors,22.283232,2.54,0.215631786920202,0.1966496707826023,0.3337131158038197,0.11136444365949356,36.16580310880829,0.7909512460114306
29-1069.06,38.4938942767692,30.078984611040127,0.1398802149498173,99.06735751295336,98.13471502590671,Ophthalmologists,28.208843,28.620001,0.215631786920202,0.1966496707826023,0.43669753150060947,0.1907047340187258,54.196891191709845,0.7909512460114306
19-1029.02,38.37493457346784,33.1414846283243,0.0789561783944764,98.96373056994818,99.48186528497408,Molecular and Cellular Biologists,41.419514,85.459999,0.215631786920202,0.1966496707826023,0.5281571616125337,0.278949987362608,74.71502590673575,0.7909512460114306
19-1021.00,38.2351074759364,32.81435445837095,0.0825972826075604,98.860103626943,99.27461139896371,Biochemists and Biophysicists,41.062489,84.010002,0.215631786920202,0.1966496707826023,0.5260899226073182,0.2767706066689741,74.09326424870466,0.7909512460114306
11-1011.00,38.08584905412047,27.53987684682574,0.1914673087674003,98.75647668393782,95.75129533678756,Chief Executives,29.841835,39.18,0.215631786920202,0.1966496707826023,0.5703472467518029,0.325295981877362,90.77720207253886,0.7909512460114306
53-2012.00,38.049045285713106,33.018314128705434,0.0761809209488691,98.65284974093264,99.37823834196892,Commercial Pilots,28.449961,29.969999,0.215631786920202,0.1966496707826023,0.3225279438472697,0.10402427456234754,33.98963730569948,0.7909512460114306
29-1069.09,37.89939960003748,28.842747476401033,0.1570005099383571,98.54922279792746,97.40932642487049,Preventive Medicine Physicians,33.913727,58.330002,0.215631786920202,0.1966496707826023,0.5834871644056215,0.34045727102611284,94.81865284974093,0.7909512460114306
17-1011.00,37.75134430743567,30.89465321772311,0.110968895513919,98.44559585492227,98.54922279792746,"Architects, Except Landscape and Naval",39.092087,76.860001,0.215631786920202,0.1966496707826023,0.49714429007128913,0.24715244515048607,66.94300518134715,0.7909512460114306
29-1069.05,37.50367514251489,29.72362630863688,0.1308731436920492,98.34196891191708,98.03108808290156,Nuclear Medicine Physicians,31.330603,48.290001,0.215631786920202,0.1966496707826023,0.48327673132343046,0.23355639903865918,63.626943005181346,0.7909512460114306
19-1022.00,37.07495318063018,31.756743607509677,0.0837335470986842,98.23834196891193,99.17098445595856,Microbiologists,39.75322,79.239998,0.215631786920202,0.1966496707826023,0.49923484785653033,0.24923543331433298,67.56476683937824,0.7909512460114306
29-1069.11,36.927930348720984,28.716995701194566,0.14296298145117,98.13471502590671,96.99481865284974,Sports Medicine Physicians,26.981667,21.379999,0.215631786920202,0.1966496707826023,0.4559405751385016,0.20788180805762763,58.3419689119171,0.7909512460114306
29-1022.00,36.45679201809227,30.36576480872915,0.1002943157817674,98.03108808290156,98.23834196891193,Oral and Maxillofacial Surgeons,28.139431,28.309999,0.215631786920202,0.1966496707826023,0.3822620176003686,0.1461242500999045,43.93782383419689,0.7909512460114306
17-2199.04,36.24159519505325,30.493808763992117,0.0942451380138559,97.92746113989638,98.34196891191708,Manufacturing Engineers,35.562828,64.75,0.215631786920202,0.1966496707826023,0.4685904340088618,0.21957699484461346,60.829015544041454,0.7909512460114306
17-3029.06,35.85833086581986,30.924522157830523,0.0797717856852967,97.8238341968912,98.65284974093264,Manufacturing Engineering Technologists,37.550114,71.169998,0.215631786920202,0.1966496707826023,0.4590218673666969,0.2107010747208095,58.86010362694301,0.7909512460114306
29-1061.00,35.788356996276654,29.497064002620228,0.1066426982885071,97.72020725388602,97.8238341968912,Anesthesiologists,29.891491,39.389999,0.215631786920202,0.1966496707826023,0.44580963683464236,0.19874623229463573,55.95854922279793,0.7909512460114306
53-5021.01,35.73809461043106,29.13917822744773,0.1132309966237734,97.61658031088083,97.61658031088083,Ship and Boat Captains,25.264484,12.16,0.215631786920202,0.1966496707826023,0.3128375215600363,0.09786731489582617,32.43523316062176,0.7909512460114306
29-1069.07,35.50258002246474,29.653803579650624,0.098617643215721,97.51295336787564,97.92746113989638,Pathologists,40.08643,80.279999,0.215631786920202,0.1966496707826023,0.531161537543181,0.282132578965236,75.64766839378238,0.7909512460114306
17-2111.01,35.49513015907812,28.443897228811444,0.1239498384054828,97.40932642487049,96.6839378238342,Industrial Safety and Health Engineers,34.952995,61.849998,0.215631786920202,0.1966496707826023,0.5006651321380913,0.2506655745388524,68.08290155440415,0.7909512460114306
29-1069.10,35.42333978616506,28.719581644551933,0.1167105813828039,97.30569948186528,97.09844559585493,Radiologists,33.173973,55.02,0.215631786920202,0.1966496707826023,0.4767332873352516,0.22727462725347558,62.27979274611399,0.7909512460114306
53-5021.03,35.36319446470766,30.77071029600584,0.0746242794612696,97.20207253886012,98.44559585492227,"Pilots, Ship",28.41453,29.76,0.215631786920202,0.1966496707826023,0.29173304103292597,0.08510816723031886,27.564766839378237,0.7909512460114306
19-3091.02,35.267876500385185,29.42959228436604,0.0991907084475756,97.09844559585493,97.72020725388602,Archeologists,34.496754,59.68,0.215631786920202,0.1966496707826023,0.46278566955483436,0.21417057594531633,59.27461139896373,0.7909512460114306
17-2051.00,34.99077605562802,29.03155496935165,0.1026335153691813,96.99481865284974,97.51295336787564,Civil Engineers,41.583897,86.080002,0.215631786920202,0.1966496707826023,0.521172545581362,0.2716208222677568,72.43523316062176,0.7909512460114306
29-1069.03,34.861645964528975,26.78028061475168,0.15088276082749,96.89119170984456,95.12953367875647,Hospitalists,30.954956,46.740002,0.215631786920202,0.1966496707826023,0.526961385982557,0.2776883023166575,74.30051813471502,0.7909512460114306
33-2011.02,34.326232602468245,28.03035420375813,0.1123046528942186,96.78756476683938,96.37305699481864,Forest Firefighters,20.225155,0.47,0.215631786920202,0.1966496707826023,0.2530064409925834,0.06401225918373359,16.683937823834196,0.7909512460114306
29-1141.03,34.31946047576175,26.36724350286623,0.1507972756429977,96.6839378238342,94.4041450777202,Critical Care Nurses,24.431538,7.6100001,0.215631786920202,0.1966496707826023,0.41366006860261284,0.17111465235631837,50.5699481865285,0.7909512460114306
29-1069.12,34.2919058139328,28.12321597279893,0.1096725539337373,96.58031088082902,96.58031088082902,Urologists,30.932451,46.529999,0.215631786920202,0.1966496707826023,0.4465888347726631,0.19944158734360498,56.16580310880829,0.7909512460114306
19-1041.00,34.28289540314226,27.44241772206386,0.1246332912493096,96.47668393782384,95.64766839378238,Epidemiologists,40.995514,83.589996,0.215631786920202,0.1966496707826023,0.5778238349768113,0.3338803842673093,94.09326424870466,0.7909512460114306
19-1029.03,34.009297655884644,27.86176745862137,0.110321970894223,96.37305699481864,96.16580310880828,Geneticists,39.101318,76.970001,0.215631786920202,0.1966496707826023,0.536000838540373,0.2872968989159829,77.30569948186529,0.7909512460114306
17-2031.00,33.955333684840994,27.879222248988437,0.1089720398508071,96.26943005181349,96.26943005181349,Biomedical Engineers,40.729374,82.870003,0.215631786920202,0.1966496707826023,0.5173770841578369,0.26767904721166547,71.50259067357513,0.7909512460114306
17-2121.01,33.93591234073459,28.770847907298304,0.0897621170234274,96.16580310880828,97.20207253886012,Marine Engineers,34.756561,60.919998,0.215631786920202,0.1966496707826023,0.43462461496253557,0.1888985559313323,53.67875647668394,0.7909512460114306
19-1029.01,33.790190950905235,28.60592345523939,0.0906152794503877,96.06217616580312,96.89119170984456,Bioinformatics Scientists,43.813831,91.25,0.215631786920202,0.1966496707826023,0.5458234868612035,0.2979232788093224,80.82901554404145,0.7909512460114306
17-2041.00,33.66304170090745,28.540328461551074,0.0897451696510358,95.95854922279791,96.78756476683938,Chemical Engineers,45.349804,95.389999,0.215631786920202,0.1966496707826023,0.5374860513165638,0.28889125535987187,77.92746113989638,0.7909512460114306
29-1069.08,33.584146053428526,25.802413408848956,0.1507946663995162,95.85492227979276,93.47150259067358,Physical Medicine and Rehabilitation Physicians,30.125345,41.049999,0.215631786920202,0.1966496707826023,0.4922021250196629,0.24226293187387185,65.80310880829016,0.7909512460114306
11-9161.00,33.45010678760131,24.045661179922753,0.195553899252538,95.75129533678756,89.22279792746114,Emergency Management Directors,29.402788,36.080002,0.215631786920202,0.1966496707826023,0.5300210456905174,0.2809223088748696,75.23316062176166,0.7909512460114306
19-4092.00,33.42310222489687,28.794768269942637,0.0803676194155296,95.64766839378238,97.30569948186528,Forensic Science Technicians,35.399509,63.82,0.215631786920202,0.1966496707826023,0.4258318060796608,0.18133272706906586,52.2279792746114,0.7909512460114306
13-1041.04,33.40764475497998,27.679179632312717,0.1034796767599975,95.5440414507772,95.95854922279791,Government Property Inspectors and Investigators,33.472134,56.470001,0.215631786920202,0.1966496707826023,0.4347459352880808,0.18900402824950815,53.78238341968912,0.7909512460114306
33-1012.00,33.26549711350471,24.859784652749106,0.1690624552499103,95.44041450777202,91.19170984455958,First-Line Supervisors of Police and Detectives,22.569088,3.1600001,0.215631786920202,0.1966496707826023,0.3817408519532993,0.1457260780500308,43.83419689119171,0.7909512460114306
29-1069.01,33.25274443848519,26.147101934005445,0.1358782040628094,95.33678756476684,94.09326424870466,Allergists and Immunologists,38.125156,73.449997,0.215631786920202,0.1966496707826023,0.5635857207272992,0.3176288646077093,88.39378238341969,0.7909512460114306
29-1171.00,32.981010007346306,25.16893025069566,0.1551929239510432,95.23316062176166,92.12435233160622,Nurse Practitioners,26.562895,18.790001,0.215631786920202,0.1966496707826023,0.46280496236514557,0.2141884331898038,59.37823834196891,0.7909512460114306
29-1066.00,32.96611940649604,23.992351880309908,0.1870130858982346,95.12953367875647,88.70466321243524,Psychiatrists,30.156145,41.25,0.215631786920202,0.1966496707826023,0.5832092635347083,0.34013304507269676,94.61139896373057,0.7909512460114306
33-3051.01,32.965928955048554,25.90390554978941,0.1363119432258074,95.02590673575128,93.78238341968913,Police Patrol Officers,20.987434,0.98000002,0.215631786920202,0.1966496707826023,0.3090837071106991,0.09553273800129243,31.70984455958549,0.7909512460114306
27-2022.00,32.936314472927364,23.305242182141892,0.2066288823671927,94.92227979274612,86.94300518134715,Coaches and Scouts,23.082651,3.99,0.215631786920202,0.1966496707826023,0.4436326180018699,0.19680989975519306,55.233160621761655,0.7909512460114306
17-2199.09,32.89692897977763,28.055036381281344,0.0862927520872304,94.81865284974091,96.47668393782384,Nanosystems Engineers,40.101963,80.379997,0.215631786920202,0.1966496707826023,0.500512378520181,0.250512641051929,67.97927461139896,0.7909512460114306
29-2041.00,32.62256705300305,26.22767899884941,0.121911055386071,94.71502590673576,94.30051813471502,Emergency Medical Technicians and Paramedics,23.27947,4.4000001,0.215631786920202,0.1966496707826023,0.320631354783646,0.10280446567039628,33.575129533678755,0.7909512460114306
17-2151.00,32.583835909159276,27.74793033071124,0.0871399329753917,94.61139896373057,96.06217616580312,"Mining and Geological Engineers, Including Mining Safety Engineers",45.71386,96.639999,0.215631786920202,0.1966496707826023,0.5382588922526965,0.28972263508909996,78.23834196891191,0.7909512460114306
29-1041.00,32.4734203229446,26.79084549202834,0.1060544138595237,94.50777202072538,95.23316062176166,Optometrists,34.919254,61.540001,0.215631786920202,0.1966496707826023,0.4450200167286529,0.19804281528917048,55.5440414507772,0.7909512460114306
11-9041.00,32.42068135989818,25.092151004603927,0.1460323260837545,94.4041450777202,91.70984455958548,Architectural and Engineering Managers,36.751564,67.75,0.215631786920202,0.1966496707826023,0.5317199543356044,0.2827261098386572,75.75129533678756,0.7909512460114306
29-1151.00,32.40263873017134,26.18443052996022,0.1187386564144721,94.30051813471502,94.19689119170984,Nurse Anesthetists,29.816238,38.98,0.215631786920202,0.1966496707826023,0.4362977270472528,0.1903557066265991,54.09326424870466,0.7909512460114306
13-1041.01,32.367367565400365,27.417302828967216,0.0902726421944621,94.19689119170984,95.5440414507772,Environmental Compliance Inspectors,36.709904,67.550003,0.215631786920202,0.1966496707826023,0.4639850149292372,0.2152820940788845,59.79274611398964,0.7909512460114306
17-2199.01,32.29071841957904,27.569630934634898,0.0856211585881838,94.09326424870466,95.85492227979276,Biochemical Engineers,38.940998,76.139999,0.215631786920202,0.1966496707826023,0.4931845851323979,0.2432310350122154,66.11398963730569,0.7909512460114306
29-1063.00,32.20665202813849,25.887236186439164,0.1220565956942461,93.98963730569947,93.67875647668394,"Internists, General",37.839542,72.0,0.215631786920202,0.1966496707826023,0.545957315318294,0.298069390149559,80.93264248704664,0.7909512460114306
33-1021.02,32.10095686372674,25.76468634455891,0.1229642471565727,93.88601036269432,93.26424870466322,Forest Fire Fighting and Prevention Supervisors,25.095049,11.44,0.215631786920202,0.1966496707826023,0.33610171580730813,0.11296436336861652,36.58031088082902,0.7909512460114306
29-1141.00,32.001429098209336,24.457140681283324,0.1542348820583826,93.78238341968913,90.15544041450777,Registered Nurses,24.546698,8.3299999,0.215631786920202,0.1966496707826023,0.4158944033568599,0.17296815474355848,50.880829015544045,0.7909512460114306
29-1081.00,31.921015985265992,25.393851723174755,0.1285185944465144,93.67875647668394,92.64248704663213,Podiatrists,33.374344,56.060001,0.215631786920202,0.1966496707826023,0.4847547330145956,0.23498715118005187,64.04145077720207,0.7909512460114306
19-2011.00,31.905514632025497,26.852799934658517,0.0940817104670995,93.57512953367876,95.33678756476684,Astronomers,45.428856,95.809998,0.215631786920202,0.1966496707826023,0.53559053155611,0.2868572174925565,77.20207253886011,0.7909512460114306
17-2161.00,31.79743952882704,26.448508799295983,0.1011197033851949,93.47150259067358,94.92227979274612,Nuclear Engineers,42.933788,88.660004,0.215631786920202,0.1966496707826023,0.546223371295012,0.29835997134888853,81.139896373057,0.7909512460114306
33-2011.01,31.79388620834919,26.060777728559582,0.1099949613841873,93.3678756476684,93.88601036269432,Municipal Firefighters,20.556932,0.56999999,0.215631786920202,0.1966496707826023,0.24617543204720327,0.06060234334362719,15.233160621761659,0.7909512460114306
17-2081.00,31.78265317015274,25.09380169236148,0.1332769653596837,93.26424870466322,91.81347150259067,Environmental Engineers,39.510254,78.309998,0.215631786920202,0.1966496707826023,0.5474474894283955,0.2996987536814532,81.65803108808291,0.7909512460114306
21-2011.00,31.764700783482677,22.223446481708155,0.2146663954582339,93.16062176165804,82.69430051813471,Clergy,26.477999,18.370001,0.215631786920202,0.1966496707826023,0.5708734090889027,0.32589644920478567,91.0880829015544,0.7909512460114306
29-1064.00,31.72433410858536,25.132962489187165,0.131130017446888,93.05699481865284,91.91709844559584,Obstetricians and Gynecologists,30.880747,46.330002,0.215631786920202,0.1966496707826023,0.46590894868735877,0.2170711484669599,60.310880829015545,0.7909512460114306
17-2141.02,31.697140128364424,26.406888451178745,0.1001680240927728,92.95336787564769,94.71502590673576,Automotive Engineers,41.34457,84.940002,0.215631786920202,0.1966496707826023,0.49646184576645597,0.2464743643018363,66.83937823834196,0.7909512460114306
25-9021.00,31.68898219071138,23.77879265311243,0.1663286621190916,92.84974093264248,88.29015544041451,Farm and Home Management Advisors,30.529505,43.939999,0.215631786920202,0.1966496707826023,0.5016556796119681,0.2516584208869456,68.49740932642487,0.7909512460114306
19-1042.00,31.549575466015725,26.063206993837724,0.1052512162734842,92.74611398963732,93.98963730569947,"Medical Scientists, Except Epidemiologists",42.21463,87.529999,0.215631786920202,0.1966496707826023,0.561983674612822,0.31582565053133016,87.25388601036269,0.7909512460114306
17-2199.06,31.47643961934847,26.403806263146095,0.0960587520156639,92.64248704663213,94.61139896373057,Microsystems Engineers,38.845818,75.720001,0.215631786920202,0.1966496707826023,0.4920807611320345,0.24214347547628243,65.69948186528498,0.7909512460114306
17-2121.02,31.443747608493435,26.444651942087063,0.0945199747259716,92.53886010362694,94.81865284974091,Marine Architects,41.107235,84.110001,0.215631786920202,0.1966496707826023,0.5017467272732936,0.2517497783294609,68.60103626943005,0.7909512460114306
11-3051.06,31.430506360007072,24.5790008033151,0.1393772190236446,92.43523316062176,90.56994818652848,Hydroelectric Production Managers,30.665232,45.389999,0.215631786920202,0.1966496707826023,0.4422866052622719,0.19561744119442476,54.92227979274612,0.7909512460114306
29-1199.04,31.39227534452524,24.71310459510788,0.1351341901158695,92.33160621761658,90.88082901554404,Naturopathic Physicians,37.4809,70.959999,0.215631786920202,0.1966496707826023,0.5543499404278963,0.3073038564524122,84.55958549222798,0.7909512460114306
29-1141.04,31.275237354618103,23.132869031924848,0.1759913202174849,92.2279792746114,86.21761658031087,Clinical Nurse Specialists,24.207233,6.9899998,0.215631786920202,0.1966496707826023,0.4286755077968842,0.18376269098491652,53.16062176165803,0.7909512460114306
17-3024.01,31.155562623400904,26.893673759893336,0.0792358995196734,92.12435233160622,95.44041450777202,Robotics Technicians,29.516436,36.799999,0.215631786920202,0.1966496707826023,0.33367253784155537,0.1113373625096242,36.06217616580311,0.7909512460114306
17-2081.01,31.067486156648,25.248850554237844,0.1152257523547649,92.02072538860104,92.43523316062176,Water/Wastewater Engineers,43.302517,89.699997,0.215631786920202,0.1966496707826023,0.5342701865032564,0.2854446321862244,76.47668393782384,0.7909512460114306
29-1069.02,30.95197011330381,24.18289509967247,0.1399558445283711,91.91709844559584,89.84455958549223,Dermatologists,32.381378,52.740002,0.215631786920202,0.1966496707826023,0.4743024091783096,0.22496277535234865,61.865284974093264,0.7909512460114306
33-3021.01,30.943786883837323,25.230804150162474,0.1132144401675374,91.81347150259067,92.33160621761658,Police Detectives,28.165606,28.52,0.215631786920202,0.1966496707826023,0.3955500538241923,0.1564598450803214,46.21761658031088,0.7909512460114306
17-2199.07,30.894428122586092,26.37240951359228,0.0857338918285637,91.70984455958548,94.50777202072538,Photonics Engineers,40.642944,82.559998,0.215631786920202,0.1966496707826023,0.45325291706458626,0.2054382068275567,57.82383419689119,0.7909512460114306
21-1014.00,30.84536370800644,22.390597246312456,0.1888017181651198,91.60621761658032,83.62694300518135,Mental Health Counselors,31.189999,47.57,0.215631786920202,0.1966496707826023,0.6033406605390872,0.364019952659742,97.8238341968912,0.7909512460114306
23-1011.00,30.8327090822466,23.055326053260533,0.1686678169508293,91.50259067357511,85.69948186528498,Lawyers,34.763546,61.02,0.215631786920202,0.1966496707826023,0.5894755775437461,0.3474814565205331,95.95854922279793,0.7909512460114306
17-2051.01,30.80009576101468,25.37240847410608,0.1069604269623801,91.39896373056996,92.53886010362694,Transportation Engineers,43.235161,89.389999,0.215631786920202,0.1966496707826023,0.534873367173149,0.2860895189111423,76.78756476683938,0.7909512460114306
33-3021.03,30.745093205399517,24.52497755359056,0.1268118520846169,91.29533678756476,90.36269430051811,Criminal Investigators and Special Agents,29.589619,37.220001,0.215631786920202,0.1966496707826023,0.41284971472969617,0.17044488695239152,50.362694300518136,0.7909512460114306
49-1011.00,30.63525268005937,24.03127138799763,0.1374039097939711,91.19170984455958,88.9119170984456,"First-Line Supervisors of Mechanics, Installers, and Repairers",27.281092,23.450001,0.215631786920202,0.1966496707826023,0.3912829396676317,0.15310233887494354,45.181347150259064,0.7909512460114306
29-1065.00,30.56319625576885,24.06997438496056,0.1348821932038573,91.0880829015544,89.32642487046633,"Pediatricians, General",36.786957,67.959999,0.215631786920202,0.1966496707826023,0.5556310716957913,0.30872588783381355,85.07772020725389,0.7909512460114306
49-9095.00,30.489653518249963,25.21268244427987,0.1046491400832144,90.98445595854922,92.2279792746114,Manufactured Building and Mobile Home Installers,20.79347,0.77999997,0.215631786920202,0.1966496707826023,0.2300208061369549,0.052909571255894586,11.295336787564766,0.7909512460114306
41-9031.00,30.469272121879467,22.24017396957778,0.1850052558841993,90.88082901554404,82.79792746113989,Sales Engineers,31.79833,50.470001,0.215631786920202,0.1966496707826023,0.534863428710356,0.28607888737179804,76.6839378238342,0.7909512460114306
11-9032.00,30.372982165460986,22.01614272007809,0.1897889097021907,90.77720207253886,82.1761658031088,"Education Administrators, Elementary and Secondary School",30.805584,46.009998,0.215631786920202,0.1966496707826023,0.5500001822400951,0.3025002004641378,82.59067357512953,0.7909512460114306
33-2021.02,30.347261722823113,25.47589453187181,0.0956073825956717,90.67357512953367,92.84974093264248,Fire Investigators,31.784954,50.259998,0.215631786920202,0.1966496707826023,0.3799508916686881,0.14436268007983116,43.523316062176164,0.7909512460114306
17-3029.04,30.227031758353817,25.87248370800895,0.0841540398573503,90.56994818652848,93.57512953367876,Electronics Engineering Technologists,36.015148,65.889999,0.215631786920202,0.1966496707826023,0.39979667325380924,0.15983737994481312,47.35751295336787,0.7909512460114306
29-1071.00,30.162591290945585,23.012650242456967,0.1553480579845906,90.46632124352332,85.49222797927462,Physician Assistants,29.420959,36.490002,0.215631786920202,0.1966496707826023,0.4683166714817002,0.2193205047876987,60.62176165803109,0.7909512460114306
33-3051.03,30.161188772039804,22.58387505372717,0.1677593792094174,90.36269430051811,84.66321243523316,Sheriffs and Deputy Sheriffs,21.00662,1.09,0.215631786920202,0.1966496707826023,0.329288575011552,0.10843096563313852,35.233160621761655,0.7909512460114306
17-1022.00,30.129086739290432,25.032736234791457,0.1017937163700042,90.25906735751296,91.50259067357511,Surveyors,30.628189,45.080002,0.215631786920202,0.1966496707826023,0.3722333310990466,0.13855765278109244,42.17616580310881,0.7909512460114306
19-2041.00,30.0497841481668,24.282543513624216,0.1187528116917973,90.15544041450777,89.94818652849742,"Environmental Scientists and Specialists, Including Health",37.612206,71.269997,0.215631786920202,0.1966496707826023,0.5119233500803488,0.26206551635748737,70.36269430051813,0.7909512460114306
13-1199.04,30.01703814375771,23.39297814382837,0.1415822294878885,90.05181347150258,87.25388601036269,Business Continuity Planners,41.394318,85.139999,0.215631786920202,0.1966496707826023,0.562642957897536,0.31656709807168854,87.46113989637306,0.7909512460114306
15-2041.01,29.937149659606213,25.082926515724452,0.09676349250632,89.94818652849742,91.60621761658032,Biostatisticians,44.259476,92.389999,0.215631786920202,0.1966496707826023,0.5666740497431352,0.32111947865228524,89.74093264248705,0.7909512460114306
27-1027.00,29.926135538605095,24.150661904691567,0.1195717462466642,89.84455958549223,89.63730569948187,Set and Exhibit Designers,31.654169,49.330002,0.215631786920202,0.1966496707826023,0.4048546227780161,0.1639072655847297,48.18652849740933,0.7909512460114306
29-1062.00,29.892514426544373,23.0665003827535,0.147963798810473,89.74093264248705,85.80310880829016,Family and General Practitioners,34.984535,62.060001,0.215631786920202,0.1966496707826023,0.5456111328653516,0.29769150830661234,80.72538860103627,0.7909512460114306
19-1013.00,29.86367528113493,25.46838503483087,0.0862891431924916,89.63730569948187,92.74611398963732,Soil and Plant Scientists,40.564079,82.040001,0.215631786920202,0.1966496707826023,0.505041672249666,0.25506709070873906,69.01554404145078,0.7909512460114306
29-1127.00,29.817421885403984,23.28796919569387,0.1401893963969487,89.53367875647669,86.83937823834196,Speech-Language Pathologists,35.326927,63.610001,0.215631786920202,0.1966496707826023,0.5720177854026964,0.3272043468170053,91.19170984455958,0.7909512460114306
17-2011.00,29.816196943099577,24.72111472075724,0.103051223213333,89.43005181347151,90.98445595854922,Aerospace Engineers,45.358471,95.599998,0.215631786920202,0.1966496707826023,0.5477526675123363,0.30003298476688006,81.76165803108809,0.7909512460114306
19-3032.00,29.695219675091693,22.59273294973465,0.1571852051090716,89.32642487046633,84.76683937823834,Industrial-Organizational Psychologists,38.117924,73.339996,0.215631786920202,0.1966496707826023,0.5835810600173642,0.3405668536109904,94.92227979274611,0.7909512460114306
19-2031.00,29.673423097913567,25.611089762539955,0.0793080921787908,89.22279792746114,93.16062176165804,Chemists,39.215393,77.589996,0.215631786920202,0.1966496707826023,0.46352383254774754,0.2148543433397523,59.58549222797927,0.7909512460114306
17-2141.00,29.669782292286047,24.766613424803875,0.0989874712255093,89.11917098445596,91.0880829015544,Mechanical Engineers,43.17329,89.290001,0.215631786920202,0.1966496707826023,0.5174776618403346,0.2677831305037397,71.70984455958549,0.7909512460114306
11-9151.00,29.65001525428981,21.124977881129656,0.2017762437700662,89.01554404145078,77.61658031088083,Social and Community Service Managers,28.505972,30.49,0.215631786920202,0.1966496707826023,0.5335428372655949,0.2846679591974211,76.26943005181347,0.7909512460114306
19-3031.03,29.618480154454065,20.49140037902724,0.2227051252380072,88.9119170984456,73.57512953367876,Counseling Psychologists,30.765278,45.810001,0.215631786920202,0.1966496707826023,0.6139518217796933,0.37693683946660433,98.860103626943,0.7909512460114306
17-2021.00,29.60292792737833,24.534411192388184,0.1032940365930333,88.80829015544042,90.46632124352332,Agricultural Engineers,40.123245,80.589996,0.215631786920202,0.1966496707826023,0.5068235821813238,0.2568701434551091,69.22279792746114,0.7909512460114306
11-3131.00,29.587533258769305,21.09022543444932,0.2014513275529114,88.70466321243524,77.40932642487047,Training and Development Managers,32.616375,53.16,0.215631786920202,0.1966496707826023,0.5692447712634348,0.32403960961076017,90.36269430051813,0.7909512460114306
17-1022.01,29.547431172053805,25.791472518483605,0.0728139630429877,88.60103626943005,93.3678756476684,Geodetic Surveyors,38.338432,73.959999,0.215631786920202,0.1966496707826023,0.42865798271044253,0.18374766614138605,53.056994818652846,0.7909512460114306
17-2141.01,29.50262441868774,24.996842028543565,0.0901270325467329,88.49740932642487,91.29533678756476,Fuel Cell Engineers,41.278542,84.629997,0.215631786920202,0.1966496707826023,0.48460875342985393,0.23484564390083695,63.93782383419689,0.7909512460114306
17-2072.00,29.470201527292858,24.596446173923056,0.099074380886311,88.39378238341969,90.67357512953367,"Electronics Engineers, Except Computer",38.255562,73.860001,0.215631786920202,0.1966496707826023,0.45521667233981145,0.20722221877613126,58.031088082901555,0.7909512460114306
15-1121.01,29.44657731123556,23.172895078558692,0.1353668199723942,88.29015544041451,86.42487046632124,Informatics Nurse Specialists,40.589039,82.25,0.215631786920202,0.1966496707826023,0.5462668669816086,0.29840748996190253,81.24352331606218,0.7909512460114306
19-1012.00,29.435583968527197,23.501917779442216,0.1262379148112611,88.18652849740933,87.56476683937824,Food Scientists and Technologists,35.989223,65.790001,0.215631786920202,0.1966496707826023,0.4925805140079904,0.24263556278037604,65.90673575129534,0.7909512460114306
21-1023.00,29.43296468287764,21.10543626833035,0.1972839677103266,88.08290155440415,77.51295336787565,Mental Health and Substance Abuse Social Workers,30.060724,40.32,0.215631786920202,0.1966496707826023,0.5656503736634393,0.31996034522558847,89.22279792746114,0.7909512460114306
27-2012.05,29.362335830988098,22.319302694330347,0.1577789690187509,87.97927461139896,83.10880829015544,Technical Directors/Managers,34.284256,59.369999,0.215631786920202,0.1966496707826023,0.4931051105933311,0.2431526500932613,66.01036269430051,0.7909512460114306
11-9033.00,29.34505567938067,21.172962203980852,0.1929841794612785,87.87564766839378,77.8238341968912,"Education Administrators, Postsecondary",34.105659,59.16,0.215631786920202,0.1966496707826023,0.5886235383464589,0.3464776698955051,95.75129533678756,0.7909512460114306
25-9031.00,29.31810616224866,21.53004561049016,0.1808649338848567,87.7720207253886,79.79274611398964,Instructional Coordinators,34.540485,60.09,0.215631786920202,0.1966496707826023,0.5669686027330569,0.3214533964850749,89.84455958549223,0.7909512460114306
19-2042.00,29.141930958987466,24.685138583353485,0.0902727841811556,87.66839378238342,90.77720207253886,"Geoscientists, Except Hydrologists and Geographers",39.96637,79.870003,0.215631786920202,0.1966496707826023,0.49774008509405765,0.24774519230943975,67.15025906735751,0.7909512460114306
49-3011.00,29.12909766373209,25.00904347632983,0.0823712868367345,87.56476683937824,91.39896373056996,Aircraft Mechanics and Service Technicians,29.03277,34.209999,0.215631786920202,0.1966496707826023,0.3141199830077628,0.09867136372479718,32.64248704663213,0.7909512460114306
45-1011.05,29.121635567705063,23.54639704508873,0.1183883570794371,87.46113989637306,87.7720207253886,First-Line Supervisors of Logging Workers,24.484335,7.9200001,0.215631786920202,0.1966496707826023,0.2970941793804805,0.08826495142176112,28.808290155440414,0.7909512460114306
29-1051.00,29.027343730902363,22.282003054070582,0.1513629780155582,87.35751295336787,83.00518134715026,Pharmacists,31.92844,51.189999,0.215631786920202,0.1966496707826023,0.48604406626445434,0.23623883435088527,64.35233160621762,0.7909512460114306
13-2061.00,28.96526601237585,22.373921040177297,0.1472997281156561,87.25388601036269,83.41968911917098,Financial Examiners,39.909153,79.660004,0.215631786920202,0.1966496707826023,0.5683083432615951,0.32297437302073895,90.25906735751295,0.7909512460114306
15-2021.00,28.950699003356384,25.609591750775877,0.065231560211796,87.15025906735751,93.05699481865284,Mathematicians,54.915405,99.839996,0.215631786920202,0.1966496707826023,0.564593985896431,0.31876636891041926,88.60103626943005,0.7909512460114306
17-2171.00,28.920375081767304,23.009327010110464,0.1284489561354725,87.04663212435233,85.38860103626943,Petroleum Engineers,40.753189,83.07,0.215631786920202,0.1966496707826023,0.5444287658779858,0.2964026811154267,80.31088082901555,0.7909512460114306
19-4051.01,28.90176297389471,26.60722863566643,0.0431186270777652,86.94300518134715,95.02590673575128,Nuclear Equipment Operation Technicians,36.09502,66.099998,0.215631786920202,0.1966496707826023,0.3808258455868978,0.14502832466697574,43.73056994818653,0.7909512460114306
33-2021.01,28.884259522739377,24.52240578310097,0.0889360892691097,86.83937823834196,90.25906735751296,Fire Inspectors,35.511986,64.540001,0.215631786920202,0.1966496707826023,0.41166853619247956,0.16947098369085886,50.15544041450777,0.7909512460114306
17-2131.00,28.861997323672185,24.12715741500921,0.0981226223052179,86.73575129533678,89.43005181347151,Materials Engineers,42.682999,88.040001,0.215631786920202,0.1966496707826023,0.5149863188894219,0.26521090864327734,70.77720207253886,0.7909512460114306
11-9041.01,28.840412056107457,23.771754516541204,0.106610926342002,86.6321243523316,88.18652849740933,Biofuels/Biodiesel Technology and Product Development Managers,36.986183,68.889999,0.215631786920202,0.1966496707826023,0.4746242397943229,0.2252681690003389,61.968911917098445,0.7909512460114306
19-1020.01,28.83141411995755,24.132910125900167,0.0973464030973787,86.52849740932642,89.53367875647669,Biologists,40.738224,82.970001,0.215631786920202,0.1966496707826023,0.5114366335249507,0.26156743011133476,70.25906735751295,0.7909512460114306
11-9021.00,28.823891586252728,21.930224396927056,0.1571727462645489,86.42487046632124,81.65803108808291,Construction Managers,34.829094,61.23,0.215631786920202,0.1966496707826023,0.48908934090369954,0.23920838338561523,65.18134715025907,0.7909512460114306
13-1041.06,28.778612976029237,23.120703636555703,0.1223559072511945,86.32124352331606,86.11398963730569,Coroners,32.663651,53.470001,0.215631786920202,0.1966496707826023,0.45022874445529076,0.2027059223337875,56.994818652849744,0.7909512460114306
19-2043.00,28.75892557583931,24.00562448583728,0.099003904122685,86.21761658031087,88.80829015544042,Hydrologists,39.575035,78.730003,0.215631786920202,0.1966496707826023,0.4730263248133895,0.22375390396646228,61.45077720207254,0.7909512460114306
19-1032.00,28.72143383324014,22.44139881109872,0.1399207570571656,86.11398963730569,83.93782383419689,Foresters,28.878063,32.970001,0.215631786920202,0.1966496707826023,0.3901357265543459,0.15220588513408737,44.97409326424871,0.7909512460114306
19-2099.01,28.705514145762308,24.40357475686886,0.0881415823655626,86.01036269430051,90.05181347150258,Remote Sensing Scientists and Technologists,45.514915,96.010002,0.215631786920202,0.1966496707826023,0.5309851946022135,0.28194527688675053,75.5440414507772,0.7909512460114306
29-1071.01,28.66835872879856,23.9280674224245,0.0990529494649374,85.90673575129534,88.49740932642487,Anesthesiologist Assistants,29.481886,36.700001,0.215631786920202,0.1966496707826023,0.3828243885432937,0.1465545124635467,44.04145077720207,0.7909512460114306
29-2099.07,28.632645791193575,23.9774175196943,0.0970752639994615,85.80310880829016,88.60103626943005,Surgical Assistants,25.431849,13.41,0.215631786920202,0.1966496707826023,0.3185487021743374,0.1014732756569547,33.16062176165803,0.7909512460114306
29-1181.00,28.626888587675683,22.53057145366831,0.1352898914824196,85.69948186528498,84.4559585492228,Audiologists,32.994713,54.610001,0.215631786920202,0.1966496707826023,0.48833881680499003,0.2384747999984976,64.97409326424871,0.7909512460114306
45-1011.06,28.622588142751965,22.389415442767593,0.1391990942308826,85.5958549222798,83.52331606217616,First-Line Supervisors of Aquacultural Workers,26.296062,17.34,0.215631786920202,0.1966496707826023,0.3647653237319143,0.13305374139724824,40.829015544041454,0.7909512460114306
23-1023.00,28.588246793279456,22.41253506853986,0.137773609853897,85.49222797927462,83.73056994818653,"Judges, Magistrate Judges, and Magistrates",40.245487,81.419998,0.215631786920202,0.1966496707826023,0.6148286681835449,0.3780142912203515,98.96373056994818,0.7909512460114306
21-1013.00,28.57692890153195,19.76039972789335,0.2230858002632753,85.38860103626943,69.11917098445596,Marriage and Family Therapists,30.066782,40.419998,0.215631786920202,0.1966496707826023,0.5947264394517124,0.3536995377829114,96.78756476683938,0.7909512460114306
29-9011.00,28.502853539681063,22.439664191455066,0.1350998236090991,85.28497409326425,83.83419689119171,Occupational Health and Safety Specialists,34.921227,61.650002,0.215631786920202,0.1966496707826023,0.4790680217198646,0.22950616943458468,62.90155440414508,0.7909512460114306
25-2032.00,28.499647534096788,20.844328832754712,0.183630731475329,85.18134715025907,76.26943005181347,"Career/Technical Education Teachers, Secondary School",27.139547,22.41,0.215631786920202,0.1966496707826023,0.45701870233038266,0.20886609427974692,58.54922279792746,0.7909512460114306
51-8093.00,28.495936159019877,25.156574072498245,0.0663715591180656,85.07772020725389,92.02072538860104,"Petroleum Pump System Operators, Refinery Operators, and Gaugers",30.452471,43.32,0.215631786920202,0.1966496707826023,0.3265307536128852,0.10662233305499874,34.40414507772021,0.7909512460114306
15-2011.00,28.481139098501675,23.550626524989415,0.1046790107320611,84.97409326424871,87.87564766839378,Actuaries,44.808338,93.839996,0.215631786920202,0.1966496707826023,0.5537650597473165,0.306655741396949,84.35233160621762,0.7909512460114306
13-1081.01,28.44492473696327,22.943453014563985,0.1198919735165207,84.87046632124353,85.28497409326425,Logistics Engineers,40.536701,81.940002,0.215631786920202,0.1966496707826023,0.5156586140752335,0.2659038062699906,70.88082901554404,0.7909512460114306
29-1141.02,28.421146852151814,20.538234231052872,0.1919082364242477,84.76683937823834,73.88601036269431,Advanced Practice Psychiatric Nurses,30.590992,44.57,0.215631786920202,0.1966496707826023,0.5287776984475552,0.2796058543754936,74.81865284974093,0.7909512460114306
19-1031.01,28.38559834377862,22.446292820388155,0.1323003662768701,84.66321243523316,84.04145077720207,Soil and Water Conservationists,30.207035,41.869999,0.215631786920202,0.1966496707826023,0.4217442865958968,0.17786824327628195,51.50259067357513,0.7909512460114306
33-3021.06,28.384224799919043,24.03817817437097,0.0903988354280055,84.55958549222798,89.01554404145078,Intelligence Analysts,48.203289,98.290001,0.215631786920202,0.1966496707826023,0.5777804525248658,0.3338302513198387,93.98963730569949,0.7909512460114306
19-2032.00,28.330900187217033,23.761095209662084,0.0961614971286489,84.4559585492228,88.08290155440415,Materials Scientists,43.254257,89.489998,0.215631786920202,0.1966496707826023,0.5110294746838593,0.2611511239956612,70.05181347150258,0.7909512460114306
25-1072.00,28.290079440756404,21.0581744252771,0.1717125347484659,84.35233160621762,77.20207253886011,"Nursing Instructors and Teachers, Postsecondary",30.774345,45.91,0.215631786920202,0.1966496707826023,0.517446267686876,0.2677506399430781,71.60621761658031,0.7909512460114306
17-2112.01,28.287839120370364,22.937168099766716,0.1166375682763136,84.24870466321244,85.18134715025907,Human Factors Engineers and Ergonomists,44.29044,92.599998,0.215631786920202,0.1966496707826023,0.5615847374111169,0.31537741729311314,87.15025906735751,0.7909512460114306
27-1011.00,28.275133272418906,21.925980688785756,0.144786057092545,84.14507772020725,81.55440414507773,Art Directors,39.860695,79.550003,0.215631786920202,0.1966496707826023,0.5064513448834512,0.2564929647342565,69.11917098445596,0.7909512460114306
19-1011.00,28.254752907292985,23.383570731439026,0.1041582192856604,84.04145077720207,87.04663212435233,Animal Scientists,40.824184,83.389999,0.215631786920202,0.1966496707826023,0.5413257552452686,0.29303357329186047,79.37823834196891,0.7909512460114306
51-8011.00,28.21490175186256,23.650380217492867,0.0964999609391812,83.93782383419689,87.97927461139896,Nuclear Power Reactor Operators,37.45179,70.760002,0.215631786920202,0.1966496707826023,0.45284290764801793,0.2050666990071113,57.512953367875646,0.7909512460114306
49-2094.00,28.210570152682752,24.17173722176369,0.0835445316541541,83.83419689119171,89.74093264248705,"Electrical and Electronics Repairers, Commercial and Industrial Equipment",30.360725,43.009998,0.215631786920202,0.1966496707826023,0.3233856108489022,0.10457825330411762,34.09326424870466,0.7909512460114306
11-3051.01,28.13585827675437,22.029224877021814,0.1386030020080787,83.73056994818653,82.27979274611398,Quality Control Systems Managers,32.263676,52.330002,0.215631786920202,0.1966496707826023,0.451686353210454,0.204020561676559,57.30569948186528,0.7909512460114306
43-9031.00,28.06710968845457,23.27082986663995,0.1030534761609502,83.62694300518135,86.6321243523316,Desktop Publishers,36.942554,68.580002,0.215631786920202,0.1966496707826023,0.40971232326242646,0.16786418783309504,49.53367875647668,0.7909512460114306
29-1131.00,28.058476836169973,22.45877247344116,0.124666305100842,83.52331606217616,84.24870466321244,Veterinarians,29.757439,38.560001,0.215631786920202,0.1966496707826023,0.4068492700105192,0.16552632850809235,48.80829015544042,0.7909512460114306
29-1161.00,28.05470071888679,21.578000562203027,0.1500764664921881,83.41968911917098,80.10362694300518,Nurse Midwives,29.593582,37.32,0.215631786920202,0.1966496707826023,0.45299126914223065,0.20520108991908884,57.61658031088083,0.7909512460114306
17-2111.02,28.041413708213163,23.44611126508589,0.0979971132775915,83.3160621761658,87.35751295336787,Fire-Prevention and Protection Engineers,45.087677,94.769997,0.215631786920202,0.1966496707826023,0.5219307804002278,0.2724117395291908,72.64248704663213,0.7909512460114306
53-4011.00,28.002811124650233,25.55706916899526,0.0478486390493876,83.21243523316062,92.95336787564769,Locomotive Engineers,28.542671,30.59,0.215631786920202,0.1966496707826023,0.2784841620769516,0.07755342852770185,22.694300518134714,0.7909512460114306
11-3051.03,27.97356417725903,21.600678794381594,0.1475158591899215,83.10880829015544,80.31088082901555,Biofuels Production Managers,30.010227,39.799999,0.215631786920202,0.1966496707826023,0.4503366632063567,0.20280311022783554,57.09844559585492,0.7909512460114306
47-5031.00,27.930702274561476,23.829565296281533,0.0860514433916236,83.00518134715026,88.39378238341969,"Explosives Workers, Ordnance Handling Experts, and Blasters",27.436083,24.17,0.215631786920202,0.1966496707826023,0.28920094619619446,0.08363718728077417,26.528497409326423,0.7909512460114306
25-1032.00,27.929317604924,22.20958471297146,0.1287672184300669,82.90155440414507,82.59067357512953,"Engineering Teachers, Postsecondary",40.447945,81.830002,0.215631786920202,0.1966496707826023,0.5613452055992831,0.3151084398493015,86.83937823834196,0.7909512460114306
19-4051.02,27.85178963447645,23.517653796025623,0.092146433399391,82.79792746113989,87.66839378238342,Nuclear Monitoring Technicians,34.805344,61.130001,0.215631786920202,0.1966496707826023,0.4282947809991146,0.18343641943107955,52.95336787564767,0.7909512460114306
11-3051.00,27.84369100248093,21.019623329951596,0.1623261170147964,82.69430051813471,76.99481865284974,Industrial Production Managers,31.790493,50.360001,0.215631786920202,0.1966496707826023,0.4782101001412421,0.2286848998770968,62.69430051813472,0.7909512460114306
29-1122.00,27.78641858785244,20.569603186029244,0.1754242737828995,82.59067357512953,74.09326424870466,Occupational Therapists,27.681034,25.83,0.215631786920202,0.1966496707826023,0.449357543927758,0.20192220228478697,56.78756476683938,0.7909512460114306
17-1012.00,27.763324404538093,21.293615019388017,0.151916651523458,82.48704663212435,78.34196891191709,Landscape Architects,38.780846,75.099998,0.215631786920202,0.1966496707826023,0.5195811961623295,0.26996461940547706,72.2279792746114,0.7909512460114306
29-1141.01,27.7145394992419,20.430421284915425,0.1782664711790507,82.38341968911917,73.26424870466322,Acute Care Nurses,29.601984,37.419998,0.215631786920202,0.1966496707826023,0.48407774433375234,0.23433126255925368,63.73056994818653,0.7909512460114306
29-1031.00,27.70720021589305,19.67190799047795,0.2042326608406394,82.27979274611398,68.39378238341969,Dietitians and Nutritionists,33.055992,54.810001,0.215631786920202,0.1966496707826023,0.5654294790149077,0.31971049573906996,88.9119170984456,0.7909512460114306
19-2021.00,27.68125403524631,22.517650171783696,0.1146568097485811,82.1761658031088,84.35233160621762,Atmospheric and Space Scientists,44.16848,92.290001,0.215631786920202,0.1966496707826023,0.5653485562012533,0.3196189899988417,88.80829015544042,0.7909512460114306
11-9199.08,27.656662564850325,20.11958093086624,0.1873071228442227,82.07253886010362,71.39896373056995,Loss Prevention Managers,29.124561,34.830002,0.215631786920202,0.1966496707826023,0.4828066377885572,0.23310224949269107,63.41968911917098,0.7909512460114306
33-1011.00,27.645849026934712,20.430357499581657,0.1765875004267743,81.96891191709845,73.16062176165804,First-Line Supervisors of Correctional Officers,22.39455,2.74,0.215631786920202,0.1966496707826023,0.3545611638342159,0.12571361889947366,39.27461139896373,0.7909512460114306
19-3099.01,27.64336659981321,21.685325201425897,0.1373749607867432,81.86528497409327,80.51813471502591,Transportation Planners,41.49794,85.559998,0.215631786920202,0.1966496707826023,0.5414496880275214,0.2931677646651002,79.48186528497409,0.7909512460114306
29-1023.00,27.58831789098499,21.252545649002883,0.149059137352785,81.76165803108809,78.13471502590673,Orthodontists,30.453335,43.43,0.215631786920202,0.1966496707826023,0.40973383064604507,0.16788181197588195,49.637305699481864,0.7909512460114306
11-3121.00,27.58528919056294,19.46528152716073,0.2085766818237902,81.65803108808291,67.46113989637306,Human Resources Managers,33.095242,54.919998,0.215631786920202,0.1966496707826023,0.5703051777463812,0.3252479957643315,90.67357512953367,0.7909512460114306
11-9199.07,27.552430983159972,21.332983048114706,0.1457707044771432,81.55440414507773,78.65284974093264,Security Managers,31.130579,47.360001,0.215631786920202,0.1966496707826023,0.46116797496706147,0.21267590113522022,59.170984455958546,0.7909512460114306
29-1123.00,27.549166139773128,21.2247296867606,0.148987444041691,81.45077720207254,78.03108808290155,Physical Therapists,26.829571,20.030001,0.215631786920202,0.1966496707826023,0.4065713845808121,0.1653002907599586,48.704663212435236,0.7909512460114306
29-1125.02,27.51364042546324,20.70232308156089,0.1645061116346175,81.34715025906736,74.92227979274611,Music Therapists,27.929749,27.48,0.215631786920202,0.1966496707826023,0.46853127370806386,0.21952155444250065,60.72538860103627,0.7909512460114306
29-9091.00,27.49664016121102,21.320755333898155,0.1448326930869503,81.24352331606218,78.54922279792746,Athletic Trainers,27.376328,23.959999,0.215631786920202,0.1966496707826023,0.4015726360760487,0.16126058204506666,47.87564766839378,0.7909512460114306
49-9092.00,27.482766905115454,23.101175035264585,0.094834826868379,81.139896373057,86.01036269430051,Commercial Divers,24.403322,7.3000002,0.215631786920202,0.1966496707826023,0.2704170711298062,0.07312539235842265,21.45077720207254,0.7909512460114306
17-3025.00,27.47383116058604,23.272360453733388,0.0902673949899793,81.03626943005182,86.73575129533678,Environmental Engineering Technicians,33.796448,58.02,0.215631786920202,0.1966496707826023,0.4002653885940204,0.16021238130632215,47.56476683937824,0.7909512460114306
15-2041.00,27.431015837235584,24.04534388286029,0.0704018202207669,80.93264248704664,89.11917098445596,Statisticians,50.705498,99.639999,0.215631786920202,0.1966496707826023,0.5491175711095164,0.30153010690121484,82.1761658031088,0.7909512460114306
43-5031.00,27.356038757616712,21.28933059224753,0.1424823608023251,80.82901554404145,78.23834196891191,"Police, Fire, and Ambulance Dispatchers",32.056213,51.709999,0.215631786920202,0.1966496707826023,0.4981840243161464,0.24818732208383074,67.25388601036269,0.7909512460114306
27-2012.03,27.349385030932783,20.33443611936739,0.1724893886996959,80.72538860103627,72.64248704663213,Program Directors,35.430069,64.029999,0.215631786920202,0.1966496707826023,0.536682863968428,0.28802849647735423,77.51295336787565,0.7909512460114306
19-3031.01,27.294499119091466,19.552807619658665,0.1979687943037191,80.62176165803109,67.97927461139896,School Psychologists,33.961227,58.540001,0.215631786920202,0.1966496707826023,0.5872518646762026,0.344864752565677,95.33678756476684,0.7909512460114306
25-4012.00,27.282655858016735,21.685984737459,0.1290388974333824,80.51813471502591,80.72538860103627,Curators,37.716,71.480003,0.215631786920202,0.1966496707826023,0.4955941217597105,0.24561353352277876,66.6321243523316,0.7909512460114306
11-9081.00,27.270644011108693,18.91488739772093,0.2208777783788064,80.41450777202073,63.10880829015544,Lodging Managers,25.333231,12.47,0.215631786920202,0.1966496707826023,0.4666640262030257,0.21777531335201827,60.41450777202073,0.7909512460114306
29-2091.00,27.171247599098315,21.430737967467003,0.1339316835553145,80.31088082901555,79.48186528497409,Orthotists and Prosthetists,31.372408,48.400002,0.215631786920202,0.1966496707826023,0.43531634003917674,0.18950031590510416,53.98963730569948,0.7909512460114306
17-3029.07,27.145270360226498,23.387136966453134,0.0803461620625919,80.20725388601036,87.15025906735751,Mechanical Engineering Technologists,33.18103,55.23,0.215631786920202,0.1966496707826023,0.36160279992567135,0.1307565849140851,40.41450777202073,0.7909512460114306
25-1031.00,27.108738931746725,20.79729466914002,0.1517371456964524,80.10362694300518,75.85492227979275,"Architecture Teachers, Postsecondary",39.074715,76.550003,0.215631786920202,0.1966496707826023,0.5655253473008302,0.31981891843972454,89.01554404145078,0.7909512460114306
11-9199.03,27.046513631413024,22.01092322024308,0.1143884416110903,80.0,82.07253886010362,Investment Fund Managers,44.529305,93.43,0.215631786920202,0.1966496707826023,0.5568577863534891,0.3100905942225082,85.38860103626943,0.7909512460114306
33-3052.00,27.03957132162811,21.83385502586035,0.1192120285126476,79.89637305699482,81.24352331606218,Transit and Railroad Police,24.022501,6.3699999,0.215631786920202,0.1966496707826023,0.29991824475750467,0.08995095353842247,29.533678756476682,0.7909512460114306
33-3031.00,27.032161055188546,21.584271766589975,0.126200442329291,79.79274611398964,80.20725388601036,Fish and Game Wardens,26.132519,16.299999,0.215631786920202,0.1966496707826023,0.33081028445469274,0.10943544430099472,35.5440414507772,0.7909512460114306
49-9044.00,27.02095650468367,22.348361447316503,0.1045399920791114,79.68911917098445,83.21243523316062,Millwrights,23.114693,4.1900001,0.215631786920202,0.1966496707826023,0.25727192495231666,0.06618884336867045,17.927461139896373,0.7909512460114306
29-2011.00,26.999914334426204,22.536954870245655,0.0990142521444358,79.58549222797927,84.55958549222798,Medical and Clinical Laboratory Technologists,33.786072,57.82,0.215631786920202,0.1966496707826023,0.39990951254010254,0.15992761822006243,47.461139896373055,0.7909512460114306
17-2199.03,26.98831373254857,22.10836220482688,0.1103643834516212,79.48186528497409,82.38341968911917,Energy Engineers,43.815582,91.360001,0.215631786920202,0.1966496707826023,0.5414988041015062,0.29322095484336136,79.58549222797927,0.7909512460114306
13-1041.03,26.975173828229646,20.832565110169035,0.14742804560016,79.37823834196891,76.06217616580311,Equal Opportunity Representatives and Officers,38.882195,75.830002,0.215631786920202,0.1966496707826023,0.5850868847401112,0.34232666269488815,95.02590673575129,0.7909512460114306
47-1011.03,26.971235499416853,20.291893454535614,0.164581537446134,79.27461139896373,72.53886010362694,Solar Energy Installation Managers,25.244436,12.06,0.215631786920202,0.1966496707826023,0.35981712361720186,0.12946836244815674,40.20725388601036,0.7909512460114306
27-2012.02,26.96431341471061,20.821289656420987,0.1475178497503684,79.17098445595855,75.95854922279793,"Directors- Stage, Motion Pictures, Television, and Radio",37.724209,71.580002,0.215631786920202,0.1966496707826023,0.5182935046457973,0.26862815695802306,72.02072538860104,0.7909512460114306
11-2021.00,26.93024898051994,19.701671438492937,0.1834508702623036,79.06735751295336,68.70466321243524,Marketing Managers,36.846905,68.169998,0.215631786920202,0.1966496707826023,0.5549362812602435,0.3079542762589481,84.87046632124353,0.7909512460114306
17-3029.01,26.9196533742828,23.13610333577133,0.081767227255197,78.96373056994818,86.32124352331606,Non-Destructive Testing Specialists,32.231121,52.23,0.215631786920202,0.1966496707826023,0.35200301652409444,0.1239061236420619,38.96373056994819,0.7909512460114306
19-3051.00,26.90829051206762,20.89475306724393,0.1439006583487921,78.860103626943,76.47668393782384,Urban and Regional Planners,39.188381,77.279999,0.215631786920202,0.1966496707826023,0.538752796441736,0.29025457567379065,78.75647668393782,0.7909512460114306
11-3061.00,26.88327664273262,18.611484821571015,0.222222780730919,78.75647668393782,60.72538860103627,Purchasing Managers,32.303005,52.43,0.215631786920202,0.1966496707826023,0.5570892468475546,0.3103484289531756,85.49222797927462,0.7909512460114306
29-1128.00,26.866869513793443,20.227631659963144,0.1641130797079779,78.65284974093264,72.12435233160622,Exercise Physiologists,27.352848,23.76,0.215631786920202,0.1966496707826023,0.45422487644534804,0.2063202383817917,57.92746113989637,0.7909512460114306
11-3031.01,26.858876722550992,21.0624468676136,0.1376010558357823,78.54922279792746,77.30569948186529,Treasurers and Controllers,41.546135,85.769997,0.215631786920202,0.1966496707826023,0.5500781929944625,0.3025860184080531,82.79792746113989,0.7909512460114306
27-1025.00,26.85706670172257,20.27575676535349,0.1622950505012715,78.44559585492227,72.2279792746114,Interior Designers,39.086166,76.760002,0.215631786920202,0.1966496707826023,0.5087014755469437,0.25877719122363774,69.53367875647669,0.7909512460114306
11-9199.11,26.8553695643242,20.176257860273275,0.16551909056441,78.34196891191709,71.60621761658031,Brownfield Redevelopment Specialists and Site Managers,38.614101,74.379997,0.215631786920202,0.1966496707826023,0.5464811156516893,0.2986416097639151,81.45077720207254,0.7909512460114306
11-2011.00,26.823935062022215,20.08465209593915,0.1677719617420125,78.23834196891191,71.19170984455958,Advertising and Promotions Managers,37.238392,69.82,0.215631786920202,0.1966496707826023,0.5410875141978466,0.2927756980208049,79.27461139896373,0.7909512460114306
11-2031.00,26.80716982100892,19.44379152472954,0.1893503714775558,78.13471502590673,67.25388601036269,Public Relations and Fundraising Managers,35.387791,63.720001,0.215631786920202,0.1966496707826023,0.5732870989795478,0.3286580978563858,92.2279792746114,0.7909512460114306
11-3051.04,26.77046282774487,20.7960622887234,0.1436425909885129,78.03108808290155,75.75129533678756,Biomass Power Plant Managers,32.216499,52.119999,0.215631786920202,0.1966496707826023,0.4480740730831181,0.20077037496929545,56.58031088082902,0.7909512460114306
29-9092.00,26.7622205815894,21.393311033182403,0.1254810333024063,77.92746113989638,79.06735751295336,Genetic Counselors,43.50642,90.220001,0.215631786920202,0.1966496707826023,0.588479558372677,0.3463081906225009,95.64766839378238,0.7909512460114306
11-9121.00,26.75769876793408,20.836306236685072,0.1420931441491202,77.8238341968912,76.16580310880829,Natural Sciences Managers,40.069778,80.18,0.215631786920202,0.1966496707826023,0.5902936239423836,0.3484465624670322,96.16580310880829,0.7909512460114306
11-9071.00,26.752735718390458,18.980156579489105,0.2047554008932884,77.72020725388602,63.626943005181346,Gaming Managers,29.041349,34.32,0.215631786920202,0.1966496707826023,0.49524549372520793,0.24526809905512498,66.42487046632124,0.7909512460114306
19-2041.03,26.749915262822768,21.919785318658125,0.1101774007807739,77.61658031088083,81.45077720207254,Industrial Ecologists,46.200768,97.360001,0.215631786920202,0.1966496707826023,0.5631032321482082,0.3170852500557589,87.97927461139896,0.7909512460114306
49-3023.01,26.74852953712587,23.491082126525257,0.0693337027442091,77.51295336787565,87.46113989637306,Automotive Master Mechanics,26.963223,21.27,0.215631786920202,0.1966496707826023,0.2669605784333921,0.0712679504374913,20.518134715025905,0.7909512460114306
27-1021.00,26.740315532304734,22.193842968922976,0.102426438038423,77.40932642487047,82.48704663212435,Commercial and Industrial Designers,44.582695,93.529999,0.215631786920202,0.1966496707826023,0.49720788025747287,0.2472156761901295,67.04663212435233,0.7909512460114306
11-2022.00,26.692716856865413,18.1475065531383,0.2354375869408175,77.30569948186529,57.61658031088083,Sales Managers,31.32287,48.189999,0.215631786920202,0.1966496707826023,0.5700728345448896,0.324983036686045,90.46632124352331,0.7909512460114306
21-1021.00,26.66845161271281,18.908506217597346,0.2051972087539526,77.20207253886011,62.90155440414508,"Child, Family, and School Social Workers",27.914007,27.280001,0.215631786920202,0.1966496707826023,0.5249541481064189,0.27557685761413603,73.47150259067358,0.7909512460114306
19-4099.02,26.65494802734758,22.640627724475596,0.0886530256961981,77.09844559585493,84.87046632124353,Precision Agriculture Technicians,35.829338,65.480003,0.215631786920202,0.1966496707826023,0.40996306495944523,0.1680697146309423,49.84455958549223,0.7909512460114306
29-1011.00,26.632788250553514,21.163025281943053,0.1292292310702248,76.99481865284974,77.72020725388602,Chiropractors,29.581436,37.110001,0.215631786920202,0.1966496707826023,0.42181384459908366,0.1779269194954599,51.60621761658031,0.7909512460114306
17-3029.03,26.562310756896643,22.451493467114915,0.0915488605647307,76.89119170984456,84.14507772020725,Electromechanical Engineering Technologists,34.33493,59.470001,0.215631786920202,0.1966496707826023,0.40994760055511265,0.16805703520089418,49.740932642487046,0.7909512460114306
13-1081.00,26.54688734417737,19.83700011864259,0.1691255528911578,76.78756476683938,69.63730569948187,Logisticians,38.80864,75.410004,0.215631786920202,0.1966496707826023,0.5584695180143437,0.3118882025511734,86.01036269430051,0.7909512460114306
21-1012.00,26.538844555780177,19.031444528454816,0.1972367367096252,76.6839378238342,63.73056994818653,"Educational, Guidance, School, and Vocational Counselors",30.583912,44.459999,0.215631786920202,0.1966496707826023,0.5461031444191033,0.298228644344432,81.03626943005182,0.7909512460114306
27-3041.00,26.52107664588942,21.566629134079776,0.1148637434484507,76.58031088082902,80.0,Editors,43.587124,90.629997,0.215631786920202,0.1966496707826023,0.572815796300528,0.328117936491408,91.50259067357513,0.7909512460114306
53-5031.00,26.50373590628176,23.231144762703117,0.0704354257400324,76.47668393782384,86.52849740932642,Ship Engineers,29.829126,39.080002,0.215631786920202,0.1966496707826023,0.33396243245170965,0.11153090628906273,36.26943005181347,0.7909512460114306
49-3042.00,26.456651512243315,23.04545227280832,0.0740102472074267,76.37305699481865,85.5958549222798,"Mobile Heavy Equipment Mechanics, Except Engines",25.397358,13.1,0.215631786920202,0.1966496707826023,0.2493549583812788,0.062177895269329285,16.06217616580311,0.7909512460114306
13-2011.02,26.43824209213778,20.949538498543664,0.1309981982174851,76.26943005181347,76.6839378238342,Auditors,42.322025,87.629997,0.215631786920202,0.1966496707826023,0.5565621006722099,0.30976137190466313,85.28497409326425,0.7909512460114306
19-2041.02,26.42899901513253,21.406169052777297,0.117322019413454,76.16580310880829,79.27461139896373,Environmental Restoration Planners,34.881569,61.34,0.215631786920202,0.1966496707826023,0.44365542405638503,0.19683013529465082,55.33678756476684,0.7909512460114306
25-9031.01,26.422438280117618,19.67668838744481,0.1714147665462115,76.06217616580311,68.49740932642487,Instructional Designers and Technologists,38.109715,73.139999,0.215631786920202,0.1966496707826023,0.5701400466682639,0.3250596728148901,90.56994818652849,0.7909512460114306
29-9099.01,26.35386987756205,20.349446396733818,0.1475328459498527,75.95854922279793,72.74611398963731,Midwives,30.038275,40.009998,0.215631786920202,0.1966496707826023,0.4470783852369524,0.19987908254608083,56.373056994818654,0.7909512460114306
47-2111.00,26.35179984137597,22.28004789250671,0.0913766426471346,75.85492227979275,82.90155440414507,Electricians,27.714405,26.040001,0.215631786920202,0.1966496707826023,0.2901083961500056,0.08416288151672859,26.83937823834197,0.7909512460114306
19-3092.00,26.32975411885864,21.68541014089303,0.1070845316687737,75.75129533678756,80.62176165803109,Geographers,45.007725,94.459999,0.215631786920202,0.1966496707826023,0.5725470295149819,0.3278101010064296,91.29533678756476,0.7909512460114306
25-2054.00,26.309106989369823,19.642782277070182,0.1696889121476826,75.64766839378238,68.18652849740933,"Special Education Teachers, Secondary School",33.572086,56.779999,0.215631786920202,0.1966496707826023,0.527469909494433,0.2782245054220653,74.4041450777202,0.7909512460114306
11-9013.03,26.232037094117103,20.7954369618889,0.1307161792798987,75.5440414507772,75.64766839378238,Aquacultural Managers,30.342964,42.810001,0.215631786920202,0.1966496707826023,0.40129457184697115,0.16103733339384388,47.7720207253886,0.7909512460114306
17-2112.00,26.19873238404214,21.45143949817875,0.1106520820261606,75.44041450777202,79.68911917098445,Industrial Engineers,39.111488,77.07,0.215631786920202,0.1966496707826023,0.48504572377188393,0.23526935414939074,64.24870466321244,0.7909512460114306
11-3031.02,26.180804248459975,18.89438860092808,0.1928195667356495,75.33678756476684,62.590673575129536,"Financial Managers, Branch or Department",35.464985,64.440002,0.215631786920202,0.1966496707826023,0.5607552597273205,0.3144464613118547,86.6321243523316,0.7909512460114306
53-2022.00,26.17428404352516,20.752953289400708,0.1306158858096916,75.23316062176166,75.33678756476684,Airfield Operations Specialists,34.50465,59.779999,0.215631786920202,0.1966496707826023,0.4376162154691728,0.19150795204156146,54.40414507772021,0.7909512460114306
25-2021.00,26.152424969305756,19.66509120400177,0.1649454278651868,75.12953367875647,68.29015544041451,"Elementary School Teachers, Except Special Education",35.237049,63.41,0.215631786920202,0.1966496707826023,0.5352680460615993,0.28651188113460235,77.09844559585493,0.7909512460114306
11-3051.02,26.130338711832557,20.189249747681895,0.1471349613878745,75.02590673575129,71.70984455958549,Geothermal Production Managers,32.492168,52.950001,0.215631786920202,0.1966496707826023,0.4486888550107285,0.20132168861083857,56.6839378238342,0.7909512460114306
27-1022.00,26.12950216349333,19.09486454272692,0.1842023441702247,74.92227979274611,64.24870466321244,Fashion Designers,33.76075,57.709999,0.215631786920202,0.1966496707826023,0.4799059872606647,0.23030975660863326,63.005181347150256,0.7909512460114306
53-6051.01,26.122347041843692,21.809328035100336,0.0988801443080204,74.81865284974093,81.03626943005182,Aviation Inspectors,33.180119,55.119999,0.215631786920202,0.1966496707826023,0.39274279057113215,0.15424689954560017,45.803108808290155,0.7909512460114306
27-2041.01,26.10992881365703,19.187896837043436,0.1803749529039102,74.71502590673575,64.87046632124353,Music Directors,31.240334,47.77,0.215631786920202,0.1966496707826023,0.48416112582719906,0.23441199576226088,63.83419689119171,0.7909512460114306
19-4091.00,26.0637907917383,21.399504314677188,0.1089811803225282,74.61139896373057,79.17098445595855,"Environmental Science and Protection Technicians, Including Health",32.036354,51.599998,0.215631786920202,0.1966496707826023,0.39035795892650393,0.15237933609726614,45.07772020725388,0.7909512460114306
21-1022.00,26.05786934095139,18.6146032409266,0.1999308285996613,74.50777202072538,60.829015544041454,Healthcare Social Workers,30.621389,44.880001,0.215631786920202,0.1966496707826023,0.548385403333767,0.30072655058953823,81.96891191709845,0.7909512460114306
11-9111.00,26.035290008873876,18.40551575411872,0.2072686893614429,74.4041450777202,59.689119170984455,Medical and Health Services Managers,33.596825,57.09,0.215631786920202,0.1966496707826023,0.5659925566095155,0.32034757413737563,89.43005181347151,0.7909512460114306
11-1011.03,26.021710664687088,19.450387348916973,0.1689252557773873,74.30051813471502,67.35751295336787,Chief Sustainability Officers,39.212631,77.480003,0.215631786920202,0.1966496707826023,0.5751363605139685,0.3307818331852536,92.84974093264249,0.7909512460114306
19-1031.02,25.99113599821724,19.825594585893953,0.1554944893483828,74.19689119170984,69.53367875647669,Range Managers,29.411716,36.279999,0.215631786920202,0.1966496707826023,0.41069691696275096,0.16867195760270876,49.94818652849741,0.7909512460114306
33-3021.05,25.97954632024825,20.73526186130618,0.1264581198448321,74.09326424870466,75.23316062176166,Immigration and Customs Inspectors,28.768402,32.450001,0.215631786920202,0.1966496707826023,0.39137095791516735,0.1531712266994357,45.284974093264246,0.7909512460114306
17-3029.12,25.974755779839093,23.07077461631757,0.062936360217996,73.98963730569949,85.90673575129534,Nanotechnology Engineering Technicians,31.737991,49.740002,0.215631786920202,0.1966496707826023,0.3523273792158274,0.12413458214509344,39.067357512953365,0.7909512460114306
17-3027.00,25.95556143166899,21.75804322155225,0.0964590006411727,73.88601036269431,80.93264248704664,Mechanical Engineering Technicians,29.797218,38.77,0.215631786920202,0.1966496707826023,0.3435333182906716,0.11801514077579986,37.92746113989637,0.7909512460114306
11-9121.01,25.89238215532117,18.96821176572182,0.1825203787030752,73.78238341968913,63.41968911917098,Clinical Research Coordinators,36.688568,67.440002,0.215631786920202,0.1966496707826023,0.5608015970684936,0.3144984312745731,86.73575129533678,0.7909512460114306
15-1111.00,25.87237621406813,21.368873886790308,0.1053752844238967,73.67875647668394,78.860103626943,Computer and Information Research Scientists,44.848518,94.150002,0.215631786920202,0.1966496707826023,0.5280371434846316,0.2788232248994094,74.61139896373057,0.7909512460114306
29-2061.00,25.83586313459655,18.96443223076417,0.1811662701055063,73.57512953367876,63.3160621761658,Licensed Practical and Licensed Vocational Nurses,22.773802,3.26,0.215631786920202,0.1966496707826023,0.3691595860903669,0.13627880000241102,41.24352331606217,0.7909512460114306
19-3091.01,25.804624549398376,20.73322180744104,0.1223013670778661,73.47150259067358,75.12953367875647,Anthropologists,44.085762,92.080002,0.215631786920202,0.1966496707826023,0.5964150975271965,0.35571096855837525,96.89119170984456,0.7909512460114306
19-1023.00,25.798199837576743,20.722748944227813,0.1224608498372669,73.3678756476684,75.02590673575129,Zoologists and Wildlife Biologists,32.414063,52.849998,0.215631786920202,0.1966496707826023,0.4493779935661942,0.20194058110157845,56.89119170984456,0.7909512460114306
15-1121.00,25.75988217069011,21.307364745005135,0.1044830620531975,73.26424870466322,78.44559585492227,Computer Systems Analysts,45.084431,94.669998,0.215631786920202,0.1966496707826023,0.5366884055824233,0.28803444468660366,77.61658031088083,0.7909512460114306
23-1021.00,25.7469374558468,20.528645930495433,0.1270978013605748,73.16062176165804,73.78238341968913,"Administrative Law Judges, Adjudicators, and Hearing Officers",40.277645,81.519997,0.215631786920202,0.1966496707826023,0.5964763731174226,0.3557840636873148,96.99481865284974,0.7909512460114306
51-4011.00,25.731197540442743,22.746034629588262,0.0656194136575206,73.05699481865285,85.07772020725389,"Computer-Controlled Machine Tool Operators, Metal and Plastic",28.458944,30.07,0.215631786920202,0.1966496707826023,0.28547326630448694,0.08149498577455251,25.077720207253886,0.7909512460114306
19-4099.03,25.72948031471843,21.967132828010516,0.0856358341383202,72.95336787564767,81.86528497409327,Remote Sensing Technicians,43.026588,88.870003,0.215631786920202,0.1966496707826023,0.4790297276176855,0.22946947994147393,62.7979274611399,0.7909512460114306
13-1199.02,25.665307525384605,19.95055256222911,0.1432229745349213,72.84974093264249,70.46632124352331,Security Management Specialists,40.186668,80.800003,0.215631786920202,0.1966496707826023,0.5381155562035655,0.28956835182827273,78.13471502590673,0.7909512460114306
17-3024.00,25.640847275188584,22.355715522555354,0.0734740909839982,72.74611398963731,83.3160621761658,Electro-Mechanical Technicians,31.679388,49.529999,0.215631786920202,0.1966496707826023,0.3266518367484923,0.10670142245116367,34.61139896373057,0.7909512460114306
29-1199.05,25.63057900532277,20.19643846976179,0.1345321489156862,72.64248704663213,71.81347150259067,Orthoptists,36.589394,67.239998,0.215631786920202,0.1966496707826023,0.49547130629289254,0.24549181535958534,66.52849740932642,0.7909512460114306
49-2022.00,25.62743611007008,21.81193212846718,0.0874636863697006,72.53886010362694,81.139896373057,"Telecommunications Equipment Installers and Repairers, Except Line Installers",27.014309,21.58,0.215631786920202,0.1966496707826023,0.2897821040565721,0.08397366783145399,26.735751295336787,0.7909512460114306
11-9199.04,25.615245372607003,18.525577725599017,0.191348085118321,72.43523316062176,60.41450777202073,Supply Chain Managers,37.757633,71.790001,0.215631786920202,0.1966496707826023,0.5630608972879213,0.3170375740546791,87.87564766839378,0.7909512460114306
17-2071.00,25.59522584936838,21.00447222677337,0.1092803849825705,72.33160621761658,76.89119170984456,Electrical Engineers,43.361713,89.800003,0.215631786920202,0.1966496707826023,0.5244337460852788,0.27503075403303867,73.16062176165804,0.7909512460114306
53-5022.00,25.587566033796552,21.88448475624635,0.0846051739119252,72.2279792746114,81.34715025906736,Motorboat Operators,24.985434,10.92,0.215631786920202,0.1966496707826023,0.2447502066193453,0.05990266364021221,14.922279792746114,0.7909512460114306
13-1121.00,25.56292810927497,18.47024284910255,0.1920030320694198,72.12435233160622,60.0,"Meeting, Convention, and Event Planners",29.675077,37.939999,0.215631786920202,0.1966496707826023,0.48290423095389584,0.23319649627317357,63.523316062176164,0.7909512460114306
19-4041.02,25.552484811668837,22.64406955224133,0.0642202421414932,72.02072538860104,84.97409326424871,Geological Sample Test Technicians,36.194851,66.410004,0.215631786920202,0.1966496707826023,0.370509231871321,0.13727709090187631,41.76165803108808,0.7909512460114306
51-8099.01,25.53042297020455,21.20549717701312,0.1019765242259839,71.91709844559585,77.92746113989638,Biofuels Processing Technicians,25.211609,11.96,0.215631786920202,0.1966496707826023,0.29299557725878855,0.08584640829321073,27.7720207253886,0.7909512460114306
19-4093.00,25.50280780034489,21.024689964067942,0.1064966438014123,71.81347150259067,77.09844559585493,Forest and Conservation Technicians,27.028757,21.790001,0.215631786920202,0.1966496707826023,0.298033424588347,0.0888239221718579,29.11917098445596,0.7909512460114306
51-8099.04,25.49338031553568,21.969925156597434,0.0801881466100529,71.70984455958549,81.96891191709845,Hydroelectric Plant Technicians,28.567537,30.799999,0.215631786920202,0.1966496707826023,0.308393266571673,0.09510640686674696,31.502590673575128,0.7909512460114306
11-9199.09,25.480728894462864,18.896252202986577,0.1742270536174258,71.60621761658031,62.69430051813472,Wind Energy Operations Managers,29.468954,36.59,0.215631786920202,0.1966496707826023,0.4453193118510188,0.19830928950746493,55.751295336787564,0.7909512460114306
11-3021.00,25.475115984516695,19.235818548377775,0.1621791508494215,71.50259067357513,65.5958549222798,Computer and Information Systems Managers,37.655148,71.379997,0.215631786920202,0.1966496707826023,0.5297353168000588,0.2806195058652587,75.02590673575129,0.7909512460114306
53-5011.00,25.45884506494243,21.71551110866316,0.0861903258354787,71.39896373056995,80.82901554404145,Sailors and Marine Oilers,23.777988,5.8499999,0.215631786920202,0.1966496707826023,0.23761650680163976,0.056461604304613715,13.264248704663212,0.7909512460114306
51-1011.00,25.40659608912651,19.39288864530832,0.1550492954868039,71.29533678756476,66.73575129533678,First-Line Supervisors of Production and Operating Workers,28.099785,28.110001,0.215631786920202,0.1966496707826023,0.40089703846706204,0.160718435451661,47.66839378238342,0.7909512460114306
15-2031.00,25.400915416101444,21.561624447435655,0.0890306520741391,71.19170984455958,79.89637305699482,Operations Research Analysts,49.971851,99.330002,0.215631786920202,0.1966496707826023,0.5631777875797432,0.3171692204232144,88.08290155440415,0.7909512460114306
29-1126.00,25.360584702862003,19.932862445004492,0.136150095673233,71.0880829015544,70.36269430051813,Respiratory Therapists,27.866734,26.860001,0.215631786920202,0.1966496707826023,0.3756269572107628,0.14109561098341622,42.90155440414508,0.7909512460114306
13-1151.00,25.322417046510942,17.826123144718444,0.2102614752780252,70.98445595854922,55.44041450777202,Training and Development Specialists,33.214733,55.330002,0.215631786920202,0.1966496707826023,0.5572700609817662,0.3105499208666215,85.69948186528498,0.7909512460114306
19-3022.00,25.293336912388742,20.041630011599544,0.1310199544086399,70.88082901554404,70.88082901554404,Survey Researchers,41.746861,86.389999,0.215631786920202,0.1966496707826023,0.5522529935790693,0.3049833689170436,83.62694300518135,0.7909512460114306
25-1041.00,25.282994347534945,18.8154322840158,0.171868548271769,70.77720207253886,61.968911917098445,"Agricultural Sciences Teachers, Postsecondary",33.372009,55.950001,0.215631786920202,0.1966496707826023,0.5627097412856427,0.3166422529377549,87.56476683937824,0.7909512460114306
25-1052.00,25.27596744397145,20.03364963829643,0.1308378128879165,70.67357512953367,70.67357512953367,"Chemistry Teachers, Postsecondary",41.149368,84.419998,0.215631786920202,0.1966496707826023,0.5729222907999847,0.3282399512955022,91.70984455958549,0.7909512460114306
41-3031.01,25.202491837254197,18.88233808047131,0.1673562280753615,70.56994818652849,62.27979274611399,"Sales Agents, Securities and Commodities",38.238449,73.760002,0.215631786920202,0.1966496707826023,0.5748608155755275,0.33046495728416064,92.64248704663213,0.7909512460114306
25-1054.00,25.20194828938483,19.47439910843684,0.1470532967167819,70.46632124352331,67.56476683937824,"Physics Teachers, Postsecondary",38.054867,72.830002,0.215631786920202,0.1966496707826023,0.5735227352464797,0.32892832784460363,92.43523316062176,0.7909512460114306
25-1051.00,25.191192174264057,19.38187395320325,0.1498647198688622,70.36269430051813,66.6321243523316,"Atmospheric, Earth, Marine, and Space Sciences Teachers, Postsecondary",38.192425,73.550003,0.215631786920202,0.1966496707826023,0.5778659200675166,0.33392902157547744,94.19689119170984,0.7909512460114306
13-1199.01,25.17112559191918,20.78748084603403,0.105439537824553,70.25906735751295,75.5440414507772,Energy Auditors,31.842213,50.779999,0.215631786920202,0.1966496707826023,0.3780632239805513,0.14293180132656852,43.3160621761658,0.7909512460114306
17-3026.00,25.132059867512726,20.868791266582864,0.1021445982776353,70.15544041450777,76.37305699481865,Industrial Engineering Technicians,39.532822,78.519997,0.215631786920202,0.1966496707826023,0.46098386574108363,0.21250612447359343,59.067357512953365,0.7909512460114306
11-9121.02,25.12550402287601,20.07292551406939,0.125855558654497,70.05181347150258,71.0880829015544,Water Resource Specialists,42.442249,87.730003,0.215631786920202,0.1966496707826023,0.5279693728801006,0.2787516586994067,74.50777202072538,0.7909512460114306
19-3011.01,25.113195155014367,20.28557020917221,0.1189916008291284,69.94818652849742,72.43523316062176,Environmental Economists,44.309864,92.699997,0.215631786920202,0.1966496707826023,0.5494524854598687,0.3018980337780272,82.48704663212435,0.7909512460114306
53-1011.00,25.03307408916962,20.406819776537297,0.1133506926432346,69.84455958549223,72.95336787564767,Aircraft Cargo Handling Supervisors,25.655823,14.54,0.215631786920202,0.1966496707826023,0.30589651600907997,0.09357267850649331,30.88082901554404,0.7909512460114306
15-1142.00,24.99077120425054,20.65188329279069,0.1050482382150227,69.74093264248705,74.61139896373057,Network and Computer Systems Administrators,40.597359,82.349998,0.215631786920202,0.1966496707826023,0.4712231354861789,0.22205124341742571,61.13989637305699,0.7909512460114306
29-1125.00,24.981615374272145,17.431547601670133,0.2165633237257324,69.63730569948187,52.84974093264249,Recreational Therapists,23.9081,6.0599999,0.215631786920202,0.1966496707826023,0.4130158709342537,0.1705821096435801,50.46632124352332,0.7909512460114306
15-1199.04,24.94088242524693,20.6062558962647,0.1051774410354664,69.53367875647669,74.4041450777202,Geospatial Information Scientists and Technologists,44.814358,93.940002,0.215631786920202,0.1966496707826023,0.5332925760757711,0.2844009716975321,76.06217616580311,0.7909512460114306
27-3021.00,24.909705657598852,19.701575215810085,0.1321754830448622,69.43005181347151,68.60103626943005,Broadcast News Analysts,38.800053,75.309998,0.215631786920202,0.1966496707826023,0.5521337575973017,0.3048516862785159,83.52331606217616,0.7909512460114306
11-9013.02,24.909314579999716,19.417670264885643,0.1414084243938626,69.32642487046633,66.83937823834196,Farm and Ranch Managers,27.73056,26.24,0.215631786920202,0.1966496707826023,0.3454543500148096,0.11933870794415459,38.23834196891192,0.7909512460114306
33-3012.00,24.88442956239429,19.219175955425353,0.1473854451436482,69.22279792746114,65.28497409326425,Correctional Officers and Jailers,21.687778,2.02,0.215631786920202,0.1966496707826023,0.3051648138078182,0.09312556358636034,30.673575129533678,0.7909512460114306
29-2011.01,24.81276789522677,21.334370754049587,0.081520968705321,69.11917098445596,78.75647668393782,Cytogenetic Technologists,43.12302,89.080002,0.215631786920202,0.1966496707826023,0.46923507768852657,0.22018155813335757,60.932642487046635,0.7909512460114306
25-2031.00,24.79470334857977,18.263978025857497,0.1787870450094798,69.01554404145078,58.86010362694301,"Secondary School Teachers, Except Special and Career/Technical Education",35.454006,64.230003,0.215631786920202,0.1966496707826023,0.5416005251547321,0.2933311288478816,79.68911917098445,0.7909512460114306
13-1041.07,24.784000207449225,19.213000149857724,0.1449799618523594,68.9119170984456,65.18134715025907,Regulatory Affairs Specialists,42.182903,87.419998,0.215631786920202,0.1966496707826023,0.5727603690262109,0.32805444032704123,91.39896373056995,0.7909512460114306
19-3031.02,24.73765171436915,17.566394430848685,0.204118645740041,68.80829015544042,53.575129533678755,Clinical Psychologists,36.968018,68.790001,0.215631786920202,0.1966496707826023,0.6210226525720997,0.3856691350076868,99.58549222797927,0.7909512460114306
53-5021.02,24.727589380956665,20.45042824827241,0.1045738769075797,68.70466321243524,73.3678756476684,"Mates- Ship, Boat, and Barge",26.32395,17.440001,0.215631786920202,0.1966496707826023,0.2862403013237861,0.08193351010193185,25.38860103626943,0.7909512460114306
11-9039.01,24.72729139042678,17.508080623169732,0.2061679667416923,68.60103626943005,53.36787564766839,Distance Learning Coordinators,35.237038,63.299999,0.215631786920202,0.1966496707826023,0.5706475098099439,0.32563858045229005,90.98445595854922,0.7909512460114306
47-5011.00,24.692509922159186,21.41568507169656,0.0765052539643792,68.49740932642487,79.37823834196891,"Derrick Operators, Oil and Gas",22.355051,2.6400001,0.215631786920202,0.1966496707826023,0.22699272017550343,0.0515256950126744,9.533678756476684,0.7909512460114306
29-1125.01,24.68818815014085,17.805645445667604,0.1932685542199166,68.39378238341969,55.33678756476684,Art Therapists,31.297623,47.98,0.215631786920202,0.1966496707826023,0.5015805314038524,0.25158302948337097,68.39378238341969,0.7909512460114306
11-3071.01,24.675305964134186,17.894373832027185,0.18947106492127,68.29015544041451,55.64766839378238,Transportation Managers,36.67461,67.339996,0.215631786920202,0.1966496707826023,0.5596026778902164,0.31315515710190134,86.32124352331606,0.7909512460114306
29-1124.00,24.671868205916287,19.910245210943614,0.1195772062203296,68.18652849740933,69.94818652849742,Radiation Therapists,28.371704,29.66,0.215631786920202,0.1966496707826023,0.358535207883957,0.12854749529239226,40.0,0.7909512460114306
53-4031.00,24.652536409520657,19.84932839688188,0.120991700993604,68.08290155440415,69.74093264248705,Railroad Conductors and Yardmasters,26.362608,17.65,0.215631786920202,0.1966496707826023,0.31932815303971185,0.10197046932375363,33.36787564766839,0.7909512460114306
53-4041.00,24.644526487218695,21.436392315784165,0.0748291532496421,67.97927461139896,79.58549222797927,Subway and Streetcar Operators,25.805902,14.96,0.215631786920202,0.1966496707826023,0.25577125124447,0.06541893296316179,17.512953367875646,0.7909512460114306
13-1075.00,24.633721685119458,17.08549793337382,0.2208956326933081,67.87564766839378,49.84455958549223,Labor Relations Specialists,34.524918,59.990002,0.215631786920202,0.1966496707826023,0.5776526706890038,0.33368260795413873,93.88601036269431,0.7909512460114306
25-1021.00,24.589988410453127,18.885270801561408,0.1510361611658771,67.7720207253886,62.38341968911917,"Computer Science Teachers, Postsecondary",37.81081,71.889999,0.215631786920202,0.1966496707826023,0.5494056269315217,0.3018465429040184,82.38341968911917,0.7909512460114306
39-9011.01,24.467747722754087,18.013938127782144,0.1791337782219452,67.66839378238342,56.89119170984456,Nannies,24.151176,6.7800002,0.215631786920202,0.1966496707826023,0.3546917478491353,0.12580623599227458,39.37823834196891,0.7909512460114306
25-2053.00,24.457104139834573,17.700959369909345,0.1908412032573304,67.56476683937824,54.40414507772021,"Special Education Teachers, Middle School",36.331173,66.610001,0.215631786920202,0.1966496707826023,0.5632610106196844,0.3172629660843082,88.29015544041451,0.7909512460114306
19-4031.00,24.450371028726792,20.451820120090915,0.0977553803318435,67.46113989637306,73.47150259067358,Chemical Technicians,34.644516,60.509998,0.215631786920202,0.1966496707826023,0.4054252893876108,0.16436966527502797,48.601036269430054,0.7909512460114306
21-1011.00,24.43083692113144,17.4785146755334,0.1988819523471857,67.35751295336787,53.16062176165803,Substance Abuse and Behavioral Disorder Counselors,31.78306,50.16,0.215631786920202,0.1966496707826023,0.5504298517094862,0.302973021652927,83.10880829015544,0.7909512460114306
15-1199.02,24.428032070035215,19.811158045236105,0.1165220633306014,67.25388601036269,69.32642487046633,Computer Systems Engineers/Architects,44.350643,93.120003,0.215631786920202,0.1966496707826023,0.532252401606219,0.28329261901558783,75.95854922279793,0.7909512460114306
17-2111.03,24.415381751136977,20.67048555851115,0.0905855883749149,67.15025906735751,74.81865284974093,Product Safety Engineers,46.30862,97.57,0.215631786920202,0.1966496707826023,0.5291885970579113,0.2800405712561204,74.92227979274611,0.7909512460114306
25-2052.00,24.40422306033224,17.090090771561236,0.2139875202108957,67.04663212435233,50.05181347150259,"Special Education Teachers, Kindergarten and Elementary School",29.151426,35.040001,0.215631786920202,0.1966496707826023,0.5159880525457667,0.26624367036997293,70.98445595854922,0.7909512460114306
11-9199.10,24.385496692688545,18.246582672985745,0.1682209246992733,66.94300518134715,58.54922279792746,Wind Energy Project Managers,37.343559,70.129997,0.215631786920202,0.1966496707826023,0.5361444676982587,0.2874508902434492,77.40932642487047,0.7909512460114306
13-1111.00,24.363960360250033,18.37675929153259,0.1629014390876892,66.83937823834196,59.37823834196891,Management Analysts,40.822216,83.279999,0.215631786920202,0.1966496707826023,0.5985898853311503,0.35830985082075967,97.30569948186529,0.7909512460114306
51-6092.00,24.35673752873932,20.66245759118535,0.0893959472451611,66.73575129533678,74.71502590673575,Fabric and Apparel Patternmakers,35.5214,64.650002,0.215631786920202,0.1966496707826023,0.3696139087187269,0.13661444151833538,41.55440414507772,0.7909512460114306
49-9097.00,24.356258445132777,21.663428934776352,0.0621515070043601,66.6321243523316,80.41450777202073,Signal and Track Switch Repairers,29.713476,38.25,0.215631786920202,0.1966496707826023,0.26188002374252195,0.06858114683538385,19.27461139896373,0.7909512460114306
45-1011.08,24.34994004382681,18.49493679340105,0.1582866520667108,66.52849740932642,60.310880829015545,First-Line Supervisors of Animal Husbandry and Animal Care Workers,25.876732,15.27,0.215631786920202,0.1966496707826023,0.3453833159827924,0.11928963495926943,38.134715025906736,0.7909512460114306
45-1011.07,24.332811718228832,18.922184398063497,0.1429704733434228,66.42487046632124,63.21243523316062,First-Line Supervisors of Agricultural Crop and Horticultural Workers,24.571857,8.4399996,0.215631786920202,0.1966496707826023,0.3057540028428719,0.09348551025443892,30.77720207253886,0.7909512460114306
47-2221.00,24.32476604155243,20.63179456415452,0.0894970979357763,66.32124352331606,74.50777202072538,Structural Iron and Steel Workers,20.562588,0.67000002,0.215631786920202,0.1966496707826023,0.19786563494494258,0.03915080949216528,4.66321243523316,0.7909512460114306
17-3027.01,24.3185621094188,21.37939871603051,0.068738214587496,66.21761658031087,78.96373056994818,Automotive Engineering Technicians,34.616585,60.299999,0.215631786920202,0.1966496707826023,0.3581129168420453,0.12824486120911768,39.79274611398964,0.7909512460114306
53-7032.00,24.30677971804291,20.995977895697628,0.078843715658124,66.11398963730569,76.78756476683938,Excavating and Loading Machine and Dragline Operators,23.651327,5.4299998,0.215631786920202,0.1966496707826023,0.2182186441279288,0.04761937664503163,7.772020725388601,0.7909512460114306
33-2022.00,24.28962867074309,19.276442639009623,0.1300340038256933,66.01036269430051,65.90673575129534,Forest Fire Inspectors and Prevention Specialists,32.175579,51.810001,0.215631786920202,0.1966496707826023,0.39247841365867275,0.15403930518802825,45.59585492227979,0.7909512460114306
29-2032.00,24.286517663470317,19.44334603900139,0.1245457344315636,65.90673575129534,67.15025906735751,Diagnostic Medical Sonographers,29.096703,34.52,0.215631786920202,0.1966496707826023,0.37301188535489715,0.13913786661601493,42.38341968911917,0.7909512460114306
49-9021.02,24.266726690106385,20.202525872806284,0.100586452478468,65.80310880829016,71.91709844559585,Refrigeration Mechanics and Installers,27.272419,23.24,0.215631786920202,0.1966496707826023,0.29307709166228435,0.08589418165722303,27.875647668393782,0.7909512460114306
15-1199.11,24.24226766683052,19.290244464920676,0.1283556362107048,65.69948186528498,66.01036269430051,Video Game Designers,43.817524,91.459999,0.215631786920202,0.1966496707826023,0.5039828785520424,0.2539987418736027,68.80829015544042,0.7909512460114306
41-1012.00,24.216500018471375,16.936566366716843,0.2149176372036307,65.5958549222798,48.80829015544042,First-Line Supervisors of Non-Retail Sales Workers,34.754677,60.82,0.215631786920202,0.1966496707826023,0.5546970798908178,0.30768885043940036,84.76683937823834,0.7909512460114306
27-2012.01,24.2095575326193,17.711318277665473,0.1834487741984827,65.49222797927462,54.50777202072539,Producers,35.081631,62.369999,0.215631786920202,0.1966496707826023,0.5161336859186384,0.26639398173995965,71.19170984455958,0.7909512460114306
29-2054.00,24.18215263898083,19.102044325520943,0.1329728961698801,65.38860103626943,64.35233160621762,Respiratory Therapy Technicians,29.640696,37.630001,0.215631786920202,0.1966496707826023,0.39597154775624926,0.1567934666324796,46.52849740932643,0.7909512460114306
25-2059.01,24.179500358091477,17.447361785696657,0.1929271214492103,65.28497409326425,53.056994818652846,Adapted Physical Education Specialists,22.204605,2.4300001,0.215631786920202,0.1966496707826023,0.37432708398809833,0.1401207658070328,42.590673575129536,0.7909512460114306
17-3011.01,24.176816366060574,20.22214945808071,0.0977805775834475,65.18134715025907,72.02072538860104,Architectural Drafters,43.434856,90.110001,0.215631786920202,0.1966496707826023,0.43742720491265025,0.1913425595976937,54.30051813471503,0.7909512460114306
29-2056.00,24.13539649227985,19.731096851344997,0.1116080792192408,65.07772020725389,68.9119170984456,Veterinary Technologists and Technicians,29.142097,34.939999,0.215631786920202,0.1966496707826023,0.37048376853436726,0.1372582227474266,41.6580310880829,0.7909512460114306
19-4021.00,24.10949353097127,21.93901028321379,0.0494662981542559,64.97409326424871,81.76165803108809,Biological Technicians,41.664417,86.279999,0.215631786920202,0.1966496707826023,0.4341885777416476,0.18851972104131476,53.575129533678755,0.7909512460114306
25-2022.00,24.10336271246724,17.581648896567323,0.1854693451753899,64.87046632124353,53.78238341968912,"Middle School Teachers, Except Special and Career/Technical Education",35.180431,63.099998,0.215631786920202,0.1966496707826023,0.5492923146980246,0.3017220469863137,82.27979274611398,0.7909512460114306
25-1063.00,24.084689911622924,19.054158227773872,0.1320061380753207,64.76683937823834,63.83419689119171,"Economics Teachers, Postsecondary",40.588257,82.139999,0.215631786920202,0.1966496707826023,0.5682280480583414,0.3228831146001927,90.15544041450777,0.7909512460114306
47-4041.00,24.052738524098192,20.063370273849372,0.0994191951750143,64.66321243523316,70.98445595854922,Hazardous Materials Removal Workers,27.5079,24.59,0.215631786920202,0.1966496707826023,0.309435861342595,0.09575055228483367,31.813471502590673,0.7909512460114306
17-3029.05,24.039664433116073,19.496699064068547,0.1165060135082041,64.55958549222798,67.7720207253886,Industrial Engineering Technologists,40.369213,81.730003,0.215631786920202,0.1966496707826023,0.4773775023173481,0.2278892797187497,62.38341968911917,0.7909512460114306
17-3021.00,24.032686231434955,20.518092873965248,0.0856461996506815,64.4559585492228,73.67875647668394,Aerospace Engineering and Operations Technicians,38.689198,74.690002,0.215631786920202,0.1966496707826023,0.44514962623609633,0.19815818973813626,55.64766839378238,0.7909512460114306
11-3071.03,24.01838489746872,17.424353171624382,0.1892188381656181,64.35233160621762,52.64248704663213,Logistics Managers,37.75354,71.690002,0.215631786920202,0.1966496707826023,0.5607441917067835,0.3144340485328939,86.52849740932642,0.7909512460114306
15-1141.00,24.01829268625836,19.814606844341725,0.1060754289736775,64.24870466321244,69.43005181347151,Database Administrators,46.377911,97.669998,0.215631786920202,0.1966496707826023,0.5386132016057663,0.29010418094401386,78.54922279792746,0.7909512460114306
17-2199.11,23.99455845881041,19.715983985834143,0.1085052228701951,64.14507772020725,68.80829015544042,Solar Energy Systems Engineers,38.046658,72.720001,0.215631786920202,0.1966496707826023,0.4723765599867741,0.22313961442493838,61.347150259067355,0.7909512460114306
25-1061.00,23.993618652831135,18.263936162147456,0.1568578218795633,64.04145077720207,58.75647668393783,"Anthropology and Archeology Teachers, Postsecondary",41.240829,84.519997,0.215631786920202,0.1966496707826023,0.6027991079957795,0.36336676460050743,97.61658031088083,0.7909512460114306
15-1199.08,23.98926188613302,18.8058862503674,0.137812586090282,63.93782383419689,61.865284974093264,Business Intelligence Analysts,44.263916,92.489998,0.215631786920202,0.1966496707826023,0.5918029634643343,0.35023074756516814,96.47668393782384,0.7909512460114306
25-1112.00,23.974331858606188,17.970290475106655,0.1670546559004327,63.83419689119171,56.58031088082902,"Law Teachers, Postsecondary",38.82283,75.519997,0.215631786920202,0.1966496707826023,0.6330763735318461,0.40078569472423353,99.89637305699482,0.7909512460114306
47-5012.00,23.955131940326368,19.48791863541765,0.1146149414024629,63.73056994818653,67.66839378238342,"Rotary Drill Operators, Oil and Gas",25.074692,11.34,0.215631786920202,0.1966496707826023,0.28886520727067316,0.08344310797152897,26.424870466321245,0.7909512460114306
13-2099.04,23.944315238872544,18.235746077727477,0.1565214040822087,63.626943005181346,58.44559585492228,"Fraud Examiners, Investigators and Analysts",41.572708,85.970001,0.215631786920202,0.1966496707826023,0.5730713718140547,0.3284107971928425,91.91709844559585,0.7909512460114306
15-1143.00,23.934062256376205,19.20150095338407,0.1232341501448633,63.52331606217616,65.07772020725389,Computer Network Architects,42.918831,88.559998,0.215631786920202,0.1966496707826023,0.5111933578206961,0.26131864907999824,70.15544041450777,0.7909512460114306
11-9039.02,23.932537917323156,17.192931963680934,0.1959993201822482,63.41968911917098,50.77720207253886,Fitness and Wellness Coordinators,25.394087,12.99,0.215631786920202,0.1966496707826023,0.4155197243975526,0.17265664136341805,50.77720207253886,0.7909512460114306
43-9111.01,23.901232084111385,20.035528516267355,0.0964712152391031,63.3160621761658,70.77720207253886,Bioinformatics Technicians,48.682163,98.910004,0.215631786920202,0.1966496707826023,0.5490987112830685,0.30150939473272664,82.07253886010362,0.7909512460114306
29-2031.00,23.893293389775316,19.43648518673325,0.1146505697975719,63.21243523316062,67.04663212435233,Cardiovascular Technologists and Technicians,30.820145,46.119999,0.215631786920202,0.1966496707826023,0.3879874149179259,0.15053423413469477,44.66321243523316,0.7909512460114306
25-1123.00,23.870620669176795,18.0556851852796,0.161027826532941,63.10880829015544,57.2020725388601,"English Language and Literature Teachers, Postsecondary",41.339336,84.830002,0.215631786920202,0.1966496707826023,0.6333520918319812,0.4011348722279463,100.0,0.7909512460114306
47-4011.00,23.84127791299279,19.916242336476973,0.0985385573795474,63.005181347150256,70.05181347150258,Construction and Building Inspectors,37.449917,70.650002,0.215631786920202,0.1966496707826023,0.4175674706103088,0.1743625925118911,51.19170984455958,0.7909512460114306
29-1024.00,23.821813958064528,18.476806326821897,0.1446410038807286,62.90155440414508,60.20725388601036,Prosthodontists,29.664949,37.84,0.215631786920202,0.1966496707826023,0.37690674751378594,0.1420586963214208,43.10880829015544,0.7909512460114306
25-1042.00,23.817316396627724,18.352437238632053,0.1488870139409071,62.7979274611399,59.170984455958546,"Biological Science Teachers, Postsecondary",38.041378,72.620003,0.215631786920202,0.1966496707826023,0.5825116577519431,0.3393198314169169,94.50777202072538,0.7909512460114306
53-4013.00,23.797625733653227,20.590617876216957,0.0778754643672083,62.69430051813472,74.19689119170984,"Rail Yard Engineers, Dinkey Operators, and Hostlers",25.545759,14.23,0.215631786920202,0.1966496707826023,0.25834236501536056,0.06674077756172979,18.134715025906736,0.7909512460114306
23-1022.00,23.78620367803004,16.248213221240746,0.2319636736098198,62.590673575129536,43.93782383419689,"Arbitrators, Mediators, and Conciliators",34.98637,62.16,0.215631786920202,0.1966496707826023,0.6148314194979013,0.37801767440180434,99.06735751295336,0.7909512460114306
13-1161.00,23.754297951692084,19.295722582866578,0.1155327391777609,62.487046632124354,66.21761658031087,Market Research Analysts and Marketing Specialists,45.583447,96.220001,0.215631786920202,0.1966496707826023,0.5628866533734962,0.31684138454601446,87.66839378238342,0.7909512460114306
17-2199.05,23.720922330942216,19.361270235906535,0.1125869336545508,62.38341968911917,66.32124352331606,Mechatronics Engineers,42.028214,87.220001,0.215631786920202,0.1966496707826023,0.49497225543794127,0.24499753365332258,66.32124352331606,0.7909512460114306
11-9013.01,23.716305048403743,17.56667386916944,0.1750368688186121,62.27979274611399,53.67875647668394,Nursery and Greenhouse Managers,28.319115,29.450001,0.215631786920202,0.1966496707826023,0.40232798666858216,0.16186780885679483,47.979274611398964,0.7909512460114306
29-2035.00,23.71126637894468,19.22825908822991,0.116573405583528,62.17616580310881,65.49222797927462,Magnetic Resonance Imaging Technologists,30.331141,42.490002,0.215631786920202,0.1966496707826023,0.3875369382985558,0.15018487854581863,44.55958549222798,0.7909512460114306
51-4023.00,23.70527370689787,20.76529343738273,0.0707907229527139,62.07253886010363,75.44041450777202,"Rolling Machine Setters, Operators, and Tenders, Metal and Plastic",25.363382,12.58,0.215631786920202,0.1966496707826023,0.24433638110138572,0.0597002671297216,14.715025906735752,0.7909512460114306
11-9031.00,23.702142554284,16.86539458600252,0.2026856808306062,61.968911917098445,48.18652849740933,"Education Administrators, Preschool and Childcare Center/Program",33.233479,55.43,0.215631786920202,0.1966496707826023,0.5386242295493812,0.29011606065766443,78.65284974093264,0.7909512460114306
25-1011.00,23.69509552367014,17.927210502435106,0.1608695625136874,61.865284974093264,56.06217616580311,"Business Teachers, Postsecondary",38.364677,74.07,0.215631786920202,0.1966496707826023,0.59172132552519,0.3501341270812878,96.37305699481865,0.7909512460114306
49-9099.01,23.680761290677253,20.94304269662034,0.065361051727663,61.76165803108808,76.58031088082902,Geothermal Technicians,30.967165,46.84,0.215631786920202,0.1966496707826023,0.30174622275764873,0.09105078294850857,29.94818652849741,0.7909512460114306
25-1121.00,23.67314028827705,17.360102065853482,0.1818260687199824,61.6580310880829,52.12435233160622,"Art, Drama, and Music Teachers, Postsecondary",34.578373,60.200001,0.215631786920202,0.1966496707826023,0.5462834924558865,0.2984256541298006,81.34715025906736,0.7909512460114306
17-3029.11,23.66763756098412,19.810044022481172,0.0973645877345151,61.55440414507772,69.22279792746114,Nanotechnology Engineering Technologists,41.022873,83.699997,0.215631786920202,0.1966496707826023,0.46422579054997415,0.21550558461174846,60.0,0.7909512460114306
13-2099.01,23.661194357683787,18.9144816574561,0.1254782654420913,61.45077720207254,63.005181347150256,Financial Quantitative Analysts,43.420826,89.910004,0.215631786920202,0.1966496707826023,0.5510684420059825,0.3036764277749009,83.3160621761658,0.7909512460114306
15-1199.05,23.650603907379416,19.889942389946032,0.0945367624426686,61.347150259067355,69.84455958549223,Geographic Information Systems Technicians,45.614429,96.43,0.215631786920202,0.1966496707826023,0.48971196127705896,0.23981780501782368,65.38860103626943,0.7909512460114306
25-4021.00,23.643600075548804,18.650541379572797,0.1338582777399885,61.24352331606217,60.932642487046635,Librarians,39.209248,77.379997,0.215631786920202,0.1966496707826023,0.5410529606336065,0.292738306210391,79.17098445595855,0.7909512460114306
49-2092.00,23.595805538789875,20.546665476849057,0.0742003627152162,61.13989637305699,73.98963730569949,"Electric Motor, Power Tool, and Related Repairers",28.980949,33.490002,0.215631786920202,0.1966496707826023,0.28158284760014657,0.07928890006260737,23.419689119170986,0.7909512460114306
51-8092.00,23.59310456667332,20.410310949346705,0.0779702383081158,61.03626943005181,73.05699481865285,Gas Plant Operators,30.602787,44.669998,0.215631786920202,0.1966496707826023,0.32612976389308285,0.10636062289695797,34.196891191709845,0.7909512460114306
27-1014.00,23.58708307503988,18.84821189903167,0.1257114256088045,60.932642487046635,62.07253886010363,Multimedia Artists and Animators,39.734829,79.139999,0.215631786920202,0.1966496707826023,0.4590584230907286,0.21073463581054638,58.96373056994819,0.7909512460114306
47-5013.00,23.57173140991418,20.023980536174214,0.0885875529925428,60.829015544041454,70.56994818652849,"Service Unit Operators, Oil, Gas, and Mining",24.963654,10.71,0.215631786920202,0.1966496707826023,0.2541680964029555,0.06460142122910209,17.098445595854923,0.7909512460114306
49-9021.01,23.54740717191715,19.917641929561267,0.0911193517584196,60.72538860103627,70.15544041450777,Heating and Air Conditioning Mechanics and Installers,27.116573,22.309999,0.215631786920202,0.1966496707826023,0.27871191923802496,0.07768033392534335,23.00518134715026,0.7909512460114306
19-1031.03,23.49859993123864,18.3611015498247,0.1399016929205696,60.62176165803109,59.27461139896373,Park Naturalists,29.340954,35.869999,0.215631786920202,0.1966496707826023,0.41141585622757215,0.16926300675546632,50.05181347150259,0.7909512460114306
17-2199.02,23.482763869534697,19.086658437934624,0.1151617357720102,60.51813471502591,64.14507772020725,Validation Engineers,41.057941,83.900002,0.215631786920202,0.1966496707826023,0.4999865864969808,0.24998658667690285,67.7720207253886,0.7909512460114306
47-1011.00,23.446288359218677,17.72355147040218,0.1614444175698448,60.41450777202073,54.61139896373057,First-Line Supervisors of Construction Trades and Extraction Workers,27.349213,23.65,0.215631786920202,0.1966496707826023,0.353570992375039,0.12501244664906988,39.170984455958546,0.7909512460114306
11-9199.02,23.44114072355148,16.838015120630107,0.1960779092908391,60.310880829015545,48.082901554404145,Compliance Managers,37.039371,69.099998,0.215631786920202,0.1966496707826023,0.5779199223017164,0.33399143659322195,94.30051813471502,0.7909512460114306
25-1113.00,23.424559619454772,16.5648686958755,0.2070553968618922,60.20725388601036,45.90673575129534,"Social Work Teachers, Postsecondary",35.17942,62.990002,0.215631786920202,0.1966496707826023,0.6110796653966906,0.3734183574613313,98.54922279792746,0.7909512460114306
29-1122.01,23.407246199195793,17.591552960558786,0.1652978918824307,60.10362694300518,53.98963730569948,"Low Vision Therapists, Orientation and Mobility Specialists, and Vision Rehabilitation Therapists",31.924131,51.09,0.215631786920202,0.1966496707826023,0.45233668919847037,0.20460848039503357,57.409326424870464,0.7909512460114306
13-2099.02,23.37757590722818,19.07612192631373,0.112744456067378,60.0,63.93782383419689,Risk Management Specialists,46.139168,97.150002,0.215631786920202,0.1966496707826023,0.5533550241127222,0.30620178271079135,83.93782383419689,0.7909512460114306
51-9082.00,23.37358730779583,19.158703853960077,0.1099991806847763,59.89637305699482,64.76683937823834,Medical Appliance Technicians,28.633932,31.52,0.215631786920202,0.1966496707826023,0.3271884720082351,0.10705229621508364,34.715025906735754,0.7909512460114306
25-1043.00,23.369747746845952,17.278138195667402,0.1762808435201096,59.79274611398964,51.29533678756477,"Forestry and Conservation Science Teachers, Postsecondary",36.933777,68.480003,0.215631786920202,0.1966496707826023,0.5834474490016607,0.3404109257465454,94.71502590673575,0.7909512460114306
17-3023.03,23.34857017532279,19.56888916049725,0.0965737243393302,59.689119170984455,68.08290155440415,Electrical Engineering Technicians,37.146507,69.510002,0.215631786920202,0.1966496707826023,0.399620960647743,0.15969691218902496,47.25388601036269,0.7909512460114306
15-2041.02,23.31542794313923,18.775182569544835,0.1209108182244553,59.58549222797927,61.6580310880829,Clinical Data Managers,46.527576,97.879997,0.215631786920202,0.1966496707826023,0.575171656983391,0.33082243499701963,92.95336787564767,0.7909512460114306
33-9021.00,23.314822607227107,19.226670696434095,0.1063146078522899,59.48186528497409,65.38860103626943,Private Detectives and Investigators,39.288395,77.800003,0.215631786920202,0.1966496707826023,0.48717006512735317,0.23733467235618952,64.76683937823834,0.7909512460114306
45-2011.00,23.29822004272068,19.18866672786024,0.1070828258456782,59.37823834196891,64.97409326424871,Agricultural Inspectors,35.068188,62.27,0.215631786920202,0.1966496707826023,0.41211677599615204,0.16984023705746257,50.259067357512954,0.7909512460114306
51-4012.00,23.286716959064755,20.280962531118277,0.0741028544215929,59.27461139896373,72.33160621761658,"Computer Numerically Controlled Machine Tool Programmers, Metal and Plastic",35.407066,63.919998,0.215631786920202,0.1966496707826023,0.3650166252665268,0.13323713672096404,40.932642487046635,0.7909512460114306
49-2091.00,23.277357927933647,19.506779931600967,0.0966478836987427,59.170984455958546,67.87564766839378,Avionics Technicians,33.742146,57.610001,0.215631786920202,0.1966496707826023,0.3768424275475846,0.14201021519995657,43.005181347150256,0.7909512460114306
25-3011.00,23.27263110246335,17.04728916026741,0.182590377967704,59.067357512953365,49.637305699481864,Adult Basic and Secondary Education and Literacy Teachers and Instructors,37.394444,70.449997,0.215631786920202,0.1966496707826023,0.562221292963532,0.31609278226158566,87.35751295336787,0.7909512460114306
51-8091.00,23.258088804674507,20.59428339920147,0.0646734181966323,58.96373056994819,74.30051813471502,Chemical Plant and System Operators,30.342289,42.700001,0.215631786920202,0.1966496707826023,0.32912183354933044,0.10832118131887318,35.129533678756474,0.7909512460114306
21-1094.00,23.253014136855157,16.286516421057033,0.2138731677079531,58.86010362694301,44.35233160621762,Community Health Workers,25.603807,14.44,0.215631786920202,0.1966496707826023,0.4172711116817084,0.17411518064408876,50.984455958549226,0.7909512460114306
39-1021.01,23.247994701664332,15.98098264561638,0.2273643685496808,58.75647668393783,41.76165803108808,Spa Managers,28.989967,33.700001,0.215631786920202,0.1966496707826023,0.49142404832222253,0.2414975952694021,65.49222797927462,0.7909512460114306
33-3021.02,23.224396218491513,18.96838869185308,0.11218684928326,58.652849740932645,63.52331606217616,Police Identification and Records Officers,31.979218,51.290001,0.215631786920202,0.1966496707826023,0.38342220066562804,0.14701258396327313,44.145077720207254,0.7909512460114306
25-1082.00,23.22142441283799,17.588992747864083,0.1601123994339551,58.54922279792746,53.8860103626943,"Library Science Teachers, Postsecondary",41.048893,83.800003,0.215631786920202,0.1966496707826023,0.6076397324394547,0.36922604443909207,98.13471502590673,0.7909512460114306
17-3029.02,23.20487459347756,19.378564392399973,0.0987253266959811,58.44559585492228,66.42487046632124,Electrical Engineering Technologists,41.913204,86.900002,0.215631786920202,0.1966496707826023,0.4574227817159224,0.20923560123273238,58.75647668393783,0.7909512460114306
17-3022.00,23.14120887017604,19.918170996236206,0.0809069737012717,58.3419689119171,70.25906735751295,Civil Engineering Technicians,44.953651,94.360001,0.215631786920202,0.1966496707826023,0.47759175852606006,0.22809388781201445,62.487046632124354,0.7909512460114306
15-1132.00,23.12508510397209,18.750009407814897,0.11666862669236,58.23834196891192,61.55440414507772,"Software Developers, Applications",46.112133,97.050003,0.215631786920202,0.1966496707826023,0.5262748273323448,0.2769651938836893,74.19689119170984,0.7909512460114306
11-9199.01,23.120472787980155,16.746886265654663,0.190291688294222,58.134715025906736,47.461139896373055,Regulatory Affairs Managers,39.410931,78.0,0.215631786920202,0.1966496707826023,0.5852059883763934,0.34246604883159143,95.12953367875647,0.7909512460114306
27-2032.00,23.11282591062987,16.545704120315797,0.1984539836612504,58.031088082901555,45.69948186528497,Choreographers,19.614782,0.36000001,0.215631786920202,0.1966496707826023,0.30437668144918034,0.0926451642100158,30.466321243523318,0.7909512460114306
51-9011.00,23.09130315918848,20.392836148940887,0.066162131410734,57.92746113989637,72.84974093264249,Chemical Equipment Operators and Tenders,30.01643,39.91,0.215631786920202,0.1966496707826023,0.3149288500322844,0.09918018058265707,32.74611398963731,0.7909512460114306
15-1199.09,23.082528418582275,16.872420362714525,0.1840313340459186,57.82383419689119,48.39378238341969,Information Technology Project Managers,39.699894,78.93,0.215631786920202,0.1966496707826023,0.5759430140809165,0.33171035546861083,93.26424870466322,0.7909512460114306
35-1011.00,23.010427427934477,16.656674006194905,0.1907269548343355,57.72020725388601,46.83937823834197,Chefs and Head Cooks,25.85404,15.17,0.215631786920202,0.1966496707826023,0.3722785426407019,0.13859131331068492,42.27979274611399,0.7909512460114306
49-9051.00,23.00104984521158,19.077830602812107,0.1028214193761943,57.61658031088083,64.04145077720207,Electrical Power-Line Installers and Repairers,24.869349,9.7799997,0.215631786920202,0.1966496707826023,0.2609560357609096,0.06809805260004913,18.963730569948186,0.7909512460114306
17-2061.00,22.995890965208556,19.137601481789407,0.100803893504903,57.512953367875646,64.55958549222798,Computer Hardware Engineers,47.145554,98.190002,0.215631786920202,0.1966496707826023,0.5306065214197111,0.28154328057312633,75.44041450777202,0.7909512460114306
49-9081.00,22.989014293355886,19.73972002550719,0.0823034537381999,57.409326424870464,69.01554404145078,Wind Turbine Service Technicians,27.664278,25.719999,0.215631786920202,0.1966496707826023,0.27823291309662207,0.07741355393023244,22.590673575129532,0.7909512460114306
13-1041.02,22.913919565151097,18.1302507684156,0.1319250587826683,57.30569948186528,57.409326424870464,Licensing Examiners and Inspectors,31.144623,47.459999,0.215631786920202,0.1966496707826023,0.4222601370015685,0.1783036233005834,51.70984455958549,0.7909512460114306
25-2023.00,22.89139964425378,17.363712443727373,0.1591735413276576,57.2020725388601,52.2279792746114,"Career/Technical Education Teachers, Middle School",31.084503,47.150002,0.215631786920202,0.1966496707826023,0.45314233087564515,0.20533797203141266,57.72020725388601,0.7909512460114306
25-1071.00,22.871502671800613,17.006543131961056,0.1724324424526143,57.09844559585492,49.32642487046632,"Health Specialties Teachers, Postsecondary",37.209435,69.620003,0.215631786920202,0.1966496707826023,0.5973289489898406,0.3568018733013076,97.09844559585493,0.7909512460114306
43-1011.00,22.859168229374458,15.612126654344408,0.2320965533870239,56.994818652849744,39.89637305699482,First-Line Supervisors of Office and Administrative Support Workers,31.995098,51.400002,0.215631786920202,0.1966496707826023,0.5418063915587338,0.29355416593389594,79.89637305699482,0.7909512460114306
29-2055.00,22.852711584386824,18.680192678873127,0.1116829729018995,56.89119170984456,61.13989637305699,Surgical Technologists,28.054892,27.9,0.215631786920202,0.1966496707826023,0.3365085288559924,0.11323798999282428,36.78756476683938,0.7909512460114306
33-9093.00,22.82794754985758,18.40848306396323,0.1200388014193839,56.78756476683938,59.79274611398964,Transportation Security Screeners,26.764568,19.82,0.215631786920202,0.1966496707826023,0.3359703298388345,0.11287606253201525,36.476683937823836,0.7909512460114306
17-3023.01,22.800651722761955,19.290311920397695,0.0909871187373701,56.6839378238342,66.11398963730569,Electronics Engineering Technicians,40.629948,82.449997,0.215631786920202,0.1966496707826023,0.4322517995033388,0.18684161817387462,53.36787564766839,0.7909512460114306
29-2033.00,22.782619738669165,18.13121008900187,0.1282708000964804,56.58031088082902,57.512953367875646,Nuclear Medicine Technologists,31.413713,48.5,0.215631786920202,0.1966496707826023,0.39924815703348415,0.1593990908946336,47.15025906735751,0.7909512460114306
49-9041.00,22.760009448260956,20.095658364037178,0.0662917092826343,56.47668393782384,71.29533678756476,Industrial Machinery Mechanics,26.240294,17.030001,0.215631786920202,0.1966496707826023,0.24585250680648554,0.06044345510303302,15.129533678756477,0.7909512460114306
27-3091.00,22.73692935134168,18.59185800164355,0.1114754466533602,56.373056994818654,60.62176165803109,Interpreters and Translators,37.920006,72.099998,0.215631786920202,0.1966496707826023,0.5589365160489513,0.3124100289729396,86.21761658031087,0.7909512460114306
51-8012.00,22.662054660112464,18.667291544309357,0.1069990016045175,56.26943005181347,61.03626943005181,Power Distributors and Dispatchers,38.11018,73.239998,0.215631786920202,0.1966496707826023,0.4393448318355606,0.19302388126061704,54.715025906735754,0.7909512460114306
49-9062.00,22.61907483587325,19.14676827125487,0.0906760481827985,56.16580310880829,64.66321243523316,Medical Equipment Repairers,33.357685,55.849998,0.215631786920202,0.1966496707826023,0.34055052416929665,0.1159746595119827,37.61658031088083,0.7909512460114306
29-9012.00,22.57322083507134,18.15016688148298,0.1218460960295854,56.06217616580311,57.72020725388601,Occupational Health and Safety Technicians,34.509445,59.889999,0.215631786920202,0.1966496707826023,0.42609388570311746,0.18155599943358133,52.43523316062176,0.7909512460114306
25-1053.00,22.57122480004555,16.69880058868209,0.1758337127321467,55.95854922279793,47.15025906735751,"Environmental Science Teachers, Postsecondary",39.348637,77.900002,0.215631786920202,0.1966496707826023,0.6023206305688028,0.3627901420088002,97.51295336787565,0.7909512460114306
43-9011.00,22.48701109834052,18.424246491095776,0.1102559230633456,55.854922279792746,59.89637305699482,Computer Operators,35.684818,65.169998,0.215631786920202,0.1966496707826023,0.42284086332293624,0.17879439569568606,51.917098445595855,0.7909512460114306
29-2011.02,22.47326657421955,19.268317966742742,0.0831662787849093,55.75129533678757,65.69948186528498,Cytotechnologists,39.974876,80.07,0.215631786920202,0.1966496707826023,0.396970145956868,0.1575852967810171,46.943005181347154,0.7909512460114306
13-1131.00,22.449184197893537,15.284881645777736,0.2343591111186277,55.64766839378238,36.78756476683938,Fundraisers,33.726803,57.509998,0.215631786920202,0.1966496707826023,0.5749427661705344,0.3305591843718258,92.74611398963731,0.7909512460114306
19-2041.01,22.403520944910255,17.429879550900306,0.1426757247370951,55.5440414507772,52.74611398963731,Climate Change Analysts,44.313332,92.910004,0.215631786920202,0.1966496707826023,0.5765884946825305,0.3324542922002665,93.57512953367876,0.7909512460114306
41-4011.00,22.36114333988429,15.301432619055388,0.2306879001655441,55.44041450777202,36.89119170984456,"Sales Representatives, Wholesale and Manufacturing, Technical and Scientific Products",31.428137,48.599998,0.215631786920202,0.1966496707826023,0.5441347991710437,0.29608267966891205,80.0,0.7909512460114306
13-2021.01,22.31345430005949,18.22286171688119,0.1122379307578479,55.33678756476684,58.23834196891192,Assessors,38.750526,74.900002,0.215631786920202,0.1966496707826023,0.48824097577441006,0.23837925042514807,64.87046632124353,0.7909512460114306
43-4051.03,22.29042940028997,15.526474988062372,0.2178200273219807,55.233160621761655,39.067357512953365,Patient Representatives,30.54324,44.150002,0.215631786920202,0.1966496707826023,0.5224437969099197,0.2729475209296534,72.74611398963731,0.7909512460114306
19-3041.00,22.272292158986588,16.480502029399577,0.1757164350714266,55.129533678756474,45.59585492227979,Sociologists,40.143188,80.690002,0.215631786920202,0.1966496707826023,0.6202426704772581,0.3847009702807606,99.48186528497409,0.7909512460114306
13-2071.01,22.25131030402954,16.67420844864875,0.1672373795900564,55.02590673575129,46.943005181347154,Loan Counselors,39.084385,76.660004,0.215631786920202,0.1966496707826023,0.5550093899562197,0.3080354229395752,84.97409326424871,0.7909512460114306
49-3041.00,22.23456112259793,20.17207386815321,0.0511223404178805,54.92227979274612,71.50259067357513,Farm Equipment Mechanics and Service Technicians,27.060366,21.889999,0.215631786920202,0.1966496707826023,0.24308646194183817,0.05909102797940074,14.300518134715025,0.7909512460114306
21-1015.00,22.181680657909357,15.348408022554876,0.2226052573437197,54.818652849740936,37.512953367875646,Rehabilitation Counselors,28.218159,28.83,0.215631786920202,0.1966496707826023,0.5084732249916313,0.25854502053339007,69.43005181347151,0.7909512460114306
51-8099.03,22.171399963363584,18.741023271102957,0.0915205280586245,54.715025906735754,61.45077720207254,Biomass Plant Technicians,27.4147,24.07,0.215631786920202,0.1966496707826023,0.2786075209905765,0.07762215075251452,22.901554404145077,0.7909512460114306
53-1031.00,22.162683744057873,16.56357658779658,0.1690186635290624,54.61139896373057,45.803108808290155,First-Line Supervisors of Transportation and Material-Moving Machine and Vehicle Operators,30.067949,40.529999,0.215631786920202,0.1966496707826023,0.4051312231544334,0.16413130797460732,48.29015544041451,0.7909512460114306
47-5081.00,22.14841353114289,19.27025287835167,0.0746788501157803,54.50777202072539,65.80310880829016,Helpers--Extraction Workers,24.418476,7.5100002,0.215631786920202,0.1966496707826023,0.2205918729546453,0.04866077441363837,8.082901554404145,0.7909512460114306
41-9022.00,22.115954759946373,15.30607024216572,0.2224569863471727,54.40414507772021,36.994818652849744,Real Estate Sales Agents,30.287617,42.18,0.215631786920202,0.1966496707826023,0.45545806175560377,0.20744204601817137,58.134715025906736,0.7909512460114306
47-4099.02,22.087979626801904,17.981433438232074,0.1141885101284113,54.30051813471503,56.6839378238342,Solar Thermal Installers and Technicians,25.542311,14.13,0.215631786920202,0.1966496707826023,0.2855590086892367,0.08154394744357958,25.181347150259068,0.7909512460114306
25-1066.00,22.083910869349303,16.258420870748456,0.1791530076909822,54.196891191709845,44.04145077720207,"Psychology Teachers, Postsecondary",37.101299,69.410004,0.215631786920202,0.1966496707826023,0.6036403455186604,0.36438166673788774,97.92746113989638,0.7909512460114306
13-2052.00,22.07527932325742,16.64850593480806,0.1629807926819207,54.09326424870466,46.73575129533679,Personal Financial Advisors,40.191696,80.900002,0.215631786920202,0.1966496707826023,0.5663998646818615,0.3208088067116311,89.63730569948187,0.7909512460114306
19-4099.01,22.039984409625053,18.386275550530396,0.0993596786106379,53.98963730569948,59.48186528497409,Quality Control Analysts,35.460354,64.339996,0.215631786920202,0.1966496707826023,0.41421765634513663,0.1715762668280577,50.67357512953368,0.7909512460114306
27-4021.00,22.03648697750465,17.784946327192344,0.11952638405807,53.8860103626943,55.129533678756474,Photographers,32.62093,53.259998,0.215631786920202,0.1966496707826023,0.36001392368816126,0.1296100252493452,40.310880829015545,0.7909512460114306
15-1199.10,22.018160144600863,16.794655474517725,0.1555109206618941,53.78238341968912,47.7720207253886,Search Marketing Strategists,42.055149,87.32,0.215631786920202,0.1966496707826023,0.5658119757323409,0.3201431918821351,89.32642487046633,0.7909512460114306
39-4031.00,21.99263909886546,15.02361671882031,0.2319355755167445,53.67875647668394,34.30051813471503,"Morticians, Undertakers, and Funeral Directors",22.501627,2.95,0.215631786920202,0.1966496707826023,0.3687065522261518,0.135944521654496,41.13989637305699,0.7909512460114306
43-9111.00,21.976873334118206,18.390612047904387,0.0975024995598902,53.575129533678755,59.58549222797927,Statistical Assistants,46.682625,97.980003,0.215631786920202,0.1966496707826023,0.5235459866384964,0.27410040012527664,72.95336787564767,0.7909512460114306
47-2152.01,21.95550732568945,18.256581171085553,0.1013039111742944,53.47150259067357,58.652849740932645,Pipe Fitters and Steamfitters,25.373848,12.68,0.215631786920202,0.1966496707826023,0.25641563702233916,0.06574897890957199,17.616580310880828,0.7909512460114306
49-3023.02,21.952779842824494,19.42842303847183,0.0649655610070353,53.36787564766839,66.94300518134715,Automotive Specialty Technicians,29.284794,35.77,0.215631786920202,0.1966496707826023,0.2834022671346056,0.08031684501703434,24.145077720207254,0.7909512460114306
27-4012.00,21.94963062831709,19.13547769373205,0.0735323408076411,53.26424870466321,64.4559585492228,Broadcast Technicians,37.3456,70.239998,0.215631786920202,0.1966496707826023,0.3960222940946786,0.1568336574200121,46.63212435233161,0.7909512460114306
47-2031.02,21.885175452925232,18.04441502051144,0.1064251855227206,53.16062176165803,57.09844559585492,Rough Carpenters,24.133478,6.6799998,0.215631786920202,0.1966496707826023,0.24895365951011922,0.06197792458348037,15.647668393782384,0.7909512460114306
17-1021.00,21.880915651363257,17.956932171882013,0.1092609651225848,53.056994818652846,56.47668393782384,Cartographers and Photogrammetrists,42.81279,88.349998,0.215631786920202,0.1966496707826023,0.46446906837400703,0.21573151547621802,60.20725388601036,0.7909512460114306
27-4014.00,21.87550612961304,17.508872331226275,0.124697745114032,52.95336787564767,53.47150259067357,Sound Engineering Technicians,35.084297,62.470001,0.215631786920202,0.1966496707826023,0.44680479699610415,0.19963452661872985,56.26943005181347,0.7909512460114306
25-9011.00,21.86720994533397,17.943556217845025,0.1093332246922946,52.84974093264249,56.16580310880829,Audio-Visual and Multimedia Collections Specialists,36.325005,66.510002,0.215631786920202,0.1966496707826023,0.40908515300794307,0.16735066241153218,49.32642487046632,0.7909512460114306
25-4013.00,21.84777346019883,17.89969762755305,0.1102833107797447,52.74611398963731,55.75129533678757,Museum Technicians and Conservators,33.267258,55.75,0.215631786920202,0.1966496707826023,0.39273276652767775,0.15423902590448343,45.69948186528497,0.7909512460114306
53-7121.00,21.843569419336855,18.849081780615425,0.0794332496822468,52.64248704663213,62.17616580310881,"Tank Car, Truck, and Ship Loaders",23.643799,5.3299999,0.215631786920202,0.1966496707826023,0.22724800204876616,0.05164165443515603,9.740932642487047,0.7909512460114306
15-1199.06,21.81640730972245,17.407379484003915,0.1266424917596041,52.538860103626945,52.538860103626945,Database Architects,44.798637,93.739998,0.215631786920202,0.1966496707826023,0.5380454372541945,0.2894928925500574,78.03108808290155,0.7909512460114306
49-9063.00,21.8154058659715,18.1811271997914,0.0999464616864293,52.43523316062176,57.92746113989637,Musical Instrument Repairers and Tuners,29.057356,34.419998,0.215631786920202,0.1966496707826023,0.32966305162338055,0.10867772760563968,35.33678756476684,0.7909512460114306
25-1064.00,21.812807810463784,16.320110871621125,0.1682800129867332,52.33160621761658,44.66321243523316,"Geography Teachers, Postsecondary",38.829483,75.620003,0.215631786920202,0.1966496707826023,0.6020672650200848,0.362484991608765,97.40932642487047,0.7909512460114306
27-4031.00,21.81253285609537,18.334571030136345,0.0948471011468534,52.2279792746114,59.067357512953365,"Camera Operators, Television, Video, and Motion Picture",30.667612,45.5,0.215631786920202,0.1966496707826023,0.3115040340619635,0.0970347632368769,32.33160621761658,0.7909512460114306
15-1134.00,21.803340596795977,17.745500203770288,0.1143343480440056,52.12435233160622,54.818652849740936,Web Developers,45.663086,96.529999,0.215631786920202,0.1966496707826023,0.5097821766222357,0.2598778676017043,69.84455958549223,0.7909512460114306
53-4012.00,21.79166316642723,19.38132280624835,0.0621820394891161,52.02072538860104,66.52849740932642,Locomotive Firers,27.001341,21.48,0.215631786920202,0.1966496707826023,0.2514338207574743,0.06321896622070171,16.373056994818654,0.7909512460114306
25-2011.00,21.785424293504267,16.057750434280493,0.1783460853581394,51.917098445595855,42.590673575129536,"Preschool Teachers, Except Special Education",30.652786,45.189999,0.215631786920202,0.1966496707826023,0.4428147394154345,0.19608489344355914,55.129533678756474,0.7909512460114306
11-1021.00,21.779197288136757,15.152643179173278,0.2186600063964886,51.81347150259067,35.33678756476684,General and Operations Managers,30.135094,41.150002,0.215631786920202,0.1966496707826023,0.4868643157982407,0.23703686199768903,64.66321243523316,0.7909512460114306
25-1124.00,21.77007570887097,16.2436839988756,0.1701089392768877,51.70984455958549,43.73056994818653,"Foreign Language and Literature Teachers, Postsecondary",36.901226,68.269997,0.215631786920202,0.1966496707826023,0.609239770598965,0.37117309807947946,98.23834196891191,0.7909512460114306
13-1051.00,21.75154787419649,17.16897525292011,0.133455041834747,51.60621761658031,50.46632124352332,Cost Estimators,43.628277,90.940002,0.215631786920202,0.1966496707826023,0.5445445911262461,0.2965288117248505,80.41450777202073,0.7909512460114306
13-1081.02,21.7509763525054,18.06650001426756,0.1019698429504364,51.50259067357513,57.30569948186528,Logistics Analysts,49.176014,99.019997,0.215631786920202,0.1966496707826023,0.5477796343111134,0.30006252776601716,81.86528497409327,0.7909512460114306
17-2199.10,21.750010644189228,17.28996012513256,0.1289780452579984,51.398963730569946,51.70984455958549,Wind Energy Engineers,43.509899,90.32,0.215631786920202,0.1966496707826023,0.49914754880826645,0.24914827548130075,67.46113989637306,0.7909512460114306
25-1022.00,21.740096445299983,16.56616811072662,0.1561594781602885,51.29533678756477,46.01036269430052,"Mathematical Science Teachers, Postsecondary",40.714928,82.760002,0.215631786920202,0.1966496707826023,0.5630212734068052,0.31699295430862046,87.7720207253886,0.7909512460114306
37-2021.00,21.73185062208212,17.14443773414116,0.1337872072294812,51.19170984455958,50.362694300518136,Pest Control Workers,25.293385,12.27,0.215631786920202,0.1966496707826023,0.29515927066680836,0.08711899506056224,28.497409326424872,0.7909512460114306
49-2096.00,21.728461004312187,18.184763707642407,0.0974358906621505,51.0880829015544,58.031088082901555,"Electronic Equipment Installers and Repairers, Motor Vehicles",28.832989,32.869999,0.215631786920202,0.1966496707826023,0.2910562179260397,0.0847137219934103,27.04663212435233,0.7909512460114306
29-2034.00,21.726038501025645,17.43316530014736,0.1231237450849503,50.984455958549226,52.95336787564767,Radiologic Technologists,27.773537,26.450001,0.215631786920202,0.1966496707826023,0.34798958058771723,0.12109674819761534,38.44559585492228,0.7909512460114306
15-1122.00,21.713773870846,17.335928378525235,0.1262651009144625,50.880829015544045,51.917098445595855,Information Security Analysts,45.122959,94.879997,0.215631786920202,0.1966496707826023,0.5444174558918714,0.2963903662797778,80.20725388601036,0.7909512460114306
47-5021.00,21.67491348966113,18.906119014927096,0.0732248239987265,50.77720207253886,62.7979274611399,"Earth Drillers, Except Oil and Gas",28.950851,33.279999,0.215631786920202,0.1966496707826023,0.2649555542154543,0.07020144570961855,19.89637305699482,0.7909512460114306
27-4032.00,21.67159432660972,18.032614732500313,0.1008999429115194,50.67357512953368,56.994818652849744,Film and Video Editors,45.492771,95.910004,0.215631786920202,0.1966496707826023,0.4896156353298997,0.23972347035950134,65.28497409326425,0.7909512460114306
13-1031.02,21.66954926698601,17.036758985240144,0.1359645424860297,50.5699481865285,49.53367875647668,"Insurance Adjusters, Examiners, and Investigators",41.394035,85.040001,0.215631786920202,0.1966496707826023,0.5255158303588915,0.2761668879577952,73.98963730569949,0.7909512460114306
51-8013.00,21.663039593121653,18.891029333028175,0.0733684282424735,50.46632124352332,62.487046632124354,Power Plant Operators,31.89299,50.880001,0.215631786920202,0.1966496707826023,0.3399430702374494,0.11556129100246346,37.512953367875646,0.7909512460114306
51-9071.01,21.66053020313478,18.47319689007772,0.0862691317594582,50.362694300518136,60.10362694300518,Jewelers,34.892521,61.439999,0.215631786920202,0.1966496707826023,0.30170935455433084,0.09102853462559092,29.844559585492227,0.7909512460114306
19-3011.00,21.638128182982065,17.1718712800519,0.1300457250724472,50.259067357512954,50.5699481865285,Economists,44.62796,93.629997,0.215631786920202,0.1966496707826023,0.5764585900204688,0.33230450600838696,93.47150259067358,0.7909512460114306
17-3029.09,21.605047089214583,18.008415852962084,0.0998597340715261,50.15544041450777,56.78756476683938,Manufacturing Production Technicians,30.167322,41.360001,0.215631786920202,0.1966496707826023,0.33038690153157957,0.10915550470363765,35.44041450777202,0.7909512460114306
29-2099.01,21.598486019662634,17.79819613572137,0.1067605350273109,50.05181347150259,55.233160621761655,Neurodiagnostic Technologists,36.517036,67.129997,0.215631786920202,0.1966496707826023,0.4276788569581942,0.18290920468906752,52.74611398963731,0.7909512460114306
53-3011.00,21.59465322513303,17.338704616594036,0.1227297166267493,49.94818652849741,52.02072538860104,"Ambulance Drivers and Attendants, Except Emergency Medical Technicians",24.805752,9.2700005,0.215631786920202,0.1966496707826023,0.2830115007492261,0.0800955095563292,23.83419689119171,0.7909512460114306
15-1143.01,21.590070608811835,16.707227644628645,0.1461296592122817,49.84455958549223,47.25388601036269,Telecommunications Engineering Specialists,33.241745,55.639999,0.215631786920202,0.1966496707826023,0.4279739179881573,0.183161674478134,52.84974093264249,0.7909512460114306
29-2053.00,21.57269109523556,15.573501092426342,0.1926089055763678,49.740932642487046,39.58549222797927,Psychiatric Technicians,26.072765,15.99,0.215631786920202,0.1966496707826023,0.39694048923424086,0.1575617519935185,46.83937823834197,0.7909512460114306
27-3031.00,21.563073188189808,14.937003245377843,0.2218005122567794,49.637305699481864,33.056994818652846,Public Relations Specialists,36.400887,66.82,0.215631786920202,0.1966496707826023,0.5874074782402295,0.34504754549254574,95.44041450777202,0.7909512460114306
29-2092.00,21.55869645344131,16.13141035455084,0.1682210662181616,49.53367875647668,42.90155440414508,Hearing Aid Specialists,32.88319,54.400002,0.215631786920202,0.1966496707826023,0.45061220579841277,0.2030513600145111,57.2020725388601,0.7909512460114306
41-3011.00,21.548824874767416,15.150793075514295,0.211145111921342,49.4300518134715,35.129533678756474,Advertising Sales Agents,33.528267,56.68,0.215631786920202,0.1966496707826023,0.5251599144863095,0.2757929357832679,73.57512953367876,0.7909512460114306
29-2011.03,21.52292027365785,18.21804367438483,0.0907033888583708,49.32642487046632,58.134715025906736,Histotechnologists and Histologic Technicians,34.089188,59.060001,0.215631786920202,0.1966496707826023,0.34888339359858755,0.12171962232886696,38.652849740932645,0.7909512460114306
13-1199.05,21.520703927918145,16.26658447144608,0.1615003895161582,49.22279792746114,44.145077720207254,Sustainability Specialists,42.620415,87.940002,0.215631786920202,0.1966496707826023,0.5614918169412462,0.3152730604919819,87.04663212435233,0.7909512460114306
17-3031.02,21.517352450870096,18.234012794744572,0.0900333813814108,49.119170984455955,58.3419689119171,Mapping Technicians,44.312149,92.809998,0.215631786920202,0.1966496707826023,0.4273900452375512,0.18266225076815606,52.64248704663213,0.7909512460114306
37-1012.00,21.50966133466688,15.9131507035798,0.1758454606298706,49.015544041450774,40.932642487046635,"First-Line Supervisors of Landscaping, Lawn Service, and Groundskeeping Workers",24.925663,9.9899998,0.215631786920202,0.1966496707826023,0.3288815506010847,0.10816307432577384,34.92227979274612,0.7909512460114306
17-2072.01,21.49439811624064,17.00536260751796,0.1319888205952782,48.9119170984456,49.22279792746114,Radio Frequency Identification Device Specialists,39.51643,78.419998,0.215631786920202,0.1966496707826023,0.4961600445990094,0.24617478985649102,66.73575129533678,0.7909512460114306
25-1125.00,21.451185918397112,16.00108749041986,0.1703040006262175,48.80829015544042,42.17616580310881,"History Teachers, Postsecondary",39.645782,78.830002,0.215631786920202,0.1966496707826023,0.6184575291518747,0.38248971536464194,99.37823834196891,0.7909512460114306
29-2012.00,21.424578279158172,17.64749414190298,0.1070147440447853,48.70466321243523,54.30051813471503,Medical and Clinical Laboratory Technicians,31.826843,50.57,0.215631786920202,0.1966496707826023,0.36470170271362395,0.13300733196221654,40.72538860103627,0.7909512460114306
11-3071.02,21.421124352858747,15.62757222034158,0.1853631533686342,48.601036269430054,40.10362694300518,Storage and Distribution Managers,30.086393,40.630001,0.215631786920202,0.1966496707826023,0.4350910888450731,0.18930425559239128,53.8860103626943,0.7909512460114306
17-3031.01,21.358805499340416,17.741609490790363,0.1019410333213493,48.49740932642487,54.715025906735754,Surveying Technicians,29.09786,34.630001,0.215631786920202,0.1966496707826023,0.30421827623472864,0.09254875959522965,30.362694300518136,0.7909512460114306
27-4011.00,21.315305108791662,17.252143753203725,0.1177581584559139,48.39378238341969,51.0880829015544,Audio and Video Equipment Technicians,34.080162,58.950001,0.215631786920202,0.1966496707826023,0.39840717050171587,0.1587282735071833,47.04663212435233,0.7909512460114306
27-2012.04,21.282850637644707,15.413976069087886,0.1903751031612996,48.29015544041451,38.134715025906736,Talent Directors,37.297749,69.93,0.215631786920202,0.1966496707826023,0.5640911589036128,0.318198835553221,88.49740932642487,0.7909512460114306
15-1199.03,21.26838989584597,16.88543582201501,0.1297850443432595,48.18652849740933,48.601036269430054,Web Administrators,44.314041,93.010002,0.215631786920202,0.1966496707826023,0.5230998987118524,0.2736335040323502,72.84974093264249,0.7909512460114306
11-3011.00,21.244252977174412,15.559502324011143,0.1826777789798155,48.082901554404145,39.37823834196891,Administrative Services Managers,34.018513,58.639999,0.215631786920202,0.1966496707826023,0.501219903814712,0.2512213919800292,68.29015544041451,0.7909512460114306
21-1093.00,21.19697956225627,15.201645609197636,0.197193583746986,47.97927461139896,35.854922279792746,Social and Human Service Assistants,29.159861,35.139999,0.215631786920202,0.1966496707826023,0.46823526059349796,0.21924425926306093,60.51813471502591,0.7909512460114306
19-3094.00,21.191110643926287,16.269853929933316,0.1512385032830206,47.87564766839378,44.24870466321243,Political Scientists,43.281853,89.599998,0.215631786920202,0.1966496707826023,0.6166741235999896,0.3802869747178153,99.27461139896373,0.7909512460114306
27-2042.02,21.17322151122928,16.91196610498265,0.125983442131875,47.7720207253886,48.70466321243523,"Musicians, Instrumental",28.937899,33.07,0.215631786920202,0.1966496707826023,0.37833937278888063,0.14314068100228358,43.41968911917098,0.7909512460114306
53-1021.00,21.12864289151474,15.463369870206108,0.1831836484822153,47.66839378238342,38.44559585492228,"First-Line Supervisors of Helpers, Laborers, and Material Movers, Hand",27.55094,24.790001,0.215631786920202,0.1966496707826023,0.39581287753824734,0.1566678340251076,46.424870466321245,0.7909512460114306
21-2021.00,21.116533656044904,14.582813376229913,0.2240212540354183,47.56476683937824,31.295336787564768,"Directors, Religious Activities and Education",34.721401,60.709999,0.215631786920202,0.1966496707826023,0.5652122962334756,0.31946493981351815,88.70466321243524,0.7909512460114306
51-9021.00,21.101969274660817,17.78378366877504,0.0932924530484444,47.461139896373055,54.92227979274612,"Crushing, Grinding, and Polishing Machine Setters, Operators, and Tenders",24.516336,8.2299995,0.215631786920202,0.1966496707826023,0.2491961592100478,0.0620987257650395,15.958549222797927,0.7909512460114306
19-4011.01,21.097829450154872,17.285398093999362,0.1102789572858897,47.35751295336787,51.50259067357513,Agricultural Technicians,33.027084,54.709999,0.215631786920202,0.1966496707826023,0.3583376231935331,0.1284058521959905,39.89637305699482,0.7909512460114306
53-6041.00,21.064209128668224,17.02269495957468,0.1187095867808031,47.25388601036269,49.4300518134715,Traffic Technicians,35.928001,65.68,0.215631786920202,0.1966496707826023,0.40771909741984425,0.16623486240085245,49.015544041450774,0.7909512460114306
27-3043.05,21.02941934047099,17.64551633439354,0.0958856329832004,47.15025906735751,54.196891191709845,"Poets, Lyricists and Creative Writers",48.628712,98.809998,0.215631786920202,0.1966496707826023,0.5544943626238267,0.3074639981816038,84.66321243523316,0.7909512460114306
37-3013.00,21.026582253170066,17.277089978477555,0.1085105269279528,47.04663212435233,51.19170984455958,Tree Trimmers and Pruners,20.94383,0.88,0.215631786920202,0.1966496707826023,0.20902696503164092,0.04369227211033884,6.010362694300518,0.7909512460114306
25-1062.00,21.016739789975553,15.99295764570816,0.1570623225409329,46.943005181347154,41.968911917098445,"Area, Ethnic, and Cultural Studies Teachers, Postsecondary",41.297192,84.730003,0.215631786920202,0.1966496707826023,0.6105437493898603,0.3727636699190286,98.44559585492227,0.7909512460114306
49-3043.00,20.98812830998232,18.713609286478416,0.0607717888271657,46.83937823834197,61.347150259067355,Rail Car Repairers,25.157854,11.65,0.215631786920202,0.1966496707826023,0.21752960650101635,0.04731912970448702,7.668393782383419,0.7909512460114306
47-5041.00,20.97990939927702,18.698149837759203,0.0610156507813946,46.73575129533679,61.24352331606217,Continuous Mining Machine Operators,25.731522,14.65,0.215631786920202,0.1966496707826023,0.2228467789333618,0.04966068688097462,8.49740932642487,0.7909512460114306
25-1122.00,20.96517101657927,15.356638231361336,0.1826093934336548,46.63212435233161,37.61658031088083,"Communications Teachers, Postsecondary",37.943275,72.309998,0.215631786920202,0.1966496707826023,0.6056144431342896,0.36676885373285567,98.03108808290155,0.7909512460114306
47-2152.02,20.920687425435677,17.184987250103585,0.1086908043911867,46.52849740932643,50.67357512953368,Plumbers,26.141363,16.41,0.215631786920202,0.1966496707826023,0.2665367619042399,0.07104184544639748,20.414507772020727,0.7909512460114306
27-3011.00,20.89503768208339,16.610676514672797,0.1289640781224674,46.424870466321245,46.21761658031088,Radio and Television Announcers,36.360744,66.720001,0.215631786920202,0.1966496707826023,0.5345357495604389,0.2857284675581403,76.58031088082902,0.7909512460114306
13-1031.01,20.89459069350312,15.555353225495072,0.1716205794432585,46.32124352331606,39.27461139896373,"Claims Examiners, Property and Casualty Insurance",39.712944,79.040001,0.215631786920202,0.1966496707826023,0.5507764948328304,0.3033547472603389,83.21243523316062,0.7909512460114306
51-4041.00,20.878807808566204,17.86156522839516,0.0844618750257795,46.21761658031088,55.5440414507772,Machinists,27.558254,24.9,0.215631786920202,0.1966496707826023,0.2711679024217403,0.07353203130380648,21.761658031088082,0.7909512460114306
29-2099.06,20.869042166888935,16.83190713878676,0.1199250624071934,46.1139896373057,47.97927461139896,Radiologic Technicians,28.000103,27.799999,0.215631786920202,0.1966496707826023,0.34191965882985653,0.11690905309432549,37.72020725388601,0.7909512460114306
13-2051.00,20.830594837197985,17.925212452055863,0.0810417838258006,46.01036269430052,55.95854922279793,Financial Analysts,49.991322,99.43,0.215631786920202,0.1966496707826023,0.5582407233870206,0.311632705247664,85.80310880829016,0.7909512460114306
25-1111.00,20.828269915025768,15.5020481877629,0.1717909034583995,45.90673575129534,38.75647668393783,"Criminal Justice and Law Enforcement Teachers, Postsecondary",40.842941,83.489998,0.215631786920202,0.1966496707826023,0.6153017426304623,0.3785962344840837,99.17098445595855,0.7909512460114306
49-2095.00,20.825630289752898,17.628150804174847,0.0906924248918041,45.803108808290155,54.09326424870466,"Electrical and Electronics Repairers, Powerhouse, Substation, and Relay",30.339865,42.599998,0.215631786920202,0.1966496707826023,0.31040601385499883,0.09635189343734972,32.020725388601036,0.7909512460114306
53-7021.00,20.796339241691,18.787334941447547,0.053466984713497,45.69948186528497,61.76165803108808,Crane and Tower Operators,26.462278,18.27,0.215631786920202,0.1966496707826023,0.21517707822571752,0.04630117499375656,7.150259067357513,0.7909512460114306
49-3092.00,20.795367933502305,17.216570033289308,0.1039346946950863,45.59585492227979,50.880829015544045,Recreational Vehicle Service Technicians,26.598089,19.1,0.215631786920202,0.1966496707826023,0.2858810169877418,0.08172795587394553,25.28497409326425,0.7909512460114306
11-9131.00,20.745664776439988,14.584259034582196,0.2112347883854732,45.49222797927461,31.39896373056995,Postmasters and Mail Superintendents,32.725445,54.09,0.215631786920202,0.1966496707826023,0.5102349702642393,0.26033972488054913,69.94818652849742,0.7909512460114306
25-1192.00,20.743672349665538,15.3700936639684,0.1748063090303163,45.38860103626943,37.82383419689119,"Home Economics Teachers, Postsecondary",38.666882,74.589996,0.215631786920202,0.1966496707826023,0.5730068661496176,0.32833686865460576,91.81347150259067,0.7909512460114306
53-3032.00,20.74050537079148,18.53080693639675,0.0596222938908993,45.284974093264246,60.51813471502591,Heavy and Tractor-Trailer Truck Drivers,24.941145,10.2,0.215631786920202,0.1966496707826023,0.20360198738586427,0.041453769267473635,5.38860103626943,0.7909512460114306
43-4131.00,20.710266212956917,16.162577805949685,0.1406857390450785,45.181347150259064,43.3160621761658,Loan Interviewers and Clerks,41.412567,85.349998,0.215631786920202,0.1966496707826023,0.5535781896892086,0.3064488120995814,84.24870466321244,0.7909512460114306
53-6051.08,20.706794780665433,17.250666242899314,0.1001737697866806,45.07772020725388,50.984455958549226,Freight and Cargo Inspectors,33.23592,55.540001,0.215631786920202,0.1966496707826023,0.37371595011374037,0.13966361136941569,42.487046632124354,0.7909512460114306
25-1081.00,20.657209542033932,15.210628836715417,0.1790386434310842,44.97409326424871,36.06217616580311,"Education Teachers, Postsecondary",37.407658,70.550003,0.215631786920202,0.1966496707826023,0.5975108052146969,0.3570191623483155,97.20207253886011,0.7909512460114306
35-1012.00,20.65567118026023,14.587778091215526,0.2079786603245175,44.870466321243526,31.502590673575128,First-Line Supervisors of Food Preparation and Serving Workers,25.534243,13.92,0.215631786920202,0.1966496707826023,0.37162835828448637,0.13810763668122256,42.07253886010363,0.7909512460114306
49-3031.00,20.653468150029937,17.95246623721836,0.0752264863535006,44.766839378238345,56.26943005181347,Bus and Truck Mechanics and Diesel Engine Specialists,27.872721,26.969999,0.215631786920202,0.1966496707826023,0.25699073616574153,0.06604423847500977,17.82383419689119,0.7909512460114306
31-1013.00,20.636630343902837,14.927384666372856,0.1912339570906646,44.66321243523316,32.95336787564767,Psychiatric Aides,24.031162,6.4699998,0.215631786920202,0.1966496707826023,0.35931752353296936,0.129109082717866,40.10362694300518,0.7909512460114306
13-1011.00,20.632245023051656,13.95098475207711,0.2394547908161034,44.55958549222798,27.46113989637306,"Agents and Business Managers of Artists, Performers, and Athletes",33.655224,57.400002,0.215631786920202,0.1966496707826023,0.5571646937072137,0.31043249591385325,85.5958549222798,0.7909512460114306
47-4021.00,20.607335930003114,17.479890757120504,0.0894583729480298,44.4559585492228,53.26424870466321,Elevator Installers and Repairers,28.992962,33.799999,0.215631786920202,0.1966496707826023,0.28179010758740436,0.07940566473412092,23.523316062176164,0.7909512460114306
25-1126.00,20.58554264797729,15.608900751439618,0.1594167960892017,44.35233160621762,39.79274611398964,"Philosophy and Religion Teachers, Postsecondary",40.771263,83.18,0.215631786920202,0.1966496707826023,0.6032776867869722,0.3639439673750402,97.72020725388602,0.7909512460114306
41-3031.03,20.557222599865316,15.53763200517486,0.1615301029467896,44.24870466321243,39.170984455958546,Securities and Commodities Traders,38.982113,76.349998,0.215631786920202,0.1966496707826023,0.5449618714248369,0.29698344130686044,80.51813471502591,0.7909512460114306
53-7072.00,20.5199205524672,17.956682071174825,0.0713728313263128,44.145077720207254,56.373056994818654,"Pump Operators, Except Wellhead Pumpers",27.626453,25.209999,0.215631786920202,0.1966496707826023,0.26967420308250556,0.07272417580818445,21.243523316062177,0.7909512460114306
47-4061.00,20.508555628292985,18.179607065677864,0.0640538751525617,44.04145077720207,57.82383419689119,Rail-Track Laying and Maintenance Equipment Operators,24.961309,10.4,0.215631786920202,0.1966496707826023,0.21496100499031912,0.046208233666448,7.046632124352332,0.7909512460114306
27-3022.00,20.507634505433277,16.29283503008165,0.1293451835598223,43.93782383419689,44.4559585492228,Reporters and Correspondents,43.134338,89.18,0.215631786920202,0.1966496707826023,0.5886989755252727,0.34656648378450566,95.85492227979275,0.7909512460114306
41-2022.00,20.49841226403914,15.633713782794194,0.1555835852194897,43.83419689119171,40.20725388601036,Parts Salespersons,28.59552,31.110001,0.215631786920202,0.1966496707826023,0.39581047654013213,0.15666593333892648,46.32124352331606,0.7909512460114306
47-2011.00,20.482823050091653,17.91974589482223,0.0715154436428142,43.73056994818653,55.854922279792746,Boilermakers,27.375784,23.860001,0.215631786920202,0.1966496707826023,0.2542545271454279,0.06464536457394514,17.305699481865286,0.7909512460114306
13-1022.00,20.481113956522673,14.430091085632856,0.2096668286770014,43.626943005181346,29.844559585492227,"Wholesale and Retail Buyers, Except Farm Products",34.269379,59.27,0.215631786920202,0.1966496707826023,0.504634942626145,0.2546564253192927,68.9119170984456,0.7909512460114306
11-9051.00,20.47559545654903,14.402253432992634,0.2108469362733058,43.52331606217616,29.74093264248705,Food Service Managers,26.035086,15.68,0.215631786920202,0.1966496707826023,0.40259069813890874,0.16207927022797394,48.082901554404145,0.7909512460114306
31-2021.00,20.468491454522173,15.664410034922524,0.1533438351297412,43.41968911917098,40.310880829015545,Physical Therapist Assistants,27.206379,22.93,0.215631786920202,0.1966496707826023,0.3619843084774531,0.13103263958389993,40.51813471502591,0.7909512460114306
17-3029.08,20.460687950113055,17.404333677364548,0.0878044034723228,43.3160621761658,52.43523316062176,Photonics Technicians,35.159134,62.889999,0.215631786920202,0.1966496707826023,0.35755486254737906,0.12784547973127514,39.689119170984455,0.7909512460114306
11-9061.00,20.443297343259275,14.28180505691091,0.2157112585487519,43.21243523316062,28.808290155440417,Funeral Service Managers,28.603998,31.209999,0.215631786920202,0.1966496707826023,0.43380980726471763,0.18819094887905147,53.47150259067357,0.7909512460114306
23-1012.00,20.433119087862355,16.631015860063417,0.1143076063359739,43.10880829015544,46.63212435233161,Judicial Law Clerks,45.135643,94.980003,0.215631786920202,0.1966496707826023,0.5902716445599842,0.34842061437154825,96.06217616580311,0.7909512460114306
39-7012.00,20.412572942418425,14.659887177728637,0.1962049808073998,43.005181347150256,32.020725388601036,Travel Guides,30.493931,43.740002,0.215631786920202,0.1966496707826023,0.46304493015383275,0.21441060734116785,59.48186528497409,0.7909512460114306
25-2012.00,20.40118165095151,14.68001114951618,0.1948626074995825,42.90155440414508,32.12435233160622,"Kindergarten Teachers, Except Special Education",34.354259,59.580002,0.215631786920202,0.1966496707826023,0.5164094114061624,0.26667868018885904,71.29533678756476,0.7909512460114306
15-1199.01,20.35570332817651,17.11293514866543,0.0947461131401521,42.7979274611399,50.15544041450777,Software Quality Assurance Engineers and Testers,49.30566,99.120003,0.215631786920202,0.1966496707826023,0.537368626749448,0.2887650410145875,77.72020725388602,0.7909512460114306
13-2041.00,20.347812543732587,16.882333023133512,0.1026362741408549,42.69430051813472,48.49740932642487,Credit Analysts,45.739246,96.739998,0.215631786920202,0.1966496707826023,0.5335009388940244,0.28462325180080555,76.16580310880829,0.7909512460114306
15-1151.00,20.338289398878505,16.433957904623945,0.1187885327720115,42.590673575129536,45.07772020725388,Computer User Support Specialists,36.416622,66.93,0.215631786920202,0.1966496707826023,0.4441978247418642,0.19731170750540392,55.44041450777202,0.7909512460114306
31-2011.00,20.314901136943757,14.95393798174564,0.1792492105337829,42.487046632124354,33.47150259067357,Occupational Therapy Assistants,27.148186,22.52,0.215631786920202,0.1966496707826023,0.38458166257536797,0.1479030551892342,44.35233160621762,0.7909512460114306
15-1199.12,20.31167290350381,16.03566929470633,0.1333278808078521,42.38341968911917,42.38341968911917,Document Management Specialists,43.422859,90.010002,0.215631786920202,0.1966496707826023,0.5349220782192046,0.2861416297663528,76.99481865284974,0.7909512460114306
41-1011.00,20.310151990170613,14.430650379590348,0.2037157527874074,42.27979274611399,29.94818652849741,First-Line Supervisors of Retail Sales Workers,25.501221,13.82,0.215631786920202,0.1966496707826023,0.3706064240631791,0.13734912155689696,41.865284974093264,0.7909512460114306
13-2081.00,20.308846266776776,16.05153063668761,0.1326140081731079,42.17616580310881,42.487046632124354,"Tax Examiners and Collectors, and Revenue Agents",43.058044,88.980003,0.215631786920202,0.1966496707826023,0.552425365549809,0.30517378450284016,83.73056994818653,0.7909512460114306
41-4011.07,20.299528254006347,14.621552541880314,0.1941645969490135,42.07253886010363,31.70984455958549,Solar Sales Representatives and Assessors,33.589035,56.990002,0.215631786920202,0.1966496707826023,0.48485927475830637,0.23508851631915081,64.14507772020725,0.7909512460114306
29-1199.01,20.269189941846182,15.960325179474228,0.1349867472598041,41.968911917098445,41.55440414507772,Acupuncturists,35.566315,64.860001,0.215631786920202,0.1966496707826023,0.44142293741261873,0.1948542096739847,54.818652849740936,0.7909512460114306
47-5061.00,20.231121896940486,17.28761147683461,0.0851335195741233,41.865284974093264,51.60621761658031,"Roof Bolters, Mining",21.197756,1.1900001,0.215631786920202,0.1966496707826023,0.19027301565786586,0.036203820487538466,3.7305699481865284,0.7909512460114306
13-2011.01,20.18257806389068,16.47997576321278,0.1123364000614305,41.76165803108808,45.49222797927461,Accountants,44.005226,91.980003,0.215631786920202,0.1966496707826023,0.5166114617743385,0.2668874024366188,71.39896373056995,0.7909512460114306
13-2031.00,20.170977896743356,16.451940068365783,0.1130273333395079,41.6580310880829,45.181347150259064,Budget Analysts,46.419815,97.769997,0.215631786920202,0.1966496707826023,0.5531652741226833,0.3059918204952234,83.83419689119171,0.7909512460114306
31-9099.01,20.154456222119663,15.200616278364718,0.1629486546149391,41.55440414507772,35.751295336787564,Speech-Language Pathology Assistants,36.064396,65.989998,0.215631786920202,0.1966496707826023,0.5348815306413106,0.2860982518211913,76.89119170984456,0.7909512460114306
43-6011.00,20.136473881362285,15.364086690238684,0.1553098237253392,41.45077720207254,37.72020725388601,Executive Secretaries and Executive Administrative Assistants,37.540012,71.07,0.215631786920202,0.1966496707826023,0.5254028443548588,0.276048148856176,73.78238341968913,0.7909512460114306
51-9195.04,20.112029130220947,18.28154434736919,0.0500637349906155,41.347150259067355,58.96373056994819,"Glass Blowers, Molders, Benders, and Finishers",29.562634,37.009998,0.215631786920202,0.1966496707826023,0.2481086587235707,0.061557906533609284,15.544041450777202,0.7909512460114306
19-4061.00,20.04466097077227,16.238288301711936,0.1172036300359024,41.24352331606217,43.52331606217616,Social Science Research Assistants,44.4063,93.220001,0.215631786920202,0.1966496707826023,0.5205563828545842,0.2709789477306484,72.33160621761658,0.7909512460114306
25-1193.00,20.03438628129083,14.536886396753776,0.189087942716698,41.13989637305699,30.77720207253886,"Recreation and Fitness Studies Teachers, Postsecondary",34.957355,61.959999,0.215631786920202,0.1966496707826023,0.5518741893805165,0.30456512090440213,83.41968911917098,0.7909512460114306
13-1023.00,20.00938440673526,14.364144985255775,0.1965045405512857,41.03626943005181,29.32642487046632,"Purchasing Agents, Except Wholesale, Retail, and Farm Products",39.972553,79.970001,0.215631786920202,0.1966496707826023,0.5870201516881906,0.3445926584880262,95.23316062176166,0.7909512460114306
15-1152.00,20.007351872654752,16.970120009715572,0.0894876365399988,40.932642487046635,49.015544041450774,Computer Network Support Specialists,44.413784,93.32,0.215631786920202,0.1966496707826023,0.4917037554805022,0.2417725831536295,65.5958549222798,0.7909512460114306
51-6093.00,20.007057057883213,17.001040403785016,0.0884068440137625,40.829015544041454,49.119170984455955,Upholsterers,26.260674,17.129999,0.215631786920202,0.1966496707826023,0.22890707239585964,0.052398447792843326,10.77720207253886,0.7909512460114306
51-2091.00,19.997364657639658,17.048887519729263,0.0864712473027454,40.72538860103627,49.740932642487046,Fiberglass Laminators and Fabricators,25.952183,15.48,0.215631786920202,0.1966496707826023,0.23985714493413585,0.05753144997595505,13.678756476683938,0.7909512460114306
21-1091.00,19.970618218241025,14.506349182150412,0.1883406006390021,40.62176165803109,30.362694300518136,Health Educators,34.64143,60.400002,0.215631786920202,0.1966496707826023,0.5177899618613391,0.268106444604367,71.81347150259067,0.7909512460114306
31-9092.00,19.94351757053412,14.948589999118916,0.1670701909581307,40.51813471502591,33.26424870466321,Medical Assistants,31.077095,47.049999,0.215631786920202,0.1966496707826023,0.4258497536493129,0.18134801268318046,52.33160621761658,0.7909512460114306
13-1141.00,19.938869947090037,15.083503844379797,0.1609495430506148,40.41450777202073,34.40414507772021,"Compensation, Benefits, and Job Analysis Specialists",42.73851,88.150002,0.215631786920202,0.1966496707826023,0.5751929528611763,0.3308469330211594,93.05699481865285,0.7909512460114306
27-2021.00,19.87890398245374,15.307091380828904,0.1493364247942858,40.310880829015545,37.09844559585492,Athletes and Sports Competitors,18.680368,0.25999999,0.215631786920202,0.1966496707826023,0.2267419972402654,0.051411933312504515,9.430051813471502,0.7909512460114306
51-7011.00,19.82619851495622,17.78404327157931,0.0574153810860458,40.20725388601036,55.02590673575129,Cabinetmakers and Bench Carpenters,26.590015,19.0,0.215631786920202,0.1966496707826023,0.2369337123041537,0.05613758402622747,12.953367875647668,0.7909512460114306
49-2097.00,19.81758061650502,16.39812649201173,0.1042635610281168,40.10362694300518,44.97409326424871,Electronic Home Entertainment Equipment Installers and Repairers,30.697939,45.599998,0.215631786920202,0.1966496707826023,0.2934561175679722,0.08611649293806752,27.979274611398964,0.7909512460114306
47-5042.00,19.797213212334512,16.738434444721804,0.0913699180683305,40.0,47.35751295336787,Mine Cutting and Channeling Machine Operators,23.913181,6.1599998,0.215631786920202,0.1966496707826023,0.22076990603465,0.048739351410548186,8.290155440414507,0.7909512460114306
51-4191.00,19.730369348783647,17.284280312041247,0.0707605116493717,39.89637305699482,51.398963730569946,"Heat Treating Equipment Setters, Operators, and Tenders, Metal and Plastic",26.087885,16.200001,0.215631786920202,0.1966496707826023,0.24399468448882217,0.05953340605879988,14.61139896373057,0.7909512460114306
25-1065.00,19.706331811065425,14.643576617775514,0.1728660738232607,39.79274611398964,31.917098445595855,"Political Science Teachers, Postsecondary",39.91988,79.760002,0.215631786920202,0.1966496707826023,0.6115815071263517,0.3740319398589398,98.65284974093264,0.7909512460114306
29-2081.00,19.69808989838747,15.13669697672491,0.1506733248566853,39.689119170984455,35.02590673575129,"Opticians, Dispensing",31.777987,50.049999,0.215631786920202,0.1966496707826023,0.3920721808571232,0.15372059500206073,45.38860103626943,0.7909512460114306
51-7031.00,19.687265353996654,17.138457571565425,0.0743593106844102,39.58549222797927,50.259067357512954,"Model Makers, Wood",30.270042,42.080002,0.215631786920202,0.1966496707826023,0.29546206481650256,0.08729783174563116,28.60103626943005,0.7909512460114306
45-3011.00,19.67938889321544,16.682933449324192,0.0898060120240014,39.48186528497409,47.04663212435233,Fishers and Related Fishing Workers,22.539007,3.05,0.215631786920202,0.1966496707826023,0.20646867723869958,0.0426293146806983,5.699481865284974,0.7909512460114306
11-9141.00,19.667825896565297,13.697502874650354,0.2179347241811525,39.37823834196891,26.21761658031088,"Property, Real Estate, and Community Association Managers",37.028614,69.0,0.215631786920202,0.1966496707826023,0.5535753400379619,0.3064456570981452,84.14507772020725,0.7909512460114306
25-1067.00,19.632102748412287,14.190037634508712,0.1917565426559909,39.27461139896373,28.39378238341969,"Sociology Teachers, Postsecondary",38.533119,74.279999,0.215631786920202,0.1966496707826023,0.62687682507785,0.3929745538196854,99.79274611398964,0.7909512460114306
51-2011.00,19.621920691364664,16.803412829755352,0.0838671253918823,39.170984455958546,47.87564766839378,"Aircraft Structure, Surfaces, Rigging, and Systems Assemblers",28.941404,33.18,0.215631786920202,0.1966496707826023,0.2787143741908257,0.0776817023805836,23.10880829015544,0.7909512460114306
41-3031.02,19.614150626097658,13.863735999887073,0.2073905124223884,39.067357512953365,27.150259067357513,"Sales Agents, Financial Services",37.338501,70.029999,0.215631786920202,0.1966496707826023,0.5540397238942637,0.306960015652832,84.4559585492228,0.7909512460114306
29-2099.05,19.570371042738863,15.323965211516018,0.1385544071854083,38.96373056994819,37.30569948186528,Ophthalmic Medical Technologists,32.307045,52.540001,0.215631786920202,0.1966496707826023,0.39327902596207315,0.154668392261677,45.90673575129534,0.7909512460114306
17-3013.00,19.563477957405837,16.24523206217176,0.1021298397749842,38.86010362694301,43.83419689119171,Mechanical Drafters,45.396465,95.699997,0.215631786920202,0.1966496707826023,0.44565135976025727,0.19860513445616626,55.854922279792746,0.7909512460114306
41-3099.01,19.55270351439584,14.825712927632155,0.1594186603314543,38.75647668393783,32.74611398963731,Energy Brokers,41.548126,85.870003,0.215631786920202,0.1966496707826023,0.5502680195757598,0.3027948933678287,83.00518134715026,0.7909512460114306
41-3021.00,19.544759883162943,14.052872218198765,0.1954008966882966,38.652849740932645,27.7720207253886,Insurance Sales Agents,38.092216,73.029999,0.215631786920202,0.1966496707826023,0.5632509043040365,0.31725158119931485,88.18652849740933,0.7909512460114306
53-7071.00,19.518687881916968,17.0859798318165,0.0711901826540385,38.54922279792746,49.94818652849741,Gas Compressor and Gas Pumping Station Operators,29.885506,39.290001,0.215631786920202,0.1966496707826023,0.2838033306859683,0.08054433050844907,24.248704663212436,0.7909512460114306
45-4011.00,19.49380795751317,15.92539281232613,0.1120353886161322,38.44559585492228,41.03626943005181,Forest and Conservation Workers,25.374483,12.78,0.215631786920202,0.1966496707826023,0.2587803632982895,0.06696727642879471,18.44559585492228,0.7909512460114306
53-7041.00,19.48927984464972,16.13701409698969,0.1038688361896326,38.3419689119171,43.005181347150256,Hoist and Winch Operators,24.997942,11.02,0.215631786920202,0.1966496707826023,0.23472007309085124,0.05509351271177455,12.538860103626943,0.7909512460114306
19-3093.00,19.48045076856933,15.477710414191243,0.1293066043769641,38.23834196891192,38.652849740932645,Historians,44.115891,92.18,0.215631786920202,0.1966496707826023,0.6130807799648227,0.3758680427622753,98.75647668393782,0.7909512460114306
25-3099.02,19.470527722988106,13.784467211309408,0.2062488315476418,38.134715025906736,26.735751295336787,Tutors,36.961662,68.690002,0.215631786920202,0.1966496707826023,0.5747936172665455,0.33038770245036003,92.53886010362694,0.7909512460114306
51-9012.00,19.4208310148837,16.774166477246933,0.0788910894984498,38.031088082901555,47.66839378238342,"Separating, Filtering, Clarifying, Precipitating, and Still Machine Setters, Operators, and Tenders",26.94455,21.17,0.215631786920202,0.1966496707826023,0.2547052703165796,0.06487477472704188,17.409326424870468,0.7909512460114306
39-2011.00,19.418267703996737,15.098359313406965,0.1430588682160253,37.92746113989637,34.50777202072539,Animal Trainers,25.331345,12.37,0.215631786920202,0.1966496707826023,0.2911151923882165,0.08474805523922829,27.253886010362695,0.7909512460114306
27-4013.00,19.40694036767066,16.069881638302352,0.1038295988880986,37.82383419689119,42.69430051813472,Radio Operators,39.80006,79.349998,0.215631786920202,0.1966496707826023,0.5025202611048514,0.252526612820888,68.70466321243524,0.7909512460114306
53-3041.00,19.38396538974345,16.477379968328822,0.0881992594393459,37.72020725388601,45.38860103626943,Taxi Drivers and Chauffeurs,26.745564,19.719999,0.215631786920202,0.1966496707826023,0.24129637625718098,0.05822394119484705,13.989637305699482,0.7909512460114306
15-1133.00,19.36588643187163,15.935757093996946,0.1076236703923789,37.61658031088083,41.45077720207254,"Software Developers, Systems Software",48.440098,98.599998,0.215631786920202,0.1966496707826023,0.550044293728886,0.302548725063709,82.69430051813471,0.7909512460114306
39-1011.00,19.347384088193387,13.635649511478064,0.2094412360741364,37.512953367875646,26.01036269430052,Gaming Supervisors,35.734051,65.269997,0.215631786920202,0.1966496707826023,0.5185118619055159,0.2688545509367248,72.12435233160622,0.7909512460114306
39-5091.00,19.263966313633436,15.571618139452626,0.1185601952576074,37.409326424870464,39.48186528497409,"Makeup Artists, Theatrical and Performance",32.183685,51.919998,0.215631786920202,0.1966496707826023,0.33637405528575004,0.11314750506938083,36.6839378238342,0.7909512460114306
49-9031.00,19.246726058370086,16.21318202344163,0.0935517787483802,37.30569948186528,43.41968911917098,Home Appliance Repairers,28.780645,32.66,0.215631786920202,0.1966496707826023,0.2942200444457568,0.0865654345536631,28.082901554404145,0.7909512460114306
27-1024.00,19.216032143312383,15.278569766273607,0.1288557252829534,37.2020725388601,36.58031088082902,Graphic Designers,43.644405,91.050003,0.215631786920202,0.1966496707826023,0.4709041310972596,0.22175070068446504,61.03626943005181,0.7909512460114306
43-5032.00,19.202042412482772,14.269472931408236,0.1728364286748658,37.09844559585492,28.60103626943005,"Dispatchers, Except Police, Fire, and Ambulance",38.785458,75.209999,0.215631786920202,0.1966496707826023,0.5248085683555583,0.27542403341941074,73.3678756476684,0.7909512460114306
39-1021.00,19.199531394327984,13.4654089595486,0.2129204709639807,36.994818652849744,25.077720207253886,First-Line Supervisors of Personal Service Workers,30.052925,40.220001,0.215631786920202,0.1966496707826023,0.46364514078060626,0.2149668165694682,59.689119170984455,0.7909512460114306
33-9099.02,19.19566222855058,15.099777341664176,0.1356273272846482,36.89119170984456,34.61139896373057,Retail Loss Prevention Specialists,31.919634,50.98,0.215631786920202,0.1966496707826023,0.3880637223000353,0.1505934525653589,44.766839378238345,0.7909512460114306
47-2211.00,19.168550856152574,16.62371667920607,0.0765422746926907,36.78756476683938,46.424870466321245,Sheet Metal Workers,26.940905,21.07,0.215631786920202,0.1966496707826023,0.24225784740003548,0.05868886462689887,14.093264248704664,0.7909512460114306
27-1013.00,19.14803424104381,17.33563407756132,0.0522738353663221,36.6839378238342,51.81347150259067,"Fine Artists, Including Painters, Sculptors, and Illustrators",39.436096,78.110001,0.215631786920202,0.1966496707826023,0.3261378314690968,0.10636588511536499,34.30051813471503,0.7909512460114306
51-9151.00,19.14606579778949,15.334272770769608,0.1242899837508424,36.58031088082902,37.409326424870464,Photographic Process Workers and Processing Machine Operators,30.092192,40.73,0.215631786920202,0.1966496707826023,0.3317007245473041,0.1100253706652065,35.64766839378238,0.7909512460114306
51-8031.00,19.124989382359505,16.145789668441058,0.0922593374216208,36.47668393782384,43.21243523316062,Water and Wastewater Treatment Plant and System Operators,28.290049,29.24,0.215631786920202,0.1966496707826023,0.2972285303880563,0.08834479927664371,28.911917098445596,0.7909512460114306
27-2023.00,19.069306624910304,15.511502811965466,0.1146827569215399,36.373056994818654,38.86010362694301,"Umpires, Referees, and Other Sports Officials",31.655626,49.43,0.215631786920202,0.1966496707826023,0.36955756745860885,0.13657279566592423,41.45077720207254,0.7909512460114306
17-3011.02,19.045709132501365,15.776103867849832,0.1036252452455853,36.26943005181347,40.62176165803109,Civil Drafters,45.162014,95.080002,0.215631786920202,0.1966496707826023,0.4777424851210081,0.22823788208959664,62.590673575129536,0.7909512460114306
33-9031.00,19.04477397558517,15.278423566106058,0.1232571669839829,36.16580310880829,36.47668393782384,Gaming Surveillance Officers and Gaming Investigators,35.770351,65.370003,0.215631786920202,0.1966496707826023,0.44755352892329164,0.20030416125169165,56.476683937823836,0.7909512460114306
19-4011.02,18.997943530907687,15.931633299742082,0.096233392191347,36.06217616580311,41.24352331606217,Food Science Technicians,38.435276,74.169998,0.215631786920202,0.1966496707826023,0.42714791544794395,0.18245534167152389,52.538860103626945,0.7909512460114306
45-4023.00,18.98898743430532,15.724695170299638,0.1037950888285321,35.95854922279793,40.51813471502591,Log Graders and Scalers,30.199266,41.669998,0.215631786920202,0.1966496707826023,0.30599920297772487,0.09363551222300287,30.984455958549223,0.7909512460114306
39-9032.00,18.979575360013065,12.500832555894366,0.259132452784669,35.854922279792746,20.10362694300518,Recreation Workers,24.509939,8.0200005,0.215631786920202,0.1966496707826023,0.4053252652207301,0.16428857062625518,48.49740932642487,0.7909512460114306
13-2071.00,18.963958116448925,13.44715639440758,0.2051289343349824,35.751295336787564,24.974093264248705,Credit Counselors,40.214836,81.110001,0.215631786920202,0.1966496707826023,0.5764479692396673,0.33229226124053646,93.3678756476684,0.7909512460114306
13-1199.03,18.961397757227083,14.594253182826664,0.149618638230126,35.64766839378238,31.60621761658031,Customs Brokers,44.828033,94.050003,0.215631786920202,0.1966496707826023,0.5728212115819675,0.3281241404382332,91.60621761658031,0.7909512460114306
49-9071.00,18.947238960507516,16.870129397005197,0.061561755533157,35.5440414507772,48.29015544041451,"Maintenance and Repair Workers, General",29.418663,36.389999,0.215631786920202,0.1966496707826023,0.2657046295579579,0.07059895016853165,20.207253886010363,0.7909512460114306
47-4071.00,18.91453772379772,16.242998835939378,0.0822366274492145,35.44041450777202,43.626943005181346,Septic Tank Servicers and Sewer Pipe Cleaners,24.96172,10.61,0.215631786920202,0.1966496707826023,0.2290751994517486,0.052475447003858394,10.984455958549223,0.7909512460114306
53-7011.00,18.898738272824595,16.13863394861219,0.0855123281499843,35.33678756476684,43.10880829015544,Conveyor Operators and Tenders,27.904947,27.07,0.215631786920202,0.1966496707826023,0.27856450363305196,0.07759818268432862,22.797927461139896,0.7909512460114306
53-2031.00,18.896948257626335,13.933097166181827,0.1781316469784148,35.233160621761655,27.357512953367877,Flight Attendants,22.413925,2.8499999,0.215631786920202,0.1966496707826023,0.33758308661290426,0.11396234036709561,36.994818652849744,0.7909512460114306
49-3052.00,18.85456558232976,15.682061844418811,0.1011507214225159,35.129533678756474,40.41450777202073,Motorcycle Mechanics,28.662645,31.940001,0.215631786920202,0.1966496707826023,0.3026045039587494,0.09156948581612077,30.05181347150259,0.7909512460114306
51-7021.00,18.84766418331142,15.935070237839598,0.0913894291647219,35.02590673575129,41.347150259067355,Furniture Finishers,27.260681,23.139999,0.215631786920202,0.1966496707826023,0.24741560836731585,0.061214483263769014,15.336787564766839,0.7909512460114306
31-9099.02,18.800019442736364,15.12839022922808,0.1213489722923291,34.92227979274612,34.818652849740936,Endoscopy Technicians,28.119421,28.209999,0.215631786920202,0.1966496707826023,0.322290574587115,0.10387121446769275,33.78238341968912,0.7909512460114306
53-4021.00,18.769001107710924,16.351400830470915,0.0739263963468744,34.818652849740936,44.870466321243526,"Railroad Brake, Signal, and Switch Operators",24.933441,10.09,0.215631786920202,0.1966496707826023,0.22881722659938675,0.052357323188635105,10.67357512953368,0.7909512460114306
45-4021.00,18.74628277079915,17.381288229663355,0.0392662075186769,34.715025906735754,52.33160621761658,Fallers,22.783625,3.3599999,0.215631786920202,0.1966496707826023,0.18166403674568535,0.033001822246737714,2.5906735751295336,0.7909512460114306
51-9032.00,18.728115158557625,16.75943924322971,0.0587333468249302,34.61139896373057,47.56476683937824,"Cutting and Slicing Machine Setters, Operators, and Tenders",27.968424,27.690001,0.215631786920202,0.1966496707826023,0.24551038149109783,0.06027534741990439,15.025906735751295,0.7909512460114306
49-2011.00,18.697143182006243,15.225127299291517,0.1140225567400114,34.50777202072539,36.26943005181347,"Computer, Automated Teller, and Office Machine Repairers",31.47319,48.709999,0.215631786920202,0.1966496707826023,0.32900020644249417,0.10824113583920378,35.02590673575129,0.7909512460114306
47-2231.00,18.682779832647896,15.516892342650582,0.1020142248875241,34.40414507772021,38.96373056994819,Solar Photovoltaic Installers,28.463373,30.280001,0.215631786920202,0.1966496707826023,0.2600625416530498,0.06763252557104427,18.65284974093264,0.7909512460114306
47-4091.00,18.67589977758124,14.503678043640562,0.1438332304876995,34.30051813471503,30.25906735751295,Segmental Pavers,24.193455,6.8800001,0.215631786920202,0.1966496707826023,0.2609194204957673,0.06807894399184702,18.860103626943005,0.7909512460114306
27-3043.04,18.630164350772777,14.372219020877044,0.1481311036142245,34.196891191709845,29.53367875647668,Copy Writers,45.85228,96.839996,0.215631786920202,0.1966496707826023,0.5766299899656844,0.33250214532782524,93.67875647668394,0.7909512460114306
29-2021.00,18.629435914187074,14.545366203862711,0.140390748953429,34.09326424870466,30.984455958549223,Dental Hygienists,28.652187,31.83,0.215631786920202,0.1966496707826023,0.33943774795305626,0.11521798473544255,37.30569948186528,0.7909512460114306
51-9041.00,18.580427605652982,16.948379945638973,0.0481476006924768,33.98963730569948,48.9119170984456,"Extruding, Forming, Pressing, and Compacting Machine Setters, Operators, and Tenders",27.657436,25.620001,0.215631786920202,0.1966496707826023,0.25077085630047313,0.06288602236967254,16.269430051813472,0.7909512460114306
29-2051.00,18.575205474835087,14.457183377937476,0.1424213136558106,33.8860103626943,30.05181347150259,Dietetic Technicians,31.094183,47.259998,0.215631786920202,0.1966496707826023,0.37797061844379787,0.14286178840678704,43.21243523316062,0.7909512460114306
13-1071.00,18.538792328981035,13.680228617881331,0.1775761153855685,33.78238341968912,26.1139896373057,Human Resources Specialists,42.589371,87.839996,0.215631786920202,0.1966496707826023,0.5933630593795152,0.35207972023621803,96.6839378238342,0.7909512460114306
47-4051.00,18.52517549922466,15.581735598368187,0.0944516059290829,33.67875647668394,39.689119170984455,Highway Maintenance Workers,23.761038,5.75,0.215631786920202,0.1966496707826023,0.2249533228396217,0.05060399745658706,8.808290155440414,0.7909512460114306
45-4022.00,18.51455468477836,16.329758690669014,0.0668961506258436,33.575129533678755,44.766839378238345,Logging Equipment Operators,26.061281,15.89,0.215631786920202,0.1966496707826023,0.2121753987019903,0.04501839981434854,6.528497409326425,0.7909512460114306
51-6064.00,18.485970256105883,15.927102295863742,0.0803306186118575,33.47150259067357,41.13989637305699,"Textile Winding, Twisting, and Drawing Out Machine Setters, Operators, and Tenders",24.650997,8.8500004,0.215631786920202,0.1966496707826023,0.22894330237832197,0.05241503570389177,10.880829015544041,0.7909512460114306
25-4011.00,18.47531316706279,14.54242015773239,0.1352214062952662,33.36787564766839,30.88082901554404,Archivists,41.400524,85.25,0.215631786920202,0.1966496707826023,0.5146300565528297,0.2648440951075687,70.67357512953367,0.7909512460114306
51-4081.00,18.454724784222527,15.812654229972344,0.0835429180903174,33.26424870466321,40.72538860103627,"Multiple Machine Tool Setters, Operators, and Tenders, Metal and Plastic",28.739553,32.25,0.215631786920202,0.1966496707826023,0.28109004276416333,0.07901161214115916,23.316062176165804,0.7909512460114306
51-4061.00,18.44948671267942,16.61504984637444,0.0552040735136666,33.16062176165803,46.32124352331606,"Model Makers, Metal and Plastic",30.464338,43.529999,0.215631786920202,0.1966496707826023,0.28270925479462955,0.07992452274653478,23.730569948186528,0.7909512460114306
49-9012.00,18.44482773832113,15.983370800446924,0.0770005579112692,33.056994818652846,41.865284974093264,"Control and Valve Installers and Repairers, Except Mechanical Door",30.656612,45.290001,0.215631786920202,0.1966496707826023,0.2946577285452947,0.08682317699147259,28.39378238341969,0.7909512460114306
49-9011.00,18.405074433936026,14.701844997088408,0.1259443776471937,32.95336787564767,32.33160621761658,Mechanical Door Repairers,23.750572,5.6399999,0.215631786920202,0.1966496707826023,0.2299973489350711,0.05289878051716085,11.191709844559586,0.7909512460114306
39-5012.00,18.39462783783979,14.355153707898902,0.1406976968737775,32.84974093264249,29.015544041450777,"Hairdressers, Hairstylists, and Cosmetologists",30.19282,41.560001,0.215631786920202,0.1966496707826023,0.31820486737385895,0.10125433762041516,33.056994818652846,0.7909512460114306
51-5112.00,18.375815990783416,15.416228390693473,0.0959893537214523,32.74611398963731,38.23834196891192,Printing Press Operators,28.974068,33.389999,0.215631786920202,0.1966496707826023,0.2863687257304697,0.08200704707649296,25.492227979274613,0.7909512460114306
51-4051.00,18.34761200605144,16.62654511273535,0.0517566001128464,32.64248704663213,46.52849740932643,Metal-Refining Furnace Operators and Tenders,26.84725,20.24,0.215631786920202,0.1966496707826023,0.2138137168775604,0.04571630552499756,6.94300518134715,0.7909512460114306
51-4194.00,18.338440259644532,16.460995174097455,0.0570270832865976,32.538860103626945,45.284974093264246,"Tool Grinders, Filers, and Sharpeners",29.777168,38.66,0.215631786920202,0.1966496707826023,0.25903876790602043,0.06710108327826912,18.54922279792746,0.7909512460114306
39-9041.00,18.33497788108805,12.614397440914258,0.2267480657308027,32.43523316062176,20.82901554404145,Residential Advisors,31.834602,50.669998,0.215631786920202,0.1966496707826023,0.4935072109780616,0.243549367287345,66.21761658031087,0.7909512460114306
29-2052.00,18.3226329721763,15.208797047193896,0.1023695666172665,32.33160621761658,35.95854922279793,Pharmacy Technicians,33.818115,58.130001,0.215631786920202,0.1966496707826023,0.3921758246182127,0.15380187741497514,45.49222797927461,0.7909512460114306
49-2021.01,18.31100609740658,15.99638201658997,0.0723483622239108,32.2279792746114,42.07253886010363,Radio Mechanics,36.139103,66.199997,0.215631786920202,0.1966496707826023,0.33255723627480815,0.11059431539873858,35.854922279792746,0.7909512460114306
25-1194.00,18.26429425738999,13.016425765123977,0.2015863873447917,32.12435233160622,22.590673575129532,"Vocational Education Teachers, Postsecondary",30.856758,46.220001,0.215631786920202,0.1966496707826023,0.47427010563553357,0.22493213309954016,61.76165803108808,0.7909512460114306
15-1131.00,18.224065970703073,15.28028560954838,0.0963260908983002,32.020725388601036,36.6839378238342,Computer Programmers,49.482174,99.220001,0.215631786920202,0.1966496707826023,0.5319303716744554,0.2829499203097243,75.85492227979275,0.7909512460114306
49-3051.00,18.189243197240888,16.57183945297983,0.0487997650728575,31.917098445595855,46.1139896373057,Motorboat Mechanics and Service Technicians,30.953033,46.639999,0.215631786920202,0.1966496707826023,0.26855603064770406,0.07212234159725056,21.139896373056995,0.7909512460114306
27-2041.04,18.18555917736755,14.791379899984646,0.1147350450172139,31.813471502590673,32.538860103626945,Music Composers and Arrangers,43.946892,91.870003,0.215631786920202,0.1966496707826023,0.5216560668082133,0.2721250520378151,72.53886010362694,0.7909512460114306
43-5011.01,18.177161041657705,13.409300192640226,0.1777818670818611,31.70984455958549,24.76683937823834,Freight Forwarders,41.872921,86.800003,0.215631786920202,0.1966496707826023,0.5443471472622967,0.29631381673260054,80.10362694300518,0.7909512460114306
49-9094.00,18.146829735378105,15.827260788284544,0.0732776498132424,31.60621761658031,40.829015544041454,Locksmiths and Safe Repairers,31.69556,49.639999,0.215631786920202,0.1966496707826023,0.27443637162053114,0.07531532206824226,22.17616580310881,0.7909512460114306
47-2031.01,18.07926153572529,15.212473250944106,0.0942249244252004,31.502590673575128,36.16580310880829,Construction Carpenters,24.828125,9.3699999,0.215631786920202,0.1966496707826023,0.2269953824500648,0.05152690365365118,9.637305699481866,0.7909512460114306
43-5061.00,18.078041012881943,14.369141693973598,0.1290577891810982,31.39896373056995,29.430051813471504,"Production, Planning, and Expediting Clerks",38.9324,76.040001,0.215631786920202,0.1966496707826023,0.4808173249982116,0.23118530001843585,63.10880829015544,0.7909512460114306
51-8021.00,18.070659855175535,15.30798603823551,0.0902363580042324,31.295336787564768,37.2020725388601,Stationary Engineers and Boiler Operators,30.381361,43.119999,0.215631786920202,0.1966496707826023,0.31117817623727245,0.096831857366355,32.12435233160622,0.7909512460114306
43-4151.00,18.027055172964033,13.743847912896362,0.1558227101759682,31.191709844559583,26.321243523316063,Order Clerks,36.481155,67.029999,0.215631786920202,0.1966496707826023,0.48650388073790685,0.2366860259730435,64.55958549222798,0.7909512460114306
39-9011.00,18.02079345272093,13.366496620234424,0.1741030939042304,31.088082901554404,24.559585492227978,Childcare Workers,30.521702,43.84,0.215631786920202,0.1966496707826023,0.4069088230752991,0.16557479029652505,48.9119170984456,0.7909512460114306
17-3012.02,17.994242265155982,15.00793556886559,0.0994909220721061,30.984455958549223,33.98963730569948,Electrical Drafters,48.61343,98.709999,0.215631786920202,0.1966496707826023,0.499995672242486,0.24999567226121547,67.87564766839378,0.7909512460114306
21-1092.00,17.959017226084825,12.053716679855109,0.2449576633943541,30.88082901554404,18.031088082901555,Probation Officers and Correctional Treatment Specialists,30.189386,41.459999,0.215631786920202,0.1966496707826023,0.5129642069277541,0.26313227758901975,70.46632124352331,0.7909512460114306
49-3053.00,17.943991423224446,15.477251043021608,0.0796892281887178,30.77720207253886,38.54922279792746,Outdoor Power Equipment and Other Small Engine Mechanics,29.396795,35.970001,0.215631786920202,0.1966496707826023,0.26226761321003533,0.0687843009388887,19.378238341968913,0.7909512460114306
27-2031.00,17.92673356743905,13.622621926167753,0.1579766239053993,30.67357512953368,25.803108808290155,Dancers,15.661506,0.050000001,0.215631786920202,0.1966496707826023,0.1765245784102568,0.0311609267829189,1.6580310880829014,0.7909512460114306
27-1026.00,17.91978904001636,14.515352912535336,0.1172701810281506,30.569948186528496,30.46632124352332,Merchandise Displayers and Window Trimmers,27.914513,27.379999,0.215631786920202,0.1966496707826023,0.30795533460677915,0.09483648811277332,31.295336787564768,0.7909512460114306
51-6091.00,17.834507785260485,15.134093764506815,0.0892162445526406,30.46632124352332,34.92227979274612,"Extruding and Forming Machine Setters, Operators, and Tenders, Synthetic and Glass Fibers",26.20495,16.610001,0.215631786920202,0.1966496707826023,0.2627941444898999,0.06906076237817839,19.481865284974095,0.7909512460114306
51-9195.05,17.824209609416346,15.624171264500294,0.0704049612511212,30.362694300518136,40.0,"Potters, Manufacturing",28.594677,31.0,0.215631786920202,0.1966496707826023,0.23726982688906315,0.05629697075196599,13.160621761658032,0.7909512460114306
51-9023.00,17.822687030343275,15.39158307551957,0.0789751107113339,30.25906735751295,38.031088082901555,"Mixing and Blending Machine Setters, Operators, and Tenders",27.859535,26.76,0.215631786920202,0.1966496707826023,0.2639696713908286,0.06967998741418203,19.792746113989637,0.7909512460114306
49-2098.00,17.817018508501352,14.976735999472142,0.0948231480186776,30.155440414507773,33.78238341968912,Security and Fire Alarm Systems Installers,30.09601,40.84,0.215631786920202,0.1966496707826023,0.3006791621075093,0.09040795852567385,29.637305699481864,0.7909512460114306
51-7032.00,17.808714332313652,16.30685957857509,0.0460497849540505,30.05181347150259,44.55958549222798,"Patternmakers, Wood",28.798979,32.759998,0.215631786920202,0.1966496707826023,0.23622988891017693,0.05580456041451454,12.849740932642487,0.7909512460114306
51-4033.00,17.804404272318283,16.120516552162332,0.0522280943885164,29.94818652849741,42.7979274611399,"Grinding, Lapping, Polishing, and Buffing Machine Tool Setters, Operators, and Tenders, Metal and Plastic",28.773838,32.560001,0.215631786920202,0.1966496707826023,0.24384155418692943,0.05945870354829724,14.507772020725389,0.7909512460114306
13-2021.02,17.72842058112096,15.194205459381289,0.0833941310229876,29.844559585492227,35.64766839378238,"Appraisers, Real Estate",45.993065,96.949997,0.215631786920202,0.1966496707826023,0.48861646687317395,0.23874605169962348,65.07772020725389,0.7909512460114306
23-2011.00,17.72080260667632,14.30871189511389,0.1192312325726393,29.74093264248705,28.911917098445596,Paralegals and Legal Assistants,46.156013,97.260002,0.215631786920202,0.1966496707826023,0.5674787984090448,0.3220321866437733,89.94818652849742,0.7909512460114306
43-4061.00,17.71307478139204,13.07298107878978,0.1774688448884306,29.637305699481864,23.00518134715026,"Eligibility Interviewers, Government Programs",39.253609,77.690002,0.215631786920202,0.1966496707826023,0.5732467170470997,0.3286117986052776,92.02072538860104,0.7909512460114306
47-2044.00,17.709282733041192,14.17651893561574,0.1245991280888452,29.53367875647668,28.29015544041451,Tile and Marble Setters,25.128649,11.54,0.215631786920202,0.1966496707826023,0.23967004054385804,0.057441728334294555,13.575129533678757,0.7909512460114306
31-1011.00,17.698900594895363,13.050536825786118,0.1780909027406712,29.430051813471504,22.901554404145077,Home Health Aides,26.188599,16.51,0.215631786920202,0.1966496707826023,0.338330649399159,0.11446762832285666,37.09844559585492,0.7909512460114306
51-9193.00,17.69753374276496,15.015631151396487,0.0893036917438881,29.32642487046632,34.09326424870466,Cooling and Freezing Equipment Operators and Tenders,27.735653,26.35,0.215631786920202,0.1966496707826023,0.2565738610344903,0.06583014616614595,17.72020725388601,0.7909512460114306
35-3011.00,17.694817751007882,13.180942786626623,0.1712273180094914,29.22279792746114,23.83419689119171,Bartenders,25.403524,13.2,0.215631786920202,0.1966496707826023,0.33662982334451147,0.113319637964957,36.89119170984456,0.7909512460114306
49-3091.00,17.681721671478833,13.851243616169986,0.1382719906405058,29.11917098445596,26.94300518134715,Bicycle Repairers,26.640572,19.309999,0.215631786920202,0.1966496707826023,0.2824907521662531,0.07980102505945542,23.626943005181346,0.7909512460114306
53-3022.00,17.677130869652267,14.973134777668369,0.0902949226108872,29.015544041450777,33.67875647668394,"Bus Drivers, School or Special Client",30.887108,46.43,0.215631786920202,0.1966496707826023,0.26025943093795023,0.06773497139214568,18.756476683937823,0.7909512460114306
49-9098.00,17.663296489741615,15.162144902329008,0.0824801373263624,28.911917098445596,35.44041450777202,"Helpers--Installation, Maintenance, and Repair Workers",25.406105,13.3,0.215631786920202,0.1966496707826023,0.2239875351763081,0.050170415914357856,8.601036269430052,0.7909512460114306
43-4181.00,17.657925693332064,12.797630326441912,0.1898904423285309,28.808290155440417,21.76165803108808,Reservation and Transportation Ticket Agents and Travel Clerks,29.010115,33.900002,0.215631786920202,0.1966496707826023,0.44244803884523376,0.1957602670779935,55.02590673575129,0.7909512460114306
51-9071.06,17.612145330728094,15.169091882663208,0.0805273468894027,28.704663212435232,35.5440414507772,Gem and Diamond Workers,38.055408,72.93,0.215631786920202,0.1966496707826023,0.3103004014480555,0.0962863391388244,31.917098445595855,0.7909512460114306
51-9191.00,17.610903752688074,15.440223560780206,0.0702930298697754,28.60103626943005,38.3419689119171,Adhesive Bonding Machine Operators and Tenders,24.719791,9.1599998,0.215631786920202,0.1966496707826023,0.22863471991051448,0.052273835148559405,10.362694300518134,0.7909512460114306
51-5113.00,17.606527326475245,14.94267703327699,0.0891356444118387,28.497409326424872,33.16062176165803,Print Binding and Finishing Workers,27.908754,27.17,0.215631786920202,0.1966496707826023,0.26793996940677794,0.0717918272057051,20.82901554404145,0.7909512460114306
51-4111.00,17.58655384413887,16.00178918815512,0.0495183581457512,28.39378238341969,42.27979274611399,Tool and Die Makers,34.938931,61.75,0.215631786920202,0.1966496707826023,0.3079601020604598,0.09483942446108883,31.39896373056995,0.7909512460114306
49-2021.00,17.568891694864693,14.687638624429026,0.0980842851635612,28.29015544041451,32.2279792746114,"Radio, Cellular, and Tower Equipment Installers and Repairers",28.644352,31.629999,0.215631786920202,0.1966496707826023,0.26812412361530114,0.07189054566447328,20.932642487046632,0.7909512460114306
45-2093.00,17.56254354128773,14.471411485344513,0.1068013323743047,28.186528497409327,30.155440414507773,"Farmworkers, Farm, Ranch, and Aquacultural Animals",26.04936,15.79,0.215631786920202,0.1966496707826023,0.2533869856046245,0.0642049644737982,16.787564766839377,0.7909512460114306
13-1021.00,17.537458354477824,12.84347896324575,0.1827378471465893,28.082901554404145,21.968911917098445,"Buyers and Purchasing Agents, Farm Products",36.166985,66.300003,0.215631786920202,0.1966496707826023,0.4864639419310313,0.23664716679907782,64.4559585492228,0.7909512460114306
51-4121.06,17.487172789413584,15.10341361804479,0.0789145828768405,27.979274611398964,34.715025906735754,"Welders, Cutters, and Welder Fitters",26.720287,19.41,0.215631786920202,0.1966496707826023,0.22747649115414387,0.051745554027801295,9.94818652849741,0.7909512460114306
41-3041.00,17.486367228984857,12.219120672747271,0.2155329625308189,27.875647668393785,18.963730569948183,Travel Agents,35.091125,62.580002,0.215631786920202,0.1966496707826023,0.5337208825916444,0.28485798051440386,76.37305699481865,0.7909512460114306
47-2073.00,17.476121197995614,15.383580453964424,0.0680121493917865,27.7720207253886,37.92746113989637,Operating Engineers and Other Construction Equipment Operators,28.265882,29.139999,0.215631786920202,0.1966496707826023,0.228777152033576,0.05233898529259394,10.569948186528498,0.7909512460114306
33-9011.00,17.419711807560677,13.389440624741791,0.1505018505168735,27.66839378238342,24.66321243523316,Animal Control Workers,28.759993,32.349998,0.215631786920202,0.1966496707826023,0.3514004871198796,0.12348230234808866,38.86010362694301,0.7909512460114306
51-4192.00,17.405876553934498,15.1521111120977,0.074371334303289,27.564766839378237,35.233160621761655,"Layout Workers, Metal and Plastic",32.01395,51.5,0.215631786920202,0.1966496707826023,0.2880594564062059,0.08297825042503883,25.906735751295336,0.7909512460114306
47-2072.00,17.404328274686076,15.26054997630035,0.0702392214472943,27.46113989637306,36.373056994818654,Pile-Driver Operators,24.443508,7.8200002,0.215631786920202,0.1966496707826023,0.18937972382080503,0.03586467979444439,3.626943005181347,0.7909512460114306
53-3021.00,17.373661253221545,14.94915731209699,0.0810916592322774,27.357512953367877,33.36787564766839,"Bus Drivers, Transit and Intercity",26.630775,19.200001,0.215631786920202,0.1966496707826023,0.22875444756897273,0.0523285972825859,10.466321243523316,0.7909512460114306
47-4099.03,17.35117712379567,14.137024679137523,0.113678532704317,27.253886010362695,28.082901554404145,Weatherization Installers and Technicians,27.952322,27.59,0.215631786920202,0.1966496707826023,0.27308832716719994,0.07457723443497963,21.968911917098445,0.7909512460114306
31-9097.00,17.328005229693538,13.295681639201364,0.1516403483445014,27.150259067357513,24.145077720207254,Phlebotomists,30.315878,42.389999,0.215631786920202,0.1966496707826023,0.3548615909346452,0.12592674872066748,39.48186528497409,0.7909512460114306
49-9052.00,17.275873679062112,14.5716217466911,0.0927917283120902,27.04663212435233,31.088082901554404,Telecommunications Line Installers and Repairers,26.521015,18.58,0.215631786920202,0.1966496707826023,0.25166523156104387,0.06333538877667383,16.580310880829014,0.7909512460114306
27-3042.00,17.239536862918328,14.148592365105452,0.1092315199297156,26.94300518134715,28.186528497409327,Technical Writers,50.558884,99.529999,0.215631786920202,0.1966496707826023,0.5752555191377626,0.33091891229845677,93.16062176165804,0.7909512460114306
43-9021.00,17.16641864020522,14.857764327220591,0.0776918472436324,26.83937823834197,32.84974093264249,Data Entry Keyers,39.547363,78.620003,0.215631786920202,0.1966496707826023,0.39550223664734363,0.1564220191930514,46.1139896373057,0.7909512460114306
53-1021.01,17.11622662854257,12.617796096201047,0.1782573794204801,26.735751295336787,20.932642487046632,Recycling Coordinators,32.677303,53.669998,0.215631786920202,0.1966496707826023,0.4197419169805306,0.17618327687049062,51.295336787564764,0.7909512460114306
53-6011.00,17.09526776661133,13.851668258948886,0.1170833522369015,26.632124352331605,27.04663212435233,Bridge and Lock Tenders,27.082039,22.0,0.215631786920202,0.1966496707826023,0.2651603938185433,0.07031003445000497,20.0,0.7909512460114306
51-9121.00,17.028621769057914,15.021369034432306,0.0668132421893283,26.528497409326423,34.196891191709845,"Coating, Painting, and Spraying Machine Setters, Operators, and Tenders",26.917313,20.65,0.215631786920202,0.1966496707826023,0.230114659702805,0.05295275661013775,11.398963730569948,0.7909512460114306
49-9096.00,17.01369815489609,14.998740621997724,0.0671708906660853,26.424870466321245,33.8860103626943,Riggers,26.852661,20.450001,0.215631786920202,0.1966496707826023,0.22642926609147387,0.05127021254272348,9.32642487046632,0.7909512460114306
11-3111.00,16.974180111826403,11.88132099148963,0.2143220911203683,26.321243523316063,17.202072538860104,Compensation and Benefits Managers,38.96204,76.239998,0.215631786920202,0.1966496707826023,0.5803074697152566,0.33675675940732347,94.4041450777202,0.7909512460114306
41-9011.00,16.955970135589844,12.518108642885828,0.1772576680434107,26.21761658031088,20.310880829015545,Demonstrators and Product Promoters,29.992796,39.599998,0.215631786920202,0.1966496707826023,0.4253744271660686,0.180943403286861,52.12435233160622,0.7909512460114306
47-2022.00,16.952400125353904,13.13427120882944,0.1453498582379564,26.1139896373057,23.523316062176164,Stonemasons,21.292608,1.4,0.215631786920202,0.1966496707826023,0.1997535549653463,0.039901482721293624,4.766839378238342,0.7909512460114306
51-4021.00,16.92760421036802,14.800924642795932,0.071842794247561,26.01036269430052,32.64248704663213,"Extruding and Drawing Machine Setters, Operators, and Tenders, Metal and Plastic",25.471333,13.51,0.215631786920202,0.1966496707826023,0.22109314170900313,0.048882177310757335,8.393782383419689,0.7909512460114306
51-7042.00,16.88781003378265,15.96703422962346,0.0288336516010871,25.906735751295336,41.6580310880829,"Woodworking Machine Setters, Operators, and Tenders, Except Sawing",28.557001,30.690001,0.215631786920202,0.1966496707826023,0.24257711589747383,0.05884365715713645,14.196891191709845,0.7909512460114306
49-3021.00,16.87352232338344,14.36248528627961,0.0874165225256178,25.803108808290155,29.22279792746114,Automotive Body and Related Repairers,27.089006,22.1,0.215631786920202,0.1966496707826023,0.23823098608322404,0.056754002730185285,13.471502590673575,0.7909512460114306
49-9043.00,16.834946827396383,14.724659714373836,0.0716582642301246,25.699481865284973,32.43523316062176,"Maintenance Workers, Machinery",29.110319,34.73,0.215631786920202,0.1966496707826023,0.25804002862837705,0.06658465637453365,18.031088082901555,0.7909512460114306
51-6062.00,16.82314546440411,14.63656494839474,0.0746958225416538,25.59585492227979,31.813471502590673,"Textile Cutting Machine Setters, Operators, and Tenders",26.231426,16.93,0.215631786920202,0.1966496707826023,0.22786325998773949,0.05192166525224016,10.05181347150259,0.7909512460114306
41-4012.00,16.80622356076787,11.3271188242889,0.2418578290504927,25.492227979274613,13.8860103626943,"Sales Representatives, Wholesale and Manufacturing, Except Technical and Scientific Products",32.65044,53.360001,0.215631786920202,0.1966496707826023,0.5254658765229268,0.2761143873900077,73.88601036269431,0.7909512460114306
27-1012.00,16.796062409310487,14.261658301569796,0.0888537663064655,25.38860103626943,28.497409326424872,Craft Artists,31.768236,49.84,0.215631786920202,0.1966496707826023,0.2844481003822205,0.0809107218110538,24.559585492227978,0.7909512460114306
13-2053.00,16.746139588977556,13.07705549781352,0.1402870887784144,25.28497409326425,23.212435233160623,Insurance Underwriters,45.554379,96.120003,0.215631786920202,0.1966496707826023,0.5588661094034582,0.31233132823975807,86.11398963730569,0.7909512460114306
27-1023.00,16.692251523991168,13.157634144142412,0.1343181206106994,25.181347150259068,23.626943005181342,Floral Designers,33.790421,57.919998,0.215631786920202,0.1966496707826023,0.3640049734598131,0.13249962070347923,40.62176165803109,0.7909512460114306
13-1032.00,16.658755145807117,13.190033809934224,0.1314902367141919,25.077720207253886,23.93782383419689,"Insurance Appraisers, Auto Damage",38.888554,75.93,0.215631786920202,0.1966496707826023,0.46419584250454193,0.2154777801985015,59.89637305699482,0.7909512460114306
43-4011.00,16.633936245630167,13.44240991863975,0.1187110922188485,24.974093264248705,24.870466321243523,Brokerage Clerks,41.923172,87.010002,0.215631786920202,0.1966496707826023,0.5097489831426029,0.2598440258149176,69.74093264248705,0.7909512460114306
43-3011.00,16.615752010216855,11.930164437520077,0.1963756491889048,24.870466321243523,17.409326424870468,Bill and Account Collectors,38.039833,72.519997,0.215631786920202,0.1966496707826023,0.5402460713138342,0.2918658175700324,79.06735751295336,0.7909512460114306
31-9093.00,16.59475827326701,14.35913686329622,0.0778466502288631,24.76683937823834,29.11917098445596,Medical Equipment Preparers,30.551022,44.25,0.215631786920202,0.1966496707826023,0.2830781624726337,0.0801332460688828,23.93782383419689,0.7909512460114306
51-4072.00,16.581148403572715,14.961387364727187,0.0541313783060072,24.66321243523316,33.575129533678755,"Molding, Coremaking, and Casting Machine Setters, Operators, and Tenders, Metal and Plastic",27.475563,24.379999,0.215631786920202,0.1966496707826023,0.24997687324729384,0.06248843715849361,16.16580310880829,0.7909512460114306
19-4061.01,16.566775940112546,12.706815660879888,0.151885428349929,24.559585492227978,21.34715025906736,City and Regional Planning Aides,42.805748,88.25,0.215631786920202,0.1966496707826023,0.5302811807671941,0.2811981306758496,75.33678756476684,0.7909512460114306
51-9111.00,16.43173133628101,13.863792223823278,0.0926131563067222,24.4559585492228,27.253886010362695,Packaging and Filling Machine Operators and Tenders,26.524288,18.690001,0.215631786920202,0.1966496707826023,0.253807375967119,0.0644181840953145,16.89119170984456,0.7909512460114306
27-2011.00,16.42393612310432,12.909428923055753,0.1361217146395914,24.352331606217614,22.072538860103627,Actors,34.025364,58.75,0.215631786920202,0.1966496707826023,0.4562121739465379,0.20812954765702615,58.44559585492228,0.7909512460114306
51-2031.00,16.416027113993994,14.58125820212298,0.0629153152093513,24.248704663212436,31.191709844559583,Engine and Other Machine Assemblers,29.994467,39.700001,0.215631786920202,0.1966496707826023,0.2539226229065861,0.06447669842376033,16.99481865284974,0.7909512460114306
43-4041.01,16.395492579085648,12.559645548976087,0.1527052262403326,24.145077720207254,20.518134715025905,Credit Authorizers,43.590416,90.730003,0.215631786920202,0.1966496707826023,0.5605037279937636,0.3141644290949069,86.42487046632124,0.7909512460114306
17-3012.01,16.365160274085305,13.0301436800594,0.1279731319896965,24.041450777202073,22.69430051813471,Electronic Drafters,43.595009,90.839996,0.215631786920202,0.1966496707826023,0.46426726266617035,0.21554409118353882,60.10362694300518,0.7909512460114306
51-9081.00,16.34795106595544,14.121982674468168,0.0788121768309386,23.93782383419689,27.875647668393785,Dental Laboratory Technicians,38.732052,74.790001,0.215631786920202,0.1966496707826023,0.3275407752091054,0.10728295942458171,34.818652849740936,0.7909512460114306
39-3011.00,16.341245641205226,12.229969320683717,0.1680820373591775,23.83419689119171,19.067357512953368,Gaming Dealers,31.198881,47.669998,0.215631786920202,0.1966496707826023,0.38859629193683515,0.15100707810705802,44.870466321243526,0.7909512460114306
13-2072.00,16.303157689580388,11.871061426933856,0.1866764943440819,23.730569948186528,17.098445595854923,Loan Officers,40.197048,81.0,0.215631786920202,0.1966496707826023,0.5678591142266302,0.322463973610253,90.05181347150258,0.7909512460114306
29-2057.00,16.285969379569284,12.466080513653695,0.1532113025313685,23.626943005181342,19.89637305699482,Ophthalmic Medical Technicians,33.390968,56.259998,0.215631786920202,0.1966496707826023,0.3963637174120588,0.1571041964807064,46.73575129533679,0.7909512460114306
31-9091.00,16.264597163037237,12.44690333181276,0.1533591821777438,23.523316062176164,19.689119170984455,Dental Assistants,27.453856,24.280001,0.215631786920202,0.1966496707826023,0.34193649444119495,0.11692056623073334,37.82383419689119,0.7909512460114306
51-6061.00,16.250621106375352,14.277689677045885,0.0690914102335944,23.419689119170982,28.704663212435232,Textile Bleaching and Dyeing Machine Operators and Tenders,28.429193,29.870001,0.215631786920202,0.1966496707826023,0.26635434902167654,0.07094463924276108,20.310880829015545,0.7909512460114306
43-4021.00,16.23309508141872,12.595960798370594,0.1443770086803788,23.316062176165804,20.72538860103627,Correspondence Clerks,43.829102,91.559998,0.215631786920202,0.1966496707826023,0.5417548881598472,0.2934983588450885,79.79274611398964,0.7909512460114306
51-9083.00,16.194606423208416,14.031720548631316,0.0770712995274151,23.212435233160623,27.66839378238342,Ophthalmic Laboratory Technicians,31.303778,48.080002,0.215631786920202,0.1966496707826023,0.2609655548999358,0.0681030208442314,19.067357512953368,0.7909512460114306
47-2181.00,16.182675388433335,13.088832358303913,0.1181863647358354,23.10880829015544,23.419689119170982,Roofers,21.320061,1.5,0.215631786920202,0.1966496707826023,0.19263823178553702,0.03710948834545828,4.041450777202073,0.7909512460114306
51-4062.00,16.163566441600196,14.386419291903856,0.0617647488800931,23.00518134715026,29.637305699481864,"Patternmakers, Metal and Plastic",32.718838,53.990002,0.215631786920202,0.1966496707826023,0.2914951475175672,0.08496942102628828,27.46113989637306,0.7909512460114306
39-6012.00,16.148800115838483,11.709451254265025,0.1895626347117028,22.901554404145077,15.751295336787564,Concierges,35.448208,64.129997,0.215631786920202,0.1966496707826023,0.5178312736546519,0.26814922797479895,71.91709844559585,0.7909512460114306
53-7031.00,16.147698656911878,13.769106907690889,0.0863742203894284,22.797927461139896,26.632124352331605,Dredge Operators,26.010353,15.58,0.215631786920202,0.1966496707826023,0.2207102283033348,0.04871300487771017,8.186528497409327,0.7909512460114306
27-3012.00,16.14489488796282,13.361603063311186,0.1041526159497323,22.69430051813471,24.4559585492228,Public Address System and Other Announcers,37.924736,72.199997,0.215631786920202,0.1966496707826023,0.4757562694189989,0.22634402789148306,62.07253886010363,0.7909512460114306
51-4031.00,16.122396091645584,14.526163128061688,0.0549433786992343,22.590673575129532,30.67357512953368,"Cutting, Punching, and Press Machine Setters, Operators, and Tenders, Metal and Plastic",28.609537,31.42,0.215631786920202,0.1966496707826023,0.2370274188772209,0.05618199729959753,13.05699481865285,0.7909512460114306
31-2012.00,16.064114532220106,11.541713562151324,0.1959154914786251,22.48704663212435,14.922279792746114,Occupational Therapy Aides,24.716427,9.0600004,0.215631786920202,0.1966496707826023,0.332943658413721,0.11085147967791252,35.95854922279793,0.7909512460114306
33-9092.00,16.018163981820738,12.405177702293653,0.1456241243065411,22.383419689119172,19.585492227979273,"Lifeguards, Ski Patrol, and Other Recreational Protective Service Workers",28.154749,28.42,0.215631786920202,0.1966496707826023,0.3344721030302497,0.11187158770547798,36.373056994818654,0.7909512460114306
49-9061.00,16.00014727029743,14.516271260355472,0.0511107840067195,22.27979274611399,30.569948186528496,Camera and Photographic Equipment Repairers,41.851723,86.699997,0.215631786920202,0.1966496707826023,0.33955476202134405,0.11529743641137159,37.409326424870464,0.7909512460114306
51-4032.00,15.999488681406504,14.13669670928452,0.0658849804317639,22.17616580310881,27.979274611398964,"Drilling and Boring Machine Tool Setters, Operators, and Tenders, Metal and Plastic",30.487171,43.630001,0.215631786920202,0.1966496707826023,0.2670096439100315,0.07129414994096182,20.621761658031087,0.7909512460114306
51-9141.00,15.955917993262766,13.825030307030412,0.0770662934875714,22.072538860103627,26.83937823834197,Semiconductor Processors,31.482393,48.810001,0.215631786920202,0.1966496707826023,0.29198150495268654,0.08525319923443572,27.66839378238342,0.7909512460114306
41-2031.00,15.900641932952531,10.637704753828189,0.247371839175663,21.968911917098445,11.813471502590671,Retail Salespersons,27.518467,24.690001,0.215631786920202,0.1966496707826023,0.42318377071793223,0.17908450379904745,52.020725388601036,0.7909512460114306
25-1191.00,15.864029282503664,11.81288939650557,0.1714711680614093,21.865284974093264,16.683937823834196,Graduate Teaching Assistants,41.135662,84.32,0.215631786920202,0.1966496707826023,0.5734982079754014,0.3289001945509968,92.33160621761658,0.7909512460114306
51-3091.00,15.807617728659451,13.080522594271091,0.1042425910254822,21.76165803108808,23.316062176165804,"Food and Tobacco Roasting, Baking, and Drying Machine Operators and Tenders",28.371277,29.549999,0.215631786920202,0.1966496707826023,0.28498191170087817,0.08121468999668711,24.870466321243523,0.7909512460114306
47-2021.00,15.79356239851745,13.54420652325318,0.0830375655968659,21.6580310880829,25.28497409326425,Brickmasons and Blockmasons,23.313126,4.6100001,0.215631786920202,0.1966496707826023,0.18587019241213307,0.03454772842732337,3.1088082901554404,0.7909512460114306
53-7033.00,15.701914557219842,13.62894986803746,0.0760500518841838,21.55440414507772,25.906735751295336,"Loading Machine Operators, Underground Mining",24.961399,10.51,0.215631786920202,0.1966496707826023,0.21080998366948706,0.0444408492147294,6.217616580310881,0.7909512460114306
51-9199.01,15.697939368933636,14.024159915168768,0.0596748562441333,21.45077720207254,27.564766839378237,Recycling and Reclamation Workers,26.082466,16.1,0.215631786920202,0.1966496707826023,0.21190357764544376,0.04490312621893861,6.321243523316062,0.7909512460114306
19-4041.01,15.67417121747078,12.984658542291694,0.1035650135280494,21.34715025906736,22.383419689119172,Geophysical Data Technicians,37.976593,72.410004,0.215631786920202,0.1966496707826023,0.4458463896523891,0.19877900316606997,56.06217616580311,0.7909512460114306
53-6051.07,15.58817867221934,13.558294519931218,0.0748576507651501,21.243523316062177,25.38860103626943,"Transportation Vehicle, Equipment and Systems Inspectors, Except Aviation",31.768394,49.950001,0.215631786920202,0.1966496707826023,0.2911071314762534,0.08474336199633267,27.150259067357513,0.7909512460114306
51-9195.07,15.474740377568413,13.332826462474385,0.0803248253895191,21.139896373056995,24.352331606217614,Molding and Casting Workers,25.478954,13.61,0.215631786920202,0.1966496707826023,0.22566896094746414,0.05092647993510809,9.015544041450777,0.7909512460114306
51-4022.00,15.443540225554615,13.316036629064127,0.0798850159306002,21.036269430051817,24.248704663212436,"Forging Machine Setters, Operators, and Tenders, Metal and Plastic",29.200193,35.459999,0.215631786920202,0.1966496707826023,0.26848887941158384,0.07208627836768801,21.036269430051814,0.7909512460114306
51-9061.00,15.422578317914752,13.610471034603757,0.0665703368643094,20.932642487046632,25.699481865284973,"Inspectors, Testers, Sorters, Samplers, and Weighers",37.228924,69.720001,0.215631786920202,0.1966496707826023,0.37141167966979594,0.1379466357951391,41.968911917098445,0.7909512460114306
51-5111.00,15.389401620018209,12.27356924140056,0.1269326109355169,20.82901554404145,19.27461139896373,Prepress Technicians and Workers,40.236271,81.309998,0.215631786920202,0.1966496707826023,0.37998785472806473,0.14439076974083684,43.626943005181346,0.7909512460114306
43-4071.00,15.36376195224174,13.17466341941581,0.0830798656153828,20.72538860103627,23.730569948186528,File Clerks,41.635464,86.18,0.215631786920202,0.1966496707826023,0.4302993601491515,0.18515753934476917,53.26424870466321,0.7909512460114306
51-9022.00,15.306540378128268,13.584605714895646,0.0633781612573599,20.621761658031087,25.492227979274613,"Grinding and Polishing Workers, Hand",27.781889,26.549999,0.215631786920202,0.1966496707826023,0.22836333134998796,0.05214981110526439,10.259067357512953,0.7909512460114306
51-9194.00,15.298848222686876,13.594544128029742,0.0626833852833335,20.518134715025905,25.59585492227979,Etchers and Engravers,32.676369,53.57,0.215631786920202,0.1966496707826023,0.28309857033847247,0.08014480052768705,24.041450777202073,0.7909512460114306
39-9031.00,15.279216085894202,10.56034812526728,0.2234238826528972,20.414507772020727,11.606217616580311,Fitness Trainers and Aerobics Instructors,16.932285,0.16,0.215631786920202,0.1966496707826023,0.21583982834461596,0.04658683149983328,7.253886010362694,0.7909512460114306
39-4011.00,15.27663064231824,11.529968655587815,0.1624749424151583,20.310880829015545,14.818652849740932,Embalmers,28.604874,31.309999,0.215631786920202,0.1966496707826023,0.28821970242306094,0.0830705968648378,26.1139896373057,0.7909512460114306
53-3031.00,15.259438367947292,11.70955332363246,0.151580719870432,20.207253886010363,15.854922279792746,Driver/Sales Workers,25.069338,11.23,0.215631786920202,0.1966496707826023,0.26290707292625787,0.06912012899465267,19.585492227979273,0.7909512460114306
53-7051.00,15.226081239892544,13.536051328987671,0.062426991071083,20.10362694300518,25.181347150259068,Industrial Truck and Tractor Operators,24.644342,8.75,0.215631786920202,0.1966496707826023,0.18454505600910218,0.03405687769740266,2.901554404145078,0.7909512460114306
43-3071.00,15.214807279044264,12.028587824464926,0.1324436210250254,20.0,17.927461139896373,Tellers,35.11552,62.68,0.215631786920202,0.1966496707826023,0.4224131540378725,0.1784328727042234,51.81347150259067,0.7909512460114306
49-9045.00,15.192814168293472,13.07331376130542,0.0810620951078746,19.89637305699482,23.10880829015544,"Refractory Materials Repairers, Except Brickmasons",26.231092,16.82,0.215631786920202,0.1966496707826023,0.2333963622703336,0.05447386192102481,12.33160621761658,0.7909512460114306
47-2151.00,15.172664364128815,12.943057875192602,0.0861313651857187,19.792746113989637,22.27979274611399,Pipelayers,25.886745,15.37,0.215631786920202,0.1966496707826023,0.2281957928175951,0.052073319859650795,10.155440414507773,0.7909512460114306
45-2091.00,15.170791185801573,13.753829253585804,0.0515115429343558,19.689119170984455,26.528497409326423,Agricultural Equipment Operators,26.919071,20.860001,0.215631786920202,0.1966496707826023,0.22571594501090603,0.050947687832166355,9.119170984455959,0.7909512460114306
13-1199.06,15.166543773119471,11.107171987625907,0.1827365142997678,19.585492227979273,13.367875647668392,Online Merchants,43.530937,90.419998,0.215631786920202,0.1966496707826023,0.5384553964749925,0.28993421399304137,78.44559585492227,0.7909512460114306
47-2051.00,15.11850674334407,12.766796331067995,0.0921026055124412,19.481865284974095,21.55440414507772,Cement Masons and Concrete Finishers,23.489231,4.9200001,0.215631786920202,0.1966496707826023,0.18203189875703962,0.03313561216509312,2.694300518134715,0.7909512460114306
51-2022.00,15.090683430531932,12.77147410503796,0.0907964619596697,19.378238341968913,21.6580310880829,Electrical and Electronic Equipment Assemblers,32.210239,52.02,0.215631786920202,0.1966496707826023,0.28868624825003497,0.08333974992868082,26.321243523316063,0.7909512460114306
51-3021.00,15.089326059357132,11.73514961997327,0.142911532788429,19.27461139896373,15.958549222797927,Butchers and Meat Cutters,25.019913,11.13,0.215631786920202,0.1966496707826023,0.25149104103229536,0.06324774371950767,16.476683937823836,0.7909512460114306
35-2012.00,15.073224799413705,11.630625317452916,0.1479971793431787,19.17098445595855,15.33678756476684,"Cooks, Institution and Cafeteria",27.7076,25.93,0.215631786920202,0.1966496707826023,0.3026796081791947,0.09161494520751083,30.155440414507773,0.7909512460114306
47-2041.00,15.023538000843182,12.268011330283183,0.1123053523662009,19.067357512953368,19.17098445595855,Carpet Installers,24.093933,6.5700002,0.215631786920202,0.1966496707826023,0.2025866932535405,0.041041368283404114,5.284974093264249,0.7909512460114306
53-6031.00,14.930813764657737,12.17026881355291,0.1134134748129253,18.963730569948183,18.65284974093264,Automotive and Watercraft Service Attendants,23.88196,5.9499998,0.215631786920202,0.1966496707826023,0.2304693969515702,0.05311614293122044,11.606217616580311,0.7909512460114306
43-5111.00,14.91646694022377,12.076787607717703,0.1175676605710677,18.860103626943005,18.134715025906736,"Weighers, Measurers, Checkers, and Samplers, Recordkeeping",33.62952,57.299999,0.215631786920202,0.1966496707826023,0.3748677929144518,0.14052586216455235,42.7979274611399,0.7909512460114306
51-4035.00,14.888201381588187,13.247360179038054,0.0619308745430851,18.756476683937823,24.041450777202073,"Milling and Planing Machine Setters, Operators, and Tenders, Metal and Plastic",29.730387,38.349998,0.215631786920202,0.1966496707826023,0.27059009289968583,0.07321899837546061,21.6580310880829,0.7909512460114306
47-2071.00,14.794668035603255,12.807923016128145,0.0775592192806492,18.65284974093264,21.865284974093264,"Paving, Surfacing, and Tamping Equipment Operators",25.391745,12.89,0.215631786920202,0.1966496707826023,0.2074706650832733,0.04304407687009576,5.9067357512953365,0.7909512460114306
47-2132.00,14.794472914996913,12.18273329174899,0.1071902158859859,18.54922279792746,18.756476683937823,"Insulation Workers, Mechanical",25.488787,13.72,0.215631786920202,0.1966496707826023,0.2437645025168702,0.05942113268729722,14.404145077720207,0.7909512460114306
41-9021.00,14.736031643800189,9.917479956356162,0.2429322624622897,18.44559585492228,9.533678756476684,Real Estate Brokers,38.226177,73.650002,0.215631786920202,0.1966496707826023,0.5501032540159351,0.3026135900789204,82.90155440414507,0.7909512460114306
45-3021.00,14.72296039936845,13.745610756094688,0.0355513356451044,18.3419689119171,26.424870466321245,Hunters and Trappers,29.740267,38.459999,0.215631786920202,0.1966496707826023,0.21694993258318596,0.04706727324784893,7.564766839378239,0.7909512460114306
35-3022.01,14.709832692509895,11.517193817034457,0.1386031582950954,18.23834196891192,14.715025906735752,Baristas,26.215992,16.719999,0.215631786920202,0.1966496707826023,0.3061704918589734,0.09374037008516568,31.088082901554404,0.7909512460114306
53-3033.00,14.695763403661976,13.032481558784184,0.0638129368292373,18.134715025906736,22.797927461139896,Light Truck or Delivery Services Drivers,26.422756,18.059999,0.215631786920202,0.1966496707826023,0.21195851554033507,0.04492641231006246,6.424870466321243,0.7909512460114306
43-4141.00,14.684059003120774,10.894108457223648,0.1739449612044248,18.031088082901555,12.849740932642488,New Accounts Clerks,39.445831,78.209999,0.215631786920202,0.1966496707826023,0.5253731732441396,0.2760169711646167,73.67875647668394,0.7909512460114306
51-4193.00,14.633984668076508,12.44811468337297,0.0877992386920736,17.927461139896373,19.792746113989637,"Plating and Coating Machine Setters, Operators, and Tenders, Metal and Plastic",29.029791,34.110001,0.215631786920202,0.1966496707826023,0.2774682714076685,0.07698864163795958,22.383419689119172,0.7909512460114306
37-1011.00,14.593789829527353,10.11707711533774,0.2212453588696485,17.82383419689119,10.466321243523316,First-Line Supervisors of Housekeeping and Janitorial Workers,24.661467,8.9499998,0.215631786920202,0.1966496707826023,0.3186568825809598,0.1015422088162156,33.26424870466321,0.7909512460114306
37-3012.00,14.572816008607733,12.127300113333805,0.1008268894320968,17.72020725388601,18.44559585492228,"Pesticide Handlers, Sprayers, and Applicators, Vegetation",28.217402,28.73,0.215631786920202,0.1966496707826023,0.25420017073260875,0.06461772680048744,17.202072538860104,0.7909512460114306
47-3016.00,14.553863188940657,11.979967442684016,0.1074249891984672,17.616580310880828,17.72020725388601,Helpers--Roofers,21.584793,1.8099999,0.215631786920202,0.1966496707826023,0.17713525501234825,0.031376898568289645,1.761658031088083,0.7909512460114306
13-2082.00,14.520433440788262,11.10147904769954,0.1539864363297249,17.512953367875646,13.264248704663212,Tax Preparers,45.201565,95.190002,0.215631786920202,0.1966496707826023,0.529793778771871,0.28068144802537814,75.12953367875647,0.7909512460114306
51-9071.07,14.511997323967822,12.671626715561056,0.0726177723554131,17.409326424870468,21.139896373056995,Precious Metal Workers,39.054249,76.449997,0.215631786920202,0.1966496707826023,0.3156018340909023,0.09960451768154142,32.84974093264249,0.7909512460114306
47-5071.00,14.502805276568296,12.683570729807872,0.0717161825133757,17.305699481865286,21.243523316062177,"Roustabouts, Oil and Gas",24.510168,8.1300001,0.215631786920202,0.1966496707826023,0.19515359449749087,0.0380849254452911,4.248704663212435,0.7909512460114306
43-4161.00,14.488422928788914,10.79719002614006,0.1709348864710336,17.202072538860104,12.2279792746114,"Human Resources Assistants, Except Payroll and Timekeeping",43.002922,88.769997,0.215631786920202,0.1966496707826023,0.5771466468769689,0.33309825200132864,93.78238341968913,0.7909512460114306
53-6021.00,14.46307108707663,12.08942427058868,0.0981703827808653,17.098445595854923,18.3419689119171,Parking Lot Attendants,27.169834,22.620001,0.215631786920202,0.1966496707826023,0.2262790391647721,0.05120220356533246,9.22279792746114,0.7909512460114306
51-4122.00,14.442845600618,12.620688817718213,0.0721892762438472,16.99481865284974,21.036269430051817,"Welding, Soldering, and Brazing Machine Setters, Operators, and Tenders",28.225285,28.93,0.215631786920202,0.1966496707826023,0.24915919635764713,0.06208030512958856,15.751295336787564,0.7909512460114306
43-6014.00,14.40819622257122,11.014724916659404,0.1540424900116798,16.89119170984456,13.05699481865285,"Secretaries and Administrative Assistants, Except Legal, Medical, and Executive",41.1199,84.209999,0.215631786920202,0.1966496707826023,0.5535586411758904,0.3064271692204982,84.04145077720207,0.7909512460114306
51-4052.00,14.335847097414964,12.553597146566808,0.0709856278658572,16.787564766839377,20.414507772020727,"Pourers and Casters, Metal",28.465588,30.379999,0.215631786920202,0.1966496707826023,0.2405163235982714,0.05784810191722841,13.782383419689118,0.7909512460114306
39-3021.00,14.333008301462716,12.579099619064325,0.0697151916874976,16.683937823834196,20.621761658031087,Motion Picture Projectionists,32.960602,54.5,0.215631786920202,0.1966496707826023,0.2839271751847905,0.08061464080841471,24.352331606217618,0.7909512460114306
43-5021.00,14.32807973829096,12.331150468845657,0.0809709229682378,16.580310880829014,19.378238341968913,Couriers and Messengers,26.918381,20.76,0.215631786920202,0.1966496707826023,0.2477089880685635,0.061359742769951736,15.44041450777202,0.7909512460114306
49-2093.00,14.313765542644358,11.7466366214474,0.1092708067818241,16.476683937823836,16.16580310880829,"Electrical and Electronics Installers and Repairers, Transportation Equipment",31.54328,49.119999,0.215631786920202,0.1966496707826023,0.2943749889947491,0.08665663414565866,28.186528497409327,0.7909512460114306
47-2161.00,14.273816794762322,11.936879888008688,0.0978872590106744,16.373056994818654,17.512953367875646,Plasterers and Stucco Masons,23.025576,3.78,0.215631786920202,0.1966496707826023,0.18578861734631943,0.034517410335457105,3.005181347150259,0.7909512460114306
47-4031.00,14.266461858319708,11.83238734438795,0.1028564415230299,16.269430051813472,16.787564766839377,Fence Erectors,21.475046,1.6,0.215631786920202,0.1966496707826023,0.1689183491159919,0.028533408668072125,1.1398963730569949,0.7909512460114306
35-2013.00,14.254777579591828,11.461206155497358,0.121870743192004,16.16580310880829,14.507772020725389,"Cooks, Private Household",30.608744,44.77,0.215631786920202,0.1966496707826023,0.29910858766392795,0.08946594721430967,29.430051813471504,0.7909512460114306
47-2061.00,14.235255524974669,11.929263798714064,0.0966527258165414,16.06217616580311,17.305699481865286,Construction Laborers,22.852381,3.47,0.215631786920202,0.1966496707826023,0.20209939172713906,0.0408441641364796,5.181347150259067,0.7909512460114306
47-2081.00,14.229876340574142,12.517410162285865,0.0684033740241183,15.958549222797927,20.207253886010363,Drywall and Ceiling Tile Installers,25.166946,11.75,0.215631786920202,0.1966496707826023,0.1973255832827436,0.03893738581787498,4.5595854922279795,0.7909512460114306
33-9032.00,14.201939772003406,11.314780372219898,0.1275835369669249,15.854922279792746,13.782383419689118,Security Guards,29.705889,38.150002,0.215631786920202,0.1966496707826023,0.311293304768287,0.09690352159356161,32.2279792746114,0.7909512460114306
43-4121.00,14.198593013760414,10.81956528880557,0.1561535807936268,15.751295336787564,12.33160621761658,"Library Assistants, Clerical",33.577587,56.880001,0.215631786920202,0.1966496707826023,0.4084333779498351,0.16681782422351282,49.22279792746114,0.7909512460114306
51-9197.00,14.195570014875477,12.99728246335341,0.0460976190561646,15.647668393782384,22.48704663212435,Tire Builders,23.639353,5.23,0.215631786920202,0.1966496707826023,0.20088741299056012,0.040355752698039864,4.870466321243524,0.7909512460114306
51-2093.00,14.172265416271856,12.49801725579469,0.0669805508430109,15.544041450777202,20.0,Timing Device Assemblers and Adjusters,37.466919,70.860001,0.215631786920202,0.1966496707826023,0.28500321521589805,0.0812268326833995,24.974093264248705,0.7909512460114306
43-3031.00,14.148780012865602,11.658576571818674,0.1067970616184095,15.44041450777202,15.544041450777202,"Bookkeeping, Accounting, and Auditing Clerks",43.663212,91.150002,0.215631786920202,0.1966496707826023,0.48119334872384223,0.23154703885606523,63.21243523316062,0.7909512460114306
33-3041.00,14.124412088937886,10.826270810521397,0.1523212071885005,15.33678756476684,12.538860103626943,Parking Enforcement Workers,26.766689,19.93,0.215631786920202,0.1966496707826023,0.2696803570779282,0.07272749499367887,21.34715025906736,0.7909512460114306
43-4051.00,14.067206174658034,10.051289512673456,0.1997712162663802,15.23316062176166,10.362694300518134,Customer Service Representatives,40.328613,81.629997,0.215631786920202,0.1966496707826023,0.5388737785690314,0.2903849492292655,78.860103626943,0.7909512460114306
31-9094.00,14.056905555572769,12.720042574305593,0.0525494696050638,15.129533678756475,21.45077720207254,Medical Transcriptionists,48.293873,98.5,0.215631786920202,0.1966496707826023,0.5468928740423983,0.2990918156783545,81.55440414507773,0.7909512460114306
47-2131.00,14.053333593477504,11.79195465283425,0.0958865178513776,15.025906735751295,16.476683937823836,"Insulation Workers, Floor, Ceiling, and Wall",23.292154,4.5,0.215631786920202,0.1966496707826023,0.19511047079984667,0.03806809581573782,4.1450777202072535,0.7909512460114306
47-2171.00,14.045581009981367,12.133104634561027,0.0788123251641904,14.922279792746114,18.54922279792746,Reinforcing Iron and Rebar Workers,21.960747,2.1199999,0.215631786920202,0.1966496707826023,0.1687974493291294,0.02849257890002001,1.0362694300518134,0.7909512460114306
49-9064.00,14.030500930546708,12.362166858658076,0.0674774127773637,14.818652849740932,19.481865284974095,Watch Repairers,40.218403,81.209999,0.215631786920202,0.1966496707826023,0.2989403321217481,0.08936532216906105,29.326424870466322,0.7909512460114306
25-3021.00,13.994085748671354,10.164182451275522,0.1884019357068511,14.715025906735752,10.77720207253886,Self-Enrichment Education Teachers,33.612267,57.189999,0.215631786920202,0.1966496707826023,0.4557912556288689,0.20774566870774092,58.23834196891192,0.7909512460114306
53-6061.00,13.969718543740218,9.931852956992504,0.2032785626324069,14.61139896373057,9.637305699481866,"Transportation Attendants, Except Flight Attendants",25.785265,14.75,0.215631786920202,0.1966496707826023,0.3505235166695677,0.12286673573840072,38.75647668393783,0.7909512460114306
43-5041.00,13.968116685698996,11.554636034107965,0.1044377617982389,14.507772020725389,15.025906735751295,"Meter Readers, Utilities",26.848351,20.34,0.215631786920202,0.1966496707826023,0.23184306510763358,0.05375120683850242,12.124352331606218,0.7909512460114306
43-5051.00,13.932885746398076,11.425859828008644,0.1097084139017645,14.404145077720209,14.196891191709843,Postal Service Clerks,29.648403,37.73,0.215631786920202,0.1966496707826023,0.3390387014849774,0.11494724110461961,37.2020725388601,0.7909512460114306
51-2023.00,13.92561794172653,12.933138079948082,0.0383696460844726,14.300518134715023,22.17616580310881,Electromechanical Equipment Assemblers,36.714134,67.650002,0.215631786920202,0.1966496707826023,0.2980697779358296,0.08884559251871478,29.22279792746114,0.7909512460114306
51-3011.00,13.908937200212772,11.833110177580275,0.0877126550619583,14.196891191709843,16.89119170984456,Bakers,34.685863,60.610001,0.215631786920202,0.1966496707826023,0.31970744194927037,0.10221284843774608,33.47150259067357,0.7909512460114306
43-6012.00,13.86970493385594,11.432871690981973,0.1065713544566451,14.093264248704664,14.300518134715023,Legal Secretaries,45.607361,96.330002,0.215631786920202,0.1966496707826023,0.5240823694410519,0.27466232995894724,73.05699481865285,0.7909512460114306
35-2014.00,13.866779395081926,11.370701390304596,0.1097591924674781,13.989637305699482,14.093264248704664,"Cooks, Restaurant",30.579569,44.360001,0.215631786920202,0.1966496707826023,0.28652604118563224,0.08209717227751062,25.59585492227979,0.7909512460114306
43-4081.00,13.86278965777169,9.508437595141864,0.2289730578267974,13.8860103626943,7.875647668393782,"Hotel, Motel, and Resort Desk Clerks",32.870991,54.299999,0.215631786920202,0.1966496707826023,0.4717540930214249,0.22255192428246723,61.24352331606217,0.7909512460114306
35-2015.00,13.85943846450187,10.82560360440597,0.1401231271234218,13.782383419689118,12.43523316062176,"Cooks, Short Order",29.02816,34.009998,0.215631786920202,0.1966496707826023,0.30686525072772486,0.09416628210418944,31.191709844559586,0.7909512460114306
47-3011.00,13.846627586314684,11.806841079270953,0.0863815517354996,13.678756476683938,16.580310880829014,"Helpers--Brickmasons, Blockmasons, Stonemasons, and Tile and Marble Setters",21.571274,1.71,0.215631786920202,0.1966496707826023,0.16286195038278994,0.026524014882486333,0.8290155440414507,0.7909512460114306
51-9195.03,13.824155373227232,12.18857344704441,0.0670948874078217,13.575129533678757,18.860103626943005,"Stone Cutters and Carvers, Manufacturing",28.65008,31.73,0.215631786920202,0.1966496707826023,0.2250980976442185,0.05066915356304613,8.911917098445596,0.7909512460114306
51-3092.00,13.823243143685271,11.562115635952102,0.0977817373103522,13.471502590673577,15.129533678756475,Food Batchmakers,31.536873,49.02,0.215631786920202,0.1966496707826023,0.31800689822766265,0.10112838732037899,32.95336787564767,0.7909512460114306
47-3012.00,13.797940917336437,11.49978055831869,0.0999219223081308,13.367875647668392,14.61139896373057,Helpers--Carpenters,24.572237,8.54,0.215631786920202,0.1966496707826023,0.20151718200571947,0.040609174643526265,5.077720207253886,0.7909512460114306
51-6052.00,13.75689493501107,11.24502673702445,0.1116879602302877,13.264248704663212,13.471502590673577,"Tailors, Dressmakers, and Custom Sewers",32.826805,54.189999,0.215631786920202,0.1966496707826023,0.28769818418792026,0.08277024518502649,25.803108808290155,0.7909512460114306
31-9096.00,13.7163468961407,10.604616767725917,0.1467158218241803,13.160621761658032,11.709844559585491,Veterinary Assistants and Laboratory Animal Caretakers,27.653742,25.52,0.215631786920202,0.1966496707826023,0.290740746545086,0.08453018170159395,26.94300518134715,0.7909512460114306
51-9122.00,13.713086830408228,11.768558771407823,0.0826153863345064,13.05699481865285,16.269430051813472,"Painters, Transportation Equipment",26.285685,17.24,0.215631786920202,0.1966496707826023,0.1887660463950695,0.03563262027162553,3.523316062176166,0.7909512460114306
41-2021.00,13.7072542656244,10.045017882167564,0.1822911828737621,12.953367875647668,10.259067357512953,Counter and Rental Clerks,29.803974,38.869999,0.215631786920202,0.1966496707826023,0.38713222071131315,0.14987135631287288,44.4559585492228,0.7909512460114306
49-9091.00,13.696433265217648,11.869872632223592,0.0769410375994862,12.849740932642488,16.99481865284974,"Coin, Vending, and Amusement Machine Servicers and Repairers",31.597528,49.220001,0.215631786920202,0.1966496707826023,0.2614698681664604,0.06836649195898618,19.17098445595855,0.7909512460114306
47-2053.00,13.668810148765688,11.790773598943437,0.0796400903665278,12.746113989637308,16.373056994818654,Terrazzo Workers and Finishers,23.10317,4.0900002,0.215631786920202,0.1966496707826023,0.17832318815685597,0.031799159434425454,1.8652849740932642,0.7909512460114306
45-2021.00,13.664119333383931,11.358497276255218,0.1014932697984875,12.642487046632125,13.989637305699482,Animal Breeders,29.40913,36.18,0.215631786920202,0.1966496707826023,0.25875214737448426,0.06695267377090683,18.3419689119171,0.7909512460114306
51-9196.00,13.64997355502766,11.667200364703069,0.0849721067756366,12.538860103626943,15.647668393782384,"Paper Goods Machine Setters, Operators, and Tenders",29.687681,38.040001,0.215631786920202,0.1966496707826023,0.26702109247834566,0.07130026382832923,20.72538860103627,0.7909512460114306
25-9041.00,13.6490768620587,9.660623309788738,0.206428375497708,12.43523316062176,8.601036269430052,Teacher Assistants,35.118446,62.779999,0.215631786920202,0.1966496707826023,0.482316374050184,0.232629084676917,63.3160621761658,0.7909512460114306
43-5011.00,13.639991013499031,9.965430589126786,0.1843653614115547,12.33160621761658,9.844559585492227,Cargo and Freight Agents,41.827568,86.589996,0.215631786920202,0.1966496707826023,0.545247979951536,0.29729535964123055,80.62176165803109,0.7909512460114306
31-1014.00,13.58332119624485,9.882633855212635,0.1872318349161681,12.2279792746114,9.430051813471502,Nursing Assistants,24.849281,9.5799999,0.215631786920202,0.1966496707826023,0.2978396102622144,0.08870843344114776,29.015544041450777,0.7909512460114306
47-5051.00,13.559058497697222,11.975922486045969,0.0660966206776924,12.124352331606218,17.616580310880828,"Rock Splitters, Quarry",22.995001,3.6700001,0.215631786920202,0.1966496707826023,0.17953485521254917,0.032232764236190994,2.2797927461139897,0.7909512460114306
39-5094.00,13.557715684175625,10.042469671084556,0.1750190007151613,12.020725388601036,10.155440414507773,Skincare Specialists,32.536434,53.049999,0.215631786920202,0.1966496707826023,0.36946533504121326,0.13650463379711597,41.347150259067355,0.7909512460114306
53-7081.00,13.5242327287668,11.266957841538508,0.1001723321847479,11.917098445595856,13.575129533678757,Refuse and Recyclable Material Collectors,24.624712,8.6400003,0.215631786920202,0.1966496707826023,0.20103275987860744,0.040414170544409836,4.974093264248705,0.7909512460114306
43-9041.01,13.482426418847366,10.775344290704329,0.1256146465073225,11.813471502590671,12.124352331606218,Insurance Claims Clerks,42.825634,88.459999,0.215631786920202,0.1966496707826023,0.5389178916478193,0.29043249393813075,78.96373056994818,0.7909512460114306
51-7041.00,13.434302790873762,12.088884547492803,0.0556469142415622,11.709844559585491,18.23834196891192,"Sawing Machine Setters, Operators, and Tenders, Wood",27.648052,25.41,0.215631786920202,0.1966496707826023,0.2167160821990329,0.04696586028369799,7.461139896373057,0.7909512460114306
51-2092.00,13.40126653003442,10.897935168079496,0.114853471017486,11.606217616580311,12.953367875647668,Team Assemblers,28.259203,29.040001,0.215631786920202,0.1966496707826023,0.25855656297607066,0.0668514962579988,18.238341968911918,0.7909512460114306
43-9061.00,13.400594056265868,10.22818568528562,0.1550816766821171,11.50259067357513,10.984455958549225,"Office Clerks, General",38.774128,75.0,0.215631786920202,0.1966496707826023,0.47400901893738834,0.22468455003398538,61.6580310880829,0.7909512460114306
51-6051.00,13.36111971305854,11.648201277898798,0.0735271650228872,11.398963730569948,15.44041450777202,"Sewers, Hand",35.263432,63.509998,0.215631786920202,0.1966496707826023,0.2491905317443705,0.062095921111042125,15.854922279792746,0.7909512460114306
31-2022.00,13.319550354570852,9.566627797971757,0.1961465751492266,11.295336787564766,8.290155440414507,Physical Therapist Aides,25.175072,11.85,0.215631786920202,0.1966496707826023,0.2881709631823546,0.08304250402144596,26.010362694300518,0.7909512460114306
43-3061.00,13.31354829098757,9.739306415869455,0.1834957091653959,11.191709844559586,8.911917098445596,Procurement Clerks,45.357533,95.5,0.215631786920202,0.1966496707826023,0.5915913973928352,0.3499803814692074,96.26943005181347,0.7909512460114306
53-7063.00,13.265688376427349,12.015568833255218,0.0520208223397714,11.088082901554404,17.82383419689119,Machine Feeders and Offbearers,27.600916,25.1,0.215631786920202,0.1966496707826023,0.2405259335221301,0.05785272469669214,13.8860103626943,0.7909512460114306
51-4034.00,13.226600458897115,11.746043075719264,0.0630236656563253,10.984455958549225,16.06217616580311,"Lathe and Turning Machine Tool Setters, Operators, and Tenders, Metal and Plastic",28.731533,32.139999,0.215631786920202,0.1966496707826023,0.2274279045515668,0.05172345176871658,9.844559585492227,0.7909512460114306
39-3092.00,13.164685841202054,10.015038658432978,0.1572458824268727,10.88082901554404,10.05181347150259,Costume Attendants,32.682781,53.880001,0.215631786920202,0.1966496707826023,0.34722189763664435,0.12056304619839232,38.3419689119171,0.7909512460114306
43-5071.00,13.15913148842928,10.885000081144282,0.1044617083294467,10.77720207253886,12.642487046632125,"Shipping, Receiving, and Traffic Clerks",30.628143,44.98,0.215631786920202,0.1966496707826023,0.2789770931405223,0.07782821849713567,23.212435233160623,0.7909512460114306
39-3012.00,13.067317569624148,10.28695451358658,0.1351402425453219,10.67357512953368,11.191709844559586,Gaming and Sports Book Writers and Runners,35.652943,64.959999,0.215631786920202,0.1966496707826023,0.4082206931736917,0.16664413433520933,49.119170984455955,0.7909512460114306
51-9051.00,13.0138252736218,11.582261787066964,0.0617998242861922,10.569948186528498,15.23316062176166,"Furnace, Kiln, Oven, Drier, and Kettle Operators and Tenders",28.067188,28.0,0.215631786920202,0.1966496707826023,0.26544655787613614,0.0704618750882889,20.10362694300518,0.7909512460114306
39-1012.00,13.006079997570016,9.28626247030338,0.2002860429135118,10.466321243523316,7.150259067357513,Slot Supervisors,29.160168,35.25,0.215631786920202,0.1966496707826023,0.3743706554280154,0.14015338764560184,42.69430051813472,0.7909512460114306
43-4171.00,13.005262929740974,9.669818452912008,0.1724667579371419,10.362694300518134,8.704663212435234,Receptionists and Information Clerks,39.116199,77.169998,0.215631786920202,0.1966496707826023,0.5009892469785355,0.25099022558812006,68.18652849740933,0.7909512460114306
23-2093.00,12.990751462450302,10.318179581086453,0.1295079166029808,10.259067357512953,11.295336787564766,"Title Examiners, Abstractors, and Searchers",46.251118,97.459999,0.215631786920202,0.1966496707826023,0.5705971032352464,0.3255810542204544,90.88082901554404,0.7909512460114306
35-3022.00,12.889437000429208,9.600372375907,0.1712988046576407,10.155440414507773,8.49740932642487,"Counter Attendants, Cafeteria, Food Concession, and Coffee Shop",32.677654,53.779999,0.215631786920202,0.1966496707826023,0.3658497865351556,0.13384606630781892,41.03626943005181,0.7909512460114306
51-3093.00,12.693745325802109,10.893456444489996,0.0826316647285404,10.05181347150259,12.746113989637308,Food Cooking Machine Operators and Tenders,31.00816,46.950001,0.215631786920202,0.1966496707826023,0.2841780405156028,0.0807571587112876,24.4559585492228,0.7909512460114306
43-9071.00,12.683307561054232,10.467289115645553,0.1058544586342025,9.94818652849741,11.50259067357513,"Office Machine Operators, Except Computer",30.295475,42.290001,0.215631786920202,0.1966496707826023,0.3007536753783051,0.09045277325355892,29.740932642487046,0.7909512460114306
43-3041.00,12.670847647140866,9.555994391300947,0.1629790228150113,9.844559585492227,8.186528497409327,Gaming Cage Workers,33.489178,56.57,0.215631786920202,0.1966496707826023,0.4208983134648763,0.17715539027757723,51.398963730569946,0.7909512460114306
23-2091.00,12.563379740105155,11.446651361992169,0.048779697345418,9.740932642487047,14.404145077720209,Court Reporters,41.960438,87.110001,0.215631786920202,0.1966496707826023,0.4737212235041481,0.22441179759826702,61.55440414507772,0.7909512460114306
41-2012.00,12.546164950755289,9.990803067500837,0.1278857097867744,9.637305699481866,9.94818652849741,Gaming Change Persons and Booth Cashiers,31.492317,48.91,0.215631786920202,0.1966496707826023,0.3447267743490558,0.11883654895310483,38.031088082901555,0.7909512460114306
47-3013.00,12.537072866341944,11.077751464764296,0.0658672207180042,9.533678756476684,13.160621761658032,Helpers--Electricians,27.0166,21.690001,0.215631786920202,0.1966496707826023,0.19566049559946014,0.03828302953822636,4.455958549222798,0.7909512460114306
25-4031.00,12.438947051175568,9.50715215714421,0.1541889119670943,9.430051813471502,7.772020725388601,Library Technicians,33.952873,58.439999,0.215631786920202,0.1966496707826023,0.3954869065494472,0.15640989325205118,46.01036269430052,0.7909512460114306
13-1074.00,12.427422884802583,9.023916614173958,0.1885825421570665,9.32642487046632,6.424870466321243,Farm Labor Contractors,26.383635,17.959999,0.215631786920202,0.1966496707826023,0.2943957542966813,0.08666886014791195,28.29015544041451,0.7909512460114306
45-2092.02,12.364542738499413,10.233764359833009,0.1041053078684122,9.22279792746114,11.088082901554404,"Farmworkers and Laborers, Crop",23.358902,4.8099999,0.215631786920202,0.1966496707826023,0.1872982373029093,0.03508062969677692,3.2124352331606216,0.7909512460114306
43-4111.00,12.25837921574451,8.859916339360382,0.1917886550060512,9.11917098445596,5.9067357512953365,"Interviewers, Except Eligibility and Loan",39.820614,79.449997,0.215631786920202,0.1966496707826023,0.5584056332468438,0.3118168512418086,85.90673575129534,0.7909512460114306
53-7073.00,12.171773337070547,11.26831039886634,0.040088660421313,9.015544041450775,13.678756476683938,Wellhead Pumpers,27.845591,26.66,0.215631786920202,0.1966496707826023,0.22941971852002793,0.052633407245808846,11.088082901554404,0.7909512460114306
43-9041.02,12.167660642559584,9.547288185209036,0.1372312433917157,8.911917098445596,8.082901554404145,Insurance Policy Processing Clerks,43.839928,91.669998,0.215631786920202,0.1966496707826023,0.5072413130503287,0.25729374966502155,69.32642487046633,0.7909512460114306
27-2042.01,12.110745363493075,9.184644281528945,0.1592931088168954,8.808290155440414,6.94300518134715,Singers,35.849667,65.580002,0.215631786920202,0.1966496707826023,0.4766983988799783,0.22724136349473487,62.17616580310881,0.7909512460114306
47-2121.00,12.106987679849574,10.156472274556046,0.0960232722822446,8.704663212435234,10.67357512953368,Glaziers,26.505825,18.48,0.215631786920202,0.1966496707826023,0.20934801673145867,0.0438265921093951,6.1139896373057,0.7909512460114306
49-3093.00,12.100032446303818,9.96073904084568,0.1073862791046731,8.601036269430052,9.740932642487047,Tire Repairers and Changers,23.188541,4.3000002,0.215631786920202,0.1966496707826023,0.17968323430279892,0.03228606468951453,2.383419689119171,0.7909512460114306
49-3022.00,11.93822894412293,9.537634825770803,0.1258485023910587,8.49740932642487,7.979274611398964,Automotive Glass Installers and Repairers,26.876459,20.549999,0.215631786920202,0.1966496707826023,0.20472147942401886,0.04191088413755898,5.595854922279793,0.7909512460114306
39-6011.00,11.870705661970645,9.0291523700607,0.157354376991804,8.393782383419689,6.528497409326425,Baggage Porters and Bellhops,22.127888,2.23,0.215631786920202,0.1966496707826023,0.23163004658893777,0.05365247848279348,11.813471502590673,0.7909512460114306
43-4031.01,11.868881441268435,8.613629173219376,0.1889593922948274,8.290155440414507,5.181347150259067,Court Clerks,40.108734,80.489998,0.215631786920202,0.1966496707826023,0.5613570902283074,0.315121782749592,86.94300518134715,0.7909512460114306
43-3021.02,11.801872212530656,9.017700737362688,0.1543725810079514,8.186528497409327,6.321243523316062,"Billing, Cost, and Rate Clerks",43.939716,91.769997,0.215631786920202,0.1966496707826023,0.4998373111482966,0.24983733761595908,67.66839378238342,0.7909512460114306
41-9091.00,11.77482039555169,7.188586411531293,0.3189941472125567,8.082901554404145,3.4196891191709846,"Door-To-Door Sales Workers, News and Street Vendors, and Related Workers",35.66732,65.059998,0.215631786920202,0.1966496707826023,0.5921658010557712,0.3506603359400232,96.58031088082902,0.7909512460114306
51-2041.00,11.74019587891625,10.226858588107476,0.0739883747179504,7.979274611398964,10.88082901554404,Structural Metal Fabricators and Fitters,28.667507,32.040001,0.215631786920202,0.1966496707826023,0.23595616789316703,0.05567531316682843,12.746113989637307,0.7909512460114306
31-9011.00,11.720233982131516,9.127720547332354,0.1420131905526425,7.875647668393782,6.7357512953367875,Massage Therapists,26.352549,17.549999,0.215631786920202,0.1966496707826023,0.27048125624277486,0.07316010997866963,21.55440414507772,0.7909512460114306
45-2092.01,11.68741994448051,9.822323127967223,0.0949417358915211,7.772020725388601,9.22279792746114,Nursery Workers,23.524698,5.02,0.215631786920202,0.1966496707826023,0.18321628581372257,0.033568207387375676,2.7979274611398965,0.7909512460114306
51-9198.00,11.679009460594193,10.45676009789891,0.0584430239984596,7.668393782383419,11.398963730569948,Helpers--Production Workers,26.729109,19.51,0.215631786920202,0.1966496707826023,0.2036315319828353,0.04146580081767647,5.492227979274611,0.7909512460114306
51-6031.00,11.668178464469952,10.769886316129494,0.0417038825653681,7.564766839378239,12.020725388601036,Sewing Machine Operators,31.265385,47.880001,0.215631786920202,0.1966496707826023,0.21311662227738823,0.04541869469092297,6.7357512953367875,0.7909512460114306
51-3022.00,11.6305363854332,9.370809127943405,0.1205726862342854,7.461139896373057,7.357512953367876,"Meat, Poultry, and Fish Cutters and Trimmers",25.534647,14.03,0.215631786920202,0.1966496707826023,0.22469359756328877,0.05048721278593317,8.704663212435234,0.7909512460114306
31-9095.00,11.58227686812263,8.991774342434335,0.1440484617959714,7.357512953367876,6.1139896373057,Pharmacy Aides,32.370178,52.639999,0.215631786920202,0.1966496707826023,0.3569253548766814,0.12739570895384497,39.58549222797927,0.7909512460114306
43-3051.00,11.488786150095605,9.37486158843693,0.1127443078341559,7.253886010362694,7.461139896373057,Payroll and Timekeeping Clerks,46.877876,98.080002,0.215631786920202,0.1966496707826023,0.516067857398572,0.2663260334399528,71.0880829015544,0.7909512460114306
53-7062.00,11.47504888114838,9.820892312716357,0.0842162053996956,7.150259067357513,9.11917098445596,"Laborers and Freight, Stock, and Material Movers, Hand",23.585548,5.1199999,0.215631786920202,0.1966496707826023,0.1803729178530441,0.032534389494820994,2.4870466321243523,0.7909512460114306
43-9051.00,11.47472685075195,9.703840308476808,0.0912466861562108,7.046632124352332,8.808290155440414,"Mail Clerks and Mail Machine Operators, Except Postal Service",30.121489,40.939999,0.215631786920202,0.1966496707826023,0.2740791738502207,0.0751193935384195,22.072538860103627,0.7909512460114306
51-6042.00,11.473026508472485,10.7140108184667,0.0354216410112982,6.94300518134715,11.917098445595856,Shoe Machine Operators and Tenders,30.535967,44.049999,0.215631786920202,0.1966496707826023,0.23376191353880976,0.05464463222132597,12.435233160621761,0.7909512460114306
43-4031.02,11.466657630819464,8.732969704920867,0.156515367524876,6.839378238341969,5.595854922279793,Municipal Clerks,44.896721,94.25,0.215631786920202,0.1966496707826023,0.5661396386688963,0.3205140904721484,89.53367875647669,0.7909512460114306
43-9022.00,11.452108313079073,9.841816284177536,0.0818086815687854,6.7357512953367875,9.32642487046632,Word Processors and Typists,43.540245,90.529999,0.215631786920202,0.1966496707826023,0.40531070546950526,0.16427676796818805,48.39378238341969,0.7909512460114306
41-2011.00,11.34129583271256,8.729779333881115,0.149575172461456,6.632124352331606,5.492227979274611,Cashiers,30.448992,43.220001,0.215631786920202,0.1966496707826023,0.3318914916678871,0.11015196224153519,35.751295336787564,0.7909512460114306
47-2043.00,11.340667931066076,9.59870991253934,0.0907391740347898,6.528497409326425,8.393782383419689,Floor Sanders and Finishers,23.069433,3.8800001,0.215631786920202,0.1966496707826023,0.16556261608772252,0.027410979845810597,0.9326424870466321,0.7909512460114306
51-6063.00,11.329480558101936,10.142758139278088,0.0585009719510236,6.424870466321243,10.569948186528498,"Textile Knitting and Weaving Machine Setters, Operators, and Tenders",26.735905,19.620001,0.215631786920202,0.1966496707826023,0.22001942674817582,0.048408548146595905,7.875647668393782,0.7909512460114306
43-6013.00,11.292575068944446,8.413562119556987,0.1710935813200517,6.321243523316062,4.974093264248705,Medical Secretaries,41.822102,86.489998,0.215631786920202,0.1966496707826023,0.5374596367976687,0.288862861186682,77.8238341968912,0.7909512460114306
35-9031.00,11.162201687124425,7.937575882536233,0.2031240930674322,6.217616580310881,4.66321243523316,"Hosts and Hostesses, Restaurant, Lounge, and Coffee Shop",28.985882,33.59,0.215631786920202,0.1966496707826023,0.3486247047801317,0.12153918478303398,38.54922279792746,0.7909512460114306
39-9021.00,11.1495422345422,7.668876072697738,0.2269345683023954,6.1139896373057,4.041450777202073,Personal Care Aides,27.191385,22.719999,0.215631786920202,0.1966496707826023,0.3217548275407767,0.10352616904579497,33.67875647668394,0.7909512460114306
47-2042.00,11.105009679165285,8.623923810807879,0.143849013673335,6.010362694300518,5.284974093264249,"Floor Layers, Except Carpet, Wood, and Hard Tiles",26.454086,18.17,0.215631786920202,0.1966496707826023,0.23077684522163588,0.05325795229045088,11.709844559585493,0.7909512460114306
29-2071.00,11.050051988957216,9.288034934558976,0.094854135821675,5.9067357512953365,7.253886010362694,Medical Records and Health Information Technicians,45.016312,94.57,0.215631786920202,0.1966496707826023,0.457042379838859,0.20888773696876786,58.652849740932645,0.7909512460114306
47-2141.00,11.00292094042899,9.116130565114156,0.1034863619952555,5.803108808290156,6.632124352331606,"Painters, Construction and Maintenance",24.300686,7.0900002,0.215631786920202,0.1966496707826023,0.18765493472681777,0.03521437452732624,3.316062176165803,0.7909512460114306
51-9192.00,10.997853666446671,9.48619361074251,0.0796768502591125,5.699481865284974,7.668393782383419,"Cleaning, Washing, and Metal Pickling Equipment Operators and Tenders",27.497215,24.48,0.215631786920202,0.1966496707826023,0.2317087848703971,0.05368896098611596,12.020725388601036,0.7909512460114306
51-4071.00,10.991553663055551,9.787446179007762,0.0615128534055378,5.595854922279793,9.015544041450775,Foundry Mold and Coremakers,24.329405,7.1900001,0.215631786920202,0.1966496707826023,0.17857816406944757,0.031890160682414535,1.9689119170984455,0.7909512460114306
49-9093.00,10.990766334145576,9.45831882537469,0.0810105652528676,5.492227979274611,7.564766839378239,"Fabric Menders, Except Garment",26.930334,20.959999,0.215631786920202,0.1966496707826023,0.19099594047750107,0.036479449278885134,3.937823834196891,0.7909512460114306
43-5052.00,10.815094484813663,9.139114925085163,0.0916926624441633,5.38860103626943,6.839378238341969,Postal Service Mail Carriers,27.582581,25.0,0.215631786920202,0.1966496707826023,0.23163593954622574,0.05365520848946275,11.917098445595855,0.7909512460114306
43-5053.00,10.78277829785119,8.863262321175963,0.1082849580164829,5.284974093264249,6.010362694300518,"Postal Service Mail Sorters, Processors, and Processing Machine Operators",26.58441,18.889999,0.215631786920202,0.1966496707826023,0.23285847299822632,0.054223068447065696,12.2279792746114,0.7909512460114306
43-4041.02,10.687693962581593,7.903454396627403,0.1761406738262634,5.181347150259067,4.5595854922279795,Credit Checkers,45.204571,95.290001,0.215631786920202,0.1966496707826023,0.6268672261482091,0.3929625192187499,99.68911917098445,0.7909512460114306
43-4031.03,10.653452065902572,7.7891811970549565,0.1838621285335216,5.077720207253886,4.248704663212435,License Clerks,40.71286,82.660004,0.215631786920202,0.1966496707826023,0.5247407750223405,0.2753528809710466,73.26424870466322,0.7909512460114306
35-3031.00,10.486262243989756,7.470223642781932,0.2018707033036458,4.974093264248705,3.8341968911917097,Waiters and Waitresses,23.966618,6.2600002,0.215631786920202,0.1966496707826023,0.277754032793029,0.07714730273279104,22.487046632124354,0.7909512460114306
47-2142.00,10.43881781584732,8.66064610304675,0.1026581441871308,4.870466321243524,5.38860103626943,Paperhangers,24.436766,7.71,0.215631786920202,0.1966496707826023,0.17047272900947893,0.02906095133593924,1.2435233160621761,0.7909512460114306
51-9031.00,10.32935060908696,8.848095714041428,0.0837047282781348,4.766839378238342,5.699481865284974,"Cutters and Trimmers, Hand",29.61804,37.529999,0.215631786920202,0.1966496707826023,0.2359053963515121,0.05565135602776401,12.642487046632125,0.7909512460114306
51-2021.00,10.308018833208722,8.854640936834388,0.0820687087563558,4.66321243523316,5.803108808290156,"Coil Winders, Tapers, and Finishers",30.046013,40.110001,0.215631786920202,0.1966496707826023,0.2446153119296054,0.05983665083041815,14.818652849740932,0.7909512460114306
47-3015.00,10.21345303808206,8.606993130317635,0.0933229458558392,4.5595854922279795,5.077720207253886,"Helpers--Pipelayers, Plumbers, Pipefitters, and Steamfitters",24.82822,9.4700003,0.215631786920202,0.1966496707826023,0.17941434125937442,0.03218950584953526,2.1761658031088085,0.7909512460114306
43-2021.00,10.19358809697347,7.59427707681339,0.1711361722695248,4.455958549222798,3.937823834196891,Telephone Operators,37.060272,69.199997,0.215631786920202,0.1966496707826023,0.538272457669414,0.2897372386854711,78.34196891191709,0.7909512460114306
43-2011.00,10.187824211130252,7.894774096555117,0.1452258219507324,4.352331606217617,4.455958549222798,"Switchboard Operators, Including Answering Service",37.377388,70.339996,0.215631786920202,0.1966496707826023,0.5137318763266607,0.2639204407541114,70.56994818652849,0.7909512460114306
43-5081.01,10.019573180233976,7.762854480791037,0.1453536650098957,4.248704663212435,4.1450777202072535,"Stock Clerks, Sales Floor",29.196289,35.349998,0.215631786920202,0.1966496707826023,0.28962465493072365,0.08388244074374074,26.632124352331605,0.7909512460114306
37-3011.00,9.788251407082576,8.373377391798325,0.084486459231499,4.1450777202072535,4.870466321243524,Landscaping and Groundskeeping Workers,23.345022,4.71,0.215631786920202,0.1966496707826023,0.15770576468000186,0.02487110821330412,0.7253886010362695,0.7909512460114306
39-7011.00,9.76254036035045,6.985369726630973,0.1987847989729027,4.041450777202073,3.1088082901554404,Tour Guides and Escorts,33.886543,58.23,0.215631786920202,0.1966496707826023,0.4391930304918838,0.19289051803264476,54.61139896373057,0.7909512460114306
47-3014.00,9.74410814463259,7.84883871640725,0.1207356589111367,3.937823834196891,4.352331606217617,"Helpers--Painters, Paperhangers, Plasterers, and Stucco Masons",21.285248,1.29,0.215631786920202,0.1966496707826023,0.15489345193448895,0.023991981452181836,0.41450777202072536,0.7909512460114306
31-1015.00,9.678844901965052,7.345849085929544,0.1587968789410741,3.8341968911917097,3.523316062176166,Orderlies,21.678278,1.92,0.215631786920202,0.1966496707826023,0.20659543448168202,0.04268167354867497,5.803108808290156,0.7909512460114306
43-9081.00,9.64520479208204,8.993353693998225,0.0362407128788246,3.730569948186528,6.217616580310881,Proofreaders and Copy Markers,56.770428,99.949997,0.215631786920202,0.1966496707826023,0.573270962454232,0.3286395963932015,92.12435233160622,0.7909512460114306
33-3011.00,9.568150788399477,6.9946437509313,0.1839626955358181,3.626943005181347,3.2124352331606216,Bailiffs,26.362669,17.75,0.215631786920202,0.1966496707826023,0.3088254128861528,0.09537313564430275,31.60621761658031,0.7909512460114306
15-2091.00,9.398607410288848,9.251829607866672,0.0079323662801448,3.523316062176166,7.046632124352332,Mathematical Technicians,50.82547,99.739998,0.215631786920202,0.1966496707826023,0.4096640090764309,0.16782460033257407,49.4300518134715,0.7909512460114306
39-5011.00,9.369794156819992,7.417475243475551,0.1316026578627081,3.4196891191709846,3.730569948186528,Barbers,34.078247,58.849998,0.215631786920202,0.1966496707826023,0.30508595894330665,0.09307744234435698,30.569948186528496,0.7909512460114306
43-3021.01,9.257416250077313,7.396279698865057,0.1258157227002815,3.316062176165803,3.626943005181347,Statement Clerks,48.216888,98.400002,0.215631786920202,0.1966496707826023,0.5095282889522245,0.25961907724258154,69.63730569948187,0.7909512460114306
43-5081.03,9.240210730092532,6.784489074086623,0.1809805888983996,3.2124352331606216,2.901554404145078,"Stock Clerks- Stockroom, Warehouse, or Storage Yard",24.958742,10.3,0.215631786920202,0.1966496707826023,0.22007639444476143,0.04843361939180622,7.979274611398964,0.7909512460114306
53-7111.00,9.193031592973512,8.292275636382515,0.0543129531680613,3.1088082901554404,4.766839378238342,Mine Shuttle Car Operators,24.87911,9.8900003,0.215631786920202,0.1966496707826023,0.1574369844052777,0.024786404058627653,0.6217616580310881,0.7909512460114306
39-2021.00,8.814178995278768,6.771415709551707,0.1508372379830081,3.005181347150259,2.7979274611398965,Nonfarm Animal Caretakers,30.346359,42.91,0.215631786920202,0.1966496707826023,0.28458126106703874,0.08098649415050606,24.66321243523316,0.7909512460114306
39-3031.00,8.756106407231705,6.133677670274897,0.213772949764352,2.901554404145078,1.9689119170984457,"Ushers, Lobby Attendants, and Ticket Takers",30.724646,45.700001,0.215631786920202,0.1966496707826023,0.32661855466365564,0.1066796802505754,34.50777202072539,0.7909512460114306
51-6011.00,8.66771490187759,6.816380557105762,0.1358003950382361,2.7979274611398965,3.005181347150259,Laundry and Dry-Cleaning Workers,27.646297,25.309999,0.215631786920202,0.1966496707826023,0.23034849114263278,0.05306042737168758,11.50259067357513,0.7909512460114306
51-6041.00,8.594349548966335,7.066783620308386,0.1080807062118089,2.694300518134715,3.316062176165803,Shoe and Leather Workers and Repairers,28.46106,30.18,0.215631786920202,0.1966496707826023,0.21277723374466023,0.045274151200029776,6.632124352331606,0.7909512460114306
35-3021.00,8.584752687595309,6.015253612047459,0.2135819402860762,2.5906735751295336,1.865284974093264,"Combined Food Preparation and Serving Workers, Including Fast Food",27.32934,23.549999,0.215631786920202,0.1966496707826023,0.29556629068267654,0.08735943218791645,28.704663212435232,0.7909512460114306
39-3091.00,8.306833979670861,5.995368184519786,0.1927709628509009,2.4870466321243523,1.761658031088083,Amusement and Recreation Attendants,27.238682,23.030001,0.215631786920202,0.1966496707826023,0.2885319053635667,0.08325066041273022,26.21761658031088,0.7909512460114306
51-9123.00,8.220296662954153,6.663716830251221,0.1167951664479903,2.383419689119171,2.5906735751295336,"Painting, Coating, and Decorating Workers",29.223728,35.560001,0.215631786920202,0.1966496707826023,0.19536904217560144,0.038169062640611935,4.352331606217617,0.7909512460114306
35-2011.00,8.084448857623709,6.200940023667332,0.1518728472431217,2.2797927461139897,2.0725388601036268,"Cooks, Fast Food",27.72575,26.139999,0.215631786920202,0.1966496707826023,0.2745081914894172,0.07535474719479053,22.27979274611399,0.7909512460114306
33-9091.00,8.07277714048979,6.322854211374955,0.1383807747746804,2.1761658031088085,2.2797927461139897,Crossing Guards,28.57279,30.9,0.215631786920202,0.1966496707826023,0.2725493269669119,0.07428313563011667,21.865284974093264,0.7909512460114306
47-2082.00,8.032852820948163,6.631922788801585,0.1056202007140474,2.0725388601036268,2.4870466321243523,Tapers,25.79545,14.86,0.215631786920202,0.1966496707826023,0.17340839779971767,0.03007047242746513,1.450777202072539,0.7909512460114306
35-2021.00,7.606700367931655,5.752242895177112,0.1611942946906316,1.9689119170984457,1.6580310880829014,Food Preparation Workers,27.278803,23.34,0.215631786920202,0.1966496707826023,0.21348358936875933,0.04557524292976905,6.839378238341969,0.7909512460114306
35-9021.00,7.60533463538405,6.258134685377206,0.1076359025281702,1.865284974093264,2.1761658031088085,Dishwashers,23.724823,5.54,0.215631786920202,0.1966496707826023,0.14815985496553796,0.021951342623409243,0.31088082901554404,0.7909512460114306
51-4121.07,7.577089574883631,6.6715430937035745,0.0678663442970702,1.761658031088083,2.694300518134715,Solderers and Brazers,29.921955,39.490002,0.215631786920202,0.1966496707826023,0.190432291999362,0.036264457836130276,3.8341968911917097,0.7909512460114306
39-5092.00,7.540329416025656,5.406970147491351,0.1972786246585909,1.6580310880829014,1.243523316062176,Manicurists and Pedicurists,36.915661,68.370003,0.215631786920202,0.1966496707826023,0.31347385393367944,0.09826585710003378,32.538860103626945,0.7909512460114306
39-4021.00,7.4114343604816035,5.047249151514483,0.2342053203632439,1.5544041450777202,0.8290155440414507,Funeral Attendants,28.312134,29.35,0.215631786920202,0.1966496707826023,0.28729668076171216,0.08253938277669715,25.699481865284973,0.7909512460114306
41-9041.00,7.337293695653775,4.247455622595612,0.363728117207493,1.450777202072539,0.310880829015544,Telemarketers,35.188129,63.200001,0.215631786920202,0.1966496707826023,0.6099652381961934,0.37205759180773895,98.34196891191709,0.7909512460114306
51-6021.00,6.823847721579207,6.370264950223164,0.0356015624860432,1.3471502590673574,2.383419689119171,"Pressers, Textile, Garment, and Related Materials",24.404758,7.4000001,0.215631786920202,0.1966496707826023,0.13218680296854168,0.017473350879044062,0.10362694300518134,0.7909512460114306
43-5081.02,6.7415934412841265,5.123257453898499,0.1579401388616698,1.243523316062176,1.0362694300518134,Marking Clerks,33.41684,56.369999,0.215631786920202,0.1966496707826023,0.2912540285549918,0.08482890914951197,27.357512953367877,0.7909512460114306
43-5081.04,6.714186754796835,5.640477032235331,0.0951789818862174,1.1398963730569949,1.3471502590673574,"Order Fillers, Wholesale and Retail Sales",33.379478,56.16,0.215631786920202,0.1966496707826023,0.28479223115928676,0.08110661492868462,24.76683937823834,0.7909512460114306
35-3041.00,6.704291514030164,5.05153268479036,0.1635898382104987,1.0362694300518134,0.932642487046632,"Food Servers, Nonrestaurant",30.238392,41.98,0.215631786920202,0.1966496707826023,0.2632493953948269,0.0693002441757419,19.689119170984455,0.7909512460114306
35-9011.00,6.639074021401498,4.822890749775848,0.1882878304583263,0.932642487046632,0.7253886010362695,Dining Room and Cafeteria Attendants and Bartender Helpers,22.147696,2.3299999,0.215631786920202,0.1966496707826023,0.15589089712910997,0.024301971807718748,0.5181347150259067,0.7909512460114306
37-2011.00,6.616919674745929,5.30208912484939,0.1239917435312715,0.8290155440414507,1.1398963730569949,"Janitors and Cleaners, Except Maids and Housekeeping Cleaners",27.11591,22.200001,0.215631786920202,0.1966496707826023,0.18789385892369007,0.03530410222123555,3.4196891191709846,0.7909512460114306
53-7064.00,6.601721831888572,5.6631506577699735,0.0828665199671897,0.7253886010362695,1.450777202072539,"Packers and Packagers, Hand",26.377733,17.860001,0.215631786920202,0.1966496707826023,0.17119232544817303,0.029306812292353192,1.3471502590673574,0.7909512460114306
51-3023.00,6.478411700741471,5.689349205203112,0.0693455848005193,0.6217616580310881,1.5544041450777202,Slaughterers and Meat Packers,22.990238,3.5699999,0.215631786920202,0.1966496707826023,0.14396150229811144,0.020724914143929147,0.20725388601036268,0.7909512460114306
39-5093.00,6.281127828009783,4.404381279947986,0.2130545051362992,0.5181347150259067,0.5181347150259067,Shampooers,29.279219,35.66,0.215631786920202,0.1966496707826023,0.23809684158515426,0.056690105972826046,13.367875647668393,0.7909512460114306
37-2012.00,6.260225651435221,4.33736617210343,0.221662110487583,0.4145077720207253,0.4145077720207253,Maids and Housekeeping Cleaners,24.856785,9.6800003,0.215631786920202,0.1966496707826023,0.1792203029717672,0.032119916997292025,2.0725388601036268,0.7909512460114306
53-7061.00,5.519913477992153,4.749690326096062,0.0810814073145231,0.310880829015544,0.6217616580310881,Cleaners of Vehicles and Equipment,25.567411,14.34,0.215631786920202,0.1966496707826023,0.12757132504893204,0.016274442974740275,0.0,0.7909512460114306
39-3093.00,4.919050578334518,3.05563909259761,0.3049135433322421,0.2072538860103626,0.1036269430051813,"Locker Room, Coatroom, and Dressing Room Attendants",30.204609,41.77,0.215631786920202,0.1966496707826023,0.322436093777143,0.10396503457026256,33.8860103626943,0.7909512460114306
45-2041.00,4.471563388531965,3.806554111061763,0.0873505614353017,0.1036269430051813,0.2072538860103626,"Graders and Sorters, Agricultural Products",26.830147,20.129999,0.215631786920202,0.1966496707826023,0.17623159966780091,0.03105757672147205,1.5544041450777202,0.7909512460114306
41-9012.00,3.840780835140579,2.7926503624702357,0.1876587357221511,0.0,0.0,Models,29.555912,36.900002,0.215631786920202,0.1966496707826023,0.21610081717871338,0.046699563185307706,7.357512953367876,0.7909512460114306
