index,onetsoccode,agg_pairs,ai_score,software_score,robot_score
Chief Executives,11-1011.00,50.0,0.2043062448501587,0.18072541058063507,0.12222982197999954
Chief Sustainability Officers,11-1011.03,22.0,0.2987167239189148,0.45957496762275696,0.053837064653635025
General and Operations Managers,11-1021.00,27.0,0.24797934293746948,0.384657621383667,0.26302391290664673
Advertising and Promotions Managers,11-2011.00,38.0,0.22392037510871887,0.45348694920539856,0.12625478208065033
Marketing Managers,11-2021.00,31.0,0.5601937770843506,0.39255499839782715,0.0864655077457428
Sales Managers,11-2022.00,28.0,1.0456809997558594,0.5660568475723267,0.3656982481479645
Public Relations and Fundraising Managers,11-2031.00,32.0,0.40220212936401367,0.5984278321266174,0.3166123628616333
Administrative Services Managers,11-3011.00,16.0,0.6883295774459839,0.8738765716552734,0.4252976179122925
Computer and Information Systems Managers,11-3021.00,21.0,0.33129817247390747,0.16640132665634155,0.034991305321455
Treasurers and Controllers,11-3031.01,29.0,0.4581449329853058,0.38142189383506775,0.08890209347009659
"Financial Managers, Branch or Department",11-3031.02,29.0,0.46703290939331055,0.2502652704715729,0.06397607177495956
Industrial Production Managers,11-3051.00,26.0,0.3921595513820648,0.19945909082889557,0.10136515647172928
Quality Control Systems Managers,11-3051.01,34.0,0.8054981827735901,0.39256489276885986,0.13945797085762024
Geothermal Production Managers,11-3051.02,19.0,0.6296316385269165,0.46070581674575806,0.4695119559764862
Biofuels Production Managers,11-3051.03,20.0,0.4501034915447235,0.7760997414588928,0.29388850927352905
Biomass Power Plant Managers,11-3051.04,29.0,0.5301793813705444,0.8814472556114197,0.4801255464553833
Hydroelectric Production Managers,11-3051.06,18.0,0.6364997029304504,0.4502522647380829,0.6870974898338318
Purchasing Managers,11-3061.00,22.0,0.21161817014217377,0.14383231103420258,0.03541397303342819
Transportation Managers,11-3071.01,40.0,0.7309870719909668,0.6663064956665039,0.26866158843040466
Storage and Distribution Managers,11-3071.02,36.0,0.16557690501213074,0.11498655378818512,0.07483048737049103
Logistics Managers,11-3071.03,36.0,1.0533154010772705,0.8715207576751709,0.429451048374176
Compensation and Benefits Managers,11-3111.00,39.0,0.47246652841567993,0.3863716721534729,0.09214597195386887
Human Resources Managers,11-3121.00,41.0,0.42440536618232727,0.21750947833061218,0.04637964442372322
Training and Development Managers,11-3131.00,13.0,0.5691858530044556,0.2780880331993103,0.07733774185180664
Nursery and Greenhouse Managers,11-9013.01,23.0,0.9519006013870239,0.5684726238250732,0.4381278157234192
Farm and Ranch Managers,11-9013.02,42.0,0.9511256217956543,0.5089829564094543,0.39437878131866455
Aquacultural Managers,11-9013.03,26.0,0.6626065969467163,1.2294132709503174,0.3423302173614502
Construction Managers,11-9021.00,35.0,0.9005094170570374,0.4831011891365051,0.16113632917404175
"Education Administrators, Preschool and Childcare Center/Program",11-9031.00,31.0,0.6735660433769226,0.38235753774642944,0.07951152324676514
"Education Administrators, Elementary and Secondary School",11-9032.00,49.0,0.4875261187553406,0.367105096578598,0.21666498482227325
"Education Administrators, Postsecondary",11-9033.00,44.0,0.3627052903175354,0.20229171216487885,0.08048814535140991
Distance Learning Coordinators,11-9039.01,28.0,0.4941543936729431,0.45325881242752075,0.08448748290538788
Fitness and Wellness Coordinators,11-9039.02,29.0,0.18130573630332947,0.14301809668540955,0.0557139590382576
Architectural and Engineering Managers,11-9041.00,25.0,0.31688761711120605,0.22222591936588287,0.049089498817920685
Biofuels/Biodiesel Technology and Product Development Managers,11-9041.01,21.0,0.6663743257522583,0.4970299005508423,0.12442593276500702
Food Service Managers,11-9051.00,52.0,0.2834904193878174,0.2564481496810913,0.06440696865320206
Funeral Service Managers,11-9061.00,23.0,0.48680379986763,0.3641979694366455,0.12130112200975418
Gaming Managers,11-9071.00,26.0,0.1782752424478531,0.16516749560832977,0.08002171665430069
Lodging Managers,11-9081.00,28.0,0.36178019642829895,0.322849303483963,0.36820584535598755
Medical and Health Services Managers,11-9111.00,35.0,0.61061030626297,0.5338771939277649,0.2155018150806427
Natural Sciences Managers,11-9121.00,26.0,0.397132009267807,0.2247072011232376,0.11058109998703003
Clinical Research Coordinators,11-9121.01,41.0,0.29055655002593994,0.2256072759628296,0.06687765568494797
Water Resource Specialists,11-9121.02,27.0,0.6090028285980225,0.3609095513820648,0.06303779035806656
Postmasters and Mail Superintendents,11-9131.00,12.0,0.2845219671726227,0.3739076554775238,0.17124660313129425
"Property, Real Estate, and Community Association Managers",11-9141.00,34.0,0.3040969967842102,0.22403284907341003,0.15161146223545074
Social and Community Service Managers,11-9151.00,18.0,0.23670081794261932,0.17469559609889984,0.18541358411312103
Emergency Management Directors,11-9161.00,31.0,0.7498615980148315,0.4828851521015167,0.2622218728065491
Regulatory Affairs Managers,11-9199.01,25.0,0.45190876722335815,0.5548900961875916,0.17866773903369904
Compliance Managers,11-9199.02,26.0,0.562523603439331,0.3246392607688904,0.12417484819889069
Investment Fund Managers,11-9199.03,25.0,0.6930443048477173,0.49794667959213257,0.12362824380397797
Supply Chain Managers,11-9199.04,51.0,0.49701961874961853,0.49792104959487915,0.12693774700164795
Security Managers,11-9199.07,40.0,0.47364869713783264,0.5278892517089844,0.09666363894939423
Loss Prevention Managers,11-9199.08,30.0,0.4161792993545532,0.2662637531757355,0.04843197762966156
Wind Energy Operations Managers,11-9199.09,17.0,0.29548364877700806,0.3009895086288452,0.04738973081111908
Wind Energy Project Managers,11-9199.10,15.0,0.20939034223556519,0.6106572151184082,0.0922158882021904
Brownfield Redevelopment Specialists and Site Managers,11-9199.11,18.0,0.2735747992992401,0.14024481177330017,0.0663394182920456
"Agents and Business Managers of Artists, Performers, and Athletes",13-1011.00,22.0,0.269865483045578,0.21726949512958527,0.17405326664447784
"Buyers and Purchasing Agents, Farm Products",13-1021.00,18.0,1.1514979600906372,0.4241069257259369,0.17248110473155975
"Wholesale and Retail Buyers, Except Farm Products",13-1022.00,26.0,0.6382635831832886,0.4146319627761841,0.2393796741962433
"Purchasing Agents, Except Wholesale, Retail, and Farm Products",13-1023.00,35.0,0.5145614147186279,0.4828181564807892,0.16781151294708252
"Claims Examiners, Property and Casualty Insurance",13-1031.01,22.0,0.34039875864982605,0.3006014823913574,0.05129684507846832
"Insurance Adjusters, Examiners, and Investigators",13-1031.02,22.0,0.3182255029678345,0.28655487298965454,0.08984310179948807
"Insurance Appraisers, Auto Damage",13-1032.00,11.0,1.014514446258545,0.45756569504737854,0.23883986473083496
Environmental Compliance Inspectors,13-1041.01,34.0,0.4471604824066162,0.3531659245491028,0.19001340866088867
Licensing Examiners and Inspectors,13-1041.02,20.0,0.0485241636633873,0.11181007325649261,0.008783114142715931
Equal Opportunity Representatives and Officers,13-1041.03,23.0,0.3327595293521881,0.2559220492839813,0.11623671650886536
Government Property Inspectors and Investigators,13-1041.04,23.0,0.39679861068725586,0.322400838136673,0.2892131507396698
Coroners,13-1041.06,21.0,0.3748564124107361,0.2916136085987091,0.1974422186613083
Regulatory Affairs Specialists,13-1041.07,26.0,0.4133527874946594,0.23910021781921387,0.12864620983600616
Cost Estimators,13-1051.00,22.0,0.5577048659324646,0.415265291929245,0.19298042356967926
Human Resources Specialists,13-1071.00,29.0,0.29404231905937195,0.23166035115718842,0.0251762755215168
Farm Labor Contractors,13-1074.00,8.0,0.0853596106171608,0.08011090755462646,0.0684381052851677
Labor Relations Specialists,13-1075.00,36.0,0.6035240292549133,0.2963770031929016,0.10817869007587433
Logisticians,13-1081.00,29.0,0.2606380581855774,0.5761804580688477,0.2183857560157776
Logistics Engineers,13-1081.01,40.0,0.9910005927085876,0.4371411204338074,0.13961301743984222
Logistics Analysts,13-1081.02,44.0,0.7394152879714966,0.49338865280151367,0.19251754879951477
Management Analysts,13-1111.00,16.0,0.5311529040336609,0.3367772102355957,0.17022180557250977
"Meeting, Convention, and Event Planners",13-1121.00,32.0,0.6225241422653198,0.4165332019329071,0.32180336117744446
Fundraisers,13-1131.00,39.0,0.34392279386520386,0.228347510099411,0.1438257396221161
"Compensation, Benefits, and Job Analysis Specialists",13-1141.00,32.0,0.5216728448867798,0.30408522486686707,0.06740278750658035
Training and Development Specialists,13-1151.00,27.0,0.26182588934898376,0.19073952734470367,0.04156406968832016
Market Research Analysts and Marketing Specialists,13-1161.00,22.0,1.1114596128463745,0.6836349368095398,0.31142663955688477
Energy Auditors,13-1199.01,35.0,0.7895471453666687,0.4323329031467438,0.2791607677936554
Security Management Specialists,13-1199.02,27.0,0.6200258135795593,0.4790860414505005,0.18809017539024353
Customs Brokers,13-1199.03,24.0,0.14604054391384125,0.23153914511203766,0.062293827533721924
Business Continuity Planners,13-1199.04,31.0,0.44557374715805054,0.3230728507041931,0.07399134337902069
Sustainability Specialists,13-1199.05,18.0,0.06217898428440094,0.1737745851278305,0.0358056016266346
Online Merchants,13-1199.06,48.0,0.32672426104545593,0.2486845850944519,0.2302863448858261
Accountants,13-2011.01,25.0,0.15046748518943787,0.08528408408164978,0.026082877069711685
Auditors,13-2011.02,31.0,0.728789210319519,0.4148554503917694,0.21551454067230225
Assessors,13-2021.01,31.0,0.9651576280593872,0.447755366563797,0.17559252679347992
"Appraisers, Real Estate",13-2021.02,32.0,1.0158319473266602,0.5030094385147095,0.23646453022956848
Budget Analysts,13-2031.00,23.0,0.20262354612350464,0.11555929481983185,0.021798741072416306
Credit Analysts,13-2041.00,20.0,0.8462123870849609,0.4568517208099365,0.056381843984127045
Financial Analysts,13-2051.00,24.0,0.5291670560836792,0.4340110719203949,0.12584137916564941
Personal Financial Advisors,13-2052.00,29.0,0.6812314391136169,0.4603857100009918,0.16626396775245667
Insurance Underwriters,13-2053.00,13.0,0.5935435891151428,0.2936512529850006,0.07152342796325684
Financial Examiners,13-2061.00,38.0,0.35186442732810974,0.217078298330307,0.14097321033477783
Credit Counselors,13-2071.00,45.0,0.29177677631378174,0.4067438542842865,0.13785600662231445
Loan Counselors,13-2071.01,38.0,0.18195179104804993,0.11917277425527573,0.0242629311978817
Loan Officers,13-2072.00,29.0,0.5574790239334106,0.33428502082824707,0.10568532347679138
"Tax Examiners and Collectors, and Revenue Agents",13-2081.00,43.0,0.24432159960269928,0.17275968194007874,0.06567740440368652
Tax Preparers,13-2082.00,19.0,0.7976614832878113,0.4697013795375824,0.1940680742263794
Financial Quantitative Analysts,13-2099.01,27.0,0.4883776903152466,0.3348265290260315,0.10275048762559891
Risk Management Specialists,13-2099.02,27.0,0.2488158792257309,0.15919475257396698,0.05076802149415016
"Fraud Examiners, Investigators and Analysts",13-2099.04,23.0,1.123961329460144,0.5366724729537964,0.24462144076824188
Computer and Information Research Scientists,15-1111.00,23.0,0.39208224415779114,0.2816730737686157,0.1749710887670517
Computer Systems Analysts,15-1121.00,32.0,0.2572021484375,0.24395491182804108,0.06714009493589401
Informatics Nurse Specialists,15-1121.01,22.0,0.7011703848838806,0.5052480101585388,0.13724879920482635
Information Security Analysts,15-1122.00,26.0,0.10330072790384293,0.40347036719322205,0.3280353248119354
Computer Programmers,15-1131.00,27.0,0.839927613735199,0.954484224319458,1.1479076147079468
"Software Developers, Applications",15-1132.00,22.0,0.8645336031913757,0.622183084487915,0.24749350547790527
"Software Developers, Systems Software",15-1133.00,28.0,0.5711479783058167,0.41643834114074707,0.18202100694179535
Web Developers,15-1134.00,54.0,0.3287040889263153,0.34705230593681335,0.11697337031364441
Database Administrators,15-1141.00,37.0,0.44043123722076416,0.31083962321281433,0.13048668205738068
Network and Computer Systems Administrators,15-1142.00,33.0,0.49703121185302734,0.5917103886604309,0.410803884267807
Telecommunications Engineering Specialists,15-1143.01,25.0,0.8784795999526978,0.4899837374687195,0.10843230038881302
Computer User Support Specialists,15-1151.00,24.0,0.6423274874687195,0.6340128183364868,0.38328689336776733
Computer Network Support Specialists,15-1152.00,29.0,0.7124878168106079,0.47941526770591736,0.13279502093791962
Software Quality Assurance Engineers and Testers,15-1199.01,38.0,0.431766152381897,0.3621029257774353,0.15823175013065338
Computer Systems Engineers/Architects,15-1199.02,34.0,1.1545454263687134,0.3519490957260132,0.08924222737550735
Web Administrators,15-1199.03,44.0,0.49683207273483276,0.5627054572105408,0.24307630956172943
Geospatial Information Scientists and Technologists,15-1199.04,28.0,0.5885366797447205,0.6725316643714905,0.3967272937297821
Geographic Information Systems Technicians,15-1199.05,15.0,0.5334815382957458,0.4432072937488556,0.18332026898860931
Database Architects,15-1199.06,25.0,0.2157241702079773,0.35309037566185,0.13357707858085632
Business Intelligence Analysts,15-1199.08,23.0,0.6280686259269714,0.6808939576148987,0.1860361546278
Information Technology Project Managers,15-1199.09,29.0,0.1966010183095932,0.6597976088523865,0.09936180710792542
Search Marketing Strategists,15-1199.10,41.0,0.7453676462173462,0.6896288990974426,0.12475427985191345
Video Game Designers,15-1199.11,24.0,1.024893045425415,0.9845375418663025,0.36047375202178955
Document Management Specialists,15-1199.12,28.0,0.635147213935852,0.679020881652832,0.18841195106506348
Actuaries,15-2011.00,22.0,0.8310695290565491,0.3583756685256958,0.10158269852399826
Mathematicians,15-2021.00,19.0,0.3361593782901764,0.2151920199394226,0.08677325397729874
Operations Research Analysts,15-2031.00,28.0,0.27027803659439087,0.16898207366466522,0.038601476699113846
Statisticians,15-2041.00,30.0,0.9664831161499023,0.42164698243141174,0.15353961288928986
Biostatisticians,15-2041.01,34.0,0.8199135065078735,0.5955650210380554,0.13470707833766937
Clinical Data Managers,15-2041.02,27.0,0.5240201354026794,0.5959412455558777,0.130306214094162
"Architects, Except Landscape and Naval",17-1011.00,35.0,0.563895046710968,0.47208938002586365,0.1737891584634781
Landscape Architects,17-1012.00,32.0,0.736480176448822,0.5187985301017761,0.1966525763273239
Cartographers and Photogrammetrists,17-1021.00,21.0,0.500353217124939,0.4318472146987915,0.10535994172096252
Surveyors,17-1022.00,34.0,0.6213927268981934,0.4241282343864441,0.33018288016319275
Geodetic Surveyors,17-1022.01,24.0,0.7883747220039368,0.404856413602829,0.23109596967697144
Aerospace Engineers,17-2011.00,26.0,0.5244287848472595,0.27563393115997314,0.21984365582466125
Agricultural Engineers,17-2021.00,15.0,0.6467496156692505,0.566886305809021,0.2125353217124939
Biomedical Engineers,17-2031.00,25.0,0.6455052495002747,0.5461025238037109,0.30415022373199463
Chemical Engineers,17-2041.00,19.0,1.4203590154647827,0.9563060998916626,0.46272987127304077
Civil Engineers,17-2051.00,29.0,0.531647264957428,0.36401811242103577,0.12432792782783508
Transportation Engineers,17-2051.01,38.0,0.7122259736061096,0.4427131712436676,0.1523732990026474
Computer Hardware Engineers,17-2061.00,26.0,0.7577788829803467,0.5054841637611389,0.1413726657629013
Electrical Engineers,17-2071.00,30.0,0.3329702615737915,0.5567474365234375,0.376938134431839
"Electronics Engineers, Except Computer",17-2072.00,27.0,0.5915916562080383,0.5458340644836426,0.41402220726013184
Radio Frequency Identification Device Specialists,17-2072.01,31.0,0.9364168643951416,0.6335920095443726,0.3390844762325287
Environmental Engineers,17-2081.00,27.0,0.3351515233516693,0.5463880300521851,0.25710394978523254
Water/Wastewater Engineers,17-2081.01,31.0,1.0315179824829102,0.517389178276062,0.1221000924706459
Industrial Safety and Health Engineers,17-2111.01,33.0,0.6035535931587219,0.5005193948745728,0.40416935086250305
Fire-Prevention and Protection Engineers,17-2111.02,20.0,0.8458060026168823,0.449339359998703,0.37704479694366455
Product Safety Engineers,17-2111.03,9.0,0.29038023948669434,0.41462743282318115,0.18678776919841766
Industrial Engineers,17-2112.00,38.0,0.5433355569839478,0.31415364146232605,0.08635453879833221
Human Factors Engineers and Ergonomists,17-2112.01,34.0,0.7256643772125244,0.5578290820121765,0.3414877951145172
Marine Engineers,17-2121.01,27.0,0.5251979231834412,0.3762940764427185,0.2770777940750122
Marine Architects,17-2121.02,10.0,1.3355408906936646,0.5659772753715515,0.16780303418636322
Materials Engineers,17-2131.00,24.0,1.030024528503418,0.5451900959014893,0.14692729711532593
Mechanical Engineers,17-2141.00,42.0,0.4151362478733063,0.2900314927101135,0.12195592373609543
Fuel Cell Engineers,17-2141.01,32.0,0.5079564452171326,0.7264701724052429,0.15953578054904938
Automotive Engineers,17-2141.02,25.0,0.5467877388000488,0.4954850673675537,0.18036314845085144
"Mining and Geological Engineers, Including Mining Safety Engineers",17-2151.00,29.0,0.6249155402183533,0.5322370529174805,0.4598958194255829
Nuclear Engineers,17-2161.00,26.0,0.7102738618850708,0.39779797196388245,0.1147882416844368
Petroleum Engineers,17-2171.00,32.0,0.660433828830719,0.47917789220809937,0.28655099868774414
Biochemical Engineers,17-2199.01,54.0,0.7666339874267578,0.5792563557624817,0.5381247997283936
Validation Engineers,17-2199.02,23.0,0.964945912361145,0.5206957459449768,0.14461150765419006
Energy Engineers,17-2199.03,24.0,0.7343143820762634,0.8054457902908325,0.3438877463340759
Manufacturing Engineers,17-2199.04,40.0,0.5951497554779053,0.38282471895217896,0.10043969750404358
Mechatronics Engineers,17-2199.05,22.0,0.6319350004196167,0.6068991422653198,0.2659374475479126
Microsystems Engineers,17-2199.06,40.0,0.16651226580142975,0.29802072048187256,0.07533755898475647
Photonics Engineers,17-2199.07,18.0,0.9997259974479675,0.6504624485969543,0.3206072747707367
Robotics Engineers,17-2199.08,21.0,0.7061436176300049,0.9000014662742615,1.2460180521011353
Nanosystems Engineers,17-2199.09,28.0,0.9984666109085083,0.6484471559524536,0.269901305437088
Wind Energy Engineers,17-2199.10,21.0,0.6371924877166748,0.5718546509742737,0.17439958453178406
Solar Energy Systems Engineers,17-2199.11,13.0,0.39547765254974365,0.6308802366256714,0.2175595909357071
Architectural Drafters,17-3011.01,30.0,0.8233903646469116,0.4850159287452698,0.2760377526283264
Civil Drafters,17-3011.02,21.0,0.5245474576950073,0.35335463285446167,0.16459979116916656
Electronic Drafters,17-3012.01,31.0,0.5394134521484375,0.4647383689880371,0.3129609525203705
Electrical Drafters,17-3012.02,24.0,0.681708812713623,0.573490560054779,0.22243264317512512
Mechanical Drafters,17-3013.00,27.0,0.14011061191558838,0.20783022046089172,0.08031977713108063
Aerospace Engineering and Operations Technicians,17-3021.00,13.0,1.4121923446655273,1.3768794536590576,1.1207926273345947
Civil Engineering Technicians,17-3022.00,27.0,1.4572011232376099,0.6216797828674316,0.2185741364955902
Electronics Engineering Technicians,17-3023.01,30.0,0.448250949382782,0.7239388227462769,0.3692905604839325
Electrical Engineering Technicians,17-3023.03,33.0,0.37022581696510315,0.47068992257118225,0.7506177425384521
Electro-Mechanical Technicians,17-3024.00,16.0,0.7791410684585571,0.742968738079071,0.6343072652816772
Robotics Technicians,17-3024.01,23.0,0.06685224920511246,0.22432266175746918,0.7842658162117004
Environmental Engineering Technicians,17-3025.00,42.0,0.752851128578186,0.7356568574905396,0.20719186961650848
Industrial Engineering Technicians,17-3026.00,26.0,0.4425238370895386,0.5214577913284302,0.2746192514896393
Mechanical Engineering Technicians,17-3027.00,42.0,0.418160080909729,0.497583270072937,0.3325996398925781
Automotive Engineering Technicians,17-3027.01,22.0,0.8626405000686646,1.3075048923492432,0.5870154500007629
Non-Destructive Testing Specialists,17-3029.01,17.0,0.7042522430419922,0.5716661810874939,0.4880490005016327
Electrical Engineering Technologists,17-3029.02,16.0,0.4601704478263855,0.487139493227005,0.4751676321029663
Electromechanical Engineering Technologists,17-3029.03,13.0,0.3533807098865509,0.32131218910217285,0.39189213514328003
Electronics Engineering Technologists,17-3029.04,20.0,0.5617591142654419,0.663644015789032,1.1490732431411743
Industrial Engineering Technologists,17-3029.05,22.0,0.55124431848526,0.4250433146953583,0.1765458881855011
Manufacturing Engineering Technologists,17-3029.06,39.0,0.7332041263580322,0.4814804196357727,0.26233914494514465
Mechanical Engineering Technologists,17-3029.07,20.0,0.912755012512207,1.022241473197937,0.74129319190979
Photonics Technicians,17-3029.08,35.0,0.5217236280441284,1.0561310052871704,1.1350791454315186
Manufacturing Production Technicians,17-3029.09,31.0,0.32481712102890015,0.8088386058807373,1.3353605270385742
Nanotechnology Engineering Technologists,17-3029.11,17.0,0.8759021759033203,0.8588125705718994,0.5350610017776489
Nanotechnology Engineering Technicians,17-3029.12,23.0,0.4423893690109253,0.6314542889595032,0.6417118310928345
Surveying Technicians,17-3031.01,28.0,0.5357436537742615,1.2602607011795044,0.8249919414520264
Mapping Technicians,17-3031.02,54.0,0.4017091989517212,0.44899916648864746,0.1790352463722229
Animal Scientists,19-1011.00,14.0,0.38569578528404236,0.19524869322776794,0.12708836793899536
Food Scientists and Technologists,19-1012.00,18.0,0.22685915231704712,0.23111729323863983,0.13866589963436127
Soil and Plant Scientists,19-1013.00,40.0,0.533842921257019,0.33005475997924805,0.28730085492134094
Biologists,19-1020.01,28.0,0.8828051686286926,0.5636059045791626,0.17282997071743011
Biochemists and Biophysicists,19-1021.00,28.0,0.539603590965271,0.46476829051971436,0.25937432050704956
Microbiologists,19-1022.00,18.0,0.6977774500846863,0.5577653646469116,0.6792737245559692
Zoologists and Wildlife Biologists,19-1023.00,25.0,0.6126581430435181,0.508726179599762,0.28943705558776855
Bioinformatics Scientists,19-1029.01,22.0,0.6076574921607971,0.4617563784122467,0.174314484000206
Molecular and Cellular Biologists,19-1029.02,24.0,0.45819535851478577,0.4737475514411926,0.25282344222068787
Geneticists,19-1029.03,33.0,0.3881901204586029,0.2304748296737671,0.08391179889440536
Soil and Water Conservationists,19-1031.01,48.0,0.4258417785167694,0.3026540279388428,0.08021783083677292
Range Managers,19-1031.02,26.0,0.4653284549713135,0.6368290781974792,0.7479601502418518
Park Naturalists,19-1031.03,19.0,0.19977405667304993,0.2841031849384308,0.1874106526374817
Foresters,19-1032.00,31.0,0.9302420616149902,0.6955373883247375,0.37573614716529846
Epidemiologists,19-1041.00,21.0,0.9506822824478149,0.5231886506080627,0.15762341022491455
"Medical Scientists, Except Epidemiologists",19-1042.00,20.0,0.5353654026985168,0.328029990196228,0.18166592717170715
Astronomers,19-2011.00,15.0,0.9535216689109802,0.6658291816711426,0.4000625014305115
Physicists,19-2012.00,21.0,1.138465166091919,0.4804893136024475,0.3200555741786957
Atmospheric and Space Scientists,19-2021.00,27.0,0.9076143503189087,0.3873332738876343,0.11334672570228577
Chemists,19-2031.00,22.0,0.7567453980445862,0.45693930983543396,0.12659016251564026
Materials Scientists,19-2032.00,26.0,0.49510377645492554,0.36298254132270813,0.1330268830060959
"Environmental Scientists and Specialists, Including Health",19-2041.00,25.0,1.0945260524749756,0.6217037439346313,0.1564885973930359
Climate Change Analysts,19-2041.01,18.0,0.20304454863071442,0.13326700031757355,0.03176174685359001
Environmental Restoration Planners,19-2041.02,27.0,0.8063335418701172,0.4948808252811432,0.16574783623218536
Industrial Ecologists,19-2041.03,57.0,0.8175095915794373,0.48028764128685,0.1748022586107254
"Geoscientists, Except Hydrologists and Geographers",19-2042.00,24.0,0.5390151143074036,0.49095025658607483,0.34812191128730774
Hydrologists,19-2043.00,35.0,0.6562207341194153,0.40040123462677,0.11270304024219513
Remote Sensing Scientists and Technologists,19-2099.01,32.0,0.6799448728561401,0.5816506743431091,0.1698908805847168
Economists,19-3011.00,15.0,0.32584837079048157,0.1717168390750885,0.25453445315361023
Environmental Economists,19-3011.01,30.0,0.7262157201766968,0.3012758493423462,0.07696443051099777
Survey Researchers,19-3022.00,16.0,0.4559808075428009,0.5113880038261414,0.10052357614040375
School Psychologists,19-3031.01,28.0,0.6322277188301086,0.39089587330818176,0.15169110894203186
Clinical Psychologists,19-3031.02,34.0,0.8985685110092163,0.340842604637146,0.13613544404506683
Counseling Psychologists,19-3031.03,20.0,0.9047694802284241,0.3398860991001129,0.07809597998857498
Industrial-Organizational Psychologists,19-3032.00,29.0,0.47849828004837036,0.3052249848842621,0.07041046768426895
Neuropsychologists and Clinical Neuropsychologists,19-3039.01,16.0,0.19415611028671265,0.20553728938102722,0.066069096326828
Sociologists,19-3041.00,18.0,0.6539218425750732,0.5245164036750793,0.2768755555152893
Urban and Regional Planners,19-3051.00,25.0,0.5874449610710144,0.3015342652797699,0.08005178719758987
Anthropologists,19-3091.01,40.0,1.119828701019287,0.4867621660232544,0.1895114630460739
Archeologists,19-3091.02,23.0,0.30111104249954224,0.38047853112220764,0.26173949241638184
Geographers,19-3092.00,8.0,0.6716179847717285,0.7062024474143982,0.47935667634010315
Historians,19-3093.00,25.0,0.07612477988004684,0.19352400302886963,0.056926414370536804
Political Scientists,19-3094.00,13.0,1.4784901142120361,0.5447779297828674,0.3175652325153351
Transportation Planners,19-3099.01,27.0,0.26298555731773376,0.18569689989089966,0.029694171622395515
Agricultural Technicians,19-4011.01,33.0,0.4458681344985962,1.2582966089248657,0.42876774072647095
Food Science Technicians,19-4011.02,23.0,0.43134909868240356,0.1970263421535492,0.10264697670936584
Biological Technicians,19-4021.00,16.0,0.8789061903953552,0.5651617050170898,0.315876841545105
Chemical Technicians,19-4031.00,21.0,0.21651455760002136,0.4227771461009979,0.37112388014793396
Geophysical Data Technicians,19-4041.01,22.0,0.3761352002620697,1.1175702810287476,0.5371285676956177
Geological Sample Test Technicians,19-4041.02,13.0,1.1009862422943115,0.6451224684715271,0.3191916346549988
Nuclear Equipment Operation Technicians,19-4051.01,31.0,1.315571665763855,0.8248177170753479,0.47755318880081177
Nuclear Monitoring Technicians,19-4051.02,32.0,1.2386765480041504,0.7241734862327576,0.36033761501312256
Social Science Research Assistants,19-4061.00,20.0,0.5947410464286804,0.6251136660575867,0.23042555153369904
City and Regional Planning Aides,19-4061.01,14.0,0.11323857307434082,0.3319474160671234,0.14739124476909637
"Environmental Science and Protection Technicians, Including Health",19-4091.00,38.0,0.4648321270942688,0.8379307985305786,0.325522780418396
Forensic Science Technicians,19-4092.00,29.0,0.5009971857070923,0.3876957297325134,0.1627170890569687
Forest and Conservation Technicians,19-4093.00,27.0,0.2919970750808716,0.7942586541175842,0.44567030668258667
Quality Control Analysts,19-4099.01,25.0,0.3410918414592743,0.4060193598270416,0.18147800862789154
Precision Agriculture Technicians,19-4099.02,41.0,1.2746939659118652,0.7458475828170776,0.2482946217060089
Remote Sensing Technicians,19-4099.03,30.0,0.8620266318321228,0.5909395813941956,0.5180727243423462
Substance Abuse and Behavioral Disorder Counselors,21-1011.00,25.0,0.48686888813972473,0.3389921188354492,0.09966088831424713
"Educational, Guidance, School, and Vocational Counselors",21-1012.00,45.0,0.2540179491043091,0.19509771466255188,0.06757856905460358
Marriage and Family Therapists,21-1013.00,18.0,0.3319881856441498,0.21295903623104095,0.06864439696073532
Mental Health Counselors,21-1014.00,33.0,0.20784972608089447,0.27317240834236145,0.10652115941047668
Rehabilitation Counselors,21-1015.00,26.0,0.3474338948726654,0.264460027217865,0.09980127960443497
"Child, Family, and School Social Workers",21-1021.00,30.0,0.3945156931877136,0.2173156887292862,0.061983462423086166
Healthcare Social Workers,21-1022.00,19.0,0.7015565633773804,0.3302972912788391,0.16443823277950287
Mental Health and Substance Abuse Social Workers,21-1023.00,20.0,0.1890939325094223,0.2899990677833557,0.12207454442977905
Health Educators,21-1091.00,20.0,0.23407620191574097,0.22060443460941315,0.12610593438148499
Probation Officers and Correctional Treatment Specialists,21-1092.00,27.0,0.2009042203426361,0.16355569660663605,0.07388507574796677
Social and Human Service Assistants,21-1093.00,22.0,0.06551852822303772,0.07121662050485611,0.07360510528087616
Community Health Workers,21-1094.00,37.0,0.2673685848712921,0.19583618640899658,0.05673173442482948
Clergy,21-2011.00,20.0,0.07566919177770615,0.17802228033542633,0.02583896741271019
"Directors, Religious Activities and Education",21-2021.00,26.0,0.44108691811561584,0.229557067155838,0.0807679146528244
Lawyers,23-1011.00,39.0,0.29873380064964294,0.23116086423397064,0.04355674982070923
Judicial Law Clerks,23-1012.00,19.0,0.0094624487683177,0.12844453752040863,0.04337590932846069
"Administrative Law Judges, Adjudicators, and Hearing Officers",23-1021.00,18.0,1.3641971349716187,0.7280555963516235,0.2620753347873688
"Arbitrators, Mediators, and Conciliators",23-1022.00,26.0,0.6129454970359802,0.4702351987361908,0.15348300337791443
"Judges, Magistrate Judges, and Magistrates",23-1023.00,24.0,0.2743324637413025,0.3317335546016693,0.07595236599445343
Paralegals and Legal Assistants,23-2011.00,17.0,0.6244838833808899,0.3648524880409241,0.09679699689149857
Court Reporters,23-2091.00,13.0,0.011351263150572777,0.20740589499473572,0.03185693174600601
"Title Examiners, Abstractors, and Searchers",23-2093.00,31.0,0.05714057385921478,0.13403813540935516,0.01917733997106552
"Business Teachers, Postsecondary",25-1011.00,21.0,0.12012965977191925,0.13278722763061523,0.03429034724831581
"Computer Science Teachers, Postsecondary",25-1021.00,20.0,0.0,0.11384261399507523,0.06442191451787949
"Mathematical Science Teachers, Postsecondary",25-1022.00,18.0,0.0,0.10170244425535202,0.02213965356349945
"Architecture Teachers, Postsecondary",25-1031.00,18.0,0.0,0.09815634787082672,0.020212538540363312
"Engineering Teachers, Postsecondary",25-1032.00,18.0,0.0,0.09792985767126083,0.020529557019472122
"Agricultural Sciences Teachers, Postsecondary",25-1041.00,19.0,0.0,0.09177935868501663,0.018965337425470352
"Biological Science Teachers, Postsecondary",25-1042.00,22.0,0.0,0.09971041232347488,0.025174258276820183
"Forestry and Conservation Science Teachers, Postsecondary",25-1043.00,20.0,0.0,0.08771844953298569,0.017592638731002808
"Atmospheric, Earth, Marine, and Space Sciences Teachers, Postsecondary",25-1051.00,22.0,0.041482113301754,0.22839631140232086,0.08910542726516724
"Chemistry Teachers, Postsecondary",25-1052.00,22.0,0.12314809113740921,0.1930438131093979,0.07743862271308899
"Environmental Science Teachers, Postsecondary",25-1053.00,19.0,0.0,0.0945480540394783,0.020136846229434013
"Physics Teachers, Postsecondary",25-1054.00,19.0,0.0,0.10245804488658905,0.0593172162771225
"Anthropology and Archeology Teachers, Postsecondary",25-1061.00,19.0,0.0,0.09475606679916382,0.019628213718533516
"Area, Ethnic, and Cultural Studies Teachers, Postsecondary",25-1062.00,20.0,0.017638742923736572,0.09798412024974823,0.03021959774196148
"Economics Teachers, Postsecondary",25-1063.00,18.0,0.0,0.10143674165010452,0.021421218290925026
"Geography Teachers, Postsecondary",25-1064.00,20.0,0.0,0.12095579504966736,0.018902702257037163
"Political Science Teachers, Postsecondary",25-1065.00,18.0,0.0,0.10051849484443665,0.021380146965384483
"Psychology Teachers, Postsecondary",25-1066.00,20.0,0.018153732642531395,0.10060249269008636,0.020203420892357826
"Sociology Teachers, Postsecondary",25-1067.00,18.0,0.0,0.09919416904449463,0.020725589245557785
"Health Specialties Teachers, Postsecondary",25-1071.00,18.0,0.0,0.10063096880912781,0.021386023610830307
"Nursing Instructors and Teachers, Postsecondary",25-1072.00,22.0,0.03654150292277336,0.1186610609292984,0.046980127692222595
"Education Teachers, Postsecondary",25-1081.00,20.0,0.0,0.1037491112947464,0.018538126721978188
"Library Science Teachers, Postsecondary",25-1082.00,20.0,0.00826018676161766,0.10651656240224838,0.03845689445734024
"Criminal Justice and Law Enforcement Teachers, Postsecondary",25-1111.00,18.0,0.0,0.10121303051710129,0.021467385813593864
"Law Teachers, Postsecondary",25-1112.00,19.0,0.0,0.10221568495035172,0.019678175449371338
"Social Work Teachers, Postsecondary",25-1113.00,18.0,0.0,0.09798358380794525,0.02001252770423889
"Art, Drama, and Music Teachers, Postsecondary",25-1121.00,23.0,0.0,0.11668862402439117,0.01664733700454235
"Communications Teachers, Postsecondary",25-1122.00,18.0,0.0,0.09981086850166321,0.02111692912876606
"English Language and Literature Teachers, Postsecondary",25-1123.00,25.0,0.0,0.08712486177682877,0.022969862446188927
"Foreign Language and Literature Teachers, Postsecondary",25-1124.00,21.0,0.021039074286818504,0.09296431392431259,0.019716322422027588
"History Teachers, Postsecondary",25-1125.00,21.0,0.011470562778413296,0.09815216809511185,0.04745814949274063
"Philosophy and Religion Teachers, Postsecondary",25-1126.00,19.0,0.0,0.09612489491701126,0.02033941075205803
Graduate Teaching Assistants,25-1191.00,21.0,0.015049148350954056,0.05041300132870674,0.04138459637761116
"Home Economics Teachers, Postsecondary",25-1192.00,18.0,0.0,0.1004314050078392,0.021509571000933647
"Recreation and Fitness Studies Teachers, Postsecondary",25-1193.00,19.0,0.0,0.10081727057695389,0.02097333036363125
"Vocational Education Teachers, Postsecondary",25-1194.00,26.0,0.6205979585647583,0.4726351797580719,0.5074948668479919
"Preschool Teachers, Except Special Education",25-2011.00,45.0,0.34885507822036743,0.2984205484390259,0.32984283566474915
"Kindergarten Teachers, Except Special Education",25-2012.00,50.0,0.3404713571071625,0.3377086818218231,0.23577217757701874
"Elementary School Teachers, Except Special Education",25-2021.00,46.0,0.3377668857574463,0.33362963795661926,0.10276584327220917
"Middle School Teachers, Except Special and Career/Technical Education",25-2022.00,41.0,0.3565845489501953,0.2852379083633423,0.10213210433721542
"Career/Technical Education Teachers, Middle School",25-2023.00,39.0,0.2885061800479889,0.2701336145401001,0.12326321750879288
"Secondary School Teachers, Except Special and Career/Technical Education",25-2031.00,39.0,0.36868032813072205,0.2875382602214813,0.10280235856771469
"Career/Technical Education Teachers, Secondary School",25-2032.00,37.0,0.3185301423072815,0.2569372057914734,0.09328147768974304
"Special Education Teachers, Kindergarten and Elementary School",25-2052.00,51.0,0.2994527518749237,0.29402539134025574,0.1974356323480606
"Special Education Teachers, Middle School",25-2053.00,46.0,0.4244053363800049,0.3240208327770233,0.20857174694538116
"Special Education Teachers, Secondary School",25-2054.00,47.0,0.40994298458099365,0.31045395135879517,0.20780347287654877
Adapted Physical Education Specialists,25-2059.01,25.0,0.4280056655406952,0.27140164375305176,0.11251073330640793
Adult Basic and Secondary Education and Literacy Teachers and Instructors,25-3011.00,51.0,0.37694215774536133,0.26924780011177063,0.13718606531620026
Self-Enrichment Education Teachers,25-3021.00,43.0,0.3697804808616638,0.2885599434375763,0.09913268685340881
Tutors,25-3099.02,30.0,0.4924299716949463,0.34944355487823486,0.34038013219833374
Archivists,25-4011.00,19.0,0.13693711161613464,0.1453072726726532,0.12778541445732117
Curators,25-4012.00,25.0,0.30878204107284546,0.17655545473098755,0.033924564719200134
Museum Technicians and Conservators,25-4013.00,38.0,0.32100558280944824,0.26577281951904297,0.14742062985897064
Librarians,25-4021.00,43.0,0.24901507794857025,0.20689542591571808,0.1293296217918396
Library Technicians,25-4031.00,40.0,0.08038515597581863,0.1869756579399109,0.09495971351861954
Audio-Visual and Multimedia Collections Specialists,25-9011.00,23.0,0.162803515791893,0.480042040348053,0.5045787692070007
Farm and Home Management Advisors,25-9021.00,16.0,0.6961605548858643,0.5541819930076599,0.19257155060768127
Instructional Coordinators,25-9031.00,32.0,0.22843621671199799,0.16516846418380737,0.143671452999115
Instructional Designers and Technologists,25-9031.01,26.0,0.46655428409576416,0.31193026900291443,0.07074268162250519
Teacher Assistants,25-9041.00,39.0,0.10743318498134613,0.20748603343963623,0.20199792087078094
Art Directors,27-1011.00,23.0,0.46088096499443054,0.5338334441184998,0.13756737112998962
Craft Artists,27-1012.00,14.0,0.2757412791252136,0.32432085275650024,0.11354971677064896
"Fine Artists, Including Painters, Sculptors, and Illustrators",27-1013.00,47.0,0.39766570925712585,0.4654412269592285,0.23055769503116608
Multimedia Artists and Animators,27-1014.00,20.0,0.39243102073669434,0.6211221218109131,0.33714747428894043
Commercial and Industrial Designers,27-1021.00,24.0,0.7651846408843994,0.6470617651939392,0.21013112366199493
Fashion Designers,27-1022.00,30.0,0.37637951970100403,0.31402918696403503,0.2484782487154007
Floral Designers,27-1023.00,17.0,0.2294691950082779,0.17045079171657562,0.031378213316202164
Graphic Designers,27-1024.00,25.0,1.0535492897033691,0.9210144877433777,0.5522294640541077
Interior Designers,27-1025.00,18.0,0.44282960891723633,0.27372273802757263,0.07928335666656494
Merchandise Displayers and Window Trimmers,27-1026.00,31.0,0.4579557478427887,0.4204361140727997,0.31202924251556396
Set and Exhibit Designers,27-1027.00,33.0,0.24946558475494385,0.3188203275203705,0.37756985425949097
Actors,27-2011.00,24.0,0.11592546105384827,0.11716105788946152,0.15904991328716278
Producers,27-2012.01,29.0,0.3886041045188904,0.3167967200279236,0.12585444748401642
"Directors- Stage, Motion Pictures, Television, and Radio",27-2012.02,31.0,0.3357614576816559,0.2952752709388733,0.11210333555936813
Program Directors,27-2012.03,31.0,0.2911914587020874,0.2934327721595764,0.099055215716362
Talent Directors,27-2012.04,19.0,0.5855470895767212,0.30305805802345276,0.1166461929678917
Technical Directors/Managers,27-2012.05,19.0,0.31198400259017944,0.6739227175712585,0.4652065634727478
Athletes and Sports Competitors,27-2021.00,15.0,0.47913599014282227,0.3460162580013275,0.17917971312999725
Coaches and Scouts,27-2022.00,37.0,0.37794509530067444,0.38516291975975037,0.6959595680236816
"Umpires, Referees, and Other Sports Officials",27-2023.00,26.0,0.28287312388420105,0.20355571806430817,0.21092145144939423
Dancers,27-2031.00,13.0,0.09719522297382355,0.11924897134304047,0.07106831669807434
Choreographers,27-2032.00,29.0,0.18963803350925446,0.21026511490345,0.14929555356502533
Music Directors,27-2041.01,26.0,0.08596859127283096,0.15920647978782654,0.013355543836951256
Music Composers and Arrangers,27-2041.04,32.0,0.4230285882949829,0.29255568981170654,0.09993469715118408
Singers,27-2042.01,16.0,0.21687005460262299,0.23978233337402344,0.1097436174750328
"Musicians, Instrumental",27-2042.02,16.0,0.3215014338493347,0.20489229261875153,0.11268089711666107
Radio and Television Announcers,27-3011.00,34.0,0.22013282775878906,0.3236612379550934,0.1705000102519989
Public Address System and Other Announcers,27-3012.00,19.0,0.02044673264026642,0.15579792857170105,0.06212325766682625
Broadcast News Analysts,27-3021.00,13.0,0.06423214823007584,0.14338862895965576,0.02601046860218048
Reporters and Correspondents,27-3022.00,39.0,0.1070336177945137,0.18006891012191772,0.07593727856874466
Public Relations Specialists,27-3031.00,27.0,0.21432878077030182,0.2646392285823822,0.09020566940307617
Editors,27-3041.00,31.0,0.25149762630462646,0.17552481591701508,0.11222534626722336
Technical Writers,27-3042.00,22.0,0.5235525965690613,0.3485255539417267,0.1245250478386879
Copy Writers,27-3043.04,17.0,0.40437421202659607,0.24883967638015747,0.051063720136880875
"Poets, Lyricists and Creative Writers",27-3043.05,24.0,0.017642110586166382,0.06773736327886581,0.025440763682127
Interpreters and Translators,27-3091.00,24.0,0.01790723390877247,0.07153018563985825,0.008038870990276337
Audio and Video Equipment Technicians,27-4011.00,36.0,0.30936312675476074,0.7128006815910339,0.5988472104072571
Broadcast Technicians,27-4012.00,46.0,0.6151120662689209,1.1471182107925415,0.9121303558349609
Radio Operators,27-4013.00,25.0,0.663501501083374,0.9596818685531616,1.1756659746170044
Sound Engineering Technicians,27-4014.00,19.0,0.643683910369873,2.1404800415039062,0.5730783939361572
Photographers,27-4021.00,38.0,0.808655321598053,0.7576620578765869,0.9337747693061829
"Camera Operators, Television, Video, and Motion Picture",27-4031.00,42.0,0.5268393158912659,0.7667280435562134,0.575743556022644
Film and Video Editors,27-4032.00,36.0,0.22658737003803253,0.41290950775146484,0.37273135781288147
Chiropractors,29-1011.00,16.0,0.29759612679481506,0.13994449377059937,0.1719730943441391
"Dentists, General",29-1021.00,28.0,0.3951731026172638,0.30110716819763184,0.1398489773273468
Oral and Maxillofacial Surgeons,29-1022.00,14.0,0.2596814036369324,0.34481143951416016,1.1240392923355103
Orthodontists,29-1023.00,14.0,0.23368629813194275,0.17607957124710083,0.2678818106651306
Prosthodontists,29-1024.00,18.0,0.670804500579834,1.738121509552002,0.471210777759552
Dietitians and Nutritionists,29-1031.00,29.0,0.39472392201423645,0.30407804250717163,0.1460428088903427
Optometrists,29-1041.00,14.0,1.077344536781311,0.4913909137248993,0.5401970744132996
Pharmacists,29-1051.00,29.0,0.16598263382911682,0.2975919246673584,0.10613598674535751
Anesthesiologists,29-1061.00,29.0,0.4545407295227051,0.7485670447349548,0.12964746356010437
Family and General Practitioners,29-1062.00,24.0,0.24566151201725006,0.17042693495750427,0.09083719551563263
"Internists, General",29-1063.00,26.0,0.28949883580207825,0.20387963950634003,0.10378918796777725
Obstetricians and Gynecologists,29-1064.00,21.0,0.28171077370643616,0.19135825335979462,0.0960785299539566
"Pediatricians, General",29-1065.00,27.0,0.31870386004447937,0.4597701132297516,0.12364096939563751
Psychiatrists,29-1066.00,16.0,0.30016762018203735,0.21342849731445312,0.0438033752143383
Surgeons,29-1067.00,18.0,0.6162903904914856,0.5194555521011353,0.1700141429901123
Allergists and Immunologists,29-1069.01,13.0,0.2529688775539398,0.21176724135875702,0.08343883603811264
Dermatologists,29-1069.02,17.0,0.6252865195274353,0.28936538100242615,0.1259593516588211
Hospitalists,29-1069.03,10.0,0.08512045443058014,0.08303997665643692,0.0688040629029274
Neurologists,29-1069.04,25.0,0.3554275333881378,0.21476632356643677,0.049214672297239304
Nuclear Medicine Physicians,29-1069.05,25.0,0.5369855761528015,0.3714328706264496,0.22632627189159393
Ophthalmologists,29-1069.06,16.0,0.21585847437381744,0.3557144105434418,0.051299840211868286
Pathologists,29-1069.07,24.0,0.9270446300506592,0.34704646468162537,0.07048758864402771
Physical Medicine and Rehabilitation Physicians,29-1069.08,16.0,0.34471121430397034,0.20597541332244873,0.10144371539354324
Preventive Medicine Physicians,29-1069.09,13.0,0.3833281695842743,0.4823727607727051,0.06613600254058838
Radiologists,29-1069.10,33.0,0.3320198953151703,0.34299561381340027,0.11612303555011749
Sports Medicine Physicians,29-1069.11,25.0,0.2353198230266571,0.25997158885002136,0.07312258332967758
Urologists,29-1069.12,16.0,0.5974327921867371,0.3120601177215576,0.13773003220558167
Physician Assistants,29-1071.00,13.0,0.18435849249362946,1.0328662395477295,0.09463392943143845
Anesthesiologist Assistants,29-1071.01,9.0,0.2650410532951355,0.37531885504722595,0.33627042174339294
Podiatrists,29-1081.00,15.0,0.24892152845859528,0.10277486592531204,0.05627850443124771
Occupational Therapists,29-1122.00,19.0,1.1509432792663574,0.7107517719268799,0.22910845279693604
"Low Vision Therapists, Orientation and Mobility Specialists, and Vision Rehabilitation Therapists",29-1122.01,24.0,0.39642465114593506,0.39722752571105957,0.3193654716014862
Physical Therapists,29-1123.00,39.0,0.8116994500160217,0.4732743501663208,0.25311434268951416
Radiation Therapists,29-1124.00,24.0,0.22447578608989716,0.24797233939170837,0.28664129972457886
Recreational Therapists,29-1125.00,19.0,0.5068100690841675,0.39745867252349854,0.09384975582361221
Art Therapists,29-1125.01,31.0,0.4398375153541565,0.30754876136779785,0.1238732635974884
Music Therapists,29-1125.02,36.0,0.3902199864387512,0.2708844542503357,0.10411526262760162
Respiratory Therapists,29-1126.00,36.0,0.41241830587387085,0.46014726161956787,0.5252893567085266
Speech-Language Pathologists,29-1127.00,34.0,0.18725773692131042,0.25743648409843445,0.112213134765625
Exercise Physiologists,29-1128.00,26.0,0.3897453248500824,0.2362767457962036,0.07023023813962936
Veterinarians,29-1131.00,29.0,0.6452776193618774,0.5135274529457092,0.421672523021698
Registered Nurses,29-1141.00,30.0,0.45803380012512207,0.3274899125099182,0.10214261710643768
Acute Care Nurses,29-1141.01,27.0,0.41798198223114014,0.48557499051094055,0.19549620151519775
Advanced Practice Psychiatric Nurses,29-1141.02,19.0,0.7713703513145447,0.43424084782600403,0.10506615042686462
Critical Care Nurses,29-1141.03,33.0,1.1837884187698364,0.5461012125015259,0.19875532388687134
Clinical Nurse Specialists,29-1141.04,34.0,0.39923641085624695,0.28955674171447754,0.1419452428817749
Nurse Anesthetists,29-1151.00,30.0,0.3777378797531128,0.5597821474075317,0.31041842699050903
Nurse Midwives,29-1161.00,26.0,0.43240994215011597,0.3024384081363678,0.23059338331222534
Nurse Practitioners,29-1171.00,34.0,0.1700422763824463,0.24884256720542908,0.05938863009214401
Audiologists,29-1181.00,25.0,0.6413676738739014,0.6113836765289307,0.22817614674568176
Acupuncturists,29-1199.01,25.0,0.4595017731189728,0.24039168655872345,0.15672694146633148
Naturopathic Physicians,29-1199.04,24.0,0.15663489699363708,0.10250458866357803,0.0194493867456913
Orthoptists,29-1199.05,11.0,0.18124951422214508,0.36998796463012695,0.10666386038064957
Medical and Clinical Laboratory Technologists,29-2011.00,16.0,1.1864029169082642,0.6934297680854797,0.3096395432949066
Cytogenetic Technologists,29-2011.01,42.0,0.8820868134498596,0.5365655422210693,0.28136494755744934
Cytotechnologists,29-2011.02,23.0,1.1187642812728882,0.5684628486633301,0.25911563634872437
Histotechnologists and Histologic Technicians,29-2011.03,14.0,0.7098240256309509,0.6174333691596985,0.5921570062637329
Medical and Clinical Laboratory Technicians,29-2012.00,21.0,0.9860648512840271,0.9116827845573425,0.2214346081018448
Dental Hygienists,29-2021.00,23.0,0.49842625856399536,0.3346208930015564,0.4964829683303833
Cardiovascular Technologists and Technicians,29-2031.00,48.0,0.3675197958946228,0.5373961925506592,0.5367577075958252
Diagnostic Medical Sonographers,29-2032.00,39.0,0.1757587343454361,1.138405442237854,0.4182032644748688
Nuclear Medicine Technologists,29-2033.00,19.0,0.31738612055778503,0.3681780993938446,0.18875357508659363
Radiologic Technologists,29-2034.00,40.0,0.5232619643211365,0.7035970687866211,0.7363056540489197
Magnetic Resonance Imaging Technologists,29-2035.00,34.0,0.6629071235656738,0.5665571689605713,0.39275023341178894
Emergency Medical Technicians and Paramedics,29-2041.00,22.0,0.29887986183166504,0.36627575755119324,0.32042017579078674
Dietetic Technicians,29-2051.00,19.0,0.14179527759552002,0.24361784756183624,0.08820255845785141
Pharmacy Technicians,29-2052.00,35.0,0.08420458436012268,0.2406589239835739,0.1621614545583725
Psychiatric Technicians,29-2053.00,26.0,0.0911581814289093,0.09958960115909576,0.10413353145122528
Respiratory Therapy Technicians,29-2054.00,24.0,0.4256094992160797,0.3898744583129883,0.15783369541168213
Surgical Technologists,29-2055.00,24.0,0.1713341772556305,0.30814871191978455,0.4184471368789673
Veterinary Technologists and Technicians,29-2056.00,36.0,0.3571842610836029,0.4822644591331482,0.5454608201980591
Ophthalmic Medical Technicians,29-2057.00,20.0,0.3877454698085785,0.6468614935874939,0.7374695539474487
Licensed Practical and Licensed Vocational Nurses,29-2061.00,33.0,0.21394656598567963,0.397012323141098,0.8052014112472534
Medical Records and Health Information Technicians,29-2071.00,23.0,0.31439679861068726,0.3298450708389282,0.19940319657325745
"Opticians, Dispensing",29-2081.00,31.0,0.29611316323280334,0.460163414478302,0.8868615627288818
Orthotists and Prosthetists,29-2091.00,20.0,0.643295168876648,0.3526797890663147,0.16078896820545197
Hearing Aid Specialists,29-2092.00,9.0,0.1558319628238678,0.21955423057079315,0.04821917042136192
Neurodiagnostic Technologists,29-2099.01,22.0,0.47033974528312683,0.49986574053764343,0.34313666820526123
Ophthalmic Medical Technologists,29-2099.05,27.0,0.5676013827323914,0.5679688453674316,0.3595576882362366
Radiologic Technicians,29-2099.06,31.0,0.4208039343357086,0.6956421136856079,0.7225853204727173
Surgical Assistants,29-2099.07,31.0,0.35236427187919617,0.39476945996284485,0.939776599407196
Occupational Health and Safety Specialists,29-9011.00,29.0,0.47605884075164795,0.34057286381721497,0.25819602608680725
Occupational Health and Safety Technicians,29-9012.00,35.0,0.37729281187057495,0.31625065207481384,0.2816782593727112
Athletic Trainers,29-9091.00,27.0,0.21176211535930634,0.1985078603029251,0.15640883147716522
Genetic Counselors,29-9092.00,24.0,0.20350466668605804,0.297299325466156,0.08834179490804672
Midwives,29-9099.01,40.0,0.5472316145896912,0.3467104136943817,0.1152266263961792
Home Health Aides,31-1011.00,16.0,0.09844270348548889,0.13195039331912994,0.2438032478094101
Psychiatric Aides,31-1013.00,25.0,0.43226000666618347,0.29233160614967346,0.12328765541315079
Nursing Assistants,31-1014.00,45.0,0.3390219509601593,0.3029205799102783,0.3475463092327118
Orderlies,31-1015.00,29.0,0.13629589974880219,0.28440919518470764,0.5870926380157471
Occupational Therapy Assistants,31-2011.00,30.0,0.2995980978012085,0.30088892579078674,0.13307741284370422
Occupational Therapy Aides,31-2012.00,29.0,0.2347712516784668,0.2826822102069855,0.13439792394638062
Physical Therapist Assistants,31-2021.00,26.0,0.35320526361465454,0.36482563614845276,0.3453677296638489
Physical Therapist Aides,31-2022.00,32.0,0.2767978012561798,0.24178546667099,0.3581806719303131
Massage Therapists,31-9011.00,12.0,0.13706688582897186,0.1048227921128273,0.02513732574880123
Dental Assistants,31-9091.00,22.0,0.14745363593101501,0.4525800943374634,0.4192568361759186
Medical Assistants,31-9092.00,30.0,0.14847631752490997,0.283525675535202,0.14938414096832275
Medical Equipment Preparers,31-9093.00,27.0,0.4788367748260498,0.5051587820053101,1.7818108797073364
Medical Transcriptionists,31-9094.00,20.0,0.25991082191467285,0.5334539413452148,0.24773681163787842
Pharmacy Aides,31-9095.00,27.0,0.1966075450181961,0.6039620041847229,0.41430726647377014
Veterinary Assistants and Laboratory Animal Caretakers,31-9096.00,37.0,0.7329150438308716,0.6666938662528992,0.5438587665557861
Phlebotomists,31-9097.00,25.0,0.10527870059013367,0.26050108671188354,1.1636452674865723
Speech-Language Pathology Assistants,31-9099.01,16.0,0.052472326904535294,0.22787541151046753,0.10845015197992325
Endoscopy Technicians,31-9099.02,12.0,0.0,0.19573959708213806,0.24076783657073975
First-Line Supervisors of Correctional Officers,33-1011.00,27.0,0.5693054795265198,0.5119550228118896,0.48545631766319275
First-Line Supervisors of Police and Detectives,33-1012.00,24.0,0.27640029788017273,0.2866169512271881,0.26082420349121094
Municipal Fire Fighting and Prevention Supervisors,33-1021.01,39.0,0.38331303000450134,0.324456125497818,0.13537487387657166
Forest Fire Fighting and Prevention Supervisors,33-1021.02,43.0,0.4374484419822693,0.36403486132621765,0.3109322488307953
Municipal Firefighters,33-2011.01,37.0,0.2204417586326599,0.36174750328063965,0.561659038066864
Forest Firefighters,33-2011.02,37.0,0.09497536718845367,0.2502921521663666,0.3537982404232025
Fire Inspectors,33-2021.01,33.0,0.35593512654304504,0.24904698133468628,0.30699649453163147
Fire Investigators,33-2021.02,21.0,1.0753200054168701,0.5535110831260681,0.16414427757263184
Forest Fire Inspectors and Prevention Specialists,33-2022.00,17.0,0.3120081126689911,0.11019846051931381,0.04260505363345146
Bailiffs,33-3011.00,23.0,0.026890642940998077,0.18206369876861572,0.1197136789560318
Correctional Officers and Jailers,33-3012.00,29.0,0.24511106312274933,0.5652389526367188,0.5258395671844482
Police Detectives,33-3021.01,55.0,0.33359864354133606,0.19402533769607544,0.11753090471029282
Police Identification and Records Officers,33-3021.02,11.0,0.5358784794807434,0.5681838989257812,0.1879306584596634
Criminal Investigators and Special Agents,33-3021.03,25.0,0.8955765962600708,0.9548372030258179,0.10545263439416885
Immigration and Customs Inspectors,33-3021.05,12.0,0.5956029891967773,0.3937777578830719,0.21276883780956268
Intelligence Analysts,33-3021.06,26.0,0.673601508140564,0.48059767484664917,0.24180275201797485
Fish and Game Wardens,33-3031.00,31.0,0.4612641930580139,0.6161997318267822,0.5554901361465454
Parking Enforcement Workers,33-3041.00,29.0,0.3327736556529999,0.38451120257377625,0.2697795033454895
Police Patrol Officers,33-3051.01,30.0,0.399018794298172,0.6236337423324585,0.10285171121358871
Sheriffs and Deputy Sheriffs,33-3051.03,30.0,0.14358213543891907,0.2616490423679352,0.4326416850090027
Transit and Railroad Police,33-3052.00,23.0,0.42126134037971497,0.235235333442688,0.16829298436641693
Animal Control Workers,33-9011.00,22.0,0.04812688007950783,0.23526588082313538,1.6203221082687378
Private Detectives and Investigators,33-9021.00,32.0,0.31733691692352295,0.25100916624069214,0.03035200946033001
Gaming Surveillance Officers and Gaming Investigators,33-9031.00,4.0,0.4664456248283386,0.5822069048881531,0.13157762587070465
Security Guards,33-9032.00,29.0,0.689501166343689,0.6563711166381836,0.9238097667694092
Crossing Guards,33-9091.00,17.0,0.1626618206501007,0.2279491424560547,0.09537166357040405
"Lifeguards, Ski Patrol, and Other Recreational Protective Service Workers",33-9092.00,16.0,0.4653397500514984,0.2133098542690277,0.4684068262577057
Transportation Security Screeners,33-9093.00,46.0,0.28059953451156616,0.4771352708339691,0.5066893696784973
Retail Loss Prevention Specialists,33-9099.02,19.0,0.5884129405021667,0.39903342723846436,0.26637643575668335
Chefs and Head Cooks,35-1011.00,24.0,0.5498685836791992,0.33355116844177246,0.13290517032146454
First-Line Supervisors of Food Preparation and Serving Workers,35-1012.00,42.0,0.24228808283805847,0.502076268196106,0.08519954234361649
"Cooks, Fast Food",35-2011.00,29.0,0.08803479373455048,0.2675904929637909,1.0702085494995117
"Cooks, Institution and Cafeteria",35-2012.00,15.0,0.4737567901611328,0.4322025775909424,0.4461047351360321
"Cooks, Private Household",35-2013.00,12.0,0.07249367982149124,0.13672421872615814,0.06373404711484909
"Cooks, Restaurant",35-2014.00,24.0,0.0,0.02714877761900425,0.03775946423411369
"Cooks, Short Order",35-2015.00,21.0,0.0719086304306984,0.12522996962070465,1.2620739936828613
Food Preparation Workers,35-2021.00,41.0,0.02590678073465824,0.130666121840477,0.7692703008651733
Bartenders,35-3011.00,27.0,0.09127961099147797,0.19619843363761902,1.0645688772201538
"Combined Food Preparation and Serving Workers, Including Fast Food",35-3021.00,27.0,0.09216200560331345,0.13428163528442383,0.09786798059940338
"Counter Attendants, Cafeteria, Food Concession, and Coffee Shop",35-3022.00,30.0,0.16414207220077515,0.19234144687652588,0.3158356547355652
Baristas,35-3022.01,16.0,0.034702226519584656,0.05377491936087608,0.05434438958764076
Waiters and Waitresses,35-3031.00,45.0,0.11195102334022522,0.23610316216945648,0.2666078507900238
"Food Servers, Nonrestaurant",35-3041.00,18.0,0.2315502017736435,0.3561665415763855,1.1966331005096436
Dining Room and Cafeteria Attendants and Bartender Helpers,35-9011.00,28.0,0.04447377473115921,0.2719886004924774,1.6928025484085083
Dishwashers,35-9021.00,14.0,0.05844973027706146,0.2778331935405731,2.0644943714141846
"Hosts and Hostesses, Restaurant, Lounge, and Coffee Shop",35-9031.00,27.0,0.14593486487865448,0.17194312810897827,0.19434352219104767
First-Line Supervisors of Housekeeping and Janitorial Workers,37-1011.00,36.0,0.4965039789676666,0.34275221824645996,0.18773607909679413
"First-Line Supervisors of Landscaping, Lawn Service, and Groundskeeping Workers",37-1012.00,45.0,0.32294797897338867,0.23162433505058289,0.16421867907047272
"Janitors and Cleaners, Except Maids and Housekeeping Cleaners",37-2011.00,30.0,0.2802579402923584,0.6006927490234375,2.8135204315185547
Maids and Housekeeping Cleaners,37-2012.00,40.0,0.08559346944093704,0.380357027053833,2.3024754524230957
Pest Control Workers,37-2021.00,28.0,1.078507661819458,1.3271090984344482,1.7130329608917236
Landscaping and Groundskeeping Workers,37-3011.00,40.0,0.12773089110851288,0.29164963960647583,0.6707568764686584
"Pesticide Handlers, Sprayers, and Applicators, Vegetation",37-3012.00,15.0,0.6732421517372131,0.6004370450973511,0.602146565914154
Tree Trimmers and Pruners,37-3013.00,40.0,0.33363381028175354,0.3525833189487457,0.9593385457992554
Gaming Supervisors,39-1011.00,24.0,0.3134952783584595,0.3902517259120941,0.17386853694915771
Slot Supervisors,39-1012.00,22.0,0.08110789209604263,0.5861314535140991,0.14004431664943695
First-Line Supervisors of Personal Service Workers,39-1021.00,20.0,0.104802705347538,0.12036116421222687,0.0691610798239708
Spa Managers,39-1021.01,24.0,0.27028724551200867,0.33422911167144775,0.10660463571548462
Animal Trainers,39-2011.00,23.0,0.5331481099128723,0.265085369348526,0.24088913202285767
Nonfarm Animal Caretakers,39-2021.00,28.0,0.014829401858150959,0.19276772439479828,0.4488674998283386
Gaming Dealers,39-3011.00,24.0,0.2998161315917969,0.2896561324596405,0.25359225273132324
Gaming and Sports Book Writers and Runners,39-3012.00,32.0,0.03722427040338516,0.12980365753173828,0.1025473028421402
Motion Picture Projectionists,39-3021.00,37.0,0.49530553817749023,0.585067629814148,1.6807301044464111
"Ushers, Lobby Attendants, and Ticket Takers",39-3031.00,32.0,0.19125381112098694,0.3968784213066101,0.9321074485778809
Amusement and Recreation Attendants,39-3091.00,28.0,0.46015509963035583,0.8422216176986694,1.290069341659546
Costume Attendants,39-3092.00,29.0,0.6235467791557312,0.7196812629699707,0.3882077634334564
"Locker Room, Coatroom, and Dressing Room Attendants",39-3093.00,26.0,0.21305930614471436,0.5814178586006165,2.7581052780151367
Embalmers,39-4011.00,33.0,0.17453168332576752,0.28711241483688354,0.34366968274116516
Funeral Attendants,39-4021.00,27.0,0.0678597167134285,0.4778226613998413,1.0624343156814575
"Morticians, Undertakers, and Funeral Directors",39-4031.00,22.0,0.0,0.14113980531692505,0.09734214842319489
Barbers,39-5011.00,20.0,0.055365536361932755,0.0634148046374321,0.053644806146621704
"Hairdressers, Hairstylists, and Cosmetologists",39-5012.00,37.0,0.1410776823759079,0.21044820547103882,0.49945753812789917
"Makeup Artists, Theatrical and Performance",39-5091.00,36.0,0.5620316863059998,0.4187352955341339,0.3669198453426361
Manicurists and Pedicurists,39-5092.00,27.0,0.09036833792924881,0.1596393883228302,0.28407585620880127
Shampooers,39-5093.00,6.0,0.05269284546375275,0.060600169003009796,0.01703154668211937
Skincare Specialists,39-5094.00,19.0,0.5282440185546875,0.2922864258289337,0.6992040276527405
Baggage Porters and Bellhops,39-6011.00,22.0,0.2079959511756897,0.3079734444618225,0.6211918592453003
Concierges,39-6012.00,15.0,0.06984371691942215,1.0539835691452026,1.5107536315917969
Tour Guides and Escorts,39-7011.00,22.0,0.17249402403831482,0.3969251811504364,0.5831228494644165
Travel Guides,39-7012.00,26.0,0.1699444204568863,0.2309046983718872,0.11594755947589874
Childcare Workers,39-9011.00,31.0,0.44860386848449707,0.7135441303253174,0.7804864048957825
Nannies,39-9011.01,28.0,0.0779726430773735,0.11850106716156006,0.06636540591716766
Personal Care Aides,39-9021.00,14.0,0.08933469653129578,0.12316489964723587,0.021279815584421158
Fitness Trainers and Aerobics Instructors,39-9031.00,33.0,0.14480102062225342,0.1770775318145752,0.1850188970565796
Recreation Workers,39-9032.00,32.0,0.15489543974399567,0.2954676151275635,0.1122695654630661
Residential Advisors,39-9041.00,31.0,0.1880722939968109,0.2342163771390915,0.14647838473320007
First-Line Supervisors of Retail Sales Workers,41-1011.00,34.0,0.4560459852218628,0.31412845849990845,0.16885274648666382
First-Line Supervisors of Non-Retail Sales Workers,41-1012.00,30.0,0.40373730659484863,0.31830593943595886,0.13011018931865692
Cashiers,41-2011.00,33.0,0.38596874475479126,1.0131864547729492,0.2931835353374481
Gaming Change Persons and Booth Cashiers,41-2012.00,18.0,0.23885264992713928,0.1934853345155716,0.11101823300123215
Counter and Rental Clerks,41-2021.00,20.0,0.05768761783838272,0.12442831695079803,0.04049909859895706
Parts Salespersons,41-2022.00,25.0,0.17258718609809875,0.3140365779399872,0.09937500208616257
Retail Salespersons,41-2031.00,32.0,0.08551564067602158,0.15604452788829803,0.7329816222190857
Advertising Sales Agents,41-3011.00,30.0,0.15698768198490143,0.182842418551445,0.06122199445962906
Insurance Sales Agents,41-3021.00,39.0,0.2936991751194,0.2269323617219925,0.03946990892291069
"Sales Agents, Securities and Commodities",41-3031.01,35.0,0.4952488839626312,0.2959582805633545,0.06624174118041992
"Sales Agents, Financial Services",41-3031.02,17.0,0.4739248752593994,0.27031058073043823,0.09399097412824631
Securities and Commodities Traders,41-3031.03,30.0,0.3649834096431732,0.27712035179138184,0.07851249724626541
Travel Agents,41-3041.00,11.0,0.3538506031036377,0.2254771739244461,0.29344069957733154
Energy Brokers,41-3099.01,16.0,0.20122332870960236,0.39254990220069885,0.11448829621076584
"Sales Representatives, Wholesale and Manufacturing, Technical and Scientific Products",41-4011.00,44.0,0.24281874299049377,0.250970721244812,0.05687464028596878
Solar Sales Representatives and Assessors,41-4011.07,15.0,0.30000779032707214,0.23164582252502441,0.05109167471528053
"Sales Representatives, Wholesale and Manufacturing, Except Technical and Scientific Products",41-4012.00,27.0,0.09291835874319077,0.12126979231834412,0.0585353709757328
Demonstrators and Product Promoters,41-9011.00,34.0,0.03281048312783241,0.08963997662067413,0.06370363384485245
Models,41-9012.00,26.0,0.05750390887260437,0.2397853285074234,0.18205291032791138
Real Estate Brokers,41-9021.00,20.0,0.3678145110607147,0.6086273789405823,0.36902737617492676
Real Estate Sales Agents,41-9022.00,43.0,0.2843225300312042,0.1928793489933014,0.06048260256648064
Sales Engineers,41-9031.00,33.0,0.36877408623695374,0.24758179485797882,0.05391494929790497
Telemarketers,41-9041.00,22.0,0.015920206904411316,0.11504002660512924,0.01094083022326231
"Door-To-Door Sales Workers, News and Street Vendors, and Related Workers",41-9091.00,17.0,0.13572990894317627,0.36749720573425293,0.0898977667093277
First-Line Supervisors of Office and Administrative Support Workers,43-1011.00,36.0,0.2772783637046814,0.21546214818954468,0.08163809031248093
"Switchboard Operators, Including Answering Service",43-2011.00,31.0,0.2945452034473419,0.7769483923912048,0.5815759897232056
Telephone Operators,43-2021.00,24.0,0.3458806574344635,0.45824217796325684,0.30852067470550537
Bill and Account Collectors,43-3011.00,23.0,0.12184056639671326,0.12075559049844742,0.03680108115077019
Statement Clerks,43-3021.01,25.0,0.21007640659809113,0.3024337887763977,0.24434038996696472
"Billing, Cost, and Rate Clerks",43-3021.02,28.0,0.295867919921875,0.14412057399749756,0.03228931874036789
"Bookkeeping, Accounting, and Auditing Clerks",43-3031.00,39.0,0.15194109082221985,0.4041891098022461,0.21636579930782318
Gaming Cage Workers,43-3041.00,17.0,0.3494110107421875,0.24617746472358704,0.08043908327817917
Payroll and Timekeeping Clerks,43-3051.00,28.0,0.06016546115279198,0.14527398347854614,0.035014741122722626
Procurement Clerks,43-3061.00,27.0,0.30276694893836975,0.22933900356292725,0.07205472886562347
Tellers,43-3071.00,46.0,0.2297545075416565,0.28439608216285706,0.12104979157447815
Brokerage Clerks,43-4011.00,21.0,0.22920164465904236,0.3619840145111084,0.2666773796081543
Correspondence Clerks,43-4021.00,33.0,0.04509943351149559,0.15149594843387604,0.021170256659388542
Court Clerks,43-4031.01,27.0,0.059082578867673874,0.20178698003292084,0.058709848672151566
Municipal Clerks,43-4031.02,21.0,0.14897789061069489,0.2958833873271942,0.13349246978759766
License Clerks,43-4031.03,28.0,0.11964424699544907,0.2904881238937378,0.49008867144584656
Credit Authorizers,43-4041.01,8.0,0.0,0.2003396451473236,0.016083452850580215
Credit Checkers,43-4041.02,11.0,0.21159805357456207,0.21630048751831055,0.10131682455539703
Customer Service Representatives,43-4051.00,32.0,0.6087293028831482,0.7074906826019287,0.1838284134864807
Patient Representatives,43-4051.03,20.0,0.3157534897327423,0.21964657306671143,0.05951875075697899
"Eligibility Interviewers, Government Programs",43-4061.00,26.0,0.19814316928386688,0.15683691203594208,0.019071118906140327
File Clerks,43-4071.00,31.0,0.08830727636814117,0.25827404856681824,0.17968358099460602
"Hotel, Motel, and Resort Desk Clerks",43-4081.00,27.0,0.04599001258611679,0.14855659008026123,0.08284179121255875
"Interviewers, Except Eligibility and Loan",43-4111.00,29.0,0.20082229375839233,0.16737066209316254,0.028758006170392036
"Library Assistants, Clerical",43-4121.00,52.0,0.15653002262115479,0.30761396884918213,0.3646475672721863
Loan Interviewers and Clerks,43-4131.00,23.0,0.06518696993589401,0.13671594858169556,0.035283442586660385
New Accounts Clerks,43-4141.00,22.0,0.13804535567760468,0.23578335344791412,0.08896718919277191
Order Clerks,43-4151.00,29.0,0.07654303312301636,0.13096490502357483,0.03155221417546272
"Human Resources Assistants, Except Payroll and Timekeeping",43-4161.00,24.0,0.20822016894817352,0.6847570538520813,0.07126510143280029
Receptionists and Information Clerks,43-4171.00,29.0,0.4206579327583313,0.5279393792152405,0.27883151173591614
Reservation and Transportation Ticket Agents and Travel Clerks,43-4181.00,27.0,0.3819872736930847,0.24382837116718292,0.2161978781223297
Cargo and Freight Agents,43-5011.00,39.0,0.46648064255714417,0.34684887528419495,0.33261537551879883
Freight Forwarders,43-5011.01,27.0,0.46376892924308777,0.3461785614490509,0.11719443649053574
Couriers and Messengers,43-5021.00,25.0,0.13251665234565735,0.3253571093082428,0.6482390761375427
"Police, Fire, and Ambulance Dispatchers",43-5031.00,29.0,1.1717499494552612,1.2760183811187744,0.5335033535957336
"Dispatchers, Except Police, Fire, and Ambulance",43-5032.00,15.0,0.6132908463478088,0.3070683181285858,0.14306247234344482
"Meter Readers, Utilities",43-5041.00,17.0,0.11197847872972488,0.39233577251434326,0.7704995274543762
Postal Service Clerks,43-5051.00,31.0,0.01249389536678791,0.26990681886672974,0.0899730920791626
Postal Service Mail Carriers,43-5052.00,31.0,0.03180459141731262,0.06381939351558685,0.007951234467327595
"Postal Service Mail Sorters, Processors, and Processing Machine Operators",43-5053.00,24.0,0.14984582364559174,0.32020193338394165,0.98221755027771
"Production, Planning, and Expediting Clerks",43-5061.00,26.0,0.21980251371860504,0.5403178930282593,0.05364047735929489
"Shipping, Receiving, and Traffic Clerks",43-5071.00,16.0,0.6024975776672363,1.0654499530792236,0.23417975008487701
"Stock Clerks, Sales Floor",43-5081.01,14.0,0.04656133055686951,0.10397201031446457,0.061703767627477646
Marking Clerks,43-5081.02,15.0,0.04812026768922806,0.1327536255121231,0.09368530660867691
"Stock Clerks- Stockroom, Warehouse, or Storage Yard",43-5081.03,27.0,0.3890465199947357,0.33414381742477417,0.35842767357826233
"Order Fillers, Wholesale and Retail Sales",43-5081.04,8.0,0.04519636183977127,0.11111453920602798,0.15766504406929016
"Weighers, Measurers, Checkers, and Samplers, Recordkeeping",43-5111.00,29.0,0.44152751564979553,0.9522555470466614,0.5256989598274231
Executive Secretaries and Executive Administrative Assistants,43-6011.00,29.0,0.15495342016220093,0.3573057949542999,0.13586613535881042
Legal Secretaries,43-6012.00,16.0,0.16642342507839203,0.36299929022789,0.42313289642333984
Medical Secretaries,43-6013.00,24.0,0.07936805486679077,0.28362441062927246,0.2086213231086731
"Secretaries and Administrative Assistants, Except Legal, Medical, and Executive",43-6014.00,48.0,0.09865404665470123,0.3501775860786438,0.25188833475112915
Computer Operators,43-9011.00,29.0,0.468911349773407,0.6517325043678284,0.4848136603832245
Data Entry Keyers,43-9021.00,14.0,0.8477330803871155,0.4642229974269867,0.46112021803855896
Word Processors and Typists,43-9022.00,36.0,0.11195626854896545,0.2693229913711548,0.2809196412563324
Desktop Publishers,43-9031.00,27.0,0.4948093295097351,0.43714094161987305,0.1575978845357895
Insurance Claims Clerks,43-9041.01,13.0,0.1735478937625885,0.31021761894226074,0.09341800212860107
Insurance Policy Processing Clerks,43-9041.02,25.0,0.07288742065429688,0.6239474415779114,0.16855502128601074
"Mail Clerks and Mail Machine Operators, Except Postal Service",43-9051.00,47.0,0.7197157740592957,0.589858889579773,0.9146314263343811
"Office Clerks, General",43-9061.00,30.0,0.16427256166934967,0.4143832325935364,0.2478702962398529
"Office Machine Operators, Except Computer",43-9071.00,32.0,0.6484965085983276,0.673539936542511,0.8531917333602905
Proofreaders and Copy Markers,43-9081.00,18.0,0.7760521173477173,0.4716847538948059,0.2588096559047699
Statistical Assistants,43-9111.00,19.0,0.6511695981025696,0.4956399202346802,0.07221955806016922
Bioinformatics Technicians,43-9111.01,16.0,0.2734864056110382,0.39303821325302124,0.08398734778165817
First-Line Supervisors of Logging Workers,45-1011.05,18.0,0.8060612082481384,0.5615320205688477,0.32762232422828674
First-Line Supervisors of Aquacultural Workers,45-1011.06,21.0,0.8433099389076233,0.5027251243591309,0.5712685585021973
First-Line Supervisors of Agricultural Crop and Horticultural Workers,45-1011.07,31.0,0.9978637099266052,0.6198353171348572,0.47438350319862366
First-Line Supervisors of Animal Husbandry and Animal Care Workers,45-1011.08,27.0,0.9559617042541504,0.7437350153923035,0.5204862952232361
Agricultural Inspectors,45-2011.00,31.0,0.7933911681175232,0.6062536835670471,0.6086772084236145
Animal Breeders,45-2021.00,36.0,0.8472030758857727,0.8563337922096252,0.670687735080719
"Graders and Sorters, Agricultural Products",45-2041.00,9.0,0.5530669689178467,0.22992664575576782,0.3587944805622101
Agricultural Equipment Operators,45-2091.00,31.0,1.1877989768981934,1.5587137937545776,2.6488330364227295
Nursery Workers,45-2092.01,31.0,0.5463855266571045,0.5345554947853088,1.289327621459961
"Farmworkers and Laborers, Crop",45-2092.02,18.0,0.9042549133300781,1.094279408454895,1.5420788526535034
"Farmworkers, Farm, Ranch, and Aquacultural Animals",45-2093.00,27.0,0.4868892729282379,0.6918495893478394,2.745180606842041
Fishers and Related Fishing Workers,45-3011.00,43.0,0.2257264405488968,0.45917803049087524,0.8464515805244446
Hunters and Trappers,45-3021.00,32.0,0.2731853723526001,0.4313216805458069,0.28541597723960876
Forest and Conservation Workers,45-4011.00,36.0,0.2320050150156021,0.36582836508750916,0.5589480400085449
Fallers,45-4021.00,38.0,0.19325529038906097,0.3213644325733185,0.5655820369720459
Logging Equipment Operators,45-4022.00,19.0,0.8184096813201904,1.273132562637329,2.777616262435913
Log Graders and Scalers,45-4023.00,22.0,0.35837772488594055,0.7526301145553589,0.15249194204807281
First-Line Supervisors of Construction Trades and Extraction Workers,47-1011.00,19.0,0.5426658987998962,0.3615672290325165,0.20852026343345642
Solar Energy Installation Managers,47-1011.03,20.0,0.7700588703155518,0.3968042731285095,0.3325299918651581
Boilermakers,47-2011.00,30.0,0.19548538327217102,0.2968559265136719,1.2304322719573975
Brickmasons and Blockmasons,47-2021.00,26.0,0.1649925410747528,0.2787328362464905,1.4824286699295044
Stonemasons,47-2022.00,26.0,0.20494945347309113,0.49163851141929626,1.6323498487472534
Construction Carpenters,47-2031.01,33.0,0.6021398305892944,0.5218494534492493,1.008347988128662
Rough Carpenters,47-2031.02,27.0,0.6913027763366699,0.7083669900894165,0.73214191198349
Carpet Installers,47-2041.00,36.0,0.27691784501075745,0.4414719045162201,1.2787327766418457
"Floor Layers, Except Carpet, Wood, and Hard Tiles",47-2042.00,29.0,0.2817111909389496,0.33936411142349243,1.6192420721054077
Floor Sanders and Finishers,47-2043.00,7.0,0.718508243560791,0.35499170422554016,1.0880099534988403
Tile and Marble Setters,47-2044.00,38.0,0.26082643866539,0.5972992181777954,1.4660389423370361
Cement Masons and Concrete Finishers,47-2051.00,47.0,0.1971389800310135,0.3789873421192169,0.9855574369430542
Terrazzo Workers and Finishers,47-2053.00,47.0,0.1632131189107895,0.3127455413341522,0.5208954811096191
Construction Laborers,47-2061.00,41.0,0.44005081057548523,0.6011666059494019,1.0560628175735474
"Paving, Surfacing, and Tamping Equipment Operators",47-2071.00,44.0,0.5396714210510254,1.055576205253601,2.0172958374023438
Pile-Driver Operators,47-2072.00,10.0,0.533521294593811,1.1760220527648926,4.524400234222412
Operating Engineers and Other Construction Equipment Operators,47-2073.00,51.0,0.5884762406349182,1.0276727676391602,2.22225284576416
Drywall and Ceiling Tile Installers,47-2081.00,41.0,0.3882024586200714,0.4644033908843994,0.6809138655662537
Tapers,47-2082.00,24.0,0.25611186027526855,0.2490793764591217,0.30288395285606384
Electricians,47-2111.00,39.0,0.35726213455200195,0.4514278471469879,0.8044245839118958
Glaziers,47-2121.00,49.0,0.6163660287857056,0.6761133670806885,0.9806811213493347
"Insulation Workers, Floor, Ceiling, and Wall",47-2131.00,16.0,0.11941336840391159,0.3731525242328644,0.3412502706050873
"Insulation Workers, Mechanical",47-2132.00,22.0,0.7019170522689819,0.648935854434967,0.4916282296180725
"Painters, Construction and Maintenance",47-2141.00,29.0,0.3951641321182251,0.6353948712348938,0.9774894118309021
Paperhangers,47-2142.00,29.0,0.24230992794036865,0.47370266914367676,0.6501228213310242
Pipelayers,47-2151.00,17.0,0.2171354442834854,0.5130735635757446,0.9718520641326904
Pipe Fitters and Steamfitters,47-2152.01,29.0,0.32211655378341675,0.784092903137207,1.1873407363891602
Plumbers,47-2152.02,40.0,0.4801524877548218,0.384186714887619,1.0141901969909668
Plasterers and Stucco Masons,47-2161.00,23.0,0.21052607893943787,0.4407767951488495,0.5819813013076782
Reinforcing Iron and Rebar Workers,47-2171.00,8.0,0.15243428945541382,0.5394566655158997,1.7953660488128662
Roofers,47-2181.00,43.0,0.39141541719436646,0.5234554409980774,0.9604436159133911
Sheet Metal Workers,47-2211.00,27.0,0.40635213255882263,0.2984166443347931,0.2967107594013214
Structural Iron and Steel Workers,47-2221.00,27.0,0.2947390079498291,0.4462726414203644,1.7618885040283203
Solar Photovoltaic Installers,47-2231.00,36.0,0.801476776599884,0.38965904712677,0.3963947594165802
"Helpers--Brickmasons, Blockmasons, Stonemasons, and Tile and Marble Setters",47-3011.00,16.0,0.14882731437683105,0.3858131766319275,2.3699774742126465
Helpers--Carpenters,47-3012.00,22.0,0.2190045714378357,0.37212130427360535,0.9013687372207642
Helpers--Electricians,47-3013.00,33.0,0.0938425287604332,0.23971758782863617,0.5698317289352417
"Helpers--Painters, Paperhangers, Plasterers, and Stucco Masons",47-3014.00,15.0,0.0656513050198555,0.24028055369853973,1.356418251991272
"Helpers--Pipelayers, Plumbers, Pipefitters, and Steamfitters",47-3015.00,27.0,0.2331872582435608,0.656282901763916,2.357243061065674
Helpers--Roofers,47-3016.00,25.0,0.09025247395038605,0.4069405794143677,1.9847575426101685
Construction and Building Inspectors,47-4011.00,29.0,0.955380380153656,0.6542313694953918,1.069314956665039
Elevator Installers and Repairers,47-4021.00,36.0,0.8915711641311646,1.139335036277771,2.7728750705718994
Fence Erectors,47-4031.00,31.0,0.09518150240182877,0.28991034626960754,0.8334659337997437
Hazardous Materials Removal Workers,47-4041.00,33.0,0.21778903901576996,0.43505939841270447,1.664066195487976
Highway Maintenance Workers,47-4051.00,31.0,0.30734682083129883,0.40620332956314087,1.2180598974227905
Rail-Track Laying and Maintenance Equipment Operators,47-4061.00,46.0,0.26921653747558594,0.5633658170700073,1.1805377006530762
Septic Tank Servicers and Sewer Pipe Cleaners,47-4071.00,31.0,0.3643813729286194,0.5443484783172607,1.0873854160308838
Segmental Pavers,47-4091.00,22.0,0.1579681634902954,0.34944576025009155,0.44478747248649597
Solar Thermal Installers and Technicians,47-4099.02,30.0,0.3993576765060425,0.46050459146499634,0.6184903383255005
Weatherization Installers and Technicians,47-4099.03,22.0,0.5901448130607605,0.27850306034088135,0.35154345631599426
"Derrick Operators, Oil and Gas",47-5011.00,19.0,0.4371735751628876,0.3126530349254608,0.6806660890579224
"Rotary Drill Operators, Oil and Gas",47-5012.00,44.0,0.4057618975639343,0.5474280714988708,1.3530702590942383
"Service Unit Operators, Oil, Gas, and Mining",47-5013.00,31.0,0.6869030594825745,0.6066898107528687,0.8061711192131042
"Earth Drillers, Except Oil and Gas",47-5021.00,58.0,0.5490736365318298,0.5707874894142151,0.9639089107513428
"Explosives Workers, Ordnance Handling Experts, and Blasters",47-5031.00,65.0,0.2099122405052185,0.4624193012714386,1.3016972541809082
Continuous Mining Machine Operators,47-5041.00,27.0,0.8628154397010803,0.8987023234367371,1.7002004384994507
Mine Cutting and Channeling Machine Operators,47-5042.00,40.0,0.4823084771633148,0.8120403289794922,1.9678630828857422
"Rock Splitters, Quarry",47-5051.00,16.0,0.1147633045911789,0.22776758670806885,0.5190578699111938
"Roof Bolters, Mining",47-5061.00,16.0,0.13468073308467865,0.3085608184337616,0.6619194149971008
"Roustabouts, Oil and Gas",47-5071.00,23.0,0.2643809914588928,0.4900231957435608,2.0664265155792236
Helpers--Extraction Workers,47-5081.00,17.0,0.6542828679084778,0.5487464666366577,1.1309376955032349
"First-Line Supervisors of Mechanics, Installers, and Repairers",49-1011.00,32.0,0.8439366221427917,0.5262031555175781,0.28182363510131836
"Computer, Automated Teller, and Office Machine Repairers",49-2011.00,42.0,0.45801934599876404,0.49368929862976074,0.6322943568229675
"Radio, Cellular, and Tower Equipment Installers and Repairers",49-2021.00,26.0,0.2679312527179718,0.3604840636253357,0.7087417244911194
Radio Mechanics,49-2021.01,22.0,0.43635889887809753,0.8267079591751099,0.7733265161514282
"Telecommunications Equipment Installers and Repairers, Except Line Installers",49-2022.00,61.0,0.6553661823272705,0.5968894362449646,0.822756290435791
Avionics Technicians,49-2091.00,15.0,0.16101031005382538,0.1617809385061264,0.4711248278617859
"Electric Motor, Power Tool, and Related Repairers",49-2092.00,55.0,0.368298202753067,0.47226187586784363,0.6429486870765686
"Electrical and Electronics Installers and Repairers, Transportation Equipment",49-2093.00,20.0,0.2930951416492462,0.520017147064209,0.4417470693588257
"Electrical and Electronics Repairers, Commercial and Industrial Equipment",49-2094.00,35.0,0.7388716340065002,0.5850411653518677,0.5183886885643005
"Electrical and Electronics Repairers, Powerhouse, Substation, and Relay",49-2095.00,28.0,0.9911394119262695,0.4952918589115143,0.25125056505203247
"Electronic Equipment Installers and Repairers, Motor Vehicles",49-2096.00,16.0,0.42884695529937744,0.32648587226867676,0.3512484133243561
Electronic Home Entertainment Equipment Installers and Repairers,49-2097.00,19.0,0.32325389981269836,0.5395416021347046,0.5220041275024414
Security and Fire Alarm Systems Installers,49-2098.00,26.0,0.4931686520576477,0.2895840108394623,0.3774013817310333
Aircraft Mechanics and Service Technicians,49-3011.00,52.0,0.32638728618621826,0.29616186022758484,0.8494164943695068
Automotive Body and Related Repairers,49-3021.00,45.0,0.273523211479187,0.2896215319633484,0.9020478129386902
Automotive Glass Installers and Repairers,49-3022.00,28.0,0.11557159572839737,0.22334745526313782,0.46842265129089355
Automotive Master Mechanics,49-3023.01,30.0,0.29376184940338135,0.31363674998283386,0.4049537777900696
Automotive Specialty Technicians,49-3023.02,31.0,0.42537030577659607,0.29584625363349915,0.5857194066047668
Bus and Truck Mechanics and Diesel Engine Specialists,49-3031.00,37.0,0.41327568888664246,0.43884000182151794,1.3063877820968628
Farm Equipment Mechanics and Service Technicians,49-3041.00,19.0,0.3105229437351227,0.9132380485534668,1.6253643035888672
"Mobile Heavy Equipment Mechanics, Except Engines",49-3042.00,27.0,0.5965034365653992,0.4063720703125,0.7183655500411987
Rail Car Repairers,49-3043.00,26.0,0.37017202377319336,0.42581868171691895,0.6407192349433899
Motorboat Mechanics and Service Technicians,49-3051.00,22.0,0.6254677772521973,0.8124832510948181,0.858920693397522
Motorcycle Mechanics,49-3052.00,19.0,0.10492747277021408,0.15272323787212372,0.256335973739624
Outdoor Power Equipment and Other Small Engine Mechanics,49-3053.00,24.0,0.4543333947658539,0.3783796429634094,0.6092736721038818
Bicycle Repairers,49-3091.00,20.0,0.2292008399963379,0.33840394020080566,1.1841150522232056
Recreational Vehicle Service Technicians,49-3092.00,29.0,0.28269192576408386,0.31477731466293335,0.739449143409729
Tire Repairers and Changers,49-3093.00,43.0,0.2468290627002716,0.23898804187774658,0.6228768825531006
Mechanical Door Repairers,49-9011.00,38.0,0.46870777010917664,0.49830374121665955,0.7795169949531555
"Control and Valve Installers and Repairers, Except Mechanical Door",49-9012.00,64.0,0.259647935628891,0.46744826436042786,0.3696047365665436
Heating and Air Conditioning Mechanics and Installers,49-9021.01,49.0,0.1951715350151062,0.47770342230796814,0.7314531803131104
Refrigeration Mechanics and Installers,49-9021.02,31.0,0.2487613707780838,0.334250807762146,0.6557227373123169
Home Appliance Repairers,49-9031.00,45.0,0.45872387290000916,0.4416755735874176,0.6302943825721741
Industrial Machinery Mechanics,49-9041.00,26.0,0.5008538961410522,0.4050593972206116,0.6467699408531189
"Maintenance Workers, Machinery",49-9043.00,29.0,0.492021381855011,0.5405938625335693,1.0102108716964722
Millwrights,49-9044.00,34.0,0.31687846779823303,0.3372420072555542,1.149037480354309
"Refractory Materials Repairers, Except Brickmasons",49-9045.00,37.0,0.4086790680885315,0.5389232635498047,1.4347120523452759
Electrical Power-Line Installers and Repairers,49-9051.00,38.0,0.3520502746105194,0.4955947697162628,0.7818053960800171
Telecommunications Line Installers and Repairers,49-9052.00,31.0,0.2756219804286957,0.23453883826732635,0.31781700253486633
Camera and Photographic Equipment Repairers,49-9061.00,22.0,0.5215657949447632,0.7068077325820923,1.0121104717254639
Medical Equipment Repairers,49-9062.00,37.0,0.28976231813430786,0.2520873546600342,0.21429850161075592
Musical Instrument Repairers and Tuners,49-9063.00,62.0,0.4639909267425537,0.3595992624759674,0.9602831602096558
Watch Repairers,49-9064.00,16.0,0.1882263720035553,0.14161136746406555,0.22548934817314148
"Maintenance and Repair Workers, General",49-9071.00,45.0,0.4666741192340851,0.7398975491523743,0.8634368181228638
Wind Turbine Service Technicians,49-9081.00,13.0,0.40873101353645325,0.6258499026298523,0.9212596416473389
"Coin, Vending, and Amusement Machine Servicers and Repairers",49-9091.00,30.0,0.45104074478149414,0.4721119999885559,0.8527387380599976
Commercial Divers,49-9092.00,27.0,0.2025410383939743,0.45040109753608704,0.7188016176223755
"Fabric Menders, Except Garment",49-9093.00,24.0,0.12065532803535461,0.26540490984916687,0.4145495891571045
Locksmiths and Safe Repairers,49-9094.00,19.0,0.09365854412317276,0.15864399075508118,0.20646800100803375
Manufactured Building and Mobile Home Installers,49-9095.00,23.0,0.12051394581794739,0.275067538022995,0.5510130524635315
Riggers,49-9096.00,19.0,1.0997854471206665,1.827791452407837,3.094463586807251
Signal and Track Switch Repairers,49-9097.00,18.0,0.09335599839687347,0.36318203806877136,1.0735095739364624
"Helpers--Installation, Maintenance, and Repair Workers",49-9098.00,25.0,0.3208809196949005,0.6469128131866455,1.6560020446777344
Geothermal Technicians,49-9099.01,30.0,0.6971904635429382,1.2816005945205688,1.3020663261413574
First-Line Supervisors of Production and Operating Workers,51-1011.00,25.0,0.8661563396453857,0.4215646982192993,0.23022346198558807
"Aircraft Structure, Surfaces, Rigging, and Systems Assemblers",51-2011.00,39.0,0.8181502819061279,1.0306110382080078,1.3600761890411377
"Coil Winders, Tapers, and Finishers",51-2021.00,14.0,0.13480600714683533,1.0006628036499023,0.8995311856269836
Electrical and Electronic Equipment Assemblers,51-2022.00,24.0,0.39758822321891785,0.32344356179237366,0.7384107708930969
Electromechanical Equipment Assemblers,51-2023.00,24.0,0.4430844187736511,0.5023730993270874,0.4294098913669586
Engine and Other Machine Assemblers,51-2031.00,16.0,0.1437016874551773,0.3206859529018402,0.9262905120849609
Structural Metal Fabricators and Fitters,51-2041.00,32.0,0.47124674916267395,0.5970301032066345,1.4591319561004639
Fiberglass Laminators and Fabricators,51-2091.00,28.0,0.08027469366788864,0.1929166465997696,0.39038604497909546
Team Assemblers,51-2092.00,7.0,0.9235470294952393,0.8214935064315796,0.783320963382721
Timing Device Assemblers and Adjusters,51-2093.00,30.0,0.2638872265815735,0.24145346879959106,0.41905343532562256
Bakers,51-3011.00,24.0,0.14179517328739166,0.2979859709739685,0.30862337350845337
Butchers and Meat Cutters,51-3021.00,15.0,0.51996248960495,0.22915810346603394,0.12212346494197845
"Meat, Poultry, and Fish Cutters and Trimmers",51-3022.00,15.0,0.26774320006370544,0.12540948390960693,0.4159855246543884
Slaughterers and Meat Packers,51-3023.00,21.0,0.07624365389347076,0.18893378973007202,0.15728910267353058
"Food and Tobacco Roasting, Baking, and Drying Machine Operators and Tenders",51-3091.00,32.0,0.12075301259756088,0.7524332404136658,1.353947639465332
Food Batchmakers,51-3092.00,44.0,0.4984126687049866,0.6951436996459961,0.45907270908355713
Food Cooking Machine Operators and Tenders,51-3093.00,36.0,0.6954510807991028,1.051849603652954,1.2690305709838867
"Computer-Controlled Machine Tool Operators, Metal and Plastic",51-4011.00,41.0,0.6925926208496094,0.8476431369781494,1.1552809476852417
"Computer Numerically Controlled Machine Tool Programmers, Metal and Plastic",51-4012.00,36.0,0.5713948607444763,0.460123211145401,0.22031712532043457
"Extruding and Drawing Machine Setters, Operators, and Tenders, Metal and Plastic",51-4021.00,25.0,0.4230424165725708,0.43870407342910767,0.5964618921279907
"Forging Machine Setters, Operators, and Tenders, Metal and Plastic",51-4022.00,25.0,0.7214502692222595,0.5685670375823975,1.3579341173171997
"Rolling Machine Setters, Operators, and Tenders, Metal and Plastic",51-4023.00,39.0,0.6216186285018921,0.6043736338615417,0.5682604908943176
"Cutting, Punching, and Press Machine Setters, Operators, and Tenders, Metal and Plastic",51-4031.00,49.0,0.5294327139854431,0.5379652976989746,0.8083724975585938
"Drilling and Boring Machine Tool Setters, Operators, and Tenders, Metal and Plastic",51-4032.00,25.0,0.4708124101161957,0.31851452589035034,0.5116523504257202
"Grinding, Lapping, Polishing, and Buffing Machine Tool Setters, Operators, and Tenders, Metal and Plastic",51-4033.00,33.0,0.7123234868049622,0.7971464991569519,0.9583731889724731
"Lathe and Turning Machine Tool Setters, Operators, and Tenders, Metal and Plastic",51-4034.00,35.0,0.31370553374290466,0.26634788513183594,0.43063774704933167
"Milling and Planing Machine Setters, Operators, and Tenders, Metal and Plastic",51-4035.00,31.0,0.4056687355041504,1.2516224384307861,0.9165341258049011
Machinists,51-4041.00,40.0,0.683772623538971,0.7683634161949158,0.7677158117294312
Metal-Refining Furnace Operators and Tenders,51-4051.00,26.0,0.2581351697444916,0.6224365234375,0.3723088204860687
"Pourers and Casters, Metal",51-4052.00,31.0,0.1302374303340912,0.3274018168449402,0.7931286692619324
"Model Makers, Metal and Plastic",51-4061.00,25.0,0.5909343957901001,0.7173080444335938,0.6699631810188293
"Patternmakers, Metal and Plastic",51-4062.00,21.0,0.36926549673080444,0.6177504062652588,0.5409958362579346
Foundry Mold and Coremakers,51-4071.00,20.0,0.3781362771987915,0.8392771482467651,2.4261040687561035
"Molding, Coremaking, and Casting Machine Setters, Operators, and Tenders, Metal and Plastic",51-4072.00,57.0,0.3670700192451477,0.4711437523365021,0.541667103767395
"Multiple Machine Tool Setters, Operators, and Tenders, Metal and Plastic",51-4081.00,37.0,0.7612820267677307,1.0795652866363525,1.6351662874221802
Tool and Die Makers,51-4111.00,25.0,0.3794916570186615,0.4369964599609375,0.6146218776702881
"Welders, Cutters, and Welder Fitters",51-4121.06,55.0,0.46996745467185974,0.6212077140808105,1.0188676118850708
Solderers and Brazers,51-4121.07,43.0,0.04502646252512932,0.22373050451278687,1.3574026823043823
"Welding, Soldering, and Brazing Machine Setters, Operators, and Tenders",51-4122.00,52.0,0.31690430641174316,0.4967617392539978,0.7103756666183472
"Heat Treating Equipment Setters, Operators, and Tenders, Metal and Plastic",51-4191.00,40.0,0.3179403841495514,0.3455291986465454,0.349762499332428
"Layout Workers, Metal and Plastic",51-4192.00,19.0,0.2704675495624542,0.1986883282661438,0.22099877893924713
"Plating and Coating Machine Setters, Operators, and Tenders, Metal and Plastic",51-4193.00,57.0,0.6093018651008606,0.7716498374938965,1.6263846158981323
"Tool Grinders, Filers, and Sharpeners",51-4194.00,34.0,0.6960517764091492,0.5060047507286072,1.1359535455703735
Prepress Technicians and Workers,51-5111.00,45.0,0.8914665579795837,0.6754391193389893,0.3937167227268219
Printing Press Operators,51-5112.00,34.0,0.8099162578582764,0.9857739806175232,1.1035476922988892
Print Binding and Finishing Workers,51-5113.00,41.0,0.550281286239624,0.6541246771812439,0.864124059677124
Laundry and Dry-Cleaning Workers,51-6011.00,55.0,0.4397658705711365,0.4894527494907379,0.9797253608703613
"Pressers, Textile, Garment, and Related Materials",51-6021.00,50.0,0.1855819672346115,0.272887259721756,0.32585036754608154
Sewing Machine Operators,51-6031.00,40.0,0.37214750051498413,0.33469974994659424,0.765555202960968
Shoe and Leather Workers and Repairers,51-6041.00,42.0,0.12731732428073883,0.15457689762115479,0.30806654691696167
Shoe Machine Operators and Tenders,51-6042.00,31.0,0.06038568541407585,0.3682195544242859,0.7178378701210022
"Sewers, Hand",51-6051.00,16.0,0.09713775664567947,0.19625096023082733,0.1713954359292984
"Tailors, Dressmakers, and Custom Sewers",51-6052.00,37.0,0.7059766054153442,0.5239777565002441,0.8118926882743835
Textile Bleaching and Dyeing Machine Operators and Tenders,51-6061.00,34.0,1.0452444553375244,0.896157443523407,1.0199917554855347
"Textile Cutting Machine Setters, Operators, and Tenders",51-6062.00,31.0,0.7047605514526367,0.9756789803504944,1.231905460357666
"Textile Knitting and Weaving Machine Setters, Operators, and Tenders",51-6063.00,34.0,0.9848700165748596,0.8539571166038513,0.8849496841430664
"Textile Winding, Twisting, and Drawing Out Machine Setters, Operators, and Tenders",51-6064.00,45.0,0.7208751440048218,0.9397419691085815,0.9264621734619141
"Extruding and Forming Machine Setters, Operators, and Tenders, Synthetic and Glass Fibers",51-6091.00,39.0,0.47922220826148987,0.8161485195159912,0.3408884108066559
Fabric and Apparel Patternmakers,51-6092.00,31.0,0.6749513745307922,0.6841946840286255,0.4787406623363495
Upholsterers,51-6093.00,35.0,0.536575436592102,0.5635370016098022,0.8896081447601318
Cabinetmakers and Bench Carpenters,51-7011.00,34.0,0.172805517911911,0.38722750544548035,0.5811702609062195
Furniture Finishers,51-7021.00,37.0,0.2457248717546463,0.19335216283798218,0.4567595422267914
"Model Makers, Wood",51-7031.00,19.0,0.9050050973892212,0.4317302405834198,0.2753128409385681
"Patternmakers, Wood",51-7032.00,25.0,0.6237347722053528,0.9120252132415771,0.29425549507141113
"Sawing Machine Setters, Operators, and Tenders, Wood",51-7041.00,45.0,0.34223634004592896,0.5154073238372803,0.585731565952301
"Woodworking Machine Setters, Operators, and Tenders, Except Sawing",51-7042.00,46.0,0.6974807381629944,0.9989992380142212,1.3983479738235474
Nuclear Power Reactor Operators,51-8011.00,29.0,0.8331197500228882,1.1914738416671753,0.586901843547821
Power Distributors and Dispatchers,51-8012.00,26.0,0.9157705307006836,1.2953705787658691,0.8481836915016174
Power Plant Operators,51-8013.00,43.0,0.9303581118583679,1.346853494644165,1.6546653509140015
Stationary Engineers and Boiler Operators,51-8021.00,41.0,0.4854738712310791,0.46829891204833984,0.438774436712265
Water and Wastewater Treatment Plant and System Operators,51-8031.00,14.0,1.4883071184158325,1.4728641510009766,0.6971548199653625
Chemical Plant and System Operators,51-8091.00,32.0,0.27582716941833496,0.7149532437324524,0.2529861032962799
Gas Plant Operators,51-8092.00,33.0,1.3748048543930054,1.0794663429260254,1.079400658607483
"Petroleum Pump System Operators, Refinery Operators, and Gaugers",51-8093.00,49.0,0.3171505331993103,0.5786606073379517,0.5455567836761475
Biofuels Processing Technicians,51-8099.01,22.0,0.8654540181159973,0.9847196340560913,1.0578019618988037
Biomass Plant Technicians,51-8099.03,22.0,0.8572920560836792,1.0175807476043701,1.3103276491165161
Hydroelectric Plant Technicians,51-8099.04,26.0,0.7069360017776489,0.8144872784614563,1.51878023147583
Chemical Equipment Operators and Tenders,51-9011.00,34.0,0.6055591702461243,1.0889085531234741,0.6145599484443665
"Separating, Filtering, Clarifying, Precipitating, and Still Machine Setters, Operators, and Tenders",51-9012.00,31.0,0.4401492774486542,0.5378432869911194,0.7563231587409973
"Crushing, Grinding, and Polishing Machine Setters, Operators, and Tenders",51-9021.00,32.0,0.5140800476074219,0.7917000651359558,0.4991142749786377
"Grinding and Polishing Workers, Hand",51-9022.00,30.0,0.26522335410118103,0.7249201536178589,0.8329341411590576
"Mixing and Blending Machine Setters, Operators, and Tenders",51-9023.00,28.0,0.08315804600715637,0.5973377823829651,0.4112578332424164
"Cutters and Trimmers, Hand",51-9031.00,31.0,0.2844095230102539,0.3843323886394501,0.7099049091339111
"Cutting and Slicing Machine Setters, Operators, and Tenders",51-9032.00,65.0,0.476694256067276,0.5311731100082397,1.0361086130142212
"Extruding, Forming, Pressing, and Compacting Machine Setters, Operators, and Tenders",51-9041.00,54.0,0.42006319761276245,0.4813370108604431,1.1844273805618286
"Furnace, Kiln, Oven, Drier, and Kettle Operators and Tenders",51-9051.00,33.0,0.794467568397522,0.8010116219520569,0.565313994884491
"Inspectors, Testers, Sorters, Samplers, and Weighers",51-9061.00,49.0,0.698612630367279,0.6743376851081848,0.43207311630249023
Jewelers,51-9071.01,76.0,0.29595819115638733,0.2660279870033264,0.5778917670249939
Gem and Diamond Workers,51-9071.06,43.0,0.972433865070343,0.3573029339313507,0.5888023972511292
Precious Metal Workers,51-9071.07,57.0,0.36116597056388855,0.20306457579135895,0.3601800501346588
Dental Laboratory Technicians,51-9081.00,26.0,0.4532531499862671,0.504768431186676,0.5555810928344727
Medical Appliance Technicians,51-9082.00,19.0,0.555058479309082,0.5423833727836609,0.5621111392974854
Ophthalmic Laboratory Technicians,51-9083.00,35.0,0.638871431350708,0.935725212097168,2.56355881690979
Packaging and Filling Machine Operators and Tenders,51-9111.00,42.0,0.24533627927303314,0.3628048002719879,0.653564453125
"Coating, Painting, and Spraying Machine Setters, Operators, and Tenders",51-9121.00,37.0,0.5728582739830017,0.8989781737327576,0.7564792633056641
"Painters, Transportation Equipment",51-9122.00,37.0,0.4559762477874756,0.6884436011314392,1.5506287813186646
"Painting, Coating, and Decorating Workers",51-9123.00,21.0,0.46739819645881653,0.34088972210884094,1.6867526769638062
Semiconductor Processors,51-9141.00,47.0,0.42508891224861145,0.5132898688316345,1.308136224746704
Photographic Process Workers and Processing Machine Operators,51-9151.00,54.0,0.6595173478126526,0.559078574180603,0.4984274208545685
Adhesive Bonding Machine Operators and Tenders,51-9191.00,32.0,0.5778255462646484,0.4187675416469574,0.46944886445999146
"Cleaning, Washing, and Metal Pickling Equipment Operators and Tenders",51-9192.00,17.0,0.8303930759429932,1.031718134880066,0.6082642674446106
Cooling and Freezing Equipment Operators and Tenders,51-9193.00,45.0,0.22310124337673187,0.42072489857673645,0.7834504842758179
Etchers and Engravers,51-9194.00,58.0,0.3133222758769989,0.548507571220398,1.2045378684997559
"Stone Cutters and Carvers, Manufacturing",51-9195.03,32.0,0.12681818008422852,0.24806690216064453,0.47923746705055237
"Glass Blowers, Molders, Benders, and Finishers",51-9195.04,32.0,0.45791634917259216,0.4637430012226105,0.7054295539855957
"Potters, Manufacturing",51-9195.05,29.0,0.21530500054359436,0.5188213586807251,0.5325498580932617
Molding and Casting Workers,51-9195.07,43.0,0.1519204080104828,0.33428964018821716,0.686326265335083
"Paper Goods Machine Setters, Operators, and Tenders",51-9196.00,31.0,0.5054537653923035,0.573641300201416,0.5956000685691833
Tire Builders,51-9197.00,34.0,0.43120747804641724,0.48576220870018005,0.7111610174179077
Helpers--Production Workers,51-9198.00,44.0,0.2231224775314331,0.4633350670337677,1.0466128587722778
Recycling and Reclamation Workers,51-9199.01,25.0,0.49097681045532227,0.8589678406715393,1.9468867778778076
Aircraft Cargo Handling Supervisors,53-1011.00,6.0,0.3420306444168091,0.47345829010009766,1.0446569919586182
"First-Line Supervisors of Helpers, Laborers, and Material Movers, Hand",53-1021.00,33.0,0.45966410636901855,0.31395402550697327,0.24435417354106903
Recycling Coordinators,53-1021.01,34.0,0.26598110795021057,0.3344542682170868,0.31719791889190674
First-Line Supervisors of Transportation and Material-Moving Machine and Vehicle Operators,53-1031.00,30.0,0.36015528440475464,0.49664071202278137,0.5699263215065002
"Airline Pilots, Copilots, and Flight Engineers",53-2011.00,32.0,0.48576807975769043,0.6407369375228882,0.6743866801261902
Commercial Pilots,53-2012.00,32.0,0.5481221675872803,0.3496490716934204,0.1504255086183548
Air Traffic Controllers,53-2021.00,32.0,0.4149813652038574,0.38328027725219727,0.25254061818122864
Airfield Operations Specialists,53-2022.00,15.0,0.1370891034603119,0.5314850807189941,0.14833320677280426
Flight Attendants,53-2031.00,34.0,0.1276765763759613,0.25833019614219666,1.242149829864502
"Ambulance Drivers and Attendants, Except Emergency Medical Technicians",53-3011.00,16.0,0.13653987646102905,0.44882339239120483,0.9167852401733398
"Bus Drivers, Transit and Intercity",53-3021.00,16.0,0.41681382060050964,0.61594158411026,1.9647058248519897
"Bus Drivers, School or Special Client",53-3022.00,19.0,0.2966938614845276,0.6435228586196899,0.9252362847328186
Driver/Sales Workers,53-3031.00,17.0,0.20348677039146423,0.44672808051109314,1.016265869140625
Heavy and Tractor-Trailer Truck Drivers,53-3032.00,60.0,0.4952481985092163,0.6812700629234314,1.220618724822998
Light Truck or Delivery Services Drivers,53-3033.00,20.0,0.2732961177825928,0.6137744188308716,1.1293549537658691
Taxi Drivers and Chauffeurs,53-3041.00,35.0,0.36865684390068054,0.5322317481040955,1.1867157220840454
Locomotive Engineers,53-4011.00,24.0,1.3290057182312012,1.4833662509918213,2.412980079650879
Locomotive Firers,53-4012.00,16.0,2.0485341548919678,2.2962231636047363,2.5142569541931152
"Rail Yard Engineers, Dinkey Operators, and Hostlers",53-4013.00,31.0,0.7194957733154297,1.2525542974472046,2.3896563053131104
"Railroad Brake, Signal, and Switch Operators",53-4021.00,33.0,0.45737096667289734,0.7074195146560669,1.0698031187057495
Railroad Conductors and Yardmasters,53-4031.00,41.0,0.30554458498954773,0.31930094957351685,0.8535075783729553
Subway and Streetcar Operators,53-4041.00,19.0,0.515267014503479,0.9240394830703735,1.330317735671997
Sailors and Marine Oilers,53-5011.00,42.0,0.26741665601730347,0.5161383748054504,1.1615382432937622
Ship and Boat Captains,53-5021.01,39.0,0.2635650038719177,0.48034554719924927,0.3535982072353363
"Mates- Ship, Boat, and Barge",53-5021.02,11.0,1.9114303588867188,0.8240145444869995,1.2746174335479736
"Pilots, Ship",53-5021.03,19.0,0.5304693579673767,0.5919986963272095,0.6762402653694153
Motorboat Operators,53-5022.00,22.0,0.11967791616916656,0.4585561752319336,1.5812093019485474
Ship Engineers,53-5031.00,27.0,0.12487850338220596,0.4343695342540741,0.2850719392299652
Bridge and Lock Tenders,53-6011.00,36.0,0.9251564145088196,1.332026720046997,2.745790481567383
Parking Lot Attendants,53-6021.00,37.0,0.7299754023551941,1.1926214694976807,0.8390512466430664
Automotive and Watercraft Service Attendants,53-6031.00,23.0,0.20284688472747803,0.3428647220134735,1.4602409601211548
Traffic Technicians,53-6041.00,43.0,0.6362518072128296,0.4291277229785919,0.21031531691551208
Aviation Inspectors,53-6051.01,25.0,1.140496850013733,0.6031751036643982,0.5948293805122375
"Transportation Vehicle, Equipment and Systems Inspectors, Except Aviation",53-6051.07,24.0,1.3004069328308105,0.4867534041404724,0.5685207843780518
Freight and Cargo Inspectors,53-6051.08,31.0,0.9790715575218201,1.1211352348327637,0.6409731507301331
"Transportation Attendants, Except Flight Attendants",53-6061.00,15.0,0.06512367725372314,0.1295158565044403,0.3496389091014862
Conveyor Operators and Tenders,53-7011.00,44.0,0.7970632314682007,1.1513077020645142,1.178684115409851
Crane and Tower Operators,53-7021.00,23.0,0.6584358215332031,0.848234236240387,2.1546096801757812
Dredge Operators,53-7031.00,18.0,0.8252373933792114,0.9761789441108704,1.8243398666381836
Excavating and Loading Machine and Dragline Operators,53-7032.00,29.0,0.4845218360424042,1.0289119482040405,2.204601526260376
"Loading Machine Operators, Underground Mining",53-7033.00,21.0,0.3706645965576172,0.92385333776474,2.2801175117492676
Hoist and Winch Operators,53-7041.00,22.0,0.7062946557998657,1.0246608257293701,2.355099678039551
Industrial Truck and Tractor Operators,53-7051.00,19.0,0.4487554728984833,0.8090837001800537,2.841860294342041
Cleaners of Vehicles and Equipment,53-7061.00,31.0,0.17324280738830566,0.3556545674800873,0.9681492447853088
"Laborers and Freight, Stock, and Material Movers, Hand",53-7062.00,28.0,0.4826764762401581,0.7531731128692627,1.951083779335022
Machine Feeders and Offbearers,53-7063.00,21.0,0.3028755187988281,1.0156099796295166,2.0499942302703857
"Packers and Packagers, Hand",53-7064.00,14.0,0.7278653383255005,2.4117321968078613,2.59285044670105
Gas Compressor and Gas Pumping Station Operators,53-7071.00,25.0,0.6305918097496033,1.0460526943206787,0.834364116191864
"Pump Operators, Except Wellhead Pumpers",53-7072.00,25.0,0.4018945097923279,1.074946641921997,1.2861061096191406
Wellhead Pumpers,53-7073.00,23.0,0.586676836013794,1.1629406213760376,1.8602231740951538
Refuse and Recyclable Material Collectors,53-7081.00,26.0,0.3866351246833801,0.7392864227294922,1.9965887069702148
Mine Shuttle Car Operators,53-7111.00,27.0,0.2821928858757019,0.8360861539840698,1.7691102027893066
"Tank Car, Truck, and Ship Loaders",53-7121.00,42.0,0.21564410626888275,0.7065815329551697,0.6847605109214783
