ai_app_id,ability_id,replicate,attained_level,ceiling_reason,confidence,error
12,69,1,1.5,"The system's defined output is a code patch that passes tests, not instruction; at best its commit messages or code comments incidentally convey a procedural note, and it never assesses learners' needs, designs curriculum, or delivers teaching.",high,
7,66,1,2.8,"It can sustain fluent text chat with customers, but has no physical or vocal presence to serve, transact, or perform, and its tendency to invent policies or commitments makes unsupervised handling of real customer cases (level 4 and above) unsafe.",medium,
10,71,0,2.5,"It can demonstrate procedures and generate walkthroughs or code-review feedback in a digital environment, but it cannot observe a specific person over time, diagnose their individual developmental needs, or sustain the motivational, accountable relationship that on-the-job training (level 4) and coaching (level 6) require.",medium,
9,67,2,1.2,"Transcription produces a text record of speech but performs no coordination itself u2014 it cannot assign tasks, align people, or even ensure information is exchanged at a shift change without a human acting on the transcript.",high,
7,71,1,3.2,"It can explain procedures and give tailored feedback on text a learner supplies, but with no ability to observe performance, track a learner across time, or diagnose developmental needs unprompted, it cannot own a sustained on-the-job training relationship (level 4+).",medium,
1,70,0,1.0,"A board-game search agent has no subordinates, no model of human performance, and no channel for setting standards or giving direction, so it performs none of this activity even at level 1.",high,
1,66,0,1.0,"A game-playing search agent has no interface with people at all
interacting only with board states
so it performs none of this activity even at the toll-booth level.",high,
3,68,0,1.0,"A vision model that labels objects in images performs no interpersonal action whatsoever, so it cannot even encourage two coworkers at level 1.",high,
11,74,1,1.0,"A formal reasoning solver performs no recruiting, interviewing, selection, or hiring activity at all; staffing involves human judgment, legal compliance, and interpersonal evaluation entirely outside its scope.",high,
4,64,0,1.2,"Answering questions about image content involves no persuasion of a counterparty; at most it supplies descriptive facts a human seller might use, and it cannot conduct or close any influence attempt itself.",high,
10,72,1,3.5,"It can autonomously gather evidence, test options and draft a well-supported recommendation (near the level-4 software-package anchor), but it lacks the organizational context, stakeholder read and accountability to have advice acted on unreviewed, and its factual errors in sourcing/costing still require a human sign-off.",medium,
2,61,0,1.0,"A game-playing agent produces control actions in a simulated environment and has no channel for representing an organization to customers, the public, or government.",high,
4,75,0,1.5,"It can only describe what is visible in a single image (e.g., roughly count stocked items), with imperfect counting accuracy, and cannot maintain records, track usage over time, reorder, or oversee any spending, so it falls short of even the level-2 linen-tracking role.",high,
10,63,1,3.5,"It can reliably perform digital favors and information/logistics assistance (level 2-3, and much of the lodging-search work at level 4), but end-to-end unsupervised handling of a real person's stranded booking with payments and edge cases is still error-prone, and any physical or medical care (level 6) is outside its modality entirely.",medium,
11,65,2,1.0,"A formal reasoning solver has no interpersonal party to negotiate with and performs no complaint handling, dispute settlement, or bargaining at all, even at the level-2 apology anchor.",high,
2,75,1,2.8,"The agent allocates in-game currency and production capacity competently in real time, which exceeds simple item tracking, but it operates only on closed, fully-observable simulated resources within the single environment it was trained on and cannot be entrusted with real money, procurement, or budget oversight where errors have financial consequence.",medium,
1,66,1,1.0,"A game-playing search agent has no interface with customers, clients or an audience — it only outputs moves in a closed rule system — so it performs none of this activity even at the toll-booth level.",high,
3,64,2,1.0,"A vision model that outputs object labels performs no persuasion or communication with people at all, so it does not perform the activity even at level 1.",high,
4,68,2,1.0,"Answering questions about image content involves no interpersonal interaction, so the system does not perform team-building even at the level-1 anchor of encouraging two coworkers.",high,
13,73,2,2.5,"A dialogue system can elicit and transcribe information into routine standard forms and maintain simple conversational records, but it cannot be trusted unsupervised with substantive filings like tax forms where an error carries legal or financial liability, and it has no reliable hold on the document systems and filing workflows themselves.",medium,
9,74,0,1.0,"Transcription of speech produces text only; it performs no recruiting, candidate evaluation, selection, or hiring decision-making whatsoever.",high,
2,67,1,2.5,"It achieves implicit real-time coordination among its own units or bot teammates toward shared objectives, but it cannot assign tasks, communicate instructions, or direct human workers, so it falls well short of organizing an actual crew (level 4).",medium,
2,60,1,1.0,"A trained game-playing agent emits only in-game actions; it does not compose notes, reports, or spoken updates to human supervisors or co-workers, so it performs nothing of this activity even at the level-1 anchor.",high,
3,63,1,1.0,"A vision model that outputs object labels provides no personal assistance, emotional support, or physical care to any person, so it does not perform the activity even at level 1.",high,
8,60,2,2.0,"A translation model only converts text someone else authored
into another language; it does not decide what to communicate, summarize outcomes, or take responsibility for an exchange with supervisors or peers, so it supports only the simplest note/e-mail-level transmission and cannot deliver a level-4 report of meeting results.",medium,
4,70,0,1.0,"Answering questions about image content provides no guidance, performance standards, or authority over subordinates, so the activity is not performed even at level 1.",high,
13,74,1,3.0,"It can run structured screening interviews and summarize candidate responses, but selection and hiring recommendations (level 4) carry discrimination-law and mis-hire liability that requires human sign-off, and it cannot verify credentials, negotiate offers, or manage the wider recruiting process.",medium,
7,59,0,5.0,"Without retrieval or verification tools it can fabricate plausible specifics, so consequential domain interpretation (e.g., how foreign tax law applies to a given export) and faithful explanation of a specific novel experiment cannot be trusted unsupervised, even though general-audience explanation of well-established material is fluent and accurate.",medium,
1,74,0,1.0,"A board-game search engine has no capacity to recruit, interview, or select people; it performs nothing of this activity even at the lowest anchor.",high,
13,63,2,3.7,"It can give information, guidance, and emotional support in dialogue, but cannot perform the physical, hands-on personal or medical care that levels 5-6 require, and its emotional-support role in high-distress or clinical situations cannot be left unsupervised.",medium,
7,61,1,3.5,"It can compose fluent customer-facing replies and draft standard service descriptions or press releases, but without tools or verified organizational facts it hallucinates specifics and cannot be left unsupervised to speak for the organization to customers, press, or regulators where a misstatement carries legal or reputational cost.",medium,
5,67,0,1.0,"A text-to-image generative model produces pictures and has no capacity to direct, schedule, or align the actions of other people, not even the level-2 act of exchanging information at a shift change.",high,
1,67,1,1.0,"A single-agent search-and-evaluation engine for perfect-information board games has no model of people, no communication channel to group members, and never assigns or synchronizes anyone's tasks.",high,
3,68,1,1.0,"An image-labelling vision model performs no interpersonal or team-building activity at all; it cannot encourage, build trust among, or lead people.",high,
13,73,1,2.5,"It can elicit and transcribe information into routine standard forms and records through dialogue, but lacks verified access to systems of record and the accuracy/accountability needed for consequential filings like tax forms, so completed work still requires human checking.",medium,
5,70,2,1.0,"A text-to-image generative model has no subordinates, no channel for setting performance standards or monitoring people, and produces only pictures, so it performs none of this activity even at the backup-supervisor level.",high,
2,62,1,1.1,"The agent optimizes in-game actions and at most coordinates tactically with teammates; it does not develop or sustain any social relationship, so it barely reaches the level-1 'exchange greetings' anchor via scripted/emergent in-game signaling.",high,
11,64,1,1.5,"Its only persuasive output is the logical force of a correct derivation, which can change a technical reader's mind about a claim; it has no model of a counterparty's motives, no ability to read resistance or tailor appeals, and cannot conduct the interpersonal negotiation or pitching that level 4+ anchors require.",medium,
3,68,2,1.0,"An object-labelling vision model has no capacity to interact with, motivate, or build trust among people, so it performs none of this activity even at the level-1 anchor.",high,
10,71,2,2.5,"It can demonstrate and document digital procedures step-by-step, but it does not observe a specific person's performance over time, diagnose their developmental needs, or sustain the adaptive interpersonal coaching that level 4+ on-the-job training requires.",medium,
6,64,0,1.2,"The system only extracts and combines evidence from a supplied passage to answer questions; it does not initiate persuasion, tailor appeals to an audience, or take responsibility for changing anyone's mind or actions, so even the level-1 anchor of convincing a coworker is barely touched.",high,
6,73,2,2.0,"It can extract field values from a supplied document to support filling a standard form, but it has no ability to maintain files, transact with systems, or handle the multi-source judgment and compliance stakes of level 4 paperwork.",medium,
1,75,0,1.0,"A board-game agent handles no real-world resources, inventory, or money; allocating game material or clock time within fixed rules is not overseeing spending, so it performs nothing of this activity even at level 1.",high,
9,63,1,1.0,"Transcribing speech to text provides no personal assistance, medical attention, or emotional support; it only converts audio into text for someone else to act on.",high,
7,73,2,2.5,"Without tools, persistent storage, or system access it can only draft/fill routine form text from supplied inputs — it cannot maintain actual information files, and rule-specific, arithmetic-heavy filings like tax forms are unreliable and consequential enough to require review.",medium,
5,73,2,1.0,"An image synthesis model has no capacity to maintain information files or process paperwork; it produces pixels, not filled forms, records, or administrative transactions, so it performs nothing of this activity even at level 1.",high,
13,68,1,1.7,"It can deliver encouragement, coaching language, and mediation-style dialogue one-on-one, but it holds no standing membership, authority, or accountability in a team, so it cannot actually build trust and cooperation among people over time as a level-4 team lead must.",medium,
9,72,1,1.0,"A transcription pipeline converts audio to text and generates no guidance, recommendations, or expert judgment of any kind, so it performs none of this activity even at the lowest level.",high,
6,66,1,1.4,"The system only extracts and combines evidence from a supplied text, so at most it handles the simplest scripted, transactional query-answering (toll-booth level); it has no capacity to manage a live customer relationship, read affect, handle complaints, persuade, or perform.",high,
8,72,0,1.3,"A translation model only re-renders text someone else authored; it originates no technical judgment, recommendation, or organizational guidance of its own, so it does not perform advising beyond incidentally carrying an expert's advice across a language barrier.",high,
13,70,0,2.3,"It can deliver scripted coaching, reminders and feedback on defined metrics, but it holds no organizational authority or accountability, cannot verify real-world performance beyond what it is told, and cannot be trusted with the consequential personnel judgments (discipline, prioritization under pressure, credible motivation) that supervising even a small team requires.",medium,
11,69,2,3.2,"It can produce correct step-by-step derivations and explanations that function as ad hoc tutoring, but it does not assess learners' educational needs, sequence a curriculum, or hold responsibility for a sustained course, and residual reasoning errors in unverified domains make unsupervised instruction at the high-school-course level (4) unsafe.",medium,
1,63,0,1.0,"A board-game engine has no channel for personal assistance, emotional support, or physical care and does nothing for this activity even at level 1.",high,
3,60,1,1.2,"A classifier only emits object labels; it cannot compose, address, or contextualize information for a supervisor or co-worker, so it barely reaches the 'brief note' anchor and nothing beyond.",high,
3,65,1,1.0,"A vision model that outputs object labels performs no interpersonal communication, complaint handling, or negotiation at all, so it does nothing for this activity even at level 1.",high,
12,60,2,3.5,"It can reliably emit commit messages, PR descriptions and issue summaries of the work it did (brief-note to simple-report territory), but its self-reports are not dependably faithful (agents overstate what passed or what changed), and it does no interactive, multi-party, or presentational communication beyond the artifact it just produced.",medium,
11,73,0,1.5,"The system derives answers to formal problems but has no capacity to maintain information files, handle forms in real workflows, or process paperwork end-to-end; at most it supplies computations that a person then enters, falling short of even the routine-form anchor.",high,
9,60,2,1.5,"It only converts spoken audio into verbatim text ecatselating message; it cannot select, synthesize, or tailor information for a recipient, so it barely exceeds the level-1 'brief notes' anchor and cannot report outcomes to a supervisor.",high,
12,74,1,1.0,"A code-patching agent performs no recruiting, interviewing, selection, hiring, or promotion activity at all — it has no role in staffing decisions.",high,
2,66,0,1.2,"The agent interacts only with game state and opponents' actions, with no capacity to receive, serve, or communicate with human customers, clients, or an audience beyond incidental spectator interest in its play.",high,
2,70,2,1.0,"A game-playing agent issues commands to scripted in-game units, not to human subordinates; it sets no performance standards, monitors no one's work, and provides no guidance or motivation to people.",high,
13,69,2,3.5,"It can explain concepts and tutor interactively at high-school level, but cannot be trusted unsupervised to design a sequenced curriculum, diagnose learners' educational needs beyond what they say, assess mastery, or guarantee factual accuracy in instruction — so full course-level teaching (level 4) and accredited program development (level 6) are out of reach.",medium,
4,71,2,1.8,"It can answer one-off questions about an image (e.g., pointing out a control on pictured equipment), approximating the level-2 'show a coworker' anchor, but it cannot assess a learner's developmental needs, sequence instruction, or verify performance over time, and misreadings of unfamiliar equipment make even that demonstration unsafe to leave unsupervised.",medium,
1,68,1,1.0,"A game-playing search agent has no interaction with people or teams at all, so it performs none of this activity even at the level-1 anchor of encouraging two coworkers.",high,
1,62,1,1.0,"A board-game search agent has no social interaction channel at all; it cannot even exchange greetings with a coworker, let alone build or sustain working relationships.",high,
10,62,2,2.0,"Agentic scaffolding can handle courteous transactional exchanges (greetings, follow-up emails, scheduling, ticket replies) but has no persistent stake, accountability, or reciprocal trust with humans, so it cannot sustain genuine working relationships over time, let alone win over resistant parties.",medium,
9,70,0,1.0,"Transcribing speech to text involves no setting of performance standards, no monitoring of subordinates, and no authority relationship, so the application performs none of this activity even at the lowest anchor.",high,
5,60,1,2.0,"It can render a visual that conveys a simple message (a diagram-like note or illustrative graphic), but it has no access to workplace facts, context or recipients and cannot assemble and vouch for substantive information such as reporting meeting results, so anything above the simplest note requires a human to supply and verify the content.",medium,
3,59,1,1.5,"The model emits category labels from pixels — a bare readout that at best matches the simplest 'read a value and state what it is' interpretation, with no capacity to explain what information means, how it can be used, or to tailor an explanation to an audience.",high,
2,70,1,1.0,"A game-playing agent issues control inputs to a simulated environment and has no human subordinates to set standards for, monitor, or motivate; commanding in-game units is not personnel supervision.",high,
1,62,0,1.0,"A game-playing search agent has no social interaction capability at all
o oooperation with people, sustained relationships, or even greeting exchange are outside its input/output space.",high,
4,68,1,1.0,"Answering questions about image content involves no sustained interpersonal relationship, trust-building, or influence over coworkers, so it does not perform even the level-1 encouragement of two colleagues.",high,
5,66,1,1.5,"The model only returns an image in response to a prompt ; it cends no interpersonal handling of people  no greeting, reading a customer's reaction, resolving complaints, or sustaining a live performance  so it cannot substitute for even routine counter service beyond the most mechanical, vending-machine-like transaction.",high,
10,72,0,4.0,"It can investigate options hands-on (benchmark tools, test APIs, read docs) and deliver a defensible technical recommendation, but it lacks the organizational context, stakeholder relationships, and accountability needed for consequential strategic or business-restructuring advice that no one re-checks.",medium,
12,64,2,1.0,"The system only reads issues and writes code patches validated by tests; it has no counterpart to persuade and performs no persuasive act, so it does nothing for this activity even at level 1 (a PR description at most documents, not convinces).",high,
12,59,1,3.5,"It reliably translates technical artifacts (stack traces, diffs, test failures, code behavior) into clear explanations, but its interpretations of ambiguous or cross-domain information are confidently stated yet unverified, so consequential level-4+ interpretation cannot be left unsupervised.",medium,
9,68,2,1.0,"A transcription pipeline produces text and performs no interpersonal encouragement, trust-building, or team leadership at all, so it does nothing for this activity even at level 1.",high,
2,63,0,1.0,"A game-playing agent acts on a game environment and provides no personal assistance, medical attention, or emotional support to any person, so it does nothing for this activity even at level 1.",high,
1,59,2,1.5,"A search-and-evaluate engine outputs numeric position scores and principal variations oughable to reading off a blood-pressure number, but it does not translate or explain what the information means for a human audience beyond that raw readout.",high,
10,61,1,4.0,"It can autonomously draft and actually send standard, templated external communications (customer support replies, service information, routine vendor/API correspondence), but official public or regulatory representation such as press releases, negotiations, or sensitive complaint handling carries reputational and legal exposure that requires human sign-off, and the agent cannot reliably judge tone, disclosure limits, or when to escalate.",medium,
10,64,0,3.5,"It can autonomously generate and push personalized outreach, follow-ups and scripted pitches at scale, but sustaining a live persuasive exchange to an actual purchase or commitment — reading objections, adapting, and staying within compliance/misrepresentation limits — still requires human ownership, so it falls short of reliably delivering standard sales pitches unsupervised.",medium,
11,62,1,1.0,"A mathematical reasoning system produces derivations and proofs; it holds no persistent relationship with coworkers or clients and at most exchanges pleasantries incidental to a query, so it does not perform relationship-building work above the level-1 anchor.",high,
11,61,2,1.5,"The system's function is deriving answers to formal problems, not representing an organization externally; at most its written solutions could be passed to an outside inquirer, and it neither manages the external relationship nor tailors messaging for public or customer audiences.",high,
3,73,0,1.5,"Object labeling can at best classify or index scanned documents for filing, but it cannot fill in, verify, or process forms end-to-end, which is what even the level-2 anchor requires.",medium,
2,59,1,1.0,"The agent converts perception into actions in the game and produces no explanation or translation of information for any human audience, so it does not perform this activity even at the level-1 anchor.",high,
12,61,1,1.5,"The agent's outputs are patches, commit messages and issue/PR comments aimed at the codebase and its maintainers; it does not represent the organization to customers, the public, or government, and any externally visible text it writes is incidental and reviewed before it stands as the organization's voice.",high,
7,67,1,2.0,"Without tools or authority it can only draft handoff notes and task lists on request; it cannot assign work to real people, monitor progress, or follow up, which every level above simple information exchange requires.",medium,
9,71,1,1.0,"A transcription pipeline only converts audio to text; it does not assess anyone's developmental needs or deliver instruction, so it performs none of this activity even at the level-2 anchor.",high,
9,67,1,1.0,"A transcription pipeline only converts audio to text; it never assigns tasks, aligns people, or gets a group to work together, so it does not perform the activity even at the level-2 shift-change anchor.",high,
13,70,1,2.2,"It can relay task instructions, restate performance standards, and deliver encouraging or corrective feedback in dialogue, but it has no organizational authority, no independent observation of actual work performance, and no accountability for personnel decisions, so it cannot be substituted for even a small-team supervisor.",medium,
13,71,1,3.5,"It can explain procedures, diagnose misconceptions in dialogue, and deliver tutoring-style instruction, but it cannot observe a learner's actual on-the-job performance, sustain a longitudinal developmental relationship, or hold anyone accountable, which the level 4-6 anchors require.",medium,
12,73,1,1.5,"The system's scope is limited to locating code and producing test-passing patches; its only administrative output is incidental repository bookkeeping (commit messages, PR/changelog text), and it has no access to or accountability for organizational forms, records systems, or filings beyond the codebase.",medium,
8,73,2,1.4,"A translation model only converts text between languages; it does not maintain files, populate or route forms, or execute any paperwork process, so it barely touches even the level-2 anchor of completing routine standard forms.",high,
7,65,0,2.5,"It can compose apologies and de-escalating replies to routine complaints, but it holds no authority, stake, or accountability in a live negotiation, so it cannot be trusted unsupervised to actually bring real parties to a binding agreement (level 4+).",medium,
1,70,1,1.0,"A game-playing search agent has no subordinates, no performance standards, and no capacity to guide or monitor people; it does nothing for this activity even at level 1.",high,
4,61,1,2.2,"It can produce image-grounded answers to an outside party's question (e.g., 'what does this photo show?'), but it has no organizational context, no accountability for representations made on the firm's behalf, and hallucination risk makes unsupervised customer-facing statements unsafe, so it never reaches standard presentations of services (4).",medium,
6,67,2,1.0,"The system only answers questions about a supplied passage; it has no agency, no channel to people, and no ability to assign or align others' work, so it performs none of this activity even at level 1.",high,
3,65,0,1.0,"An image-labelling model has no language, social, or interactive capability whatsoever, so it cannot handle a complaint or negotiate even at the level-2 apology anchor.",high,
6,59,2,3.5,"It can accurately locate and restate what a supplied passage means in plain terms, but level-4-style interpretation (e.g. applying tax statutes to a specific export situation) requires outside domain expertise and carries advice-grade consequences where its occasional misreadings of dense, ambiguous, or cross-referencing text must be checked by a human.",medium,
3,74,0,1.0,"An object-labelling vision model performs no part of recruiting, interviewing, selecting, or hiring; it does nothing for this activity even at level 1.",high,
9,74,2,1.0,"A speech-to-text pipeline only produces transcripts; it performs no recruiting, interviewing, selection, hiring, or promotion decisions at all.",high,
2,68,2,1.0,"A game-playing agent coordinates its own actions with teammates but does no interpersonal encouragement, trust-building, or morale work with human team members, so it does not perform even the level-1 anchor.",high,
5,70,1,1.0,"An image synthesis model has no subordinates, no channel for setting or monitoring performance standards, and performs no part of supervisory guidance even at the backup-supervisor level.",high,
3,69,1,1.0,"A vision model that outputs object labels performs no identification of learners' educational needs, no curriculum development, and no instruction, so it does not perform the activity even at level 1.",high,
7,74,0,2.5,"It can draft postings, interview guides, and summarize application text, but cannot conduct live interviews, verify candidate claims, or bear the legal and bias risk of unsupervised screening or hiring recommendations at the level-4 anchor.",medium,
7,66,0,2.5,"It can sustain polite, fluent text exchanges with the public but has no physical presence, no ability to complete transactions or handle goods, and no reliable grounding in customer/account facts, so unsupervised front-line service beyond scripted greeting-and-FAQ chat risks hallucinated commitments.",medium,
10,63,2,4.0,"It can research and book lodging or handle digital errands for someone, but everything above roughly level 4 requires physical presence, hands-on personal or medical care, and accountable judgment about a person's wellbeing, which a digital agent cannot provide.",medium,
9,65,2,1.0,"A transcription pipeline only converts audio to text; it takes no part in handling complaints, settling disputes, or negotiating, not even the level-2 apology.",high,
9,73,1,1.8,"The pipeline only converts speech to text; it does not itself maintain files, populate or verify standard forms, or route paperwork, and dictated transcripts still need human correction before they can stand as an official record.",medium,
4,72,2,2.3,"It can answer questions and offer simple observations about what an image shows, but consultation at level 4+ requires integrating organizational context, cost/process constraints and accountable recommendations that a single-image question-answering model has no access to and cannot be trusted to get right unsupervised.",medium,
3,62,0,1.0,"A vision model that outputs object labels has no social interaction capability at all — it cannot even exchange greetings, let alone build or sustain working relationships.",high,
5,59,2,2.0,"It can render information into a simple illustrative visual form, but it does not verify or explain what information means \u2014 outputs carry no accountable interpretation and frequently contain garbled text, invented labels and wrong relational detail, so any explanatory use needs human checking.",medium,
6,71,1,1.3,"The system only answers questions about a supplied passage; it does not observe a learner, diagnose developmental needs, or deliver or adapt instruction, so even the level-2 anchor of showing a coworker how to operate equipment is out of reach beyond passively supplying passage-based answers.",high,
11,67,1,1.0,"The system derives answers to formal problems and has no channel to direct, schedule, or motivate other workers, so it performs no coordination even at the shift-change-handoff level.",high,
6,62,2,1.0,"A passage-question answering system has no persistent counterparty, no social continuity, and no stake in relationships—it cannot even sustain a greeting exchange as a working relationship, let alone build cooperation over time.",high,
12,65,2,1.0,"The system patches code against automated tests and has no counterparty, interpersonal exchange, or stake-balancing role, so it performs no conflict resolution or negotiation even at the level-2 anchor.",high,
11,61,0,1.3,"The system derives solutions to formal problems; it has no role representing an organization to customers, the public, or government, and cannot be accountable for external-facing communication.",high,
8,70,2,1.0,"A translation model has no subordinates, sets no performance standards, and performs no supervisory monitoring — it does nothing for this activity even at level 1.",high,
13,62,1,3.0,"It sustains courteous, rapport-building exchanges and some continuity via stored memory, but lacks the persistent accountability, stake, and conflict-repair capacity needed to genuinely maintain working relationships with clients and colleagues over time (level 4+), let alone win over hostile parties.",medium,
1,65,0,1.0,"A perfect-information game-playing engine has no interlocutor, no communication channel, and no model of human interests or grievances, so it performs none of this activity even at the level of apologizing to a complainant.",high,
5,71,1,1.2,"An image generator cannot assess anyone's developmental needs or interact to instruct; at most it produces visuals that a human trainer might use, falling short even of demonstrating equipment operation to a coworker.",high,
3,64,0,1.0,"An image-labelling model produces object categories, not persuasive communication, so it performs no part of convincing others even at the level of persuading a coworker.",high,
11,64,2,1.2,"The system only derives and justifies formal results; it does no interpersonal persuasion, has no read on another party's motives or objections, and cannot conduct a negotiation or pitch, so it barely reaches the level-1 anchor of talking someone into a small favor.",high,
5,73,1,1.0,"An image synthesis model neither maintains information files nor processes paperwork; it produces pictures and cannot read, file, verify or act on administrative records, so it does nothing for this activity even at level 1.",high,
13,72,0,3.6,"It can deliver fluent, well-informed guidance on generic or well-scoped technical questions, but it cannot independently gather and verify an organization's actual constraints, data, and politics, so consequential recommendations (the level-4 software choice and above) still require a human expert to vet and own them.",medium,
1,64,2,1.0,"A game-playing search agent produces board moves, not communication aimed at changing another person's mind or actions; it performs no persuasion even at the level-1 anchor.",high,
9,65,1,1.0,"Transcription produces text from audio but takes no position, makes no concessions and reaches no agreement, so it does not perform even the level-2 act of apologizing to a complaining customer.",high,
4,59,0,3.0,"It can read and explain straightforward visual content (gauges, charts, diagrams, labels) but hallucinates fine detail and lacks the domain grounding and accountability needed for consequential interpretation like level-4 regulatory or diagnostic analysis.",medium,
12,62,2,1.2,"The agent only reads issues and emits patches; at most it produces polite PR text, but it holds no persistent social context and builds no ongoing cooperative relationship with coworkers or clients.",high,
13,65,2,2.8,"It can apologize, de-escalate and settle routine complaints within pre-set policy limits, but has no standing, authority, or accountability to make binding concessions or broker agreement between two parties with real stakes, so anything past scripted grievance-handling requires human sign-off.",medium,
12,70,0,1.0,"The application patches code autonomously and has no subordinates, no authority to set performance standards, and no capacity to monitor or motivate human staff.",high,
7,68,0,1.5,"It can draft encouraging or motivating messages and describe team-building tactics, but has no standing relationship, presence, or accountability with team members, so it cannot actually build trust or cooperation beyond the simplest scripted encouragement.",high,
13,64,2,4.2,"It can reliably deliver scripted or lightly adaptive pitches and handle routine objections in dialogue, but cannot own the multi-session relationship building, stakeholder negotiation, incentive/pricing authority and long-horizon strategy that level 5-6 persuasion requires, and its unverified claims create misrepresentation risk needing oversight in high-stakes deals.",medium,
12,60,1,3.5,"It reliably produces written artifacts around its own work (commit messages, PR descriptions, issue comments, code review replies) but does not participate in the interactive, multi-party, organizational communication — status reporting on ambiguous situations, escalation, meetings, presentations — that levels 4 and above describe, and its summaries can misstate what the patch actually does without anyone noticing.",medium,
1,67,0,1.0,"A game-playing agent coordinates only its own pieces within fixed rules; it does not interact with or direct human group members, so it performs none of this activity even at level 1.",high,
6,70,2,1.0,"The system only answers questions about supplied text; it has no subordinates, no authority, and no capacity to set standards, monitor performance, or motivate anyone, so it performs none of this activity even at level 1.",high,
10,59,0,4.5,"It can retrieve, translate and explain technical or regulatory information fluently and with citations, but its interpretations still carry unverifiable hallucination and misapplication risk, so consequential readings (e.g. how foreign tax law applies to a specific export) require expert sign-off rather than standing on their own.",medium,
11,60,1,3.5,"It can produce clear written explanations and summaries of its own derivations (notes, technical write-ups), but it has no organizational context, no awareness of who needs what, and cannot be accountable for briefing a supervisor or producing structured presentations of institutional information.",medium,
1,63,1,1.0,"A game-playing search agent provides no personal assistance, emotional support, or care to any person; it only selects moves in a closed rule system.",high,
1,64,1,1.0,"A perfect-information game engine selects moves under fixed rules and never communicates with or attempts to change the mind of any person, so it performs no selling or influencing at all, even at level 1.",high,
13,75,0,1.8,"A dialogue system can log, recall, and report resource details that are stated to it in conversation, but it has no independent access to inventories, accounts, or spending authority, so it cannot verify stock, place orders, or be held accountable for money beyond level-2-style clerical tracking of what someone tells it.",medium,
9,72,0,1.0,"A transcription pipeline only converts audio to text and generates no guidance, recommendations, or expert judgment for others to act on.",high,
1,73,2,1.0,"A board-game agent operates only over fixed game states and has no capacity to handle forms, files, or paperwork of any kind, so it performs nothing of this activity even at level 1.",high,
2,63,1,1.0,"A game-playing agent acting in a simulated environment provides no personal assistance, medical attention, or emotional support to any person, so it does nothing for this activity even at level 1.",high,
4,68,0,1.0,"Answering questions about images involves no interpersonal engagement, so the system cannot even perform the level-1 act of encouraging coworkers, let alone build trust within a team.",high,
3,71,1,1.0,"A trained vision model only outputs object labels for images; it cannot assess another person's developmental needs, demonstrate, instruct, or give feedback, so it performs none of this activity even at the level-2 anchor.",high,
7,70,2,1.5,"A text-only model can draft performance standards, feedback, and motivational messages, but it cannot observe actual subordinate performance, hold delegated authority, or bear accountability for direction given, so it never performs even the level-2 backup-supervisor role unsupervised.",high,
5,65,1,1.0,"An image synthesis model has no channel for interpersonal dialogue, complaint handling, or bargaining, so it performs none of this activity even at the level of apologizing to a customer.",high,
9,66,1,1.2,"The system only converts audio to text; it neither greets, serves, nor responds to people, so it cannot substitute for even a toll-booth attendant's minimal public interaction without a separate dialogue and service layer.",high,
11,67,2,1.0,"The system solves formal reasoning problems and has no role in directing, scheduling, or getting people to work together — it cannot even reliably perform a shift-change information handoff as an accountable actor.",high,
2,71,2,1.2,"The agent only plays the game; it does not assess anyone's developmental needs or deliver instruction, at best serving as a demonstration or sparring opponent from which a human might infer lessons.",high,
12,72,0,2.5,"The system's output is a patch plus at most a technical rationale for it; it does not gather organizational context or take responsibility for recommendations to management, so it falls short of the level-4 anchor of advising a group to adopt a tool for operational gain.",medium,
3,72,2,1.0,"A trained vision model only outputs object labels for images; it does not formulate guidance, recommendations, or expert advice to any audience.",high,
12,71,0,1.3,"The system's defined loop ends at a passing patch with no human in the loop, so it never assesses anyone's developmental needs or delivers instruction; at most its diffs incidentally demonstrate a fix, falling short of even the level-2 anchor of deliberately showing a coworker how to do something.",high,
2,66,2,1.0,"The agent acts on a game environment, not on people; it serves no customers, receives no guests, and has no channel for public-facing interaction even at the toll-booth level.",high,
7,70,1,1.5,"The model can draft coaching language, feedback, and performance-standard text, but with no channel to observe subordinates' actual work, no standing authority, and no accountability for outcomes, it cannot itself direct or monitor real people even as an occasional backup supervisor.",high,
4,60,0,2.3,"It can reliably emit brief, note-level written statements of what an image shows, but it has no organizational context, audience awareness, or accountability to compose and stand behind a substantive report to a supervisor or peers, and its detail errors would go unchecked.",medium,
8,72,2,1.3,"A translation model only re-renders someone else's content in another language; it originates no technical judgment or recommendation of its own, so it barely engages advising beyond passively conveying an expert's words.",high,
1,62,2,1.0,A board-game search agent has no social interaction channel at all\maintain any working relationship; it does nothing for this activity even at level 1.,high,
9,64,1,1.0,"A transcription pipeline only converts audio to text; it forms no persuasive intent or argument and cannot convince anyone of anything, so it does not perform this activity even at level 1.",high,
7,70,0,1.8,"It can draft performance standards, feedback, and motivational messaging, but has no authority, no persistent relationship with subordinates, and no ability to observe or monitor actual performance, so it cannot stand in even for an occasional backup supervisor.",high,
3,61,0,1.0,A vision model outputs object labels and has no capacity to represent the organization or exchange information with external parties in any medium.,high,
11,70,1,1.0,"The system derives answers to formal problems and has no subordinates, no authority to set performance standards, and no capacity to monitor or motivate human staff.",high,
5,74,0,1.0,"An image synthesis model cannot recruit, interview, evaluate, or select people; it performs no part of staffing even at the lowest anchor.",high,
8,63,1,1.8,"It can furnish a translated text that helps someone complete a task, but it provides no personal, physical, emotional or medical care and cannot assess or respond to a person's actual needs, so anything above the level-2 anchor is out of reach.",high,
13,63,0,3.5,"It can give information, guidance, and emotional support in dialogue, but cannot perform any physical or hands-on care, and unsupervised support in high-stakes emotional or medical situations (crisis, triage) is unsafe and prone to confident errors.",medium,
5,72,0,1.3,"The model only synthesises pictures from a prompt; it cannot assess a client's technical or process situation, weigh options, or deliver and defend a recommendation, so beyond supplying a visual that a human advisor might use as illustration it performs no advising.",high,
12,67,0,1.2,"The system works solo on a codebase and has no mechanism for getting people (or other agents) to align on shared tasks; at most its patch descriptions and commit messages passively convey status, falling short of even the level-2 shift-change handoff.",high,
3,63,2,1.0,"Labelling objects in images provides no personal assistance, physical care, or emotional support to any person; even the level-2 anchor requires interacting with and helping another person complete work.",high,
10,60,1,4.2,"It reliably drafts and delivers written status reports, summaries, and emails about its own work and findings (level ~4), but its self-reports are known to overstate completion and it lacks the organizational standing, verified internal knowledge, and accountability needed for higher-level communication such as authoritative policy briefings or produced presentations.",medium,
9,67,0,1.0,"A transcription pipeline only converts audio to text; it never directs, assigns, or aligns any group's work, so it performs none of the coordinating activity even at the shift-change-handoff level.",high,
10,75,1,3.0,"It can reliably track and report digital resource usage, flag budget overruns, and draft orders, but committing real spend or making demand-forecast purchasing judgments (level 4+) carries financial consequences that firms gate behind human approval, and it lacks reliable grounding in off-system realities (actual stock, vendor reliability, seasonal demand).",medium,
13,73,0,2.3,"Dialogue can elicit and transcribe information into standard routine forms and logs, but the system has no reliable record-keeping, calculation, or verification capability, so consequential paperwork like tax filings (level 4) cannot be left unsupervised.",medium,
13,72,1,4.0,"It can articulate well-reasoned technical or tool-level recommendations from what it is told, but lacks verified access to an organization's actual data, politics and constraints — and no accountability for outcomes — so consequential strategic or restructuring advice still requires an expert to own and vet it.",medium,
8,71,0,1.0,"A translation model only converts text between languages; it does not assess anyone's developmental needs or provide instruction, feedback, or mentoring, so it performs none of this activity even at the level-2 anchor.",high,
11,66,1,1.0,"A formal-reasoning solver has no customer-facing role: it neither receives nor serves people, so it performs none of this activity even at the toll-booth level.",high,
9,69,0,1.0,"A transcription pipeline only converts audio to text; it never assesses learners' needs, designs instruction, or delivers teaching, so it performs none of this activity even at the level of relaying a brief procedural instruction.",high,
13,74,2,3.0,"It can autonomously run structured screening dialogues (collecting qualifications, answering candidate questions, scheduling) but cannot be left to evaluate candidates and issue hiring recommendations, since selection decisions carry discrimination/legal liability and require human accountability plus non-conversational judgment about fit and organizational need.",medium,
3,70,2,1.0,"A trained vision model only assigns labels to image content; it cannot set performance standards, monitor human subordinates, or provide direction, so it performs none of this activity even at the backup-supervisor level.",high,
8,65,1,1.5,"A translation model only re-renders text supplied to it; it has no stake, no interlocutor model and no authority, so it can convey an apology or an offer across languages but cannot itself handle a complaint, judge concessions, or reach an agreement.",high,
11,63,0,1.5,"A formal-reasoning solver provides no personal, emotional, or physical care; at best it helps a coworker with a technical assignment, and it cannot perceive or respond to people's needs at all.",high,
10,65,1,2.5,"It can autonomously handle scripted complaint workflows (apologize, issue a refund, reschedule, escalate) but cannot be trusted unsupervised with disputes where it must read parties' interests, build trust, and commit an employer to a concession.",medium,
8,64,1,1.5,"A translation model only re-renders persuasive content authored by someone else; it never selects an audience, forms an argument, reads reactions, or takes responsibility for changing anyone's mind, so it barely exceeds the level-1 anchor even when faithfully carrying a pitch across languages.",high,
2,66,1,1.3,"The agent interacts only with a game environment, not with people: it does not serve, receive, or respond to customers, guests, or an audience, so beyond the incidental spectacle of a publicly watched match it performs none of this activity.",high,
4,72,1,2.3,"It can only ground suggestions in what a single image shows, lacking organizational context, verification, and accountability needed for the technical or process recommendations described at level 4 and above.",medium,
4,67,2,1.0,"A model that answers questions about images has no agency over people, no task assignment or scheduling capability, and no persistent role in a group, so it does not perform even the level-2 shift-handoff coordination.",high,
4,62,0,1.0,"A model answering questions about images has no persistent identity, social stake, or ongoing interaction with colleagues, so it does not build or maintain working relationships even at the greeting level.",high,
9,71,0,1.0,"A speech-to-text pipeline only converts audio to text; it identifies no developmental needs and delivers no coaching or instruction, so it performs none of this activity even at level 1.",high,
2,70,0,1.0,"A game-playing agent issues no guidance to human subordinates, sets no performance standards, and does no performance monitoring of people; commanding in-game units is not supervision of personnel.",high,
11,75,0,1.3,"A derivation engine has no persistent view of real inventories, spend, or budgets and takes no custodial or purchasing action, so it cannot even sustain level-2 tracking of a stock of physical items; it only performs arithmetic on numbers a human supplies.",high,
13,72,2,4.2,"It can articulate well-reasoned, fluent recommendations on generic technical or process questions, but it lacks verified access to the organization's actual data, constraints and politics, cannot be held accountable for consequential strategic advice, and can state confident but fabricated specifics about products or regulations.",medium,
13,59,1,4.5,"It fluently renders complex material for lay audiences, but authoritative interpretations that carry legal, medical, or financial consequence (the level-4 tax-law anchor) require verified, current domain facts and accountability that a system prone to confident hallucination cannot be left to supply unsupervised.",medium,
10,59,2,4.2,"It can retrieve sources and produce fluent, usually-correct explanations, but for specialist high-stakes interpretation (regulatory, legal, clinical, frontier-technical) it still fabricates or subtly misreads authorities and cannot be held accountable, so a human expert must sign off.",medium,
12,61,2,1.5,"The agent's outputs are patches, commit messages and PR/issue comments aimed at maintainers and tooling, not deliberate representation of the organization to customers, the public, or government; it never initiates or owns external-facing communication.",high,
7,62,0,2.5,"It can produce courteous, rapport-building text and sustain a cordial exchange within a single conversation, but with no persistent memory, no stake in outcomes, and no accountability it cannot actually build and maintain working relationships with specific coworkers and clients over time.",medium,
1,65,1,1.0,"A perfect-information game engine has no model of human interests, emotions, or communication, and performs no complaint handling, dispute settlement, or negotiation with people at all.",high,
2,75,2,2.5,"The agent allocates and tracks resources only inside a closed simulated economy (minerals, supply, ammo, cooldowns) with no real money, vendors, forecasting from external demand, or accountability, so it cannot substitute for even a chef-level purchasing role.",medium,
2,62,2,1.0,"A game-playing agent optimizes actions in an environment and has no persistent social identity, communication with human colleagues, or capacity to build and sustain cooperative relationships over time — even the level-1 anchor of exchanging greetings is outside what it does.",high,
8,73,0,1.5,"A translation model only converts text between languages; it does not maintain files, track records, or actually process or submit paperwork, so it contributes only incidental language rendering to even routine form completion.",high,
12,67,1,1.0,"The system works solo on an issue-to-patch pipeline with no other agents or people to direct, so it performs no coordination at all 	ype information exange level.",high,
5,68,2,1.0,"An image synthesis model has no interpersonal agency, no persistent relationship with team members, and cannot encourage, mediate, or build trust among people, so it does not perform this activity even at the level 1 anchor.",high,
7,64,0,4.0,"It can compose and deliver standard, fluent persuasive pitches and arguments, but without tools it cannot ground claims in verified product or market facts, read a live counterpart's stakes over a sustained negotiation, or own the strategy and execution of a campaign in a new market.",medium,
6,69,1,2.0,"It can only explain or answer questions about a supplied passage ""e.g., relaying what a procedural document says""; it cannot assess learners' educational needs, design a curriculum, or sustain and adapt instruction over a course.",medium,
1,69,2,1.2,"The agent only selects and evaluates moves; it does not assess a learner's needs, explain reasoning, or deliver instruction, so even the level-2 anchor of giving brief procedural instructions is not met (any pedagogical value comes from a human interpreting its output).",high,
9,66,0,1.0,"The system only converts speech to text and never interacts with, serves, or performs for a person, so it does not carry out even routine public-facing contact like tending a toll booth.",high,
2,73,2,1.0,"A game-playing agent acting in a game environment produces no filed information or processed paperwork, so it does not perform even routine form completion.",high,
8,61,2,2.8,"It only re-renders text someone else authored, so it can carry routine written exchanges across a language barrier but cannot decide what to say, tailor a message to an external audience, or take responsibility for representing the organization, and public-facing or legal wording still needs human review for register and factual slips.",medium,
2,74,0,1.0,"A game-playing agent performs no recruiting, interviewing, selection, or hiring activity whatsoever; it acts only within a game environment.",high,
2,71,1,1.0,"The agent only selects actions to play the game; it does not assess anyone's developmental needs or deliver instruction, so it performs no part of coaching even at the level-2 anchor of showing a coworker how to operate equipment.",high,
1,59,1,1.3,"The engine outputs a move and a numeric evaluation (a reading a human must interpret), but it produces no natural-language translation or explanation of what a position means or how the information can be used, so it cannot perform explanatory interpretation beyond the simplest 'report the score' level.",high,
4,69,2,2.2,"It can answer image-grounded questions and give short explanatory pointers (roughly a brief procedural instruction), but it does not assess learners' educational needs, sequence curriculum, or conduct sustained instruction, and its visual groundings can be confidently wrong without supervision.",medium,
4,61,0,2.5,"It can produce accurate written answers to a narrow class of image-grounded external inquiries, but it has no organizational context, no accountability for how it represents the organization, and cannot deliver standard service presentations or handle open-ended external exchanges unsupervised.",medium,
11,73,1,1.0,"The system derives answers to formal mathematical and scientific problems and has no capacity to maintain information files, handle forms, or process paperwork, so it performs none of this activity even at level 1.",high,
8,68,1,1.0,"A translation model produces text and has no capacity to build trust, respect or cooperation among team members, which requires ongoing interpersonal relationships and social agency it does not possess.",high,
6,62,1,1.0,"The system only answers questions about a supplied text and has no persistent identity, social interaction, or ongoing counterpart, so it cannot develop or maintain working relationships even at the greeting level.",high,
13,66,0,3.5,"It handles routine public-facing dialogue (reception, order-taking, tier-1 support, booking) unsupervised, but cannot manage the embodied side of serving guests, nor reliably carry the persuasive, rapport-building and escalation-handling load of a commissioned salesperson (level 4) or the live performance demands of level 6.",medium,
1,61,0,1.0,"A game-playing search agent produces moves, not external communication; it has no capacity to represent an organization to customers, the public, or media.",high,
6,59,1,3.4,"It can reliably locate and combine evidence in a supplied passage to explain what the text says, but level 4-style interpretation (applying supplied rules to a novel, consequential real situation like foreign tax treatment of exports) requires unstated domain knowledge and judgment where its plausible-sounding misreadings would need expert review.",medium,
8,68,2,1.0,"A translation model only converts text between languages; it holds no relationship with team members and cannot encourage, build trust among, or motivate anyone, so it does not perform this activity even at the level-1 anchor.",high,
4,69,0,2.0,"It can answer a question about what an image shows — enough to substitute for a brief pointed explanation or procedural pointer — but it has no capacity to assess learners' needs, sequence lessons, adapt to a class, or build a curriculum, and its answers are not reliable enough to be the sole instructor of anything consequential.",medium,
12,71,1,1.2,"The system autonomously produces code patches and has no interaction aimed at assessing a person's developmental needs or teaching them; any instructional value in its diffs or PR text is incidental and not directed at improving a specific person's skills, falling short of even the level-2 'show a coworker how to operate equipment' anchor.",high,
9,75,2,1.0,"Transcribing speech to text involves no tracking of inventory, spending, or budgets, and the system has no authority or mechanism to allocate or oversee resources.",high,
13,60,2,4.0,"It can fluently relay, summarize and report information it has been given, but it has no independent standing or first-hand access to workplace events and no accountability for accuracy, so higher-level authoritative internal communications (policy presentations, briefings others must rely on) still need a human owner and review.",medium,
7,72,1,3.5,"It can produce fluent, well-organized advisory memos and generic recommendations from information it is given, but without tools or data access it cannot verify facts about actual products, costs, or a client's operations, so consequential recommendations (the level 4+ anchors) still require expert review before anyone acts on them.",medium,
5,64,0,1.5,"It can render persuasive-looking visual assets but conducts no interaction with an audience—no reading of the other party, no argument construction, no adaptive follow-up—so it supplies raw material for persuasion rather than performing it.",medium,
11,69,1,2.5,"It can produce correct step-by-step derivations and explanations that function as ad-hoc instruction on a specific problem, but it does not diagnose learners' educational needs, design or sequence a curriculum, or conduct and adapt a course over time as the level 4+ anchors require.",medium,
12,70,1,1.0,"The system patches code autonomously and has no subordinates to guide, no authority to set performance standards, and no ability to monitor or motivate human staff, so it performs none of this activity even at level 1.",high,
4,66,0,1.5,"VQA can answer a single transactional question a member of the public asks about an image, but it has no capacity for sustained service interaction, rapport, needs discovery, or performance, so it cannot substitute for even routine customer-facing roles.",medium,
9,61,2,1.4,"The pipeline only converts audio to text and never originates, tailors, or takes responsibility for any message representing the organization to an external party, so it cannot perform even routine customer-facing exchanges beyond passively captioning them.",high,
13,69,0,3.5,"It can explain concepts, answer follow-ups, and tutor a single learner through a procedure or topic, but it cannot be handed unsupervised responsibility for a full course — diagnosing educational needs over time, designing and validating curriculum and assessments, and standing behind factual accuracy and student outcomes still require a human instructor.",medium,
12,68,1,1.0,"The system patches code autonomously and has no interpersonal role at all — it does not encourage, build trust among, or lead human team members, so it performs nothing on this activity even at level 1.",high,
4,75,2,1.7,"VQA can only report what it sees in a single image (e.g., counting stock on a shelf); it holds no ledger over time, initiates no reorders, and has no authority over spending, so even the level-2 linen-tracking role is only partially covered.",medium,
8,73,1,1.3,"A translation model only converts text between languages; it does not maintain information files, route or process paperwork, or complete forms with organizational data, so it barely touches even the routine level-2 anchor.",high,
3,73,2,1.5,"A labelling model can at most sort or tag scanned documents/images into filing categories; it cannot fill in, verify, or process forms end-to-end, which is what even the level-2 anchor requires.",medium,
10,68,2,1.2,"Building mutual trust and respect among human team members requires social standing, relationship, and accountability the agent lacks; it can at most send drafted encouragement or coordination messages, not lead or cohere a team.",high,
8,61,1,2.4,"The model only converts text that someone else has authored and directed; it does not initiate contact, decide message content, or bear representational responsibility, so it cannot be trusted unsupervised with outward-facing communications where mistranslated register or nuance would misrepresent the organization.",medium,
7,73,0,2.2,"A tool-less language model can draft or fill routine standard-form text from supplied data, but it cannot maintain persistent files or systems and lacks the arithmetic and verified-record accuracy needed for consequential paperwork like tax forms at level 4.",medium,
10,60,2,4.4,"It can autonomously gather data from tools and produce accurate written status reports, summaries, and emails to colleagues, but it lacks the organizational standing, accountability, and multimodal/interpersonal judgment to author authoritative company-wide communications (e.g., a policy presentation) without human review.",medium,
11,70,0,1.0,"The system derives mathematical and scientific results and has no subordinates, no authority, and no mechanism for setting standards or monitoring people's performance, so it does not perform this activity even at level 1.",high,
3,60,2,1.3,"The model only emits object labels or tags, which at best amounts to a machine-readable note; it cannot compose, address, or tailor a report of substantive content to a person.",high,
6,63,2,1.5,"Answering questions about a supplied passage can marginally 'help a coworker complete an assignment' in a purely informational sense, but the system provides no personal assistance, emotional support, or physical/medical care, so nothing at or above the level-4 anchor is within reach.",high,
4,64,1,1.3,"The system only answers questions about image content; it can at most generate a short persuasive description of a pictured product, and has no capacity to engage a counterpart, read reactions, or carry a pitch through to a changed decision.",high,
11,59,1,5.3,"It fluently and usually accurately translates technical derivations and results into audience-appropriate explanations, but on genuinely novel or research-frontier material it can confidently misstate what a result means or overreach on implications, so unsupervised responsibility for authoritative interpretation (the level-6 anchor) isn't warranted.",medium,
5,73,0,1.0,"An image synthesiser produces pictures, not records: it cannot maintain information files, read or accurately transcribe form data, or process paperwork, and any rendered 'form' is fabricated pixels rather than verifiable entries, so it does not perform even level-2 routine paperwork.",high,
4,74,2,1.0,"Answering questions about image content contributes nothing to recruiting, interviewing, selecting, or hiring people; at most it could read a scanned document, which is not performing the staffing activity.",high,
3,66,1,1.0,"A vision model that labels objects in images performs no interpersonal service, hospitality, or performance function; it cannot receive, serve, or respond to people even at the toll-booth level.",high,
11,75,1,1.0,"The system derives answers to formal problems and has no persistent link to actual inventories, budgets, or spending — it neither tracks nor controls any real resource, so it does not perform the activity even at the level-2 linen-tracking anchor.",high,
8,64,0,1.5,"A translation model only re-renders persuasive content someone else authored; it has no goal of changing anyone's mind, no model of the specific audience or their objections, and no ability to adapt a pitch or close, so it cannot substitute for even routine sales-pitch delivery.",high,
4,59,2,3.0,"It reliably reads and explains what an image or chart shows (gauge readings, simple diagrams, basic trends), but domain-expert interpretation of consequence — applying regulatory, clinical, or technical frameworks to what it sees — is hallucination-prone and cannot be left unsupervised.",medium,
2,68,0,1.0,"A game-playing agent coordinates its own policies with teammates mechanically but does not encourage, motivate, or build trust and respect among human team members, so it performs nothing of this activity even at the level-1 anchor.",high,
8,74,0,1.0,"A translation model renders text between languages and performs no recruiting, interviewing, selecting, hiring, or promotion decisions at all; at most it translates documents used by others who staff the unit.",high,
13,75,1,2.0,"A dialogue system can note and recall quantities or costs mentioned in conversation, but it has no verified access to actual inventory or accounts and no authority or accountability for committing spend, so decisions like a chef's ordering (level 4) or budget control (level 6) cannot be left to it unsupervised.",medium,
3,66,2,1.0,"The model only assigns labels to image content and has no channel for interacting with, serving, or performing for people, so it does not perform even the toll-booth-level public-facing activity.",high,
12,65,1,1.0,"The system works alone on issue-to-patch code tasks with no human counterpart, so it never handles complaints, disputes, or negotiations at all.",high,
7,73,1,2.3,"Without tools or system access it cannot maintain actual files or submit paperwork; it can only draft/fill text-form content, and accuracy-critical, rule-current work like tax forms (level 4) is unreliable and consequential enough to require review.",medium,
13,61,2,4.2,"It handles routine external exchanges and standard descriptions of services, but hallucination and commitment risk (binding statements, complaints, media/regulator-facing communication) mean anything with reputational or legal consequence still needs human sign-off, so level 6-type representation of the organization is not attained.",medium,
1,70,2,1.0,"A board-game search agent has no subordinates, no performance-standard setting, and no channel for guiding or motivating people; it does nothing for this activity even at level 1.",high,
7,69,1,3.5,"It can draft lesson content, explanations, and syllabi and tutor responsively in text, but cannot assess and diagnose a specific learner's or group's needs over time, verify factual accuracy without tools, or be trusted to deliver and grade a full course for students unsupervised.",medium,
10,70,0,2.2,"It can decompose work, delegate to sub-agents/tools and monitor their output against a spec, but it has no authority, accountability or interpersonal read on human subordinates, so it cannot set and enforce performance standards or motivate people even at a small-team supervisory level.",medium,
4,59,1,3.0,"It reliably reads and explains what is depicted in an image (gauges, charts, signs, simple diagrams) but its interpretations are confined to visible content, are prone to confident misreadings of fine detail, and it cannot be trusted unsupervised with specialist domain interpretation like the level-4 tax-law anchor or consequential medical/technical readings.",medium,
1,59,0,1.3,"The agent outputs moves and numeric position evaluations rather than explanations; translating a board state into a score is at most a level-1-style readout, and it cannot articulate what the information means or how it can be used for an audience.",high,
5,63,0,1.0,"An image generator produces pictures and provides no personal assistance, physical care, or emotional support to a person; it cannot even reliably perform the level-2 anchor of helping a coworker complete an assignment except incidentally as a tool.",high,
4,64,2,1.2,"The system only answers questions about image content; it has no persuasive goal, no model of the other party's interests, and no ability to conduct a negotiation or pitch, so it cannot even reliably talk a coworker into helping.",high,
1,74,2,1.0,"A board-game search agent has no capacity to recruit, interview, or select people; it operates only over fixed-rule game states and does nothing for this activity even at level 1.",high,
2,75,0,2.0,"The agent allocates only in-game virtual resources (minerals, ammo, unit counts) within a closed simulated economy, comparable to simple inventory tracking, and has no representation of real money, procurement, vendors, or accountability for actual organizational spending.",medium,
8,69,2,1.2,"A translation model only converts text between languages; it does not assess learners' educational needs, design curricula, or instruct anyone, so it performs essentially none of this activity beyond passively rendering someone else's training material.",high,
6,74,2,1.5,"The system only answers questions about supplied text, so at most it extracts stated qualifications from a resume or job posting; it cannot recruit, interview, evaluate candidates, or bear responsibility for legally consequential hiring and promotion decisions.",high,
5,72,2,1.5,"The model only synthesises pictures from prompts; it cannot assess an organization's technical or process context, justify a recommendation, or be accountable for advice, so it contributes at most visual concept options that a human must interpret and present.",high,
6,75,2,1.2,"The system only answers questions about a supplied passage; it has no ability to track actual inventories, authorize or oversee spending, or take any resource-controlling action, so even the level-2 housekeeper's linen count is beyond it except as passive extraction of numbers already written in a text.",high,
3,65,2,1.0,"A vision model that outputs object labels performs no interpersonal communication, complaint handling, or negotiation at all, so it does not perform this activity even at the level 2 apology anchor.",high,
6,65,2,1.0,"The system only answers questions about a supplied passage; it has no counterparty interaction, stake-holding, or authority to concede or commit, so it performs no part of handling complaints or negotiating even at the level-2 apology anchor.",high,
2,67,0,1.5,"The agent coordinates its own units or in-game teammates through implicit, learned policies within a closed simulated environment, but cannot communicate assignments, direct people, or take responsibility for organizing real human groups even at the level-2 'exchange information at shift change' anchor.",high,
1,72,2,2.0,"It can output an authoritative recommended move/evaluation within a closed rule system, but it cannot elicit a client's goals, weigh context or tradeoffs, or advise on any technical, systems, or process question outside the game board.",high,
9,69,2,1.0,"A transcription pipeline only converts speech to text; it does not assess learning needs, design instruction, or teach anyone, so it performs none of this activity even at the level-2 anchor.",high,
9,59,1,1.5,"The pipeline converts speech to text verbatim — a modality transcoding that at best mimics the simplest 'make information accessible' task — but it performs no explanation of what information means or how it can be used, so it cannot reach even level-1-plus interpretive tasks reliably.",high,
4,66,1,1.5,"It answers isolated image questions as a backend perception component and can sustain only simple, single-turn service exchanges (e.g., describing a photo for a user), with no capacity for the sustained rapport, needs-elicitation, upselling, or complaint handling implied by level 4, let alone performance.",medium,
6,68,2,1.0,"A passage question-answering system has no interpersonal presence, ongoing relationship with team members, or ability to motivate people, so it cannot even perform the level 1 anchor of encouraging two coworkers.",high,
6,60,0,2.3,"It only emits short answers about a passage it is handed; it cannot participate in workplace exchanges, judge what is salient enough to report, or be accountable for a substantive report like level 4's sales-meeting summary.",medium,
9,69,1,1.0,"A transcription pipeline only converts speech to text; it does not assess learning needs, design instruction, or teach anyone, so it performs none of the activity even at the level-2 anchor of giving coworkers brief procedural instructions.",high,
8,59,2,3.4,"It reliably conveys meaning across languages for general and moderately technical text, but it only re-expresses content rulerule it cannot supply the domain reasoning the level-4+ anchors require (e.g., judging how foreign tax rules apply to a specific export), and its occasional silent mistranslations in legal/medical material still demand human verification.",medium,
8,62,0,1.0,"A translation model produces text and has no persistent identity, stake, or ongoing interaction with colleagues, so it can at most render a greeting and cannot build or sustain working relationships over time.",high,
5,62,0,1.0,"An image synthesis model has no sustained interlocutor, social memory, or relational stake; it cannot even perform the level-1 act of exchanging greetings with a coworker, let alone build cooperative relationships over time.",high,
8,66,0,1.5,"A translation model only converts text between languages; it does not receive, serve, or perform for people, so beyond enabling minimal scripted informational exchange it performs none of the interpersonal service or presence this activity requires.",high,
5,70,0,1.0,"An image synthesis model has no subordinates, no channel for setting or monitoring performance standards, and no capacity to direct or motivate people, so it does not perform this activity even at level 1.",high,
7,65,1,2.5,"It can compose apologies, complaint responses, and suggested compromise language fluently, but as a text generator without standing, authority, accountability, or the ability to hold a live multi-party negotiation to a binding outcome, it cannot be substituted for a person actually settling a dispute between real parties.",medium,
5,60,2,2.0,"It can synthesise a visual that conveys simple, generic information (an illustration or simple poster standing in for a brief note), but it has no access to organizational facts, no addressee awareness, and unreliable text rendering, so it cannot report actual results or convey internal policy content to colleagues.",medium,
5,74,1,1.0,"An image synthesis model performs no part of recruiting, interviewing, selecting, or hiring people; it produces pictures and cannot evaluate or engage candidates at all.",high,
11,69,0,2.5,"It can produce clear worked derivations and explanations that function as ad hoc instruction, but it does not diagnose learners' educational needs, build curricula, or conduct sustained courses, so it stops well short of the level-4 teaching anchor.",medium,
10,67,1,3.0,"It can reliably dispatch subtasks to sub-agents/tools, relay status and handoff information, and keep a workflow sequenced, but it has no authority over or accountability to human workers and cannot handle the on-the-fly reassignment, persuasion, and judgment needed to marshal a real crew (level 4).",medium,
6,68,0,1.0,"The system only extracts and combines evidence from a supplied passage; it has no ongoing relationship with team members and performs no interpersonal encouragement or trust-building, so it does not even reach the level-1 anchor of persuading two coworkers to stick with a tough assignment.",high,
8,69,1,1.5,"A translation model only re-renders instructional content authored by someone else; it performs no needs assessment, no curriculum design, and no interactive instruction, so even the level-2 anchor of independently telling coworkers about a procedural change is only partially met (it can produce the wording in a target language but not originate or deliver the instruction).",medium,
9,75,0,1.0,"A speech-to-text pipeline only converts audio to text; it does not track inventory, authorize spending, or make any resource allocation decision, so it performs none of this activity even at the level-2 anchor.",high,
3,69,2,1.0,"A trained vision model only assigns labels to image content; it does not assess learners' educational needs, design instruction, or teach anyone, so it performs none of this activity even at the level-2 anchor.",high,
4,73,0,2.0,"It can read and answer questions about a scanned standard form (supporting routine data extraction), but it holds no records, takes no actions, and cannot carry a document through a multi-step process, and field-level transcription errors on numbers/handwriting still need human checking.",medium,
6,64,2,1.0,"The system only extracts and combines evidence from a supplied passage to answer questions; it has no persuasive goal, no audience model, and no mechanism to change anyone's mind or actions, so it does not perform the activity even at the level-1 anchor.",high,
10,69,0,3.0,"It can generate and deliver procedural instructions, walkthroughs, and onboarding documentation for digital tasks, but it cannot diagnose a learner's evolving needs, adapt over a sustained course, or be held accountable for instructional outcomes as a level-4 teaching role requires.",medium,
10,74,2,2.6,"It can autonomously source candidates, parse and rank resumes, run ATS workflows, draft outreach and schedule interviews, but actually interviewing and making hiring/promotion recommendations (level 4) carries discrimination liability and accountability requirements that force human sign-off.",medium,
13,60,0,4.0,"It can fluently relay and summarize information given to it (e.g., reporting meeting results in speech or writing), but cannot be trusted unsupervised for higher-level internal communication that requires organizational standing, verified firsthand knowledge, and multi-modal production such as an authoritative presentation of company policy.",medium,
4,70,1,1.0,"Answering questions about image content involves no interaction with subordinates, no setting of performance standards, and no monitoring or motivating of people, so the activity is not performed even at the backup-supervisor level.",high,
12,69,0,1.5,"The system only reads issues and emits patches (with at most incidental commit/PR explanations); it does not assess anyone's educational needs, design instruction, or teach learners, so it barely reaches the level-2 'brief instructions to coworkers' anchor.",medium,
10,59,1,4.2,"It can retrieve sources and produce fluent, mostly accurate explanations, but high-stakes interpretations (e.g., applying foreign tax rules to a specific export, or authoritatively framing complex technical findings) still carry hallucination and misapplication risk that requires expert sign-off before the interpretation is acted on.",medium,
3,61,2,1.0,"An object-labelling vision model produces category labels, not communication with customers, public or government; it performs no external representation of the organization at all.",high,
2,73,1,1.0,"A game-playing agent produces in-game actions only; it does not handle forms, files, or any administrative paperwork, so it performs nothing on this activity even at level 1.",high,
6,73,1,2.0,"It can extract and report the field-level facts needed for routine standard-form paperwork from a supplied document, but it takes no action on files or systems and cannot handle multi-document, rule-applying, consequential filings like tax forms.",medium,
1,60,2,1.2,"A game engine only emits moves and numeric evaluations to an interface, never composing or directing information to human colleagues, so it barely reaches the 'brief note' anchor and cannot report, explain, or present anything.",high,
4,63,1,2.2,"It can answer image questions that help a person complete a task (e.g., reading a label or sign for a blind user), but it provides no physical care, no sustained multi-step personal assistance, and no reliable emotional support, so anything beyond incidental informational help is out of reach.",medium,
4,63,2,2.2,"It can supply useful visual information on request (e.g., describing a scene or reading a label for a blind user), roughly the 'help a coworker complete an assignment' band, but it provides no physical care, no emotional support, and cannot manage the multi-step, real-world problem-solving of level 4 or the consequential clinical judgment of level 6 — and its residual hallucination rate rules out unsupervised use where a wrong answer would harm someone.",high,
12,74,2,1.0,"The system only reads issues and writes code patches; it performs no recruiting, interviewing, selection, or hiring activity at all.",high,
12,66,2,1.0,"The system reads issues and patches code with no interaction with customers, clients, guests, or any public audience, so it performs nothing of this activity even at level 1.",high,
13,70,2,2.1,"It can relay instructions, coach, and answer worker questions fluently, but it cannot hold accountability for real performance monitoring, appraisal, discipline, or personnel decisions, which even backup supervision above this level requires.",medium,
8,71,2,1.2,"A translation model only converts text between languages; it does not assess anyone's developmental needs or deliver instruction, at most passively rendering training material someone else authored.",high,
8,75,2,1.0,"A translation model only converts text between languages; it does not track inventories, authorize spending, or oversee any budget, so it performs nothing of this activity even at level 1.",high,
3,70,1,1.0,"An object-labelling vision model has no capacity to set performance standards, direct or motivate people; it performs none of this activity even at level 1.",high,
9,64,2,1.0,"A transcription pipeline only converts speech to text and exerts no persuasive intent or influence on anyone, so it does not perform the activity even at level 1.",high,
6,59,0,3.5,"It can reliably locate and paraphrase what a supplied text says, but interpreting how information applies to a specific consequential situation (e.g., foreign tax law to an actual export case) requires domain judgment and outside knowledge it cannot be trusted with unsupervised, and it produces answers rather than audience-tailored explanatory translation.",medium,
6,61,1,2.5,"It can extract and relay answers from a supplied document (e.g., FAQ or policy lookup for an inquirer), but it has no standing to represent the organization, cannot handle questions outside the given passage, and cannot be trusted unsupervised with outward-facing statements like presentations or press releases.",medium,
2,64,0,1.0,"A game-playing agent acts on an environment through motor-style control policies and has no communicative channel or model of another party's beliefs to persuade, so it does not perform selling or influencing even at the level of convincing a coworker to help.",high,
6,60,1,3.5,"It can extract and relay information from a supplied document in clear written form (notes, answers, brief summaries), but it cannot initiate communication, lacks organizational context and accountability for judging what a supervisor needs to know, and has no telephone/in-person or presentation channel required at level 4 and above.",medium,
6,69,2,1.4,"The system only answers questions about a supplied passage; it does not assess learners' educational needs, design instruction, or deliver teaching, so at best it passively supplies an answer a learner asked for rather than instructing anyone.",high,
4,72,0,2.2,"VQA can supply image-grounded observations and low-stakes suggestions (e.g., noting a visible defect or mismatch), but it has no access to organizational context, systems, or cost/process data needed for level-4 recommendations, and its hallucination rate makes any consequential advice unusable without a human expert reviewing it.",high,
11,71,2,2.5,"It can explain derivations and diagnose errors in a submitted proof or calculation, which functions like showing someone a technique, but it does not assess a learner's evolving developmental needs, sequence a training program, or take responsibility for skill acquisition over time — and its explanations can be confidently wrong without supervision.",medium,
3,61,1,1.0,An object-labelling vision model produces category labels for images and does not communicate with or represent the organization to any external party.,high,
9,60,0,2.0,"It only converts speech to text verbatim; it does not select, synthesize, or frame information for an audience, so anything beyond producing a raw note/transcript record (e.g., reporting meeting results to a supervisor) is outside what the pipeline does.",high,
5,59,0,2.0,"It can render a simple illustrative picture of a stated concept, but it does not analyse source information or verify what it means \ail (labels, charts, anatomy and technical relationships are frequently fabricated), so any explanatory use beyond generic visual decoration requires a human to supply and check the interpretation.",medium,
2,60,0,1.0,"A game-playing agent emits only in-game actions, not information to supervisors, co-workers, or subordinates; it does no organizational communication even at the level of writing brief notes.",high,
4,62,1,1.0,"A VQA model answers one-off questions about images; it has no persistent counterparty, no stake in a working relationship, and no mechanism for maintaining rapport over time, so it does not perform even the level-1 greeting exchange as part of a relationship.",high,
7,61,2,4.2,"It can draft fluent customer replies and standard service presentations, but with no access to verified organizational facts and no accountability for misstatements, externally binding communications like press releases or policy commitments still require human sign-off.",medium,
10,73,0,3.5,"It reliably handles routine digital form-filling, file maintenance and data-entry/processing loops, but brittleness in real enterprise systems plus the legal/financial consequence of errors mean higher-stakes paperwork like self-employment tax filings still requires human review, and level-6 stewardship of a benefits program demands accountable authority and judgment it cannot hold.",medium,
7,60,0,4.0,"It can fluently draft and structure informational messages from supplied material, but it has no independent access to workplace events, no ability to verify facts it reports, and cannot deliver spoken or videotaped presentations, so higher-level communication acts requiring firsthand knowledge and accountable delivery are out of reach.",medium,
1,60,1,1.1,"A game-playing agent emits only moves and numeric evaluations within a fixed formal protocol; it does not compose or convey information to people beyond what amounts to a terse notation, so it barely reaches the 'brief note' anchor and cannot report or present anything.",high,
3,63,0,1.0,"A model that outputs object labels for still images provides no personal assistance, physical care, or emotional support to any person, so it does not perform the activity even at the level-2 anchor of helping a coworker complete an assignment.",high,
10,64,2,3.7,"It can autonomously run scripted outbound pitches, chat-based product recommendation and follow-up sequences, but hallucinated product/price claims, compliance and brand risk mean the persuasive content is normally human-reviewed, and it cannot build the trust, read the room, or negotiate concessions needed for consequential deals or a campaign in a new market.",medium,
7,59,1,5.0,"It fluently translates and explains supplied information for varied audiences, but without tools it cannot verify facts or currency, so authoritative interpretations in consequential specialized domains (tax law, medical, engineering findings) still need expert review for hallucinated or subtly wrong details.",medium,
1,64,0,1.0,"A game-playing search agent has no communicative channel or model of human persuasion; it outputs moves, not arguments, so it performs no selling or influencing at all.",high,
13,59,0,5.0,"It explains and popularizes given information fluently and usually accurately, but cannot be trusted unsupervised where the interpretation must be authoritative and consequential (e.g. applying foreign tax law to a specific export, or faithfully rendering a novel technical result), because it cannot verify its own grounding and fails silently.",medium,
7,66,2,3.2,"It can sustain routine text-channel customer interactions (FAQ, intake, order questions) but has no embodied or live presence for in-person service or performance, and cannot be trusted unsupervised with binding commitments, escalations, or accurate account/product specifics, so it falls short of the shoe-salesperson (4) and monologue (6) anchors.",medium,
6,63,0,1.5,"Extracting answers from a supplied passage can marginally help a coworker with an information task, but the application has no capacity for personal assistance, emotional support, or physical care, which is what the scale's anchors describe.",high,
10,61,2,4.0,"It can autonomously handle routine outbound/inbound external exchanges (standard service inquiries, scheduling, templated notices) but cannot be trusted unsupervised with binding or reputationally consequential external representation such as negotiated commitments, regulatory correspondence, or issued press releases, where a hallucinated statement legally or publicly binds the organization.",medium,
3,67,1,1.0,"A trained vision model only assigns labels to image content; it does not communicate with, direct, or organize people at all, so it performs none of this activity even at level 1.",high,
2,68,1,1.0,"The agent coordinates tactically with teammates but performs no interpersonal encouragement or trust-building, so it does nothing for this activity even at level 1.",high,
9,66,2,1.0,"A transcription pipeline only converts speech to text; it never receives, serves, or performs for a person, so it does not carry out even toll-booth-level public interaction on its own.",high,
2,61,2,1.0,A game-playing agent acting in a game environment performs no external communication or organizational representation whatsoever.,high,
3,62,2,1.0,"A trained vision model only assigns labels to image content and has no capacity for social interaction, so it performs none of this activity even at the greeting level.",high,
3,67,2,1.0,"An image labelling model has no capacity to communicate with, direct, or organise people; it only assigns labels to visual content.",high,
12,68,0,1.0,"The system autonomously patches code and never interacts with human teammates, so it performs no encouragement, trust-building, or cooperation-fostering at all 
e
ven the level-1 anchor.",high,
8,62,2,1.2,"A translation model only converts text between languages; it holds no persistent identity, memory of counterparties, or stake in an ongoing relationship, so beyond rendering greeting-level pleasantries it does not develop or maintain cooperative working relationships at all.",high,
6,73,0,2.0,"It can extract the facts needed to populate a standard form from a supplied document, but it does not itself maintain files, submit or route paperwork, and cannot handle level-4 work like applying tax rules across multiple sources with unverified accuracy on records of record.",medium,
9,73,2,2.0,"It can turn dictation into text that populates routine records or standard-form fields, but it cannot verify, classify, file, or reason about the content, so anything beyond rote transcription-into-paperwork requires a human.",medium,
5,69,0,1.4,"The model only synthesises pictures on request; it cannot assess learners' educational needs, structure a curriculum, or instruct anyone, and its diagrams/text labels are often factually or anatomically wrong, so even a simple illustrated instruction sheet needs human vetting.",high,
13,67,0,2.5,"It can reliably relay handoff information, reminders, and simple task assignments in dialogue, but has no authority, no verified view of real-world task state, and no way to monitor compliance or re-plan when people or conditions deviate — which level 4 crew organization requires.",medium,
12,66,1,1.0,"The system only reads issue text and edits code in a repository; it never serves, receives, or performs for people, so it does nothing for this activity even at level 1.",high,
11,74,0,1.0,"A mathematical/scientific reasoning system performs no recruiting, interviewing, selection, or hiring activity at all; it neither interacts with candidates nor bears hiring authority.",high,
8,60,1,2.5,"A translation model only re-renders text it is given, so it can produce accurate brief written messages but cannot originate, select, or tailor content for a particular supervisor or audience, nor handle telephone/in-person channels, as level 4-style reporting requires.",medium,
10,73,1,3.4,"It can reliably handle routine digital filing, data entry, and standard-form completion, but brittleness on real-world UIs/portals plus unverifiable errors make consequential paperwork like self-employed tax filings (level 4) require human review before submission.",medium,
7,75,1,1.5,"Without tools, memory, or authority to transact, the model can only reason about resource figures supplied in its prompt; it cannot observe actual inventory, maintain a persistent ledger, or authorize spending, so even level-2 linen tracking is out of reach.",high,
8,74,1,1.0,"A translation model only converts text between languages; it cannot recruit, interview, evaluate, or select candidates, and bears no hiring authority or accountability.",high,
9,59,2,1.4,"It converts speech to a verbatim text rendering without explaining what any of the content means or how it can be used, so it barely clears the simplest 'restate information in another form' reading of level 1 and performs no interpretive work above it.",high,
3,74,2,1.0,"An object-labelling vision model performs no recruiting, interviewing, selection or hiring functions at all; assigning labels to image content contributes nothing to staffing decisions even at the minimal level.",high,
12,70,2,1.0,"The system patches code autonomously but has no subordinates, sets no performance standards, and never provides guidance or feedback to people, so it does not perform this activity even at level 1.",high,
3,72,0,1.0,"A trained vision model only outputs object labels for images; it does not formulate guidance, recommendations, or expert advice for management or other groups at all.",high,
10,69,2,3.5,"It can autonomously assemble courseware, tutorials, quizzes and interactive explanations, but it cannot be handed unsupervised responsibility for a real cohort — it lacks reliable diagnosis of individual learners' needs over time, accountable assessment, and correction of its own factual/pedagogical errors in live instruction, so it falls short of the level-4 'teach a course' anchor.",medium,
3,72,1,1.0,"A trained vision model only emits object labels for images; it provides no guidance, recommendations, or expert advice to any human audience.",high,
11,65,0,1.0,"A formal reasoning system produces derivations and proofs; it has no role in handling complaints, mediating between parties, or negotiating, so it does not perform the activity even at level 1.",high,
4,73,2,2.0,"It can read and answer questions about a scanned form or document image, which covers the data-extraction part of routine paperwork, but it cannot maintain files, execute or submit filings, or handle the multi-source judgment of level-4 work, and its field/number transcription still needs human verification.",medium,
5,75,0,1.0,"An image synthesis model has no access to inventories, budgets or spending records and performs no tracking or allocation of resources at all, even at the level-2 linen-counting anchor.",high,
11,61,1,1.5,"The system derives and explains results but has no role in external contact or representing an organization; at most it drafts technical text a human would relay, and it cannot be accountable for standard presentations or public/government-facing communication.",high,
6,67,0,1.0,"The system only answers questions about a supplied passage; it has no channel to people, no tasking or scheduling authority, and no ability to get a group to act together, so it performs none of this activity even at the level-2 shift-change anchor.",high,
8,71,1,1.0,"A translation model only re-renders existing text between languages; it does not assess anyone's developmental needs or deliver coaching, so it performs none of this activity even at the level-2 anchor.",high,
2,65,1,1.0,"A game-playing agent acts on control inputs in a simulated environment and has no channel for handling complaints, grievances, or bargaining with people, so it performs none of this activity even at level 1.",high,
11,63,1,2.0,"It can substantively help a colleague finish a technical assignment (the level-2 anchor), but it offers no personal, physical, or emotional care and cannot handle in-person, situational assistance to strangers or patients.",medium,
6,75,0,1.3,"The system only answers questions about a supplied passage; it has no persistent state, no access to actual resource records or transactions, and no ability to take or authorize any action, so it cannot even perform level-2 ongoing tracking of a linen inventory.",high,
8,72,1,1.4,"A translation model only re-renders advice authored by someone else; it originates no domain analysis, recommendation, or accountable expert judgment beyond incidental guidance on wording/terminology choices.",high,
10,66,1,2.0,"The application is defined around planning and executing digital tool/code tasks, not fronting for people: it can complete routine transactional exchanges (toll-booth-like automated request handling) but has no physical presence, no performance capability, and cannot be trusted unsupervised with real customers where a bad or off-tone response creates reputational or contractual harm.",medium,
7,62,2,2.5,"A bare model can produce courteous, rapport-building exchanges and draft relationship-maintaining correspondence within a single session, but it has no persistent memory, no organizational identity, and no accountability, so it cannot actually sustain working relationships over time or handle stakes like conflict repair or winning over hostile parties.",medium,
13,75,2,2.0,"A dialogue system can track counts and budget figures that are stated to it and flag reorder points, but it has no perception of actual resource state, no system-of-record access, and no authority to commit or approve spending, so anything beyond simple talked-through tallying (chef-level ordering, let alone budget ownership) requires a human to verify and execute.",medium,
9,61,0,1.2,"Transcription converts speech to text but originates no message and cannot represent the organization to customers, the public, or government, so it performs virtually none of the external communication activity beyond passively capturing words in a customer interaction.",high,
10,62,0,2.0,"It can send courteous, on-time messages and routine follow-ups through digital channels, but it has no persistent social standing, accountability, or reciprocal trust with real people, so sustained working relationships with coworkers and clients (level 4) are outside what it can be handed responsibility for.",medium,
8,66,1,1.5,"A translation model only converts text between languages; it does not itself receive, serve or manage members of the public, so beyond mediating trivially scripted exchanges it performs none of the interpersonal service, judgment or presence the higher anchors require.",medium,
7,74,2,2.5,"It can draft job postings, generate structured interview questions, and summarize or rank candidate text, but cannot verify candidate claims, conduct or judge a real interview, or be trusted unsupervised with selection decisions that carry discrimination and legal liability — so the level-4 anchor of interviewing and making hiring recommendations is out of reach.",high,
11,66,2,1.0,"The system solves formal reasoning problems and has no customer-facing, service, or performance function; it does not deal directly with the public at all.",high,
10,68,0,1.0,"Building mutual trust and cooperation requires sustained interpersonal relationships and social standing among human team members, which a digital tool-using agent has no role in; at best it can emit encouraging text without any of the accountability or presence that makes even the level-1 anchor real.",high,
7,67,0,2.0,"Without tools or any channel to act on people, the model can only draft or summarize handoff-style information (level 2); it cannot assign tasks, monitor compliance, or get a real group to actually work together.",high,
13,68,2,2.0,"It can deliver encouragement, coaching prompts, and facilitate discussion in dialogue, but has no standing, accountability, or persistent relationship with a team, so it cannot own the trust-building and cooperation of an actual working group at level 4 and above.",medium,
3,62,1,1.0,"A vision model that outputs object labels has no capacity for social interaction whatsoever, so it cannot even perform the level-1 anchor of exchanging greetings with a coworker.",high,
12,61,0,1.3,"The system's work is confined to internal artifacts (code, patches, commit/PR text) and it has no role representing the organization to customers, the public, or media, so it barely exceeds 'little contact with people outside the organization'.",high,
12,69,2,1.5,"The system only produces code patches and incidental explanatory text; it does not assess anyone's learning needs, design instruction, or teach, so at best it approximates brief written notes about a change rather than instructing coworkers.",high,
6,64,1,1.5,"The system only extracts and combines evidence from a supplied passage to answer questions; it does not engage a counterparty, adapt to objections, or take responsibility for changing anyone's behavior, so it at best surfaces arguments someone else must deliver.",high,
7,71,0,3.3,"It can explain procedures and adapt tutoring to what a learner writes within a session, but it cannot observe actual performance, track a person's development over time, or verify that skills were acquired, so sustained on-the-job training (level 4+) is out of reach.",medium,
13,67,2,2.6,"It can relay handoff information, chase updates, and pass along assignments in dialogue, but it has no authority over people, no ground truth on whether work is actually being done, and cannot reallocate a live crew as conditions change, which is what the level-4 anchor requires.",medium,
13,67,1,2.5,"It can relay handoff information, restate assignments, and prompt participants, but it has no authority, no real-time visibility into whether work is actually getting done, and no ability to reassign or escalate when a crew stalls, so anything past routine information exchange still needs a human coordinator.",medium,
10,72,2,3.5,"It can autonomously research, prototype and benchmark options and draft a well-supported recommendation, but a level-4 recommendation that an organization would actually act on requires verified grasp of the firm's context, constraints and cost of being wrong, so its advice still needs an accountable human reviewer before adoption.",medium,
10,64,1,3.5,"It can autonomously execute scripted, personalized outreach and standard product pitches at scale in chat/email, but cannot be trusted unsupervised with objection-heavy negotiation, relationship credibility, or compliance-sensitive claims, let alone strategic campaign judgment in a new market.",medium,
11,59,0,5.0,"It explains and translates technical results fluently and usually correctly, but on genuinely novel or frontier material it can state subtly wrong claims with equal confidence and cannot verify its own interpretation, so an expert must sign off before the explanation is treated as authoritative.",medium,
5,66,0,1.3,"The model outputs images from prompts but does not itself interact with, read, or manage people — no service transaction, guest handling, or live audience performance is carried out by it, so it barely clears the routine toll-booth-style transactional anchor.",high,
5,68,1,1.0,"An image generator has no interpersonal agency, cannot interact with team members, and does nothing to build trust or cooperation even at the level-1 anchor of encouraging two coworkers.",high,
11,64,0,1.2,"The system derives and justifies results but performs no persuasion task: it has no stake, no counterparty model, and no ability to negotiate or move someone to act, so beyond the incidental convincingness of a correct proof it does nothing even at the level-1 anchor.",high,
5,67,1,1.0,"A text-to-image model produces pictures and has no capacity to communicate with, direct, or align people; it performs none of the coordination activity even at the level of exchanging information at a shift change.",high,
13,64,1,4.2,"It can deliver standard pitches and handle routine objections in scripted, low-stakes product contexts, but cannot read a complex buyer over a long relationship, negotiate high-value or regulated deals, or carry accountability for misrepresentation, which is what levels 5-6 persuasion requires.",medium,
12,64,1,1.0,"A code-patching agent has no persuasion function; at most it writes a PR description justifying a change, which is documentation rather than convincing anyone to change their mind or actions.",high,
12,71,2,1.2,"The system as defined works autonomously on issues and patches with no learner in the loop; any developmental effect is an incidental byproduct of readable diffs, not identification of someone's needs or deliberate instruction.",high,
5,59,1,2.0,"It can render a simple illustrative depiction of an already-given concept, but it does not analyse or verify the underlying information, and its diagrams, labels and text are unreliable, so any explanatory image beyond the trivial needs human checking.",medium,
3,70,0,1.0,"A vision model that labels objects in images performs no part of supervising people\u2014it sets no standards, gives no direction, and has no subordinates.",high,
12,75,1,1.0,"The system's scope is reading issues and producing code patches that pass tests; it neither tracks inventories nor authorizes or oversees any spending, so it performs no part of this activity even at the level-2 linen-tracking anchor.",high,
11,75,2,1.2,"The system only derives answers to formal problems; it has no access to inventory, ledgers, or spending systems and cannot track, procure, or authorize anything, so even level-2 linen-counting oversight is outside what it does.",high,
9,68,1,1.0,"Speech recognition only converts audio to text; it performs no interpersonal encouragement, trust-building, or team leadership at any level.",high,
5,60,0,1.5,"It can render an illustrative visual to accompany a message but has no access to workplace facts and cannot itself convey specific, accurate situational information (e.g., report meeting results), and its in-image text and detail fidelity are unreliable without human review.",medium,
12,68,2,1.0,"The system patches code autonomously and has no interpersonal role at all	tit does not interact with coworkers, so it performs no team-building even at the level-1 anchor of encouraging two colleagues.",high,
1,73,0,1.0,"A board-game agent operates only on closed game states and has no capacity to handle forms, files, or paperwork of any kind, so it performs none of this activity even at level 1.",high,
4,67,0,1.0,"A visual question answering model only describes and reasons about image content; it has no agency, persistent role, or communication channel to direct people, so it performs no part of coordinating others' work even at level 1.",high,
13,66,2,3.5,"It can handle routine customer-facing dialogue (inquiries, bookings, basic service and upselling) unsupervised in text or voice channels, but lacks physical presence and the sustained rapport, persuasion, and complaint-handling judgment of a full retail/host role, and cannot perform expressively before an audience.",medium,
12,66,0,1.0,"The system only reads issues and writes code patches in a repository; it never serves, receives, or performs for customers, clients, or any public audience, so it does nothing for this activity even at the toll-booth anchor.",high,
10,74,0,2.5,"It can autonomously run recruiting logistics (job posting, sourcing, outreach, scheduling, resume parsing and rough screening) but cannot be left unsupervised on interviewing and selection decisions, where bias/discrimination liability, audit requirements, and irreducible judgment about candidates demand a human decision-maker.",medium,
5,69,2,1.5,"The model only synthesises pictures; it cannot assess learners' needs, structure a curriculum, or instruct anyone, and its unreliable text/labels and factual detail make even a standalone how-to illustration unsafe to publish unchecked.",high,
8,64,2,1.5,"A translation model only re-renders persuasive content authored by someone else; it has no persuasive goal, audience model, or ability to adapt arguments or negotiate, so it cannot itself convince anyone beyond faithfully conveying a pitch across languages.",high,
6,72,1,2.5,"Confined to extracting and combining evidence within a supplied passage, it can answer factual 'what does this document say' questions that support an adviser, but cannot weigh options, judge organizational context, or own a recommendation as required at level 4 and above.",medium,
8,61,0,2.5,"A translation model only re-renders text someone else authored; it neither originates outbound messages nor bears any representational accountability, and mistranslations in customer-, public- or government-facing material carry brand and legal risk that keeps it under human review beyond routine correspondence.",medium,
6,65,1,1.3,"The system only answers questions about a supplied text; it has no interactive counterpart, no authority to concede or commit, and cannot handle a live complaint or settle a dispute beyond extracting the stated positions from a document.",high,
4,71,0,1.4,"VQA only answers isolated questions about an image; it does not assess a learner's developmental needs, sequence instruction, or follow up, so even the level-2 'show a coworker how to operate equipment' task is only marginally supported by ad hoc answers to photo-based questions.",high,
1,73,1,1.0,"A board-game agent operates only on fixed game states and has no capacity to handle forms, files, or paperwork of any kind.",high,
13,59,2,4.8,"It fluently translates and explains well-documented information at expert-adjacent depth, but cannot be left unsupervised where interpretation carries legal, medical, or financial consequence (fabricated specifics, stale authority) nor reliably interpret genuinely novel or unpublished data it has not seen described.",medium,
3,66,0,1.0,"The model only assigns labels to image content and has no interactive, transactional or performative channel with people, so it does not perform even level-1 public-facing work like tending a toll booth.",high,
6,66,2,1.5,"The system only answers questions about a supplied text; it has no capacity to serve, host, or present to people beyond a minimal self-serve information exchange, and cannot handle the interpersonal, transactional, or performative demands of even routine customer contact.",high,
13,65,0,3.0,"It can apologize, de-escalate and settle routine complaints within pre-set policy, but it has no authority to make binding concessions, no stake or standing in a real dispute, and cannot be trusted unsupervised to mediate between parties or negotiate where terms and relationships have real consequences.",medium,
9,61,1,1.3,"Transcription produces a text record of speech but never composes, delivers, or represents anything to an external party, so it does not perform the communicating activity beyond passively capturing one side of an exchange.",high,
2,65,2,1.0,"A game-playing agent optimizes actions in a simulated environment and performs no handling of complaints, grievances, or negotiation with people at all, even at the simplest apology level.",high,
11,65,1,1.0,"The system derives answers to formal mathematical and scientific problems and has no role in handling complaints, mediating between parties, or negotiating interests, so it performs none of this activity even at the lowest anchor.",high,
13,71,0,3.8,"It can explain procedures, answer follow-up questions and adapt explanations to a learner's confusion, roughly matching on-the-job instruction for routine clerical tasks, but it cannot observe actual performance, diagnose developmental needs from behavior over time, or hold a sustained accountable coaching relationship as the level-6 anchor requires.",medium,
11,60,0,3.2,"It can produce clear written explanations and write-ups of its own derivations, but it has no organizational context, no oral or presentational channel, and no accountability for relaying information between actual supervisors, peers, and subordinates, so the level-4 reporting anchor is only partially met.",medium,
10,65,0,2.2,"It can autonomously execute scripted low-stakes remedies (apologize, issue a refund or reschedule via API) but has no standing, authority, or accountability to mediate real disputes between people, where misjudged concessions or damaged relationships require human ownership.",medium,
3,75,2,1.8,"It can visually count and log physical stock (approaching the level-2 linen-tracking anchor) but cannot reconcile records, decide replenishment, or authorize any spending, so nothing above simple visual inventory detection is performed.",medium,
11,68,0,1.0,"A mathematical reasoning system performs no interpersonal team-building; it has no persistent relationships, social presence, or authority to build trust and cooperation among human team members, so it does nothing for this activity even at level 1.",high,
2,74,2,1.0,"A game-playing agent performs no recruiting, interviewing, selection, or hiring activity at all; it has no interface to people or employment decisions.",high,
6,63,1,2.0,"Answering questions about a supplied document can help a coworker finish a task, but the system provides no personal presence, emotional attunement, physical assistance, or real-world action needed for level 4+ care of strangers or patients.",high,
4,65,1,1.0,"A model that answers questions about image content performs no interpersonal handling of complaints, disputes, or negotiation, and lacks any party-to-party interaction even at the level-2 apology anchor.",high,
7,69,0,3.5,"It can draft lesson plans and explain high-school-level material fluently, but without tools or memory it cannot diagnose individual learners' needs over time, verify factual accuracy, assess and grade with accountability, or manage the interactive delivery a full course (level 4) requires.",medium,
11,72,2,3.4,"It can supply well-argued technical explanations and method suggestions on demand, but it cannot elicit organizational context, weigh stakeholder constraints, or be held accountable for a recommendation like adopting a software package, and its derivations still require expert verification before anyone acts on them.",medium,
12,72,2,2.3,"The system's defined output is a working patch, not guidance to people: it can surface technical rationale in commit/PR text (a low-level advisory byproduct) but has no organizational context, no stakeholder dialogue, and no accountability for recommendations like adopting a tool or changing a process, so it falls well short of the level-4 anchor.",medium,
10,70,2,1.8,"It can assign and track sub-tasks, monitor completion status, and draft feedback or standards documents, but it has no authority over or social relationship with human subordinates, so it cannot be substituted even for occasional backup supervision where motivating, correcting, and being accountable for people is the job.",medium,
4,70,2,1.0,"Answering questions about image content involves no ongoing relationship with subordinates, no setting of performance standards, and no monitoring or motivating of people, so the activity is not performed even at level 1.",high,
11,74,2,1.0,"A mathematical/scientific reasoning system performs no recruiting, interviewing, selection, or hiring functions at all, and cannot interact with or evaluate human candidates.",high,
4,63,0,2.2,"It can answer a discrete visual query that helps someone finish a task (level-2-style assistance), but it provides no physical care, no sustained situational help, and no accountable emotional or medical support, so anything approaching the level-4 'assist a stranded traveler' anchor is out of reach.",high,
6,70,0,1.0,"Answering questions about a supplied passage involves no ongoing relationship with, authority over, or accountability for subordinates, so the system performs none of setting standards, monitoring performance, or motivating people even at the backup-supervisor level.",high,
3,64,1,1.0,"An image labelling model produces object categories and has no persuasive interaction with people at all, so it performs nothing of this activity even at level 1.",high,
12,75,0,1.0,"The application only reads issues and writes code patches; it neither tracks material resources nor oversees any spending, so it performs no part of this activity even at the level-2 anchor.",high,
1,60,0,1.0,"A game-playing search agent emits moves and evaluations within a fixed game protocol; it does not compose or convey information to human colleagues in any form, so it performs nothing even at the 'brief note' anchor.",high,
2,71,0,1.0,"The measured object is an agent that plays the game to win; it never assesses another party's skill gaps or delivers instruction, so it performs none of this activity even at the level-2 anchor.",high,
5,71,2,1.2,"A text-to-image model produces pictures on demand; it cannot assess anyone's developmental needs, interact with a learner, or verify that instruction was understood, so even the level-2 anchor of showing a coworker how to operate equipment is beyond it (at best it renders an illustration a human instructor would use).",high,
4,60,1,2.5,"It can reliably deliver clear, brief written answers describing what is in an image, but it has no organizational context, no ongoing relationship with recipients, and cannot synthesize and tailor a substantive report to a supervisor with accountability for accuracy.",medium,
7,63,1,2.5,"A text-only model can help a coworker with an assignment and offer conversational emotional support, but it cannot take real-world action, access live information, or provide any physical or medical care, so tasks like actually getting a stranded traveler lodging (level 4) or hands-on patient care (level 6) are out of reach.",high,
1,67,2,1.0,"A board-game search agent operates on a static rule-bound state space with no human counterparties, no communication channel, and no mechanism for assigning or synchronizing other agents' tasks, so it performs none of this activity even at the shift-change level.",high,
10,74,1,2.5,"It can autonomously run the clerical pipeline around hiring (posting reqs, sourcing, resume parsing/ranking, scheduling, correspondence) but cannot be handed actual interviewing and selection decisions, which carry discrimination and legal liability and require accountable human judgment about people.",medium,
4,60,2,2.5,"It can reliably produce brief, on-demand written descriptions or answers about an image, but it only responds to prompts rather than initiating communication, has no organizational context or accountability, and its hallucination of visual details makes it unfit for unsupervised substantive reporting to a supervisor (level 4).",medium,
1,69,1,1.3,"The agent only selects and evaluates moves; it does not assess a learner's needs, structure content, or explain anything, and its evaluations serve as instruction only when a human interprets them.",high,
1,65,2,1.0,"A board-game search agent has no interlocutor, no model of human interests or grievances, and no channel for handling complaints or bargaining, so it performs none of this activity even at the lowest anchor.",high,
5,62,1,1.0,"An image synthesis model has no persistent identity, no interlocutor, and no capacity to sustain reciprocal working relationships; it cannot even perform the level-1 act of exchanging greetings with a coworker as a party to the relationship.",high,
5,61,2,2.2,"It can render externally-facing visuals that a human then vets and delivers, but it engages in no actual exchange with outside parties and cannot be held accountable for factual, brand, or legal accuracy in representing the organization, so anything at or above 'make standard presentations about available services' requires a human communicator.",medium,
10,75,0,3.2,"It can reliably track and report on digital resource usage and flag budget anomalies, but committing real spend or placing orders unsupervised (the level-4 chef case) requires demand judgment, vendor context, and error consequences that force a human approval gate.",medium,
12,63,2,1.5,"It only produces code patches; it provides no personal, emotional, or physical care, and at best incidentally offloads a coworker's task without any interpersonal assistance beyond that.",high,
11,71,0,2.5,"It can explain a derivation or diagnose an error in someone's proof on request, which covers show-a-coworker-how level instruction, but it holds no model of a learner's evolving needs and cannot run sustained, assessed training the way level 4 on-the-job instruction requires.",medium,
6,72,0,2.5,"It can answer document-grounded questions and relay guidance already stated in a supplied passage, but it cannot assess an organization's situation or generate and stand behind a genuine recommendation like selecting a software package, since its output is bounded by evidence in the text given to it.",medium,
10,62,1,1.5,"It can produce polite greetings and courteous transactional messages while executing tasks, but it has no persistent social identity, stake, or accountability to build and sustain trust with coworkers or clients over time, so anything approaching the level-4 anchor is out of reach.",high,
12,67,2,1.2,"The system works alone on a patch and has no capacity to assign, sequence, or align the work of other agents or people beyond leaving artifacts like commit messages that a human must interpret.",high,
1,75,1,1.0,"The agent only allocates internal search time and in-game material within a closed rule set; it has no representation of real inventories, budgets, or spending and cannot perform even level-2 tracking of physical or monetary resources.",high,
2,72,1,1.0,"A game-playing agent acts within its environment and produces no guidance, recommendations, or expert advice to management or other groups at all.",high,
9,64,0,1.0,"A speech-to-text pipeline only converts audio to text; it forms no persuasive intent, argument, or interactive negotiation, so it does not perform selling or influencing at any level.",high,
5,63,1,1.0,"An image generator produces pictures and provides no personal assistance, medical attention, or emotional care to any person, so it does not perform this activity even at the level of helping a coworker finish a task.",high,
7,69,2,3.5,"It can draft lesson plans, explain concepts, and tutor conversationally, but without persistent tracking of learners, verified accuracy, or accountability for assessment and adaptation it cannot be handed unsupervised responsibility for delivering an actual course (level 4).",medium,
9,68,0,1.0,"A speech-to-text pipeline produces transcripts and performs no interpersonal encouragement, trust-building, or team leadership at all, even at level 1.",high,
3,75,0,1.5,"Labelling objects in images can feed an inventory count but the model itself makes no tracking, reordering, or spending decisions, so it falls short of even the level-2 housekeeper-tracking-linens anchor.",high,
13,64,0,4.0,"It can deliver scripted pitches, handle routine objections and upsell popular products in a known catalog, but cannot be trusted unsupervised with high-stakes negotiation, binding commitments, or the relationship-building and strategy of a campaign in a new market.",medium,
8,75,0,1.0,"A translation model only converts text between languages; it does not track inventory, authorize spending, or oversee any budget, so it performs none of this activity even at the level-2 linen-tracking anchor.",high,
9,62,2,1.0,"A transcription pipeline converts audio to text and has no agency, persistence, or social stake to develop or maintain any working relationship, not even exchanging greetings on its own behalf.",high,
10,67,0,2.6,"It can reliably relay handoffs, assign tickets, and orchestrate sub-agents/tools, but has no authority, accountability, or real-time social read to marshal actual people through a messy, contingency-filled group task like a post-event cleanup crew.",medium,
3,75,1,1.5,"A vision model can only count or identify items in an image; it cannot track stock over time, decide replenishment, or oversee any spending, so it falls short even of the housekeeper-linen anchor without a surrounding inventory system.",high,
1,68,2,1.0,"A game-playing search agent has no interaction with human team members and performs no trust- or cooperation-building activity at all, even at level 1.",high,
12,60,0,4.0,"It reliably produces written artifacts that report its own work (commit messages, PR descriptions, patch rationales) at roughly the 'report results to a supervisor' level, but it has no capacity for interactive, multi-party, or presentational communication, no telephone or in-person presence, and its self-reports can overstate what the patch actually accomplishes without a human verifying.",medium,
11,72,0,3.0,"It can supply technically correct answers and method recommendations when a question is fully specified, but it cannot elicit an organization's context, weigh non-technical constraints, or be trusted unsupervised for consequential recommendations since its derivations still fail silently.",medium,
1,63,2,1.0,"A board-game agent provides no personal assistance, emotional support, or care to any person; it only selects moves in a closed game, so it does nothing for this activity even at level 1.",high,
1,61,1,1.0,A board-game engine outputs moves within a fixed rule system and has no capacity to represent an organization or exchange information with external parties.,high,
12,72,1,2.0,"The system's output is a code patch validated against project tests, not guidance to people; it has no stakeholder interaction, organizational context, or accountability for recommendations beyond incidental technical rationale in commit/PR text.",medium,
8,59,0,3.3,"It transfers meaning across languages fluently but does not reason about domain content or adapt it for an audience, so anchors like applying foreign tax law to exports or unpacking a physics experiment for laypeople are out of reach, and high-stakes legal/medical renderings still require human post-editing.",medium,
9,60,1,2.0,"The pipeline only converts speech to text, so it can produce dictated notes or verbatim transcripts but cannot select, synthesize, or frame information into a substantive report for a supervisor or peer.",medium,
5,66,2,1.5,"The model only emits static images offline; it has no live interaction, no ability to receive, serve or respond to a person in real time, and its public-facing output still needs human vetting for prompt-fidelity and appropriateness.",medium,
12,74,0,1.0,"The application only reads issues and writes code patches; it performs no recruiting, interviewing, selection, hiring, or promotion activity at all.",high,
8,65,0,1.5,"A translation model only re-renders others' words; it has no stake, cannot make concessions, judge a complainant's satisfaction, or commit to a settlement, so it at most conveys an apology someone else authored rather than resolving anything itself.",high,
7,75,0,1.6,"Without tools, memory, or data feeds the model has no access to actual resource state and cannot reliably tally or persist counts, so it cannot even own the level-2 linen-tracking task, only comment on figures supplied in the prompt.",high,
1,74,1,1.0,"A board-game search agent operates only over fixed-rule game states and has no capacity to recruit, interview, evaluate, or hire people at all.",high,
3,69,0,1.0,"A vision model that outputs object labels performs no identification of educational needs, no curriculum development, and no instruction, so it does not perform this activity even at level 1.",high,
3,71,2,1.0,"An object-labelling vision model produces category labels for images and performs no assessment of another person's developmental needs, instruction, or mentoring at all, not even the level-2 act of showing a coworker how to operate equipment.",high,
10,71,1,2.5,"It can generate and demonstrate procedures or walkthroughs for a digital task, but it does not observe a specific person's performance over time, diagnose their individual developmental needs, or take responsibility for their improvement, which is what levels 4+ require.",medium,
2,59,0,1.0,"The agent outputs game actions, not explanations, and has no channel for translating information to a human audience, so it does not perform this activity even at level 1.",high,
5,62,2,1.0,"An image synthesis model has no persistent identity, no interaction partner, and no memory of a relationship over time; it cannot even perform the level-1 anchor of exchanging greetings with a coworker as a party to the relationship.",high,
2,64,2,1.0,"A game-playing agent acts on game controls, not on people; apart from incidental in-game feints against opponents it does not persuade anyone to change their minds or buy anything, so it does essentially nothing for this activity even at level 1.",high,
8,74,2,1.0,"A translation model only renders text between languages; it performs no recruiting, interviewing, selection, hiring, or promotion decisions at all.",high,
13,63,1,3.8,"It can offer verbal/written help, information and sympathetic support at the level of guiding a stranded traveler, but it has no body for personal or medical care and cannot be trusted unsupervised with distressed, vulnerable, or clinically urgent people, which is what the higher anchors describe.",medium,
4,62,2,1.0,"A VQA model answers one-off questions about images and has no persistent relationship, social initiative, or ongoing cooperative interaction with people, so it does not perform even the level-1 greeting-exchange sense of the activity in any sustained way.",high,
2,72,2,1.0,A game-playing agent acts within a game environment and produces no guidance or expert recommendations to people or organizations.,high,
2,63,2,1.0,"A game-playing agent acts on a virtual environment and provides no personal assistance, emotional support, or care to any person, so it does not perform this activity even at level 1.",high,
10,61,0,3.8,"It can autonomously draft and send routine external correspondence and answer standard service inquiries end-to-end, but hallucinated or off-policy statements that legally and reputationally bind the organization mean anything beyond scripted, low-stakes exchanges (negotiation, press, regulator contact) still requires human sign-off.",medium,
7,74,1,2.3,"Without tools or authority it can only draft postings, question sets, and summarize written candidate materials; it cannot source, verify, or interview real candidates, and unsupervised selection decisions carry discrimination and legal-exposure risk that requires a human decision-maker.",medium,
11,72,1,3.0,"It can answer well-posed technical questions and suggest methods, but its derivations require expert verification and it has no grasp of the organizational context, cost, or stakeholder constraints needed to own a recommendation at the level-4 anchor.",medium,
9,71,2,1.0,"Transcribing speech to text involves no assessment of others' developmental needs and no instruction or mentoring, so the activity is not performed even at level 1.",high,
7,72,0,3.5,"Without tools or data access it can draft fluent, plausible-sounding guidance from general knowledge, but it cannot verify current facts, inspect the client's actual systems or constraints, or be held accountable for a recommendation like a software purchase, so consequential advice still needs an expert to vet it.",medium,
2,60,2,1.0,"A game-playing agent emits control actions, not information to human supervisors or co-workers; it produces no reports, notes, or messages at all, so even the level-1 anchor of writing brief notes to others is not performed.",high,
10,60,0,4.0,"It reliably drafts and sends factual written updates, logs, tickets, and summaries of its own multi-step work, but lacks the organizational context, stakeholder awareness, and accountability needed for authoritative internal communications like policy presentations, and its reports inherit any silent errors from its own task execution.",medium,
5,68,0,1.0,"An image synthesis model has no interpersonal agency or ongoing relationship with team members, so it cannot encourage, build trust, or foster cooperation even at the simplest level.",high,
11,60,2,3.0,"It can write clear, self-contained written explanations of its derivations (notes, technical summaries) but has no organizational context, no telephone/in-person channel, and cannot be held responsible for reporting on real events or meetings to a supervisor.",medium,
12,65,0,1.0,"The application only reads issues and writes code patches; it has no counterparty interaction, so it performs no complaint handling, dispute settlement, or negotiation at all — even the level 2 anchor of apologizing to a complaining customer is outside its defined loop.",high,
5,69,1,1.5,"It can only synthesise illustrative visuals; it does not assess learners' needs, structure content, or instruct, and its unreliability with text/labels and factual diagram accuracy means even a simple procedural visual aid needs human vetting.",high,
7,68,1,1.5,"It can draft encouraging or conflict-smoothing messages, but has no standing relationship, authority, or continuity with real team members, so it cannot actually build trust or lead a team beyond the level-1 encouragement anchor.",high,
5,61,0,2.0,"The model produces visual assets that a human may then use in outward-facing material, but it cannot itself conduct an exchange with external parties, verify factual or brand-compliant content, or be accountable for how the organization is represented.",medium,
6,62,0,1.0,"A passage question-answering system has no persistent counterpart, social presence, or ongoing interaction, so it does not develop or maintain working relationships even at the greeting-exchange level.",high,
12,63,0,1.8,"It can offload a coworker's coding task (approaching the level-2 anchor) but provides no personal, emotional, or physical care to a person, so anything above routine task assistance is out of scope.",high,
8,63,2,2.2,"A translation model can only assist by rendering language (e.g., helping a coworker with a foreign-language document), and cannot itself arrange lodging, provide emotional support, or deliver any physical or medical care.",high,
12,63,1,2.0,"It can effectively help a coworker finish a coding assignment by producing a working patch, but it has no physical presence and no capacity for personal, emotional, or medical care, so anything above the level-2 anchor is unreachable.",high,
6,61,0,2.5,"It can only extract and restate answers from a supplied document, so it cannot represent the organization, exercise judgment about what an outside party should be told, or take responsibility for standard presentations or public statements.",medium,
5,67,2,1.0,"A text-to-image model produces pictures and has no channel for directing, scheduling, or getting agreement among people, so it does not perform even shift-change information exchange.",high,
13,62,0,3.2,"It can sustain courteous, context-tracking exchanges and build session-level (even memory-backed) rapport, but it has no persistent stake, accountability, or reciprocal obligation, so it cannot be relied on to maintain durable working relationships through conflict, repair, or negotiation of competing interests as level 4+ requires.",medium,
13,61,1,4.2,"It can handle routine external inquiries and standard descriptions of services unsupervised, but hallucination and the legal/reputational exposure of speaking for the organization (binding commitments, press, regulators, novel or escalated situations) mean higher-stakes representational communication still requires human ownership.",medium,
10,73,2,3.2,"It reliably handles routine digital forms, file maintenance and data entry, but brittleness in real enterprise UIs and the legal/financial cost of a silent error in filings like self-employment tax forms means level-4 paperwork still needs human sign-off.",medium,
3,74,1,1.0,"An object-labelling vision model performs no recruiting, interviewing, selection or hiring judgment at all; it cannot evaluate candidates or make employment decisions.",high,
9,62,0,1.0,"A transcription pipeline outputs text and has no social agency, persistence, or reciprocity, so it cannot develop or maintain working relationships even at the greeting-exchange level.",high,
7,59,2,4.5,"It excels at translating and explaining supplied material for varied audiences, but without tools it cannot verify domain-specific authorities (tax codes, current data, experimental detail), so high-stakes interpretations at level 4+ still require expert checking for hallucinated or outdated substance.",medium,
13,61,0,4.3,"It handles routine external customer contact and explaining standard services autonomously, but hallucination risk and lack of accountability mean it cannot be trusted unsupervised with binding commitments, regulator/press-facing statements, or official representation of the organization (level 5-6 work).",medium,
12,62,0,1.3,"The agent works autonomously on code and at most produces courteous PR text or replies to review comments; it has no persistent identity, memory of colleagues, or stake in ongoing cooperation, so it cannot build or maintain working relationships beyond token pleasantries.",high,
10,67,2,2.5,"It can reliably pass along status, generate handoff summaries, assign tickets and sequence sub-agent/tool work, but it holds no authority or accountability over human workers and cannot reliably adapt assignments to people's availability, capability and physical-world contingencies as level 4+ coordination requires.",medium,
4,61,2,2.0,"It answers narrow, routine image-content questions posed by external users in writing, but cannot represent the organization, handle open-ended customer exchanges, make standard service presentations, or draft public-facing releases, and its occasional confident visual errors preclude unsupervised representational communication.",medium,
6,65,0,1.5,"A passage-question system has no interlocutor, no stake, and no authority to concede or commit, so it can at most extract what a complaint says rather than actually handle it; even the level-2 apology requires addressing a real aggrieved party.",high,
8,70,1,1.0,"A translation model has no subordinates, cannot set or monitor performance standards, and performs no supervisory activity at all""""""even at the backup-supervisor level.",high,
6,70,1,1.0,"The application only extracts and combines evidence from a supplied passage to answer questions; it has no subordinates, no authority, no ability to observe or monitor performance, and no accountability, so it does not perform this activity even at the backup-supervisor level.",high,
9,70,1,1.0,"A transcription pipeline only converts audio to text; it sets no performance standards, monitors no one, and exercises no supervisory authority over subordinates.",high,
9,63,0,1.0,"Transcribing speech to text involves no provision of personal assistance, medical attention, or emotional support to any person; the system has no interactive helping role at all.",high,
6,71,2,1.5,"The system only extracts and combines evidence from a supplied passage to answer questions; it never assesses a person's developmental needs, tracks progress, or tailors instruction, so it falls short even of the level-2 anchor of showing a coworker how to operate equipment (at best it can surface relevant manual text on request).",high,
13,65,1,3.0,"Deployed conversational systems reliably absorb complaints, de-escalate, and apply pre-set remedies within policy, but they hold no authority to bind commitments, cannot mediate between two parties with competing stakes and organizational context, and their concessions cannot be left unsupervised where money or entitlements are at issue.",medium,
1,69,0,1.0,"The agent only selects and evaluates moves within a game's rule space; it does not assess anyone's learning needs, design instruction, or deliver explanations, so it performs no part of teaching even at the level of brief procedural instructions.",high,
7,60,1,4.0,"It can draft fluent, well-organized written reports and messages from supplied content, but without tools it has no independent access to the organizational facts being communicated, cannot handle in-person or video delivery, and may confabulate details, so higher-level accountable communication requires human oversight.",medium,
12,75,2,1.2,"The system's scope is reading issues and producing test-passing patches; it never tracks inventories, budgets, or spending, and at most implicitly manages its own compute/context within a task, which is not resource oversight an employer could delegate.",high,
8,67,2,1.5,"A translation model only converts text between languages; it can render a shift-change message across a language barrier but never itself assigns, sequences, or gets people to work together, so it barely touches even the level-2 anchor.",high,
8,75,1,1.0,"A translation model only converts text between languages; it has no access to inventories, budgets or spending records and takes no resource-allocation actions, so it does not perform even level-1 resource tracking.",high,
7,65,2,3.0,"It can generate apologies, de-escalating replies, and suggested compromises, but with no standing, authority, or accountability it cannot actually bind parties or manage a live dispute where interests, follow-through, and consequences are real.",medium,
9,73,0,1.8,"It only converts speech to text, producing a raw transcript that still needs human review and routing; it cannot itself populate standard forms, maintain files, or handle any paperwork logic.",medium,
5,75,2,1.0,"An image synthesis model has no access to inventory, budgets, or spending decisions and performs no tracking or resource-control function at all, even at the level-2 linen-counting anchor.",high,
5,71,0,1.0,"An image synthesis model has no model of a learner, cannot assess developmental needs, give feedback, or interact over time; at most it renders illustrations someone else uses for training, which is not the activity even at level 2.",high,
13,74,0,3.2,"It can reliably run structured screening interviews and answer candidate questions, but selection recommendations carry discrimination/legal exposure and require human sign-off, and it cannot execute sourcing, reference checks, offers, or promotion decisions.",medium,
5,65,2,1.0,"An image synthesis model has no interlocutor, no dialogue capability and no stake-handling ability, so it performs no part of complaint handling or negotiation even at the level of apologizing to a customer.",high,
10,66,2,2.5,"It can autonomously handle scripted, transactional digital service interactions (order lookups, form/ticket handling) but lacks the embodied presence, rapport-building, judgment about individual customers, and accountability for goodwill and edge-case escalation that level 4+ retail/hospitality or performance work requires.",medium,
9,65,0,1.0,"A transcription pipeline only converts audio to text; it takes no position, makes no concessions, and handles no complaint or dispute, so it performs none of the activity even at the level-2 apology anchor.",high,
6,74,1,1.7,"It can only extract and summarize evidence from supplied documents such as resumes or job descriptions; it cannot recruit, interview candidates, or bear responsibility for selection decisions with their legal and fairness consequences, so nothing near the level-4 anchor of interviewing and recommending hires is performed.",high,
4,69,1,2.5,"It can answer a learner's ad-hoc question about an image or explain a depicted procedure, but it performs no educational-needs assessment, curriculum or program design, or sustained pedagogical follow-through, and cannot be accountable for learning outcomes.",medium,
7,64,2,4.2,"It can generate and sustain fluent standard pitches and persuasive arguments in dialogue, but without tools, market data, relationship-building, or accountability for outcomes it cannot own a campaign in a new market or adapt strategy to a real buyer's situation.",medium,
10,63,0,3.3,"It can reliably do level-2-style digital help (finishing a coworker's task, drafting, running code) and partially handle level-4 logistical assistance like searching and booking lodging, but end-to-end real-world arrangements are unreliable and it cannot provide the in-person attention, judgment about a distressed person's needs, or any physical/medical care the higher anchors require.",medium,
8,59,1,3.2,"It converts wording between languages fluently but does not analyze what information implies or how it can be applied to a situation (the level-4 anchor's domain reasoning), and on high-stakes legal/medical or low-resource text its subtle meaning errors still require expert review.",medium,
1,71,2,1.5,"The agent only selects strong moves and outputs position evaluations; it can implicitly demonstrate correct play (a weak analogue of showing someone how to operate equipment) but does not diagnose a learner's developmental needs, adapt explanations, or structure training.",high,
2,69,2,1.0,"A game-playing agent only selects actions in an environment; it identifies no one's educational needs, builds no curriculum, and instructs no one, so it performs nothing of this activity even at the level of giving brief procedural instructions.",high,
12,59,2,3.5,"It can reliably translate stack traces, diffs, and code behavior into clear prose for developers, but unlike its patches these explanations are not validated by tests and it can confabulate plausible-sounding rationales, so it cannot be trusted unsupervised for the consequential, cross-domain interpretation the level-4+ anchors describe.",medium,
13,68,0,1.8,"It can deliver encouragement and coach an individual in dialogue, but it holds no standing, accountability, or persistent multi-party relationship, so it cannot cultivate mutual trust and cooperation among actual team members or lead a working team.",medium,
6,75,1,1.5,"It can only extract and summarize resource or spending figures stated in a supplied document; it holds no inventory state over time, initiates no orders, and makes no spending decisions, so even the level-2 linen-tracking anchor's ongoing custody and control is beyond it.",high,
9,59,0,1.3,"The pipeline converts acoustic signal to text verbatim and does not explain what information means or how it can be used, so it barely clears the simplest interpretation anchor (rendering speech intelligible to a reader) and performs no substantive interpretation beyond that.",high,
2,67,2,2.0,"Its 'coordination' is internal control of its own units or scripted teammates inside a game world; it cannot communicate with, direct, or hold accountable actual people, so anything past simple information-passing-level coordination is out of reach.",medium,
4,75,1,1.5,"It can answer per-image questions like how many items are on a shelf, but it holds no state across time, keeps no records, and takes no ordering or spending action, so it cannot even own the level-2 linen-tracking loop unsupervised.",medium,
2,74,1,1.0,"A game-playing agent acting on pixel/state input in a simulated environment performs no recruiting, interviewing, selection, or hiring activity whatsoever.",high,
8,67,1,1.4,"A translation model only converts text between languages; it has no agency to assign tasks, track people, or get a group working together, at most passively enabling cross-language information exchange.",high,
13,62,2,3.4,"It can sustain courteous, rapport-building exchanges and recall personal details across sessions, but lacks the persistent accountability, reciprocal obligation and off-channel follow-through that make a genuine working relationship, and it degrades under conflict, hostility or competing interests.",medium,
7,62,1,2.3,"A bare language model can produce cordial greetings and polite, cooperative correspondence, but with no persistence, memory, identity, or accountability across interactions it cannot actually build and sustain working relationships with real colleagues or clients over time.",high,
10,65,2,2.5,"It can autonomously handle scripted, policy-bounded complaint resolution (apologies, refunds, ticket triage) but cannot be trusted to read parties' interests, hold a position, or make binding concessions in a live multi-party dispute as level 4+ requires.",medium,
10,69,1,3.5,"It can autonomously generate and deliver instructional materials, tutorials, exercises and auto-graded practice, but cannot be trusted unsupervised with sustained diagnosis of individual learners' needs, adaptive live instruction, and accountability for learning outcomes that a full course (level 4) or an accredited professional curriculum (level 6) requires.",medium,
9,72,2,1.0,"A transcription pipeline only converts audio to text and offers no guidance, recommendations, or expert judgment to any audience.",high,
10,70,1,1.5,"It can orchestrate sub-agents and draft performance guidance or monitoring dashboards, but it holds no authority or accountability over human subordinates and cannot motivate, appraise, or discipline people, so even the level-2 'backup supervisor' role is not attained.",medium,
12,73,0,2.0,"Its only administrative output is incidental repository bookkeeping (commit messages, PR descriptions, changelog/doc file updates) — routine, low-stakes record maintenance; it has no access to or accountability for organizational forms, filings, or records systems needed at level 4 and above.",medium,
3,60,0,1.2,"The model only emits object labels/confidence scores; it does not compose messages, adapt to an audience, or convey work information beyond a tag that a human must interpret and relay, so it barely reaches the 'brief note' anchor.",high,
3,71,0,1.0,"A trained vision model only outputs object labels; it cannot assess a person's developmental needs or deliver instruction, feedback, or mentoring of any kind.",high,
7,75,2,2.2,"Without tools, persistent records, or any sensing of actual stock and expenditures, the model can only tally and reason over resource figures placed in its context and cannot own real monitoring or spending authority beyond simple bookkeeping-style tracking.",high,
8,62,1,1.3,"A translation model can render greetings and courteous phrasing across languages but has no persistent identity, memory of counterparties, or stake in a relationship, so it cannot develop or maintain cooperative working ties over time.",high,
1,66,2,1.2,"The agent only outputs moves in a formal game; it does not receive, serve, or communicate with people, so beyond incidentally entertaining spectators or online opponents it performs none of the customer-facing interaction the anchors describe.",high,
1,75,2,1.3,"Beyond allocating its own search/clock budget inside a game, the engine has no representation of real inventories, money, or organizational resources, so it cannot even perform level-2 tracking of physical stock.",high,
8,67,0,1.3,"A translation model only converts text between languages; it has no agency to assign tasks, sequence work, or get people to act together, at best passively enabling cross-language information exchange rather than coordinating it.",high,
5,75,1,1.0,"An image-generation model synthesises pictures from prompts and has no capacity to track inventory, authorize spending, or oversee any resources.",high,
12,73,2,1.5,"The agent's only administrative-like output is incidental repository bookkeeping (commit messages, PR descriptions, updated docs); it does not maintain organizational information files or process standard forms, so it barely reaches the level-2 anchor.",medium,
2,65,0,1.0,"A game-playing agent acts on perceptual input to win in a simulated environment; it never handles complaints, grievances, or negotiations with human counterparties, so it performs nothing of this activity even at level 1 (implicit multi-agent coordination in game play involves no dispute resolution or bargaining with people).",high,
8,60,0,2.3,"The model only re-renders text it is given; it cannot originate, select, or synthesize what needs to be reported to whom (e.g., summarizing a sales meeting for a supervisor), and has no organizational context or accountability for the message.",medium,
13,71,2,3.5,"It can explain procedures, answer follow-ups, and give feedback on what a learner tells or shows it in dialogue, but it cannot observe actual on-the-job performance to diagnose developmental needs, sustain accountability across a training program, or motivate and manage a group as a level-6 coach must.",medium,
11,63,2,1.5,"The system only derives answers to formal problems; it provides no personal assistance, emotional support, or physical/medical care, and at most incidentally supplies a solution someone else uses, falling short even of the level-2 sense of helping a coworker.",high,
10,66,0,2.0,"The application is defined as autonomous multi-step digital task execution, not as a customer-facing interface; it can at best complete routine transactional requests behind the scenes, and cannot be handed responsibility for reading, persuading, or satisfying live customers or guests as at level 4 and above.",medium,
4,66,2,1.8,"It only answers discrete questions about an image on request; it cannot handle a service transaction, read and manage a customer's needs or mood, persuade, or sustain a performative interaction, so it stops just past the minimal booth-attendant level of public contact.",medium,
11,68,1,1.0,"The system derives answers to formal reasoning problems and has no role in interpersonal interaction, so it performs no team-building activity even at the level-1 anchor of encouraging two coworkers.",high,
8,65,2,1.5,"A translation model only re-renders text others produce; it has no stake, no authority to concede or commit, and cannot read a dispute's dynamics, so it can at most convey a scripted apology (level 2) rather than settle anything.",high,
4,73,1,2.2,"It can read filled forms and answer field-level questions about scanned documents, which covers data extraction for routine paperwork, but it does not maintain files, take actions, or reliably enough handle multi-document reasoning and consequential accuracy (e.g., tax forms) to be left unsupervised above the routine-form level.",medium,
6,61,2,2.5,"It can only answer questions from a supplied passage, so at best it handles routine informational replies to outsiders; it cannot represent the organization, exercise judgment about what may be said publicly, or compose standard service presentations or press releases without review.",medium,
5,61,1,2.3,"It can produce visual assets that others use in external communication, but it does not itself conduct any exchange with customers, press or the public, and its outputs need human vetting for factual, brand and legal accuracy before release.",medium,
10,68,1,1.2,"The system can at most send scripted encouraging or coordinating messages in a digital channel; it holds no social standing, accountability, or ongoing relationship with human team members, so it cannot actually build mutual trust, respect, or cooperation even at the level-1 anchor.",high,
4,65,0,1.0,"Answering questions about image content involves no interaction with disputing parties, no interpersonal stake-handling, and no negotiation, so it does not perform this activity even at the level-2 apology anchor.",high,
11,71,1,2.0,"It can demonstrate and explain a derivation or method on request — the analogue of showing someone how to operate a piece of equipment — but it does not diagnose a learner's developmental needs, adapt a curriculum over time, or verify that skill transfer occurred, and its unverified errors would propagate into instruction.",medium,
6,72,2,2.2,"It can only surface and combine facts already stated in a supplied passage (e.g., answering ""what does the manual say about X""), which supports but does not constitute the evaluative judgment, domain expertise, and accountability needed to actually recommend a course of action to management.",high,
5,63,2,1.5,"The model only synthesises pictures on request; it has no capacity for interpersonal assistance, emotional support or physical/medical care, and at best contributes an image asset that marginally helps a coworker's task (level 2) without performing any caring activity itself.",high,
5,72,1,1.2,"A generative image model outputs pictures on request; it does not diagnose a client's situation, weigh options, or issue recommendations, so it performs essentially none of the advisory activity beyond supplying visual mockups a human consultant might use.",high,
6,68,1,1.0,"Answering questions about a supplied passage involves no interpersonal interaction, so the system cannot build trust or cooperation among real team members even at the level-1 anchor of encouraging two coworkers.",high,
6,67,1,1.2,"The system only answers questions about a supplied passage; it has no agency over people, cannot assign tasks, follow up, or get a group to act together, so it barely supports even the level-2 information-exchange anchor as a passive lookup aid.",high,
9,74,1,1.0,"A transcription pipeline produces text from audio and performs none of the recruiting, evaluating, selecting, or hiring judgments the activity requires, even at the lowest anchor.",high,
13,66,1,3.5,"It can handle routine, scripted-to-moderately-open customer interactions in text or voice, but has no physical presence for in-person service, cannot read or manage nonverbal cues and escalating emotion, and lacks the persona and stage command that the level 5-6 performative anchors require, so consequential or upset-customer contacts are routed to humans.",medium,
2,72,0,1.0,"A game-playing agent acts on control inputs in an environment and produces no guidance, recommendations, or expert advice to any person or group.",high,
11,66,0,1.0,"A formal-reasoning solver has no customer-facing role, no live interaction with guests or audiences, and performs no part of serving or receiving the public even at the toll-booth level.",high,
3,67,0,1.0,"A trained vision model only assigns labels to image content; it has no capacity to communicate with, direct, or align people, so it performs none of this activity even at the shift-change level.",high,
11,62,0,1.0,"A formal-reasoning solver has no ongoing relational role with coworkers or clients; it does not build or sustain working relationships at all, at best emitting incidental pleasantries.",high,
13,69,1,3.5,"It can explain concepts, answer follow-ups and tutor an individual learner well, but cannot be handed unsupervised responsibility for a full course \assture design, valid assessment, learner progress diagnosis and classroom management, and its occasional confident factual errors go uncaught by the learner.",medium,
2,73,0,1.0,"A game-playing agent acts only within a game environment and has no capacity to maintain information files or process forms and paperwork, so it does not perform this activity even at level 1.",high,
6,60,2,3.0,"It can extract and state information from a supplied passage in clear written form, but it does not gather information from events, meetings, or people, nor take responsibility for what it reports, so it cannot substitute for a person reporting meeting results to a supervisor (level 4).",medium,
3,59,0,1.5,"The model only maps pixels to category labels; it does not explain what the information means or how it can be used, so it barely exceeds the simplest reading-to-meaning translation and cannot handle audience-tailored explanation.",high,
7,64,1,4.0,"It can compose and sustain fluent standard pitches and persuasive arguments, but without tools, market data, real-time counterparty reading, or accountability for a deal it cannot own a novel campaign or high-stakes negotiation.",medium,
8,68,0,1.0,"A translation model only renders text between languages; it has no team members, no ongoing relationships, and no agency to encourage or build trust among coworkers, so it does not perform this activity even at level 1.",high,
8,63,0,1.5,"A translation model only converts text between languages; it provides no personal assistance, emotional support, or care, and at best indirectly aids someone (e.g., supplying a translation a coworker needs) without taking responsibility for the person's needs.",high,
6,66,0,1.2,"The system only answers questions about a supplied text and has no channel, persona, or transactional handling for interacting with actual customers, guests, or an audience, so it barely reaches even the toll-booth level of direct public dealing.",high,
4,74,0,1.0,"Answering questions about image content contributes nothing to recruiting, interviewing, selecting, or promoting employees, which require judgment about people, legal compliance, and organizational needs rather than visual perception.",high,
5,65,0,1.0,"An image synthesis model has no interlocutor, no stake-holding role and no capacity to hear a complaint or reach an agreement, so it does not perform even the level-2 act of apologizing to a dissatisfied customer.",high,
6,71,0,1.3,"The system only answers questions about a supplied passage; it has no model of a learner, cannot diagnose developmental needs, and cannot sustain the interactive, longitudinal instruction that even the level-2 anchor (showing a coworker how to operate equipment) requires.",high,
11,68,2,1.0,"A formal-reasoning solver has no interpersonal role, no persistent relationship with coworkers, and no capacity to build trust or cooperation, so it does not perform this activity even at the level-1 anchor.",high,
7,71,2,3.4,"It can explain procedures and give conversational tutoring or feedback on text submitted to it, but with no ability to observe a person's actual work over time, no persistent record of their progress, and no accountability for the outcome, it cannot independently diagnose developmental needs or run sustained on-the-job training (level 4+).",medium,
2,69,0,1.0,"A game-playing agent only outputs in-game actions; it does not assess learning needs, design instruction, or explain anything to a person, so it performs none of this activity even at level 1.",high,
7,67,2,2.3,"Without tools or agency it can only draft coordination text (handoff notes, task lists, schedules) from information handed to it; it cannot assign, monitor, follow up with, or adjust real people, which is what level 4+ coordination requires.",medium,
4,67,1,1.0,"A model that answers questions about images has no agency over people, no task assignment or scheduling capability, and cannot get a group to work together even at the shift-change-information level.",high,
5,74,2,1.0,"An image-generation model cannot recruit, interview, select, or hire anyone; it produces pictures and has no role in staffing decisions beyond perhaps illustrating recruitment materials.",high,
9,70,2,1.0,"A transcription pipeline has no subordinates, sets no performance standards, and produces only text output — it performs none of this activity even at level 1.",high,
7,61,0,4.0,"It can draft standard, templated external correspondence and presentation copy from information supplied in the prompt, but cannot verify facts, hold authority to commit the organization, or be trusted unsupervised with reputationally and legally consequential public statements like press releases (level 6).",medium,
1,61,2,1.0,"A game-playing search agent produces moves, not external communication; it does not represent an organization to customers, public, or press in any form.",high,
1,71,1,1.5,"The agent only outputs strong moves and position evaluations; it forms no model of a learner's developmental needs and cannot tailor, sequence, or explain instruction, so any coaching value requires a human interpreting its output.",high,
7,72,2,4.0,"It can generate coherent, expert-sounding recommendations from a described situation, but without tools or access to the organization's actual data it cannot verify facts, gather context, or be held accountable for consequential strategic advice, so higher-level consulting requires human vetting.",medium,
7,63,0,3.0,"It can offer conversational help and emotional support in text (level 2-type coworker assistance), but with no tools, no current information, and no physical presence it cannot actually arrange lodging for a stranded traveler or deliver any hands-on or medical care, and unverified advice in distress situations cannot be left unsupervised.",medium,
8,70,0,1.0,"A translation model has no subordinates, no authority, and no capacity to set standards or monitor performance; it can at most render supervisory messages into another language, not perform the supervision.",high,
5,64,2,2.5,"It can synthesise attractive promotional visuals that serve as raw persuasive material, but it does not deliver a pitch to an audience, model or read that audience, adapt to objections, or verify that depicted products are accurately represented, so a human must select, vet and deploy every asset.",medium,
8,69,0,1.4,"A translation model only re-renders text supplied to it; it does not assess learners' educational needs, design instruction, or deliver teaching, so at best it passes along someone else's brief instructions in another language.",high,
7,60,2,4.2,"It can draft fluent notes, emails, and written reports of given material at level 4, but it has no independent access to the organizational facts being communicated and cannot deliver spoken/videotaped presentations or be held accountable for authoritative policy communication at level 6.",medium,
5,64,1,1.5,"The model only synthesises images on request; it never engages an audience, reads their reactions, or constructs and adapts a persuasive case, so it contributes visual material to someone else's pitch rather than performing the selling itself.",medium,
1,72,1,1.7,"The engine only emits move recommendations inside a closed rule-set; it cannot elicit a stakeholder's problem, reason about organizational systems or processes, or justify advice to management, so it never reaches the level-4 anchor of recommending a change to improve operations.",high,
12,62,1,1.2,"The system only reads issues and emits patches; it forms no persistent relationships with coworkers or clients, at most producing polite text in a PR thread, which barely exceeds exchanging greetings.",high,
2,59,2,1.0,"A game-playing agent outputs control actions, not explanations; it never translates information's meaning or usability for a human audience, so it does not perform this activity even at the level-1 anchor.",high,
10,75,2,3.1,"It can track digital inventories, reconcile ledgers, and flag spend anomalies against rules, but firms will not grant it unsupervised authority to commit funds or place real orders because forecasting demand, judging supplier tradeoffs, and the irreversibility of a bad purchase (compounded by prompt-injection and hallucinated tool calls) require a human approver.",medium,
9,75,1,1.0,"A transcription pipeline produces text from audio and has no capacity to track inventory, authorize spending, or oversee budgets, so it performs none of this activity even at level 1.",high,
12,59,0,3.0,"Its human-facing output is incidental (commit/PR summaries, explanations of failing tests or what a function does) — competent technical translation, but the explanations are unverified byproducts that can be confidently wrong about intent or system-level implications, so nothing at the level-4+ tier of authoritative interpretation for a decision-maker can be delegated to it.",medium,
3,73,1,1.8,"A pure object-labelling vision model can at most sort or tag scanned documents by visual type; it cannot read, complete, or process forms or maintain information files end-to-end, so it falls just short of the level-2 anchor of completing routine paperwork.",medium,
8,66,2,1.5,"A translation model only converts text between languages; it does not greet, serve, transact with, or manage a customer or audience interaction, so it barely exceeds the trivial scripted-contact level of a toll booth.",high,
2,64,1,1.0,"The agent acts on game controls against an environment, not on people; it produces no persuasive communication and cannot change a human's mind or purchasing behavior even at the level-1 anchor (in-game feints or deceptive maneuvers are tactics against an opponent model, not selling or influencing in the work sense).",high,
13,60,1,4.3,"It can relay, summarize, and report information fluently in dialogue, but it has no firsthand organizational knowledge or accountable standing, so higher-level communications requiring judgment about sensitivity, political framing, verified accuracy, or produced multimedia presentation of policy cannot be delegated to it unsupervised.",medium,
4,65,2,1.0,"A model that answers questions about image content performs no part of handling complaints, settling disputes, or negotiating — it has no interlocutor, stake, or authority in a dispute, so it does nothing for this activity even at level 1.",high,
1,71,0,1.3,"The agent only selects and evaluates moves; it does not diagnose a learner's developmental needs or deliver tailored instruction, though its move evaluations can passively expose a player's errors when a human interprets them.",high,
9,63,2,1.3,"Transcription produces text but performs no personal assistance, emotional support, or care itself; any helping is done by the human or system that reads the transcript.",high,
1,68,0,1.0,"A game-playing search agent has no interaction with human team members and performs no interpersonal encouragement or trust-building at all, so it does nothing for this activity even at level 1.",high,
4,74,1,1.0,"Answering questions about image content contributes nothing to recruiting, interviewing, selecting, or promoting people, which are judgment- and interaction-based tasks with legal and human consequences.",high,
4,71,1,1.5,"A VQA model can answer one-off questions about an image (e.g., pointing out a control on pictured equipment), which touches level 2 instructional help, but it cannot assess a learner's developmental needs, sequence practice, give corrective feedback over time, or take responsibility for whether skill actually improves.",high,
11,73,2,1.2,"The system only derives answers to formal reasoning problems; it has no file-maintenance, form-handling, or record-processing function, so it cannot even complete routine paperwork on standard forms (level 2) beyond supplying a computed number someone else transcribes.",high,
11,70,2,1.0,"A mathematical reasoning system has no subordinates, no authority, and no capacity to set or monitor human performance standards, so it does not perform this activity even at level 1.",high,
2,62,0,1.0,"A game-playing agent optimizes actions in an environment and does not develop or maintain any cooperative working relationship with people, even at the level of exchanging greetings.",high,
11,59,2,5.5,"It produces fluent, usually-correct explanations of derivations and known results, but on genuinely novel or frontier material it cannot verify its own reasoning, so confidently wrong interpretations pass undetected and an expert must check before the explanation is relied on.",medium,
7,68,2,1.8,"A text-only model can draft encouraging or mediating messages but holds no authority, no persistent relationship with team members, and no ability to observe or act on real team dynamics, so it cannot be substituted for a person actually leading and building a working team.",high,
12,64,0,1.3,"The system only produces code patches and accompanying justifications (commit/PR text) that may mildly persuade a reviewer to accept a change; it does no purposeful persuasion of stakeholders, negotiation, or pitching beyond that incidental level.",high,
7,63,2,2.5,"It can give textual help and sympathetic conversation (level 2-style assistance with a colleague's task), but without tools or embodiment it cannot arrange real-world aid like lodging, and unsupervised emotional support to distressed users carries safety risk it cannot be trusted with.",medium,
6,74,0,1.5,"It can only extract and summarize facts from supplied documents such as resumes; it does not recruit, interview, evaluate candidates against organizational needs, or make hiring or promotion decisions, and the legal/fairness exposure of selection decisions rules out unsupervised use even for screening.",high,
1,72,0,2.0,"It emits authoritative move recommendations within a closed rule-defined game, but cannot elicit a client's needs, reason about systems/processes or organizational context, or communicate justified guidance to management, so it never reaches the level-4 anchor of recommending a change to improve operations.",high,
9,62,1,1.0,"A transcription pipeline produces text from audio and has no capacity to initiate, sustain, or reciprocate any social interaction \u2014 it cannot even exchange a greeting, only record one.",high,
3,59,2,1.5,"It converts raw pixels into a human-readable label — roughly the simple readout-to-meaning step of the level 1 anchor — but it produces no explanation of what the finding implies, how it can be used, or any tailoring to an audience, and cannot handle the multi-source, context-dependent interpretation required at level 4.",medium,
2,69,1,1.0,"A game-playing agent emits control actions in an environment and never assesses others' learning needs or delivers instruction, so it does not perform the activity even at the level-2 anchor of giving brief procedural instructions.",high,
11,67,0,1.0,"The system solves formal reasoning problems in isolation and has no agency over, communication with, or scheduling authority over group members, so it performs no coordination even at the shift-change level.",high,
6,69,0,1.8,"It can only answer questions grounded in a passage handed to it — enough to relay a simple procedural instruction extracted from a document, but it never identifies learners' educational needs, sequences material, or delivers and adapts instruction, so nothing at or above the level-4 'teach a course' anchor is in reach.",high,
2,61,1,1.0,"A game-playing agent acts on in-game controls and has no channel or function for representing an organization to customers, the public, or media, so it performs none of this activity.",high,
11,62,2,1.0,"The system derives answers to formal problems and has no persistent social role, memory of counterparties, or relationship-building function beyond incidental conversational politeness.",high,
