ai_app_id,ability_id,replicate,attained_level,ceiling_reason,confidence,error
3,35,1,1.0,"Image recognition is a disembodied classification model with no body or actuators, so it performs no physical trunk-supporting work at any level.",high,
12,38,1,1.0,"The application is a disembodied software system with no physical body, so it cannot bend, stretch, twist, or reach at any level.",high,
12,29,0,1.0,"The application has no sensory-motor loop \u2014 it performs no hand, finger, or foot response to a physical signal at all, so it does nothing for this activity even at level 1.",high,
8,53,2,1.8,"The model only maps static text to text; it can register affect and politeness cues well enough to preserve tone, but it never observes people or their ongoing reactions, so it cannot be relied on for even level-2 situational awareness of why someone is reacting as they do.",medium,
3,11,1,3.0,"A trained vision model applies one fixed, pre-learned taxonomy over visible attributes (shape, size, color, fine-grained type) but cannot generate or switch to new grouping rules, especially ones based on non-visual properties like cost, strength or melting point required at higher levels.",medium,
11,47,2,1.0,Glare sensitivity is a human visual-perceptual ability requiring eyes and real-world visual scenes; a mathematical reasoning system performs no part of it even at level 1.,high,
10,33,1,1.0,"A purely digital agent has no body and exerts no muscle force, so it performs none of this physical activity even at the lowest anchor.",high,
5,44,0,1.3,"The model only renders plausible perspective and occlusion cues inside a synthesised picture; it does not sense or judge real distances to objects, so even the level-2 anchor (egocentric distance judgment for merging a car) is outside what it does.",high,
12,18,1,1.0,"The application operates purely on text and code with no embodiment, physical location, or environmental frame of reference, so it does not perform spatial orientation even at level 1.",high,
9,26,1,1.0,A speech-to-text pipeline has no effectors and performs no physical limb coordination whatsoever.,high,
8,20,0,4.3,"The model never fatigues and sustains monotonous long-run processing, but on long or noisy inputs it drifts in terminology, loses mid-context detail, and can be hijacked by embedded instructions or garbled material, so it cannot be trusted to hold deep comprehension amid strong interference.",medium,
7,29,1,1.0,"A text-only language model has no sensors or effectors, so it cannot perceive a physical signal or produce any hand, finger, or foot response at all.",high,
13,13,1,3.0,"In-dialogue mental arithmetic is fluent but not reliably exact once multiple steps or many digits are involved (and spoken numbers can be misheard), so checkbook-style running totals are near the limit and interest-payment computations cannot be trusted unsupervised.",medium,
11,29,2,1.0,"A text-based mathematical reasoning system has no sensors or motor effectors and performs no rapid physical response to a signal, so it does nothing for this activity even at level 1.",high,
7,39,1,1.0,"A text-only model has no body or actuators, so it performs no physical whole-body movement at any level.",high,
2,56,2,1.0,"A real-time game-playing agent acts through motor/control outputs in a simulated environment and has no channel for communicating with, persuading, or reconciling differences among people, so it performs no part of the negotiation activity even at the level-2 anchor.",high,
9,28,1,1.0,"A speech-to-text pipeline has no motor output or physical actuation, so it cannot time movements against a moving object at any level.",high,
5,45,0,4.5,"It renders plausible, internally coherent colour and shading and can approximate a reference palette, but it cannot reliably hit a specified exact colour (hex/brand/Pantone), keep hues consistent across a set, or verify a match, so colour-critical work still needs human checking.",medium,
8,15,0,3.4,"A text-to-text translation model can rapidly resolve fragmentary, misspelled or idiomatic strings into coherent meaning (level 3-like closure on linguistic input), but it takes no perceptual/visual input such as handwriting or radar imagery and cannot integrate noisy non-linguistic patterns into a decision, so the level 4-5 anchors are out of reach.",medium,
2,47,0,1.0,"The agent consumes clean rendered game frames or API state, never a physical optical scene, so it never performs seeing under real glare or bright ambient light at all.",high,
6,56,0,1.0,"The application only extracts and combines evidence from a supplied passage to answer questions; it has no channel to interact with parties, represent interests, make concessions, or reconcile differences, so it performs none of the activity even at the level-2 anchor.",high,
12,16,2,4.5,"It reliably surfaces known code patterns amid large-repo clutter via search and traceback following, but misses deeply camouflaged defects — subtle cross-file interactions, misleading symptoms, or bugs whose signature isn't lexically present — often patching the wrong location without noticing.",medium,
5,40,1,1.0,"An image generation model has no body and performs no physical balancing activity whatsoever, so it does nothing even at level 1.",high,
10,29,2,1.0,"Reaction Time is a psychomotor ability requiring near-instant hand/finger/foot movement in response to a physical signal; a software agent has no effectors and its perceive-plan-act loop runs on the order of seconds, so it performs none of the anchored responses even at the lowest level.",high,
3,30,1,1.0,"An image-labelling model has no actuators and performs no physical finger, hand, or wrist movement at all, so it does nothing for this activity even at level 1.",high,
3,21,1,1.5,"A still-image classifier consumes a single static input stream and has no temporal or cross-source attention to shift between, so it does not perform even the level-2 anchor of sustaining two concurrent activities (at best it parses multiple objects within one frame).",high,
2,16,0,4.7,"Trained agents reliably pick out known game entities from cluttered rendered scenes at superhuman speed, but this works only within the distribution they were trained on — novel visual clutter, unseen camouflage-like occlusion, or off-distribution rendering degrades detection sharply, so the level-6 style hard signal-in-noise discrimination is not attained.",medium,
2,31,0,1.0,The agent has no body or limbs; it emits action commands through a software interface and performs no physical arm or leg movement at all.,high,
4,2,1,4.5,"It reliably parses questions and moderately complex document/lease-level prose, but sustained comprehension of dense technical manuals with consequential downstream use is unreliable without human checking (hallucination, misreading fine detail).",medium,
10,52,2,1.0,"The application as defined operates entirely through text, code, and software interfaces and produces no spoken output at all, so it does not perform this activity even at the level of calling bingo numbers.",high,
8,18,0,1.0,"A text-to-text translation model has no embodiment, sensory input, or positional awareness, so it performs no spatial orientation at all even at level 1.",high,
5,38,2,1.0,"An image generation model has no body and performs no physical bending, stretching, twisting, or reaching whatsoever.",high,
3,50,1,1.0,"The application processes still images only and has no audio input, so it cannot localize sound at any level.",high,
2,53,1,1.5,"The agent models opponent strategy statistically to win, but has no representation of others' emotional states or the reasons behind human reactions, so it cannot even reliably perform the level-2 anchor of recognizing why a person is upset.",high,
13,20,1,4.5,"It never fatigues and holds focus indefinitely on a single thread, but in multi-speaker/noisy audio the recognition front end degrades and in long, tangent-filled dialogues it loses or is derailed from the original task, so it cannot match level-6 sustained deep concentration under heavy interference.",medium,
11,4,1,5.1,"It writes clear, well-structured technical prose and proof write-ups at graduate level, but book-length, self-consistent authoritative exposition (the level-6 textbook anchor) still requires human verification because subtly wrong or overconfident derivations are presented with the same fluency as correct ones.",medium,
10,40,2,1.0,Gross Body Equilibrium is a purely physical ability requiring a body in an unstable position; a software agent operating in a digital environment has no body and performs none of it.,high,
7,57,2,4.5,"Text-only explanation handles procedural teaching like software or policy walkthroughs well, but it cannot demonstrate physical technique, verify a learner's actual performance, or be trusted unsupervised where a hallucinated step would cause real harm (the level 6 anchor).",medium,
5,38,0,1.0,"An image-generation model has no body and performs no physical bending, stretching, or reaching, so it does nothing for this activity even at level 1.",high,
11,5,1,5.2,"It readily produces many candidate approaches, lemmas, and reformulations for a stated problem, but at level-6 breadth it cannot be trusted to exhaustively canvass a strategy space in an unfamiliar or open-ended domain — its enumerations cluster on familiar, training-distribution templates and quietly omit whole classes of approach.",medium,
11,7,0,4.5,"It reliably catches overt inconsistencies, unit/sanity violations, and gross logical gaps, but cannot be trusted unsupervised to spot subtle flaws in a plausible-looking derivation or its own reasoning (the level-6 'few symptoms' case), and it also raises false alarms.",medium,
10,56,1,2.2,"It can autonomously draft and send low-stakes requests or coordinate scheduling/refund-style back-and-forth, but it has no standing authority to commit a party, cannot read or manage a live counterparty's interests and trust, and any binding commercial agreement (level 4+) would require human sign-off.",medium,
10,17,2,4.5,"It can compare and check digital data streams, files, and dashboard values quickly and exactly via code and APIs, but level 6-style rapid, high-accuracy visual discrimination of physical objects (or noisy screen imagery) is outside its digital sensorium and beyond reliable VLM accuracy.",medium,
12,25,1,1.0,"The application is purely textual/software-based and never manipulates physical machine or vehicle controls, so it performs nothing on this psychomotor scale even at level 1.",high,
10,45,0,3.5,"It can compare colors exactly on digital images by extracting pixel values programmatically, but VLM perception of subtle shades in real-world imagery is unreliable and it cannot perform the mid-to-high anchors that require tracing or rendering color in a physical scene.",medium,
13,57,2,4.3,"It can explain and adaptively coach procedural and conceptual tasks in dialogue (level ~4), but cannot physically demonstrate a skill, verify a learner's hands-on performance, or be trusted unsupervised with high-stakes instruction where hallucinated procedural detail would injure someone (level 6).",medium,
12,4,2,3.5,"Its written output is confined to short incidental artifacts (commit messages, patch summaries, code comments) that are fluent but sometimes misdescribe the actual change, and it never authors sustained, audience-calibrated documents of the kind level 4+ anchors describe.",medium,
1,42,1,1.0,"A game-tree search agent operates on symbolic board states and has no optical sensing whatsoever, so it performs no distance-vision task at any level.",high,
11,19,2,3.0,"It can imagine rearrangements only when they are expressible symbolically (coordinate geometry, combinatorial configurations); it cannot reliably read a physical assembly diagram or track objects through spatial transformations, so the level-4 anchor is not met unsupervised.",medium,
11,39,2,1.0,"The application is a disembodied reasoning system with no physical body or actuators, so it performs no whole-body movement at any level.",high,
12,18,0,1.0,"The application operates purely on text/code and has no body, position, or environment to orient within, so it performs no spatial orientation at all — not even the level-2 floor-plan case.",high,
6,15,2,4.2,"It rapidly extracts and combines evidence from supplied text, handling some ambiguity and noise, but cannot be trusted to infer a decision-grade pattern from incomplete or noisy real-world signals (the level-5 radar case), and multi-hop or adversarial passages still yield confident misreadings that require human checking.",medium,
5,26,2,1.0,"An image generation model has no body or actuators, so it performs no limb coordination at all — even the level 2 anchor (rowing a boat) requires physical motor action it cannot take.",high,
1,3,0,1.0,"A game-playing search agent produces moves, not speech; it has no capacity to communicate information orally at all.",high,
8,54,2,1.2,"A translation model only maps input text to output text; it has no representation of other agents' ongoing actions or plans and cannot adjust its behavior to synchronize with them, so it barely registers even at level 1 (at most passive turn-taking in an interpreted exchange).",high,
9,40,2,1.0,"A speech-to-text model has no body and performs no physical balancing whatsoever, so it does nothing for this activity even at level 1.",high,
11,42,1,1.0,"The system is a text-based reasoning engine with no visual sensing of the physical environment, so it performs no far-vision activity at all, even at level 1.",high,
7,29,2,1.0,"A text-predicting model has no sensors or motor effectors, so it cannot perceive a physical signal or respond with hand, finger, or foot at all.",high,
5,58,2,1.3,"The model only renders images in response to an explicit prompt; it has no capacity to notice a person's need, initiate an offer of help, or take responsibility for a service transaction, so it barely registers even at the level-2 'offer a customer coffee' anchor.",high,
2,23,1,2.0,"The agent emits control inputs in software and has no hands or effectors, so it can substitute for the rapid-input component of gameplay but cannot grasp or manipulate any physical object, even at the level-1 light-bulb anchor.",high,
4,3,1,3.0,"The model emits short written answers about image content rather than speech, and lacks the sustained, audience-adapted explanation that level 4+ anchors (guiding a lost motorist, teaching genetics) require.",medium,
12,50,1,1.0,"The application processes text and code and has no auditory input or spatial hearing capability, so it performs no sound localization at all.",high,
7,32,1,1.0,"A text-predicting model has no body or actuators, so it exerts no physical force at all, not even pushing an empty cart.",high,
2,16,1,5.0,"Trained agents reliably pick out known game entities amid dense visual clutter at high speed within the environment they were trained on, but they cannot detect genuinely novel or deliberately disguised patterns outside that distribution, which is what the level-6 camouflage anchor requires.",medium,
7,44,1,1.0,"A text-only language model has no visual input or spatial sensing, so it cannot judge relative distance of objects at all.",high,
7,50,1,1.0,"A text-only language model has no auditory input or spatial hearing, so it cannot localize sound at all, even at level 1.",high,
4,25,1,1.0,"Visual question answering only produces text answers about images; it has no actuators or control loop, so it performs no machine or vehicle control adjustment at any level.",high,
12,8,0,4.5,"It reliably applies language/API rules to localize and patch well-scoped issues verified by existing tests, but its resolve rate drops sharply on multi-constraint or cross-module reasoning where no test pins the correct behavior, so it cannot be trusted unsupervised at the level-5+ 'weigh which factors govern the design' band.",medium,
2,29,0,5.5,"Game agents react to on-screen signals with superhuman latency and consistency, but their stimulus detection is tied to trained distributions and degrades on novel or out-of-distribution events, so they cannot be trusted for the level-6 anchor's rare, unexpected, safety-critical trigger.",medium,
13,47,0,1.0,"Glare Sensitivity is a visual-perceptual ability requiring seeing objects under bright light; a conversational dialogue system has no visual perception role at all, so it performs nothing on this scale.",high,
4,54,1,1.0,"A VQA model only emits answers about static images; it takes no actions in a shared task and has no mechanism for perceiving or adjusting to others' ongoing actions, so it does not perform coordination even at the level-2 appointment-scheduling anchor.",high,
4,35,1,1.0,Trunk Strength is a physical muscular capacity requiring a body; a visual question answering model has no embodiment and performs none of this activity at any level.,high,
13,11,0,5.0,"It fluently regroups and re-sorts concepts under shifting criteria in dialogue, but multi-attribute technical taxonomies (level-6 style) rest on unverified recalled properties, so its schemes can be plausible yet wrong without a human checking.",medium,
4,17,1,3.0,"It reliably reads and matches simple discrete symbols (digits, labels, obvious object differences) with no time pressure, but degrades on rapid multi-item comparison, fine-grained detail differences, and precise gauge/dial reading, where errors would be silent and consequential.",medium,
8,46,1,1.0,"A text translation model has no visual sensing capability whatsoever, so it cannot see under any lighting condition.",high,
4,49,1,1.0,"The application takes images and text only, processing no audio at all, so it cannot attend to any sound source, let alone isolate one amid noise.",high,
3,23,2,1.0,"A vision model that labels objects in images has no effector or physical manipulation capability at all, so it cannot grasp or move anything even at the level-1 anchor.",high,
12,6,2,3.0,"It reliably produces workable, sometimes non-obvious fixes by recombining patterns already present in code and training data, but it cannot be trusted unsupervised to originate genuinely novel designs, algorithms, or architectural reconceptions (level 4+), and its more inventive attempts often need human vetting.",medium,
9,4,1,2.0,"The pipeline only renders someone else's speech as punctuated text; it originates no content, structure or audience-tailored argument, so it cannot compose even a modest self-authored document like a recommendation letter.",high,
13,56,2,3.3,"It can argue a position fluently and haggle within pre-set parameters, but binding commercial bargaining (level 4) requires authority, judgment about walk-away points and counterparty leverage, and accountability for a contract the system cannot be trusted to commit to unsupervised — and it cannot convene or mediate between real parties with genuine stakes.",medium,
9,2,1,1.5,"The pipeline takes audio, not text, as input; its language model exploits word-sequence statistics for homophone disambiguation but never reads and comprehends written material, so it cannot substitute for a human reading even simple documents.",high,
6,13,1,2.5,"It can extract numbers from a passage and do small single-step sums or comparisons, but as a text-reading model without a calculator it makes silent errors on multi-digit, multi-step running arithmetic (checkbook balancing, interest computation), so exact-arithmetic work cannot be left unsupervised.",medium,
9,20,0,4.0,"It sustains vigilance on an audio stream indefinitely without fatigue, but it only pattern-matches sound to text and cannot maintain the comprehension-level concentration on complex content that the level 6 anchor requires, and its accuracy still degrades under heavy overlap and noise.",medium,
10,27,0,1.0,"Response Orientation is a psychomotor ability requiring rapid selection among physical movements in response to sensory signals; a digital agent makes no bodily movements and operates over deliberative, not reaction-time, horizons.",high,
5,23,1,1.0,"An image-generation model has no physical actuators and performs no grasping or manipulation of objects at all, so it does nothing for this activity even at level 1.",high,
7,56,0,2.5,"It can compose persuasive justifications and simulate back-and-forth bargaining in text, but it has no standing, authority, or accountability to commit a party to terms, cannot verify facts or reliably handle price/quantity arithmetic, and cannot read or manage a live counterparty's interests, so binding deal-making at level 4 is out of reach.",medium,
6,44,2,1.0,"A text-reading QA system has no visual or spatial sensing and performs no distance judgment whatsoever, even at level 1.",high,
9,35,0,1.0,"A speech-to-text model has no body and performs no physical trunk exertion whatsoever, so it does nothing for this activity even at level 1.",high,
12,47,2,1.0,"The application is a text/code-based system with no visual perception at all, so it performs nothing on a physical vision ability like seeing under glare.",high,
2,13,0,1.5,"A trained game agent only performs arithmetic implicitly inside its policy (resource counts, damage estimates) and cannot be handed an explicit calculation task such as balancing accounts or computing interest.",medium,
4,30,1,1.0,"Visual question answering is a purely software perceptual-linguistic system with no hands, actuators, or physical embodiment, so it performs no finger, hand, or wrist movement at any level.",high,
3,6,0,1.0,"A trained classifier assigns labels from a fixed learned category space and generates no novel ideas or solutions, so it performs no part of the originality activity even at level 1.",high,
2,29,2,5.0,"Trained agents react to in-game visual signals with superhuman latency and near-perfect consistency, but only to stimuli within their training distribution — they miss or misclassify rare, novel, or ambiguous signals, so the level-6 anchor's safety-critical, unexpected-stimulus reliability is not attained.",medium,
7,2,0,5.5,"It reliably extracts and applies meaning from complex prose like leases, policies and technical articles, but on dense specialist manuals it still misreads long-range dependencies, conflates similar clauses and states misreadings confidently, so safety-critical comprehension (the level-6 anchor) cannot be left unverified.",high,
12,3,1,1.0,"The system produces code patches and written artifacts with no spoken output or interactive verbal exchange, so it performs no oral communication at all.",high,
3,33,0,1.0,"A vision model has no body or actuators and exerts no muscular force at all, so it performs nothing on this physical-endurance activity even at level 1.",high,
2,45,0,2.5,"Game agents reliably distinguish the highly saturated, well-separated colors games use to encode state (team colors, health bars, item tints), but they are trained on that specific palette and do not perform fine shade/brightness matching or color reproduction in novel visual conditions.",medium,
11,25,0,1.0,"The application is a purely symbolic reasoning system with no actuators or machine controls, so it performs no physical control adjustment at any level.",high,
12,15,2,4.5,"It rapidly organizes noisy, partial inputs (stack traces, logs, sprawling code) into a coherent diagnosis, but on unfamiliar or large codebases it frequently latches onto a plausible-but-wrong pattern and needs test feedback or human review to catch it, so the level-5 kind of consequential inference from ambiguous signals isn't reliable unsupervised.",medium,
13,27,0,1.0,"Response Orientation requires selecting and initiating physical movements in response to signals, and a conversational system has no motor output at all — even the level 2 anchor (choosing which of two ringing devices to physically answer) is outside what it does.",high,
5,19,1,3.4,"It can render plausible rearranged or restyled scenes on demand, but it cannot reliably enforce precise geometric, part-count and structural correctness (the diagram-following fidelity of level 4), so outputs need human checking whenever spatial accuracy, not plausibility, is what matters.",medium,
5,32,0,1.0,"An image generation model has no physical embodiment and exerts no muscular or mechanical force at all, so it does nothing for this activity even at level 1.",high,
5,30,0,1.0,"Image generation is a purely computational output with no physical actuation, so it performs no finger, hand, or wrist movement at any level.",high,
1,35,0,1.0,"A game-playing search agent has no body or musculature, so it performs no trunk-strength activity at any level.",high,
9,31,1,1.0,"A speech-to-text pipeline has no limbs or actuators and performs no physical movement whatsoever, so it does nothing for this activity even at level 1.",high,
8,29,2,1.0,"A text translation model has no sensory-motor loop and produces no hand, finger, or foot response to a signal, so it performs nothing on this physical reaction-time scale.",high,
7,17,0,2.2,"With no perceptual channel or time-pressured input, it can only do text-symbol matching like sorting addresses by ZIP at leisure; character-level comparison is tokenization-degraded and the level 4+ anchors (reading gauges under a clock, inspecting parts on a moving line) require real-time visual perception it does not have.",high,
4,37,2,1.0,"Visual question answering is a purely software-based perceptual/linguistic system with no body or actuators, so it cannot bend, stretch, twist, or reach at all.",high,
3,11,0,3.0,"It applies one fixed, pre-trained visual taxonomy to surface appearance and cannot generate new grouping rules or classify on non-visual attributes (cost, strength, melting point) as level 6 requires.",medium,
5,18,1,1.0,"An image generator has no location or egocentric frame in any environment; it synthesises pixels from a prompt and never determines where it or other objects are relative to itself, so it does not perform this activity even at the level-2 floor-plan anchor.",high,
7,1,2,1.5,"A text-only language model without external tools cannot receive or process an acoustic speech signal at all; it can only handle spoken content already converted to text by something else, so it does not perform listening comprehension even at the level-2 anchor.",high,
3,7,0,2.8,"It can flag visually evident anomalies (defects, missing or damaged objects) in a single frame, but has no access to context, temporal cues or non-visual signals needed to judge that something is *likely* to go wrong, and its consequential uses (e.g. early disease detection) still require human confirmation.",medium,
8,24,2,1.0,"A translation model has no hands or physical actuators, so it performs no finger manipulation at any level.",high,
7,27,2,1.0,Response Orientation is a psychomotor ability requiring selection and initiation of physical movements to sensory signals; a text-predicting model has no motor output or real-time signal channel and performs none of it.,high,
7,20,1,3.0,"A bare language model has no temporal persistence or monitoring loop, so it cannot hold vigilance over a shift-length period; within a single pass it stays on instruction amid irrelevant context but degrades on long, distractor-heavy inputs, capping it below the level-4 sustained-monitoring anchor.",medium,
2,5,1,2.3,"Search and policy networks do enumerate many candidate moves/strategies within a fixed game action space, but the agent cannot generate or articulate ideas about an arbitrary topic outside its trained environment, so it cannot substitute for a human asked to produce lists of ideas.",medium,
7,10,1,4.0,"It reliably orders text, steps, and moderately complex rule-based sequences, but without external tools it drifts on long or strictly constrained orderings and cannot be trusted unsupervised for precision-critical, high-consequence assembly-style sequencing.",medium,
9,43,2,1.0,"A speech transcription pipeline processes audio only and has no visual input whatsoever, so it performs no peripheral vision activity at any level.",high,
11,13,0,5.5,"Reasoning models handle formula selection and multi-step computation (e.g., interest, amortization, unit conversions) reliably, but without a calculator/tool loop they still make silent slips on long or large-magnitude arithmetic, so high-stakes unsupervised numerical work above the level-5 anchor isn't dependable.",medium,
13,30,2,1.0,Wrist-Finger Speed is a physical manual dexterity ability requiring hands and fingers; a conversational AI system has no effectors and performs none of it even at level 1.,high,
2,7,0,3.5,"Trained agents reliably spot in-game threats and anticipate failure states within the closed, fully-observable-by-design environment they were trained on, but cannot detect anomalies outside that distribution or read subtle, novel cues of impending trouble as the level-4+ anchors require.",medium,
2,8,1,3.5,"Trained agents apply learned regularities fluently within one game's fixed rule set under time pressure, but the 'rules' are implicit policy statistics rather than explicit general principles, so performance collapses on rule changes, novel maps, or unseen strategies and cannot be transferred to open-ended inference like the level-5 anchor.",medium,
5,37,1,1.0,"An image generation model has no physical body and cannot bend, stretch, twist, or reach at all, so it performs none of this activity even at level 1.",high,
7,28,1,1.0,Rate Control is a continuous psychomotor timing ability requiring physical control of body or equipment relative to a moving object; a text-only model has no sensors or actuators and performs nothing at even level 1.,high,
13,34,0,1.0,"A conversational AI has no body and cannot exert any muscular force, so it performs nothing on this physical activity even at level 1.",high,
13,31,0,1.0,"A conversational system has no limbs or physical actuation, so it performs nothing on this psychomotor activity even at level 1.",high,
2,10,0,4.5,"Trained agents reliably execute complex learned action sequences (build orders, multi-step tactical combos) within their game, but the ordering is statistically learned rather than derived from explicit rules, so novel or out-of-distribution rule sets and any consequential real-world sequencing task break it.",medium,
3,41,0,5.0,"It reliably resolves fine detail and fine-grained categories in controlled close-range images, but expert-grade minor-defect detection (level 6) demands rare-defect sensitivity, calibrated confidence and out-of-distribution robustness that trained classifiers lack without human verification.",medium,
8,28,2,1.0,Rate Control is a psychomotor ability requiring timed physical movement in response to moving objects; a text translation model has no motor output or perception of motion whatsoever.,high,
10,2,0,5.5,"It reads and acts on dense technical documentation, code and API specs at near-expert fidelity, but on long, ambiguous or safety-critical texts it still silently misreads constraints and confabulates details, so level-6 comprehension cannot be trusted unsupervised.",medium,
11,31,1,1.0,"The application is a disembodied reasoning system with no limbs or actuators, so it performs no physical limb movement at any level.",high,
1,21,2,2.3,"A game engine operates on a single homogeneous input stream (the board state) and at most interleaves search with clock management or pondering; it never shifts attention among genuinely distinct, concurrently changing information sources as the level 3+ anchors require.",medium,
12,57,1,1.5,"The application is defined as autonomously producing code patches with no human audience; beyond incidental explanatory text in commit messages or comments it does not teach anyone a procedure, so it barely reaches the level-2 anchor of instructing a new employee in a simple task.",high,
8,9,1,2.4,"The model only performs the shallow inference incidental to translation 
i.e. inferring register, referent, or terminology from surrounding context 
and cannot combine dispersed, non-obvious evidence into novel general conclusions as level 4+ anchors require.",medium,
8,10,0,3.5,"It reliably applies complex sequencing rules within text (syntactic reordering, clause and list ordering across languages), but ordering is only incidental to translation — it cannot be handed responsibility for ordering actions or objects in the physical, procedural or safety-critical sense the higher anchors describe.",medium,
4,9,1,3.0,"It reliably combines everyday visual cues into simple conclusions about a scene, but hallucination, counting and fine-detail errors make it untrustworthy for unsupervised multi-clue inference where a wrong conclusion carries real consequences (level 4+).",medium,
10,33,2,1.0,"Dynamic Strength is a purely physical muscular-endurance ability; a digital agentic software system has no body and exerts no muscle force at all, so it does nothing for this activity even at level 1.",high,
11,52,1,1.0,"The system is a text-based reasoning engine that produces no spoken output at all, so it does not perform the activity even at the bingo-caller level.",high,
1,50,1,1.0,"A board-game search agent has no audio input or spatial-auditory processing at all, so it performs nothing on this activity even at level 1.",high,
4,26,2,1.0,"A multimodal model that outputs text has no limbs or actuators, so it performs no part of physical multilimb coordination even at level 1.",high,
2,44,1,4.0,"Game agents judge relative distance and lead moving targets reliably, but they do so within a simulator that supplies calibrated depth or a fixed rendering, so they do not attain the real-world metric distance judgment under novel viewpoints and consequential stakes implied by the higher anchors.",medium,
6,37,1,1.0,"A text-reading question-answering model has no body or actuators, so it performs no physical bending, stretching, twisting, or reaching at any level.",high,
12,18,2,1.0,"The application operates purely on text/code in a repository and has no body, sensors, or physical location to orient within an environment, so it does not perform the activity at all.",high,
13,6,2,4.3,"It reliably produces clever recombinations and plausible redesigns of familiar problems (level-4 territory), but genuinely novel invention requiring grounded domain discovery and validation of whether the idea actually works is beyond it, and its 'unusual' outputs still need a human to filter the unworkable ones.",medium,
6,30,2,1.0,"A text-reading question-answering model has no hands or physical actuators, so it performs no finger, hand, or wrist movements at any level.",high,
9,21,1,2.5,"It processes a single audio modality end-to-end and can at best follow overlapping speakers within that one stream; it never alternates between heterogeneous information sources or interleaves a second task, so anchors from level 3 upward (monitoring a secondary channel while performing a concurrent activity, or fusing radar with radio under load) are out of reach.",medium,
6,1,1,2.5,"The system has no speech input at all ""it only reads supplied written passages"" so it can only stand in for oral comprehension when someone else has already transcribed the speech, and it cannot handle the prosody, disfluency, speaker-tracking and real-time interactive clarification that mid- and high-level anchors (coach's instructions, advanced physics lecture) require.",medium,
9,12,0,1.0,"A speech recognition pipeline transcribes audio to text and performs no selection of mathematical methods or formulas at all, so it does nothing for this activity even at level 1.",high,
5,34,1,1.0,"An image generation model has no body or actuators, so it cannot exert muscle force to jump, sprint, or throw anything at any level.",high,
13,28,0,1.0,Rate Control is a physical sensorimotor timing ability requiring anticipation of moving objects; a conversational text/speech system has no effectors or motion tracking and performs nothing on this activity even at level 1.,high,
13,27,1,1.0,"Response Orientation is a psychomotor ability requiring selection and initiation of physical movements in response to signals; a conversational system produces no movements at all, so it does not perform the activity even at level 1.",high,
7,3,0,3.5,"The model produces the verbal content of clear explanations but has no speech output, prosody, or real-time auditory turn-taking, so it cannot itself deliver information orally to a listener beyond supplying scripted wording that a human or external tool must voice.",medium,
6,57,0,2.5,"It can only relay procedural steps that are explicitly present in the supplied passage, with no ability to demonstrate, gauge whether the learner understood, or adapt the explanation over a teaching interaction, so it stops just past simple 'explain this simple procedure from the manual' instructing.",medium,
6,58,0,1.5,"The system only answers questions posed to it about a supplied passage; it never proactively identifies what a person needs nor takes any service action, so it falls short even of the level-2 anchor of volunteering a simple offer of help, and has no capacity to transact on a customer's behalf (level 4).",medium,
5,12,0,1.5,"The model renders plausible geometry and perspective implicitly but does not select or apply mathematical methods to solve a stated problem, and it is unreliable even at level-1 tasks like counting objects or rendering correct arithmetic/numeric labels in an image.",medium,
12,58,2,2.5,"It only executes an already-written issue ticket inside a codebase
initiative, no dialogue with the requester, and no ability to elicit or anticipate what a person actually needs.",medium,
2,43,2,4.2,"Game agents ingest the whole frame uniformly and can track off-center units and teammates while acting on a primary target (level-4 equivalent), but this is screen-wide input rather than true off-axis sensing, and it has never been shown reliable in the high-stakes, cluttered real-world discrimination the level-6 anchor describes.",low,
3,57,2,1.0,"A vision model that outputs object labels does not teach anyone anything; it produces no explanation, demonstration, or adaptive guidance, so it performs no part of instructing even at level 1.",high,
6,32,1,1.0,"A text-reading question-answering model has no physical embodiment and exerts no muscle force at all, so it performs nothing on this activity even at level 1.",high,
5,42,1,1.0,"Image generation synthesises pixels from prompts and has no capacity to sense or resolve detail in the distant physical world, so it performs none of this perceptual activity even at level 1.",high,
2,35,1,1.0,"A game-playing software agent has no body or abdominal/back musculature, so it performs no trunk-strength activity at any level.",high,
10,54,2,2.7,"It can reliably handle rule-bound, API-mediated coordination (booking, rescheduling, dispatching, sequencing sub-agents), but cannot sustain the reciprocal, real-time renegotiation with human counterparts whose plans shift mid-task — nor be held accountable for it — as level 4+ joint work requires.",medium,
6,12,2,2.5,"It can extract numbers from a passage and do simple arithmetic or comparison steps stated there, but selecting and applying a mathematical method not spelled out in the text (e.g., devising a profit-and-bonus calculation) falls outside evidence-locating reading comprehension and is not reliable unsupervised.",medium,
2,44,2,4.5,"Agents judge in-game distances and lead moving targets very accurately, but only from rendered cues in the single environment they were trained on \u2014 the depth estimates are game-specific heuristics that break on novel scenes or true physical distance judgment, so the anticipatory, adversarial precision of the level-6 anchor is not reliably attained outside the training distribution.",medium,
9,34,2,1.0,"Speech recognition is a software transcription pipeline with no physical actuators, so it exerts no muscle force or propulsion at any level.",high,
10,42,1,1.0,"The application has no distance-viewing sensory apparatus and operates only on digital inputs, so it performs no far-vision activity even at level 1.",high,
2,4,0,1.0,"A game-playing agent emits control actions, not prose; it produces no written communication for a human reader even at the level of a reminder note.",high,
9,8,1,1.3,"The pipeline only applies statistical acoustic/language priors to pick likely word sequences; it does not apply general rules to specific problems, so it falls short even of the level-2 anchor's simple causal inference.",high,
11,8,2,5.5,"It applies formal rules to well-posed problems at near-expert difficulty, but on novel or open-ended derivations it still produces confident, subtly invalid proof steps that require expert verification, so it cannot be trusted unsupervised for consequential level-6 design-type deduction.",medium,
6,44,1,1.0,"A text-reading question-answering system has no visual/spatial sensing and performs no judgment of physical distance whatsoever, so it does nothing for this activity even at level 1.",high,
13,37,0,1.0,"Conversation is a purely linguistic/auditory capability with no body, arms, or legs, so it cannot bend, stretch, twist, or reach at any level.",high,
9,6,2,1.0,"A transcription pipeline maps audio to the words actually spoken and generates no novel ideas or creative solutions of its own, so it does not perform the activity even at level 1.",high,
1,7,2,4.0,"Within a closed, fully-observable rule system it detects subtle, distant threats and losing tendencies with superhuman reliability, but it senses problems only in encoded board states with no noisy, ambiguous, or real-world cues of the kind the level 5-6 anchors require.",medium,
12,34,1,1.0,"The application is a software agent with no physical body, so it exerts no muscular force at all and cannot perform even the level-1 form of this activity.",high,
6,31,0,1.0,"The application is a text-reading model with no body or actuators, so it performs no limb movement at any level.",high,
10,10,0,4.5,"It reliably sorts, sequences and executes moderately complex rule-governed procedures (scripts, API call chains, data pipelines), but long-horizon plans drift and steps get dropped or reordered without notice, so zero-error-tolerance assembly-like sequences still require human verification.",medium,
7,14,2,5.5,"Parametric recall of well-known text and in-context retention are strong, but verbatim fidelity degrades on long or obscure material and the model confabulates specific numbers, quotes and citations rather than signaling non-recall, so unsupervised high-stakes recall (level 6-7) isn't reliable.",medium,
8,31,2,1.0,"A text translation model has no limbs or physical actuation, so it performs no part of this motor activity even at the lowest anchor.",high,
5,22,2,1.0,"Image generation is a purely computational process with no physical actuator, so it cannot hold or move an arm and hand at all, even at the 'light a candle' level.",high,
8,13,1,1.5,"A translation model transcribes and at most converts numerals between conventions; it performs no arithmetic beyond trivial single-step sums, and is not reliable even for checkbook-level multi-step computation.",high,
7,6,0,4.5,"It can fluently generate and recombine ideas at the ""redesign job tasks"" level and slightly beyond, but without tools, grounding, or any way to validate novelty it cannot produce genuinely new, verified inventions of the level-6 kind — its ""original"" outputs are recombinations of training-distribution material.",medium,
10,55,1,2.4,"It can autonomously run scripted outreach, persuasive copy and simple solicitation loops, but it has no organizational standing, relationship credibility, or accountability to sustain a real back-and-forth with a stakeholder whose buy-in carries cost (level 4+), and its influence attempts cannot be left unsupervised where misrepresentation carries reputational or legal risk.",medium,
6,51,2,1.0,"The application only takes supplied written text as input and has no audio processing capability, so it cannot identify or understand spoken speech at all.",high,
8,51,1,1.0,"The measured object is a text-to-text translation model that takes no audio input, so it cannot identify or understand spoken speech at all.",high,
9,41,0,1.0,"A speech recognition pipeline processes audio only and has no visual input or capability whatsoever, so it performs nothing on a near-vision scale.",high,
1,58,1,1.0,"A game-playing search agent has no model of people's needs and performs no helping behavior at all, so it does nothing for service orientation even at level 1.",high,
7,5,2,5.5,"It generates large volumes of on-topic ideas effortlessly, but at the level-6 anchor of near-exhaustive enumeration in a complex domain its lists drift into generic, redundant recombinations and cannot be trusted to cover the space without expert review.",medium,
8,43,1,1.0,"A text translation model has no visual sensing whatsoever, so it performs nothing on peripheral vision even at level 1.",high,
8,41,0,1.0,"A text-to-text translation model has no visual input or perception whatsoever, so it performs no seeing of details at close range even at the lowest anchor level.",high,
9,6,0,1.0,"A speech-to-text pipeline maps acoustic input to the words actually spoken; it generates no novel ideas or creative solutions, so it does nothing for Originality even at level 1.",high,
12,14,2,5.5,"Within a single context it recalls code, APIs and procedures near-verbatim, but it has no durable cross-session retention and drops or confabulates details (function signatures, earlier file contents) as agent contexts grow long, so studied-then-recited fidelity at the level-6 anchor isn't reliable unsupervised.",medium,
2,45,2,3.0,"Game agents reliably exploit salient, consistent color cues in rendered frames (team colors, health bars, item rarity, minimap markers), but they never perform fine shade/brightness matching under variable lighting or trace specific hues through cluttered real-world scenes as level-4 work requires.",medium,
11,48,0,1.0,"The application is a text-based formal reasoning system with no audio input or auditory discrimination capability whatsoever, so it performs nothing even at level 1.",high,
1,22,1,1.0,"A game-playing search agent has no physical actuators and performs no manual steadiness task whatsoever, not even at level 1.",high,
12,48,2,1.0,The system operates purely on text and code and has no audio input or auditory discrimination capability whatsoever.,high,
3,50,0,1.0,"The application processes only still images and has no audio input, so it cannot localize sound at all.",high,
7,55,1,4.0,"It can compose fluent, well-structured arguments and appeals that would plausibly win a routine internal decision, but it cannot hold standing or credibility with a real audience, read and adapt to live reactions, or be trusted unsupervised in high-stakes advocacy where a misjudged argument does real damage.",medium,
6,14,2,4.5,"With the passage in context it can reliably recall short-range facts, names and numbers, but it does not retain information once the passage leaves the context window and verbatim recall degrades over long or middle-of-document material, so it cannot be trusted with level-6 style faithful reproduction of a studied text.",medium,
9,7,1,1.5,The pipeline only surfaces low-confidence or no-signal conditions about its own transcription (a near-trivial 'the lamp is unplugged' signal) and has no capacity to infer from content or tone that something is going wrong in the world it is transcribing.,high,
11,4,2,5.2,"It writes clear, well-structured proofs, derivations and technical explanations at graduate level, but cannot sustain the coherence, consistent notation, pedagogical sequencing and verified correctness required for a book-length advanced exposition without expert editing.",medium,
13,52,0,5.5,"Neural TTS is highly intelligible and well-paced, matching or exceeding human articulation for announcements and read-aloud delivery, but it still mispronounces proper nouns, technical jargon and code-switched terms and cannot adaptively project, slow down, or self-repair when a listener signals it wasn't understood — the sustained audience-adaptive clarity implied by the lecture anchor.",medium,
8,7,0,2.0,"A translation model only renders text and has no monitoring function: it can surface trivially evident textual anomalies (garbled input, untranslatable strings) but characteristically fails silently on ambiguity, source errors and mistranslations rather than flagging that something is wrong, so it cannot be relied on to detect impending problems in a situation.",medium,
11,19,1,3.0,"It handles spatially-described problems by converting them to symbolic/algebraic form, but cannot reliably read a diagram or hold and update an accurate mental model of a rearranged physical configuration, so diagram-driven assembly (level 4) and multi-move board-state lookahead (level 6) break down with errors it does not detect.",medium,
3,11,2,3.0,"A trained vision model applies one fixed taxonomy learned at training time and can group objects by multiple visible attributes (type, size, colour), but it cannot generate new grouping rules or classify on non-visual properties like strength, cost or melting point required at higher levels.",medium,
3,31,1,1.0,"Image recognition assigns labels to pixels and has no limbs or actuators, so it performs no physical movement at any level.",high,
8,11,0,3.5,"A translation model implicitly re-groups source-language senses, registers and idioms onto target-language category systems (roughly multi-attribute sorting), but it cannot generate, justify or switch among novel explicit rule sets for classifying things along technical dimensions as the level 6 anchor requires.",medium,
13,2,2,5.3,"It reliably parses dense prose like leases, policies and manuals, but on highly technical, diagram-and-spec-laden procedural documentation (level 6) it still misreads or confabulates specifics often enough that its reading cannot be trusted unchecked where errors are consequential.",medium,
2,38,2,1.0,"A game-playing agent emits control inputs in a simulated environment and has no physical body to bend, stretch, twist, or reach, so it performs none of this activity even at the lowest anchor.",high,
7,5,0,5.5,"It reliably produces large, varied lists on demand for open-ended prompts, but at the level-6 anchor its enumerations drift toward conventional, overlapping items and cannot be trusted to exhaustively cover a complex domain's option space.",high,
6,27,0,1.0,Response Orientation is a psychomotor ability requiring rapid selection among physical movements in response to signals; a text-reading QA model performs no movements and does nothing for this activity even at level 1.,high,
1,16,2,5.0,"Its pattern detection operates on clean, fully observed discrete board states rather than noisy or degraded sensory input, so it never faces the perceptual camouflage-in-clutter conditions that define level 6.",medium,
9,35,1,1.0,"A speech transcription pipeline has no body or actuators, so it exerts no abdominal or lower-back muscular effort at any level.",high,
4,52,0,1.0,"Visual question answering produces text answers about images and involves no speech production at all, so it does not perform this activity even at level 1.",high,
13,51,0,4.7,"Modern ASR transcribes and understands clear, moderately accented conversational speech reliably, but word-error rates rise sharply with strong or unfamiliar accents, dysarthric speech, noisy rooms and overlapping speakers, so the level-6 anchor is not met unsupervised; it also does not perform the speaker-identification aspect implied by the lower anchors.",medium,
8,51,2,1.0,"The measured object is a text-to-text translation model that takes no audio input at all, so it cannot identify a speaker's voice or decode spoken utterances even at the level-2 anchor.",high,
12,36,0,1.0,"Stamina is a physical, cardiorespiratory capacity; a software-patching AI has no body and performs no part of this activity even at level 1.",high,
5,27,0,1.0,"Image generation is an offline synthesis task with no perception of competing real-time signals and no motor response selection, so it performs none of this psychomotor activity even at level 1.",high,
3,56,0,1.0,"An image classifier assigns labels to visual content and has no capacity for interpersonal communication, interest reconciliation, or agreement-making, so it performs nothing of the negotiation activity even at level 1.",high,
13,16,0,3.4,"It reliably picks a known target—an intent, keyword, or fact—out of rambling text or moderately noisy speech, but degrades badly on overlapping speakers, heavy acoustic clutter, and accented or disfluent audio, and has no perceptual channel at all for the visual-search work the level 4-6 anchors describe.",medium,
13,15,2,4.3,"It rapidly infers intent from fragmentary, disfluent or garbled input (level 3-4 style closure), but ASR degradation under noise/accent and the absence of grounded domain perception make level-5 consequential pattern judgments unreliable without oversight.",medium,
2,14,0,4.0,"Recurrent/episodic memory reliably retains within-episode state (map layout, seen units, cooldowns, opponent build order) and vast baked-in procedural knowledge, but it cannot deliberately commit arbitrary novel content to memory after brief exposure and its long-horizon recall degrades outside the trained distribution.",medium,
8,51,0,1.0,"The measured object is a text-to-text translation model that takes no acoustic input, so it cannot identify or understand spoken speech at all.",high,
3,17,0,5.5,"Trained vision models match or beat humans on fast, fine-grained visual comparison in constrained domains (level 6-style defect inspection), but reliability degrades on rare, novel, or out-of-distribution defect types and on subtle same/different judgements outside the training distribution, so full unsupervised substitution at the top anchor is not assured.",medium,
10,12,0,5.0,"It reliably selects and verifies standard methods (statistical, financial, numerical) with executable checks, but formulating the mathematics for novel physical or engineering models requires domain assumptions it cannot validate, and its errors are fluent and silent enough to need review at that stakes.",medium,
13,32,0,1.0,"A conversational system has no body or actuators, so it cannot exert any physical force at all — not even pushing an empty cart.",high,
2,19,2,5.7,"Trained agents genuinely simulate and anticipate future game states and opponent moves within their environment (chess-anchor level), but this spatial imagination is locked to the trained domain \u2014 it cannot read a diagram or reason about rearranging unfamiliar objects outside the game.",medium,
8,19,2,1.0,"A text-to-text translation model has no spatial representation of physical objects and cannot imagine how parts look when moved or rearranged, so it does not perform even the level-2 anchor task.",high,
1,58,0,1.0,A board-game playing agent has no model of people's needs and performs no helping behavior at all; it optimizes win probability against an adversary.,high,
6,18,2,1.0,"The system is a disembodied text-QA model with no location, sensors, or perceptual field, so it cannot know where it is relative to an environment or where objects are relative to it at even the lowest anchor.",high,
7,22,0,1.0,"A text-only language model has no physical arm or hand and cannot perform any motor steadiness task, even lighting a candle.",high,
10,47,1,1.0,Glare Sensitivity is a human visual-physiological ability requiring embodied perception under bright ambient light; a digital agentic system has no eyes or physical presence and performs none of it even at level 1.,high,
12,12,2,4.3,"It reliably selects and applies standard formulas and algorithmic/arithmetic reasoning that the project's tests can verify, but novel derivations or choosing numerical/modeling methods for an unspecified physical or statistical problem (level 6) fail silently when no test encodes the correct math.",medium,
3,49,0,1.0,"The application is a still-image vision model with no audio input, so it performs no auditory attention at all.",high,
13,45,0,1.0,"A conversational dialogue system has no visual input or color-perception capability at all, so it cannot even perform the level-1 task of sorting items by color.",high,
11,25,1,1.0,"Control Precision is a psychomotor ability requiring physical manipulation of machine controls; a text-based reasoning system has no actuators and performs none of it, even at level 1.",high,
3,58,2,1.0,"A trained vision model only assigns labels to image content; it has no interaction with people or any capacity to seek out ways to help them, so it performs nothing of this activity even at level 1.",high,
10,16,0,3.5,"It reliably locates known patterns buried in noisy text (logs, HTML, code, search results), but grounding a target in cluttered visual interfaces or degraded/ambiguous displays remains error-prone and needs supervision, so it falls short of the 'golf ball in the rough' standard consistently and well short of camouflage-detection.",medium,
11,41,0,1.0,Near Vision is a physical sensory ability; the application performs symbolic reasoning over supplied text and has no visual acuity function at all.,high,
5,10,0,3.0,"It arranges scene elements into simple prompt-specified layouts and stylistic patterns, but reliability collapses on multi-constraint compositional rules (counts, relative positions, ordered sequences, legible text), and it cannot verify that a rule set was satisfied.",medium,
8,21,2,2.5,"A text translation model interleaves only two static, co-present streams (source text and its own emerging output) in a batch setting; it does not monitor concurrent, unpredictable real-time channels as level 3+ anchors require.",medium,
2,8,0,3.8,"Its competence is a learned reactive policy tuned to one game's dynamics: it applies implicit regularities well enough to make sensible in-game tactical choices, but it holds no explicit representation of rules it can carry to novel situations, so it degrades sharply off-distribution and cannot do level-5-style abstract selection of which factors govern a new problem.",medium,
6,41,1,1.0,"The system receives already-digitized text and performs no visual sensing at all, so it cannot resolve close-range physical detail even at the level-2 anchor.",high,
7,12,2,4.5,"It can reliably select and set up standard methods for routine business/applied problems, but without tools its multi-step derivations and arithmetic drift enough that unverified results at the level of engineering-grade formulation (level 6) cannot be trusted unsupervised.",medium,
5,22,0,1.0,"Image generation is a purely digital synthesis process with no physical arm or hand, so it performs no part of arm-hand steadiness even at level 1.",high,
4,29,0,1.0,"Reaction Time requires a rapid motor response with hand, finger, or foot to an appearing signal; a visual question answering model produces only text and has no effector or latency-critical control loop at all.",high,
9,28,2,1.0,"Speech recognition is a purely auditory-to-text transcription pipeline with no motor output or physical timing capability, so it performs no rate-control activity at all.",high,
4,38,0,1.0,"Visual question answering is a disembodied software model with no body or actuators, so it cannot bend, stretch, twist, or reach at all, even at the lowest level.",high,
1,10,1,4.5,"It orders long move sequences flawlessly under a fixed formal rule set, but the rules are hand-specified and closed, so it cannot handle the heterogeneous, safety-critical, real-world procedural sequencing of the level-6 anchor.",medium,
3,36,2,1.0,"A vision model has no body and performs no physical exertion at all, so it does nothing for this activity even at level 1.",high,
12,51,0,1.0,"The system operates purely on text (issues, code, test output) and has no audio input or speech-processing capability at all.",high,
8,42,0,1.0,"A text translation model has no visual sensing capability at all, so it performs no distance-vision task even at level 1.",high,
10,44,0,1.0,Depth perception is a physical visuospatial ability applied to real-world 3D distance judgment; an agent operating in digital environments never perceives or acts on physical depth at all.,high,
5,15,2,3.0,"The generative model can complete partial or degraded visual input into a coherent whole (inpainting, style/reference recognition), but it cannot reliably resolve genuinely ambiguous or noisy source material into a correct interpretation — it hallucinates a plausible pattern rather than detecting the actual one, which fails the level-4 'strange handwriting' standard.",medium,
5,7,0,1.5,"A text-to-image generative model synthesises pictures rather than monitoring a situation for faults; it has no reliable mechanism for flagging that something is wrong, and even trivial anomaly recognition (level 2) is incidental at best, not a dependable output.",high,
2,32,0,1.0,"A game-playing software agent has no physical actuators and exerts no muscle force at all, so it performs nothing on this activity even at the lowest anchor.",high,
7,36,2,1.0,Stamina is a purely physical capacity; a text-predicting model has no body and performs nothing on this scale even at level 1.,high,
12,7,2,3.5,"It reliably notices explicit signals (failing tests, stack traces, type errors) and can often localize a fault from an issue description, but it does not dependably anticipate unflagged problems "" regressions, side effects, concurrency or security issues, and edge cases outside the test suite "" which is what the level-4+ anchors describe.",medium,
9,3,0,1.0,"The system only converts speech into text; it produces no spoken output and communicates no information or ideas of its own, so it does not perform oral expression even at the lowest level.",high,
6,16,2,4.5,"It reliably picks the relevant evidence out of moderately distracting prose, but degrades on long contexts and adversarially similar distractors (and cannot do the perceptual, time-pressured detection the level 6 anchor describes), so it can't be trusted unsupervised where a missed pattern matters.",medium,
13,30,1,1.0,"A conversational AI system has no hands or physical actuators, so it performs no finger, hand, or wrist movements at all.",high,
9,23,0,1.0,"Speech recognition is a software audio-to-text pipeline with no hands, actuators, or physical manipulation capability whatsoever, so it performs none of this activity even at level 1.",high,
1,41,2,1.0,"The agent operates on symbolic, already-digitized board states via its search and evaluation procedures; it performs no close-range visual detail perception at all.",high,
2,23,0,1.0,"The agent emits digital control inputs and has no hands, arms, or physical actuators, so it performs no object grasping or manipulation at all
inot even screwing in a light bulb.",high,
10,6,0,3.4,"It reliably finds clever workarounds and alternative routes within a digital task (well above the credit-card-door anchor), but its novel solutions are recombinations of patterns seen in training and it cannot be trusted to produce genuinely original designs or approaches at the level-4+ anchors without human vetting.",medium,
9,52,0,1.0,"The system only converts speech to text and produces no spoken output at all, so it does not perform the speaking activity even at the bingo-caller level.",high,
13,49,1,3.4,"Modern ASR front-ends handle mild background chatter and can spot keywords in moderate noise, but word-error rates and speaker-confusion rise sharply with overlapping talkers, reverberation and low SNR, so it cannot be trusted to pick out and act on a single target voice in genuinely noisy environments (airport concourse, saw mill).",medium,
12,13,0,4.8,"It can compute exactly when it offloads arithmetic to executed code, but its native token-level arithmetic is error-prone on long or multi-step calculations and nothing in the task loop verifies numeric results beyond project tests, so unsupervised reliability at consequential computation levels is not established.",medium,
6,1,0,1.0,"The system reads a supplied text passage and has no speech input at all, so it never performs listening comprehension of spoken language.",high,
5,20,0,2.0,"The model attends to a prompt in a single synthesis pass without fatigue or distraction, but it performs no sustained vigilance or monitoring over time (level 4+) and has no mechanism for holding a task through changing, interfering conditions.",medium,
8,23,1,1.0,"A text translation model has no physical embodiment or actuators, so it performs no manual manipulation at all, not even screwing in a light bulb.",high,
8,16,1,2.2,"A translation model only detects embedded patterns in the narrow textual sense (spotting idioms, named entities or terminology inside surrounding prose); it performs no perceptual search through genuinely distracting or degraded material as the mid- and high-level anchors require.",medium,
12,11,1,4.5,"It reliably applies multi-attribute groupings that already exist in a codebase (matching an issue to bug classes, modules, types, API categories), but devising and consistently maintaining novel organizing schemes across a large system — the expert, many-dimensional classification of the level-6 anchor — still fails often enough on unfamiliar or poorly documented code to require human review.",medium,
13,49,2,3.2,"Deployed ASR with beamforming handles a nearby speaker over moderate background noise, but word error rates degrade sharply in competing-speech babble and far-field, low-SNR conditions like a busy airport or industrial floor, so it cannot be relied on to isolate the target voice unsupervised at level 4+.",medium,
2,57,2,1.3,"The agent only plays; it produces no explanation, guidance, or adaptive feedback to a learner, and any 'teaching' is incidental to humans studying its replays rather than an instructional act it performs.",high,
11,57,0,3.5,"It can generate clear step-by-step derivations and worked explanations that function as instruction on how to solve a problem, but it does not diagnose a learner's misconceptions, adapt a curriculum, or demonstrate procedures, and residual subtle errors in advanced derivations mean it cannot be trusted unsupervised as the teacher of record at level 4+.",medium,
6,2,1,5.3,"It reliably extracts and combines evidence from ordinary and moderately technical passages (well past lease-level comprehension), but on dense, highly technical or very long documents it still misattributes details, drops cross-references, and confabulates plausibly enough that unsupervised use where an error is consequential is not safe.",medium,
7,2,2,5.4,"It reliably extracts and applies meaning from complex prose like leases, policies and journal text, but on dense highly technical documentation with long-range cross-references and precise numeric/conditional detail it still misreads or confabulates often enough to need a human checker.",medium,
11,5,2,5.2,"It readily brainstorms large numbers of proof strategies, lemmas, and solution approaches for a stated problem, but its enumerations skew toward familiar, training-frequent moves and cannot be trusted to be exhaustive or genuinely non-redundant across a novel, open-ended problem space as the level 6 anchor requires.",medium,
11,28,0,1.0,Rate Control is a physical sensorimotor timing ability; the application has no embodiment or continuous motor control and does nothing for this activity even at level 1.,high,
9,3,2,1.0,"The system only converts speech to text and produces no spoken output, so it does not communicate ideas orally at all, even at the level of a simple phone call.",high,
13,3,2,5.5,"It produces fluent, well-organized spoken explanations of complex material (level-6 anchor territory), but cannot reliably read a live audience's confusion, guarantee factual accuracy, or take responsibility for high-stakes persuasive speaking where an error or misjudged tone carries real consequences.",medium,
3,50,2,1.0,"A still-image vision model has no audio input and performs no auditory processing whatsoever, so it cannot localize sound at any level.",high,
3,9,2,2.5,"A trained classifier only maps visual features within a single image to a fixed label set; it cannot combine heterogeneous, non-visual pieces of evidence into novel general rules or diagnostic conclusions as level 4-6 anchors require.",medium,
6,48,1,1.0,"The application reads supplied text and has no audio input or acoustic perception whatsoever, so it cannot detect or discriminate sounds even at the level of noticing an alarm.",high,
10,38,1,1.0,Dynamic Flexibility is a purely physical bodily ability; a digital-only agentic software system has no body and performs none of it even at level 1.,high,
5,57,0,1.5,"A generative image model can only produce illustrative pictures on request; it cannot explain a procedure, sequence steps reliably, render accurate labels/text, or check that a learner has understood, so even the level-2 anchor of walking a new employee through a time clock is not performed unsupervised.",medium,
11,17,0,2.0,"It can carefully compare symbolic sets like numbers or strings in text with no time pressure, but has no fast, accurate visual perception for reading gauges or inspecting parts on a moving line.",medium,
8,6,2,2.5,"It can retrieve conventional idiomatic equivalents and occasionally produce a clever recasting, but it cannot reliably invent novel solutions for puns, wordplay, verse or culture-bound humor, defaulting to literal or generic renderings that a human transcreator would have to redo.",medium,
11,44,1,1.0,"The application is a text-based formal reasoning system with no visual sensing or spatial judgment of physical distances, so it performs nothing on this activity even at level 1.",high,
7,15,1,4.2,"It reliably reconstructs meaning from garbled, fragmentary, or noisy text (the text analogue of 'strange handwriting'), but has no perceptual channel and cannot reliably read raw sensory or signal patterns like radar displays to reach a consequential judgment.",medium,
11,41,2,1.0,"The application is a text-based formal reasoning system with no visual sensing capability, so it does not perform close-range visual detail discrimination at all.",high,
12,56,1,1.0,"The system only reads issues and writes code patches; it never interacts with parties holding conflicting interests or reconciles differences, so it performs no negotiation even at level 1.",high,
9,42,1,1.0,"A speech-to-text pipeline processes only audio and has no visual sensing or image interpretation capability whatsoever, so it performs no far-vision task even at the lowest anchor.",high,
1,32,0,1.0,"A game-playing search agent has no physical embodiment and exerts no force at all, so it cannot even push an empty cart.",high,
9,55,0,1.0,"A transcription pipeline only converts audio to text; it makes no attempt to influence anyone's beliefs or behavior, so it performs no part of the persuasion activity even at level 1.",high,
12,40,2,1.0,"The application is a disembodied software agent with no body or physical presence, so it performs no balance-related activity at all.",high,
6,4,0,3.5,"Its written output is confined to short, clear answers grounded in a supplied passage; it never authors sustained, audience-tailored documents like a recommendation letter or textbook chapter, and its prose fluency is incidental to the question-answering task.",medium,
6,40,0,1.0,"A text-reading question-answering system has no body and performs no physical balance activity whatsoever, even at the lowest anchor of standing on a ladder.",high,
2,49,0,1.2,"Game-playing agents act almost entirely on visual/state observations; they do not segregate a target sound stream from competing noise, so even the level-2 anchor (following one speaker amid background talk) is not performed.",high,
6,20,0,4.0,"It ignores irrelevant surrounding text and can locate a target fact in a long passage without fatigue, but accuracy degrades on long, dense technical documents with plausible distractors (lost-in-the-middle, multi-hop misses), so it cannot be trusted to sustain accurate comprehension of complex material amid heavy interference.",medium,
8,55,2,1.5,"A translation model only re-renders someone else's persuasive content in another language; it does not form goals, read an audience, or adapt argument to change anyone's mind, so it barely touches even the level-2 anchor of soliciting a donation.",high,
4,58,2,2.0,"It only answers image questions when prompted and cannot anticipate needs or execute any service transaction (e.g., booking, arranging, following through on a customer's behalf) required at level 4 and above.",medium,
9,23,2,1.0,"A speech-to-text pipeline has no physical actuators and performs no grasping, manipulation, or assembly whatsoever, so it does nothing for this activity even at level 1.",high,
5,35,0,1.0,"An image-generation model has no body and cannot exert abdominal or lower-back muscular force at all, so it does nothing for this physical activity even at level 1.",high,
13,6,1,4.2,"It fluently recombines known ideas into plausible novel suggestions (e.g., redesigning tasks, brainstorming workarounds), but cannot verify that an idea is genuinely new or workable, so breakthrough-level invention requiring domain grounding and empirical validation is out of reach.",medium,
1,28,0,1.0,"Board-game agents operate on discrete, static, turn-based states and issue no continuously timed motor commands, so they never track or anticipate a moving object's speed or direction at all.",high,
11,38,0,1.0,"The application is a disembodied reasoning system with no body or actuators, so it performs no bending, stretching, twisting, or reaching at any level.",high,
11,6,0,4.7,"It reliably finds clever non-obvious solution paths on well-posed problems with checkable answers, but genuinely novel research-level ideas (new definitions, frameworks, or constructions comparable to inventing a new fiber) appear only sporadically and require expert verification, so it cannot be left unsupervised at that level.",medium,
11,7,1,4.3,"It reliably flags overt inconsistencies, unit/dimensional errors, and contradictory assumptions in well-posed problems, but misses subtle proof gaps and hidden case failures (and sometimes invents errors), so early detection of faint flaws in research-level arguments cannot be trusted unsupervised.",medium,
11,42,0,1.0,"The application is a text-based reasoning system with no visual sensing of the physical environment, so it performs no far vision at all.",high,
7,34,2,1.0,"A text-generating language model has no body and cannot exert any muscular force, so it performs nothing on this physical activity even at level 1.",high,
2,13,2,2.0,"The agent only performs implicit, domain-bound numeric tracking (resource counts, damage, cooldowns) baked into learned policy weights; it cannot take arbitrary numeric inputs and carry out reliable multi-step explicit arithmetic like reconciling a set of transactions.",medium,
10,18,2,1.5,"The system has no body or sensory position in a physical environment, so beyond trivially reading a digital map or floor plan it cannot locate itself or objects relative to itself, which is what the level 3+ anchors require.",high,
9,2,2,2.0,"The pipeline only uses a language model to constrain word sequences during transcription; it never reads a document and acts on its meaning, so it cannot handle anything beyond trivially short, formulaic text comprehension.",medium,
12,51,1,1.0,The application takes text issues and code as input and produces patches; it processes no audio or speech whatsoever.,high,
13,48,1,1.7,"Speech-oriented ASR front ends can detect that sound is present and roughly segment speech from silence, but the system is not built to discriminate pitch/loudness of non-speech sounds and cannot reliably identify an alarm tone, let alone diagnose an engine or tune instruments.",high,
4,55,2,1.0,"The system only answers factual questions about image content; it does not attempt to change anyone's mind or behavior, and has no persuasive goal, audience model, or interactive negotiation capability even at the level of soliciting a donation.",high,
13,55,0,3.8,"It can reliably run persuasive dialogue in low-stakes, scripted-purpose settings (donation appeals, sales/retention pitches, belief-updating on factual claims), but lacks the institutional standing, accountability, and live adversarial judgment needed for consequential persuasion of a decision-maker or audience, where it cannot be left unsupervised.",medium,
7,39,0,1.0,"A text-only language model has no body or actuators, so it performs no whole-body coordinated movement at any level.",high,
10,4,1,4.5,"It reliably produces clear, well-organized instrumental prose (reports, documentation, commit messages, summaries) at roughly the level-4/5 band, but cannot be trusted unsupervised for sustained, authoritative long-form exposition where factual accuracy and cumulative coherence across a whole work matter (level 6).",medium,
3,34,1,1.0,"A vision model that labels image content exerts no muscle force and has no physical actuation, so it performs none of this activity even at the lowest anchor.",high,
9,7,0,1.7,"A transcription pipeline only signals trivial self-diagnostics (silence, low confidence, unintelligible audio) and has no model of the situation being described, so it cannot recognize that something is wrong beyond the most obvious level-2 case.",high,
13,35,2,1.0,"A conversational AI has no body or musculature, so it performs no trunk-strength activity at any level, including level 1.",high,
3,15,2,4.0,"It matches degraded, occluded or distorted visual patterns to known categories (level 3-4 work), but level 5 requires integrating a pattern into a situational inference and decision, which a label-assigning classifier does not do and cannot be trusted to do unsupervised.",medium,
11,5,0,5.5,"It generates large, varied sets of candidate approaches, lemmas, and problem framings on demand with essentially no failure cost, but its coverage in genuinely novel or research-frontier territory skews toward recombinations of known material and cannot be trusted to be exhaustive in the way the level-6 'name all possible strategies' anchor demands.",medium,
2,28,0,5.0,"Agents reliably lead and intercept fast-moving targets in-game (the virtual equivalent of shooting a duck in flight), but this timing skill is confined to rendered game state with clean, noise-free perception and zero physical consequence, so it does not extend to timing real equipment against real moving objects at higher levels.",medium,
8,58,2,1.3,"A translation model passively converts text it is given; it does not initiate contact, notice unmet needs, or take any action to assist a person, so it barely registers even at the level-2 anchor of proactively offering a small courtesy.",high,
11,10,0,5.0,"It can sequence long derivations and proof steps correctly on well-posed problems, but silent ordering errors in extended chains still occur and cannot be self-detected, so it can't be trusted unsupervised at the level of rule-governed sequences whose misordering is catastrophic (the level 6 anchor).",medium,
6,21,2,2.5,"It can shift among multiple evidence locations within a single static passage, but it handles no concurrent real-time streams and cannot interleave a second ongoing activity, so it falls short of the level-3 'watch signs while driving' anchor.",medium,
7,46,2,1.0,"A text-only language model has no visual sensing at all, so it cannot see under any lighting condition, let alone low light.",high,
4,39,2,1.0,"A visual question answering model has no body or actuators, so it performs no whole-body coordination at any level.",high,
12,10,0,4.3,"It reliably sequences the steps of a bounded fix (locate, edit, build, test) and gets ordering constraints inside code right, but on long-horizon, multi-file work with interdependent ordering (migrations, refactor sequencing, cross-module dependencies) it silently mis-sequences often enough that a human must review every patch.",medium,
6,34,1,1.0,Explosive Strength is a physical ability requiring a body to exert muscular force; a text-reading model has no physical embodiment and performs nothing at even level 1.,high,
5,47,1,1.0,Glare Sensitivity is a human visual perception ability requiring seeing real objects under bright lighting; an image-generation model has no visual sensing function at all and performs nothing on this activity even at level 1.,high,
9,41,1,1.0,"A speech recognition pipeline processes audio only and has no visual input or capability, so it performs no near-vision activity at all.",high,
6,43,0,1.0,"A text-reading question-answering system has no visual field at all and performs no part of peripheral vision, even at the lowest anchor.",high,
4,1,1,2.5,"The model takes text, not audio, so it never performs listening at all; its language comprehension extends only to short, self-contained questions about an image, roughly the difficulty of grasping a commercial's message, and it cannot reliably follow extended spoken instruction or multi-step reasoning delivered orally.",medium,
4,53,2,2.4,"It can read visible affect and immediate situational cues in a single image (level 2), but has no ongoing relational or organizational context, no interactive follow-up, and no accountability for acting on inferred motives, which level 4+ anchors require.",medium,
11,20,0,4.7,"It sustains focus across long derivations without fatigue or boredom, but reliability degrades when relevant premises are buried among irrelevant or adversarial context and over very long horizons, where it drifts from the goal or compounds early errors rather than holding the thread the way sustained deep concentration amid heavy distraction (level 6) requires.",medium,
12,46,1,1.0,Night Vision is a human visual-sensory ability; the software-engineering AI has no visual perception under any lighting condition and performs nothing on this activity even at level 1.,high,
5,1,1,1.0,"A text-to-image generative model ingests written prompts or reference images, not speech, so it performs no listening comprehension at all.",high,
2,12,0,1.5,"The agent learns a reactive policy rather than selecting mathematical methods; any arithmetic it embodies (resource costs, trajectory estimates) is implicit in learned weights, so it cannot be handed a problem and asked to choose a formula beyond trivial level-1-style quantity comparisons.",high,
6,31,1,1.0,"A text-based reading comprehension model has no limbs or physical actuation whatsoever, so it performs none of this activity even at level 1.",high,
1,47,2,1.0,"The system operates on symbolic board states and has no visual sensing at all, so it performs nothing of this perceptual activity even at level 1.",high,
1,48,2,1.0,"A board-game search agent operates on discrete game states and has no audio input or any auditory processing at all, so it performs no part of this activity.",high,
8,44,1,1.0,"A text translation model has no visual sensing or spatial judgment capability at all, so it performs nothing on this perceptual activity even at level 1.",high,
11,37,0,1.0,"The application is a text-based reasoning system with no physical body or actuators, so it performs no bending, stretching, twisting, or reaching at any level.",high,
5,36,0,1.0,"Stamina is a physical-exertion ability; an image-generation model has no body and performs none of it, even at level 1.",high,
1,49,1,1.0,"A board-game search agent processes discrete game states, not audio, so it performs no auditory selective attention at all.",high,
11,49,0,1.0,"The system processes text-based formal reasoning problems and has no auditory input or sound-source separation capability whatsoever, so it does not perform this activity even at level 1.",high,
8,8,1,3.5,"It reliably applies fixed linguistic rule systems (grammar, agreement, register conventions) and resolves routine ambiguity within a sentence, but it does not select or weigh domain principles to solve substantive non-linguistic problems as the level 5-6 anchors require, and its inferences over long-range context, negation and anaphora fail often enough to need review.",medium,
3,22,1,1.0,"Image recognition is a purely perceptual labeling system with no actuators or motor control, so it performs no physical steadying of hand or arm at any level.",high,
5,44,2,2.3,"It can render plausible occlusion and relative near/far ordering within a scene it invents, but it never measures actual distances from real sensory input and its perspective/scale relations break down in complex layouts, so it cannot substitute for consequential real-world distance judgment like crane or vehicle operation.",medium,
13,41,1,1.0,"The system processes only speech and text and has no visual input at all, so it performs no close-range visual detail discrimination even at the lowest anchor.",high,
11,6,1,4.5,"It reliably produces clever, non-obvious solution paths by recombining known techniques on well-posed problems, but genuinely novel concepts, definitions, or research frameworks (the level-6 'invent a new fiber' analogue) emerge only sporadically and require expert verification to separate insight from confident nonsense.",medium,
3,4,2,1.4,"A trained vision model outputs class labels or short tags, not composed prose, so it barely reaches the level-1 anchor of writing a coherent note and cannot construct connected written communication.",high,
2,11,1,3.0,"The agent's learned representations implicitly group game entities and states by several attributes at once (unit type, threat, range, tactical role) and shift grouping with context, but these schemes are baked in by training on one environment and it cannot generate or apply new categorization rules on demand or transfer them to unfamiliar attribute sets.",medium,
13,22,0,1.0,"A conversational system has no arms or hands and performs no physical steadiness task whatsoever, even at the lowest anchor.",high,
12,24,2,1.0,"The application is a disembodied software agent with no hands or physical manipulators, so it performs no finger-based grasping or assembly at any level.",high,
6,53,0,2.5,"It can extract stated or clearly implied reactions and their causes from a supplied passage, but has no access to live people, tone, or ongoing relationships, and by construction reasons only from evidence in the text rather than the unstated social dynamics needed at level 4 and above.",medium,
1,30,0,1.0,"A game-playing search agent has no hands or physical actuators, so it performs no finger, hand, or wrist movement at all.",high,
6,40,2,1.0,"A text-reading question-answering system has no body or physical actuation, so it cannot perform any balance-related activity even at the lowest anchor.",high,
10,15,0,4.3,"It can rapidly parse messy, partial inputs (stack traces, malformed DOM/HTML, truncated logs, noisy scraped text) into a working interpretation, but its readings of genuinely ambiguous or degraded signals are frequently confabulated and it lacks calibrated uncertainty, so decision-grade pattern interpretation like the level-5 radar case still requires a human check.",medium,
7,54,0,1.5,"Without tools, memory of others' state, or ability to act, the model can only draft coordination language in a single conversation; it cannot check availability, track others' actions, or commit to anything, so even the level-2 clinic-scheduling anchor is out of reach.",medium,
9,4,0,2.0,"It converts another person's spoken words into readable text and can render simple messages faithfully, but it originates no content, argument, or structure of its own, so anything above note-level transcription is outside what it does.",high,
1,14,2,6.0,"Recall is exact and effectively unlimited within its own encoding (opening books, transposition tables, endgame tablebases, learned position patterns), matching or exceeding the level-6 verbatim-recitation anchor, but it stores only board states and moves for one fixed rule set rather than arbitrary words, pictures, and procedures, so it cannot cover the full breadth the top of the scale implies.",medium,
12,22,1,1.0,"The application is a purely software-based system with no physical actuators, so it performs no arm or hand motion at any level.",high,
2,27,2,5.3,"Within its trained game environment the agent selects correctly among many actions faster and more consistently than humans, but its response repertoire is tied to the distribution it was trained on and it degrades or fails on novel, unseen signal configurations, so it cannot be trusted with the genuinely unfamiliar, high-consequence recovery situations the top anchor describes.",medium,
1,33,0,1.0,"A board-game search agent has no body and exerts no muscular force at all, so it performs nothing on this physical-endurance scale even at level 1.",high,
9,14,0,1.8,"The ASR pipeline only carries short acoustic/language-model context within an utterance and stores learned vocabulary; it does not retain and later recall specific heard content (names, numbers, passages) as a memory task, so it barely exceeds the level-1 anchor and cannot perform level-4 recall of just-encountered items.",medium,
4,15,2,4.2,"Modern multimodal models reliably resolve degraded or partial visual input (occluded objects, messy handwriting) into a coherent reading, but their interpretation of specialized technical imagery like radar or diagnostic scans into an actionable judgment remains error-prone and cannot be left unsupervised.",medium,
13,21,2,3.5,"It can hold conversational state while consulting tools or switching topics, and handle simple barge-in, but it degrades on genuinely concurrent streams \overoverlapping multi-party speech, parallel monitoring channels, sustained tracking of many simultaneously evolving items \u2014 so consequential real-time multi-source monitoring (level 6) is out of reach.",medium,
3,3,1,1.0,"A vision classifier emits category labels, not spoken communication, so it performs no oral expression even at the simplest level.",high,
8,25,1,1.0,"A text translation model has no physical actuators and performs no machine or vehicle control whatsoever, not even at the level of adjusting a dimmer switch.",high,
7,33,1,1.0,"A text-only language model has no body and cannot exert muscular force at all, so it performs nothing on this physical activity even at level 1.",high,
6,7,1,3.0,"It can flag problems that are evidenced within the supplied passage (contradictions, missing or inconsistent information), but it has no access to non-textual cues and cannot reliably infer impending trouble from subtle or ambiguous signals as the level-4+ anchors require, nor be trusted unsupervised where a missed flag carries real consequences.",medium,
7,45,1,1.0,"A text-only language model receives no visual input and cannot perceive or compare colors at all, so it performs nothing of this activity even at the level-1 laundry-sorting anchor.",high,
12,17,2,3.0,"It reliably compares textual patterns, identifiers, and diffs in code with no real-time or visual demands, but cannot perform the rapid perceptual scanning of visual displays or streaming objects that levels 4 and above describe.",medium,
11,57,1,3.8,"It can generate clear, correct step-by-step explanations of derivations and procedures (roughly the level-4 'explain how to use a program' band), but it does not diagnose a learner's misconceptions, adapt pacing, verify that the learner has actually acquired the skill, or demonstrate under the high-stakes, real-time supervision the level-6 anchor requires 	he derivations \a\ can still be silently wrong.",medium,
11,42,2,1.0,The application performs no visual sensing of distant physical scenes at all; it is a symbolic reasoning system with no far-vision capability even at level 1.,high,
10,41,1,3.5,"It has no physical optics at all — it only ingests digital text and screenshots — so it can reliably resolve on-screen indicators and clean machine-readable text, but degrades on dense scanned fine print and cannot perform physical close-range inspection like spotting flaws in a diamond.",medium,
7,58,2,3.4,"Without tools it can only offer advice and anticipate needs in text \a; it cannot execute transactions in real systems (the level-4 reservation anchor) or take accountability for real-world outcomes, and it cannot verify a user's actual situation or follow through.",medium,
11,53,0,1.0,"The application derives formal mathematical and scientific results from stated problems and has no perception of, or reasoning about, people's reactions or motivations at all.",high,
1,1,0,1.0,"A board-game search agent takes board states as input and has no speech or language processing capability at all, so it performs nothing for oral comprehension even at level 1.",high,
5,1,2,1.5,"The generative model ingests text or reference images, not speech; it has no audio channel, so any 'listening' is done by an external transcriber, and even then its comprehension is limited to rendering a described scene rather than extracting information or intent from spoken discourse.",high,
5,16,2,2.5,"A generative model only implicitly separates structure from noise during denoising; it cannot be handed a real visual-search or detection task and reliably report a camouflaged or embedded target, so it stops just past the simplest signal-from-clutter anchor.",medium,
1,40,1,1.0,"A board-game search agent has no body or physical actuation, so it performs nothing of this physical balance activity at any level.",high,
10,43,0,1.0,Peripheral vision is a physical human sensory capability requiring eyes and a visual field; a digital agent has no embodied visual field and performs none of this activity even at level 1.,high,
9,54,1,1.0,"A transcription pipeline produces text from audio and takes no actions that could be adjusted in relation to others' actions, so it performs no coordination even at the level-2 appointment-scheduling anchor.",high,
5,29,0,1.0,"Image generation involves no physical hand, finger, or foot response to an appearing signal, so it performs none of this activity even at level 1.",high,
2,41,0,3.5,"Game agents reliably resolve small, fast-moving on-screen elements (HUD numbers, unit sprites, minimap icons) — comfortably above dashboard-dial difficulty — but they operate on clean, high-contrast synthetic renderings and are not required or validated for fine-grained close-range discrimination such as dense text or subtle defect detection.",medium,
4,16,1,3.2,"Multimodal models reliably spot moderately salient known objects amid ordinary background clutter, but degrade sharply on small, low-contrast, occluded or camouflaged targets (the golf-ball-in-the-rough regime), where their misses and confident false positives require human verification.",medium,
4,19,1,2.2,"Multimodal models answer simple questions about depicted spatial relations but are unreliable at mental rotation and multi-step transformations, so they cannot dependably interpret an assembly diagram to predict how rearranged parts will look (level 4).",medium,
10,51,2,3.0,"The system has no native audio channel and only reaches spoken input by invoking a transcription tool, which yields usable text for clear standard speech but does not perform speaker/voice identification (the level 2 and 4 anchors) and degrades on strong accents, overlapping talk, or noise (level 6).",medium,
5,3,0,1.0,"An image generator produces no speech at all, so it does not perform oral expression even at the lowest anchor.",high,
4,50,1,1.0,"Visual question answering takes only images and text as input and has no auditory channel at all, so it cannot localize sound even at the level-2 anchor.",high,
12,5,2,4.5,"It readily enumerates many candidate root causes and patch approaches for a localized issue, but its generation narrows quickly to familiar patterns and it stops at the first test-passing fix, so it does not achieve the near-exhaustive canvassing of an open-ended solution space that the level-6 anchor describes.",medium,
4,5,1,4.5,"It can pour out large numbers of plausible ideas prompted by an image (uses, labels, names, hypotheses), but cannot be trusted to produce the near-exhaustive, domain-grounded option sets implied by level 6, where coverage gaps in consequential strategic enumeration would go undetected.",medium,
4,33,2,1.0,"Visual question answering is a purely software perceptual-linguistic system with no body or actuators, so it exerts no muscular force at all.",high,
5,46,1,1.0,Night vision is a human sensory perception ability requiring seeing in low light; an image-synthesis model perceives nothing and performs none of this activity even at level 1.,high,
9,36,0,1.0,"Speech recognition is a software transcription pipeline with no body or physical exertion capability, so it performs no part of the stamina activity even at level 1.",high,
9,47,1,1.0,"Speech recognition operates solely on audio signals and has no visual sensing capability whatsoever, so it performs nothing on a vision-under-glare activity even at level 1.",high,
2,37,2,1.0,"A game-playing agent has no physical body and performs no bending, stretching, twisting, or reaching whatsoever.",high,
10,46,1,1.0,Night Vision is a human sensory-physical ability requiring seeing in low light; a digital agentic system has no eyes or embodied visual perception of physical environments and does nothing for this activity even at level 1.,high,
10,42,2,1.0,"The application operates purely in a digital environment with no distance-viewing sensory apparatus, so it does not perform far vision even at level 1.",high,
13,1,2,5.2,"Robust transcription and intent-tracking carry it well past everyday spoken instructions, but reliable comprehension of dense technical speech (level 6) is undercut by ASR errors on jargon, notation and accented or noisy multi-speaker audio, plus shallow grounding in the subject matter.",medium,
1,49,2,1.0,"A board-game search agent processes discrete game states, not audio signals, so it performs no auditory selection or listening at all.",high,
13,55,2,4.0,"It can reliably run scripted-to-adaptive persuasion in low-stakes, bounded exchanges (donation appeals, sales/retention, belief-nudging chats, where randomized studies show it matches or beats humans), but it lacks the institutional standing, credibility, and accountability needed for high-stakes adversarial advocacy before a skeptical audience, and its failures there are unrecoverable and unsupervisable.",medium,
1,49,0,1.0,"The system operates on discrete board states with no audio input or sound-separation capability whatsoever, so it performs none of this activity even at level 1.",high,
11,58,2,1.4,"The system only derives answers to problems posed to it; it does not perceive people's needs or proactively seek ways to assist, so it barely registers even at the level-2 anchor of offering a customer coffee.",high,
11,8,1,5.7,"It applies general rules to hard specific problems at near-expert level (competition proofs, graduate derivations), but on genuinely novel research-level chains it still produces confident, plausible-looking invalid steps that an expert must verify, so it cannot be handed unsupervised responsibility for level-6 consequential derivations.",medium,
8,13,0,1.0,"A translation model performs no arithmetic; it only transposes numerals across languages and does not compute sums, differences, products or quotients even at the 'add 2 and 7' level.",high,
1,23,0,1.0,"The system is a software search-and-evaluation agent with no hands, arms, or physical manipulator, so it performs no manual dexterity at all, not even screwing in a light bulb.",high,
4,1,0,1.0,"The system takes images and written text as input and has no speech/audio processing capability, so it does not perform listening comprehension at all.",high,
1,38,2,1.0,"A board-game search agent has no body and performs no physical bending, stretching, or reaching whatsoever.",high,
9,51,2,5.5,"Modern ASR transcribes accented and noisy speech near-human on clean single-speaker audio, but word-error rates rise sharply with heavy accents, dysarthria, crosstalk/overlapping talkers and low-resource dialects, and the pipeline outputs strings rather than understanding meaning or identifying who is speaking, so consequential uses still need human review.",medium,
9,47,2,1.0,"Speech recognition processes audio only and has no visual sensing whatsoever, so it performs nothing on a glare-vision scale even at level 1.",high,
3,26,2,1.0,"A still-image classifier has no actuators or motor control whatsoever, so it performs no limb coordination at any level.",high,
4,57,0,2.8,"It can answer one-off ""what is this / how does this work"" questions about a pictured object or screen, but cannot reliably sequence a multi-step lesson, verify that the learner has understood, or adapt instruction — and visual misreadings (mislabeled controls, hallucinated menu items) make unsupervised procedural teaching at the level-4 anchor unsafe.",medium,
13,7,1,3.5,"It reliably flags problems that surface explicitly in the dialogue (contradictions, confusion, stated complaints, overt frustration) but cannot be trusted unsupervised to infer latent, unstated trouble from mood and subtle cues 	ypified by the level-4 anchor \u2014 it misses paralinguistic and contextual signals and has documented false negatives on high-stakes cases like escalating distress or risk.",medium,
4,45,0,2.5,"It names salient, well-separated colors reliably, but fine shade/brightness matching and following a specific colored wire through a cluttered layout (level 4) are unreliable, and level 6 requires physical color production it cannot do at all.",medium,
4,48,0,1.0,"The system takes only images and text as input and has no audio processing capability, so it cannot detect any sound at all.",high,
4,34,2,1.0,"A visual question answering model has no body or actuators and cannot exert any muscle force, so it performs none of this activity even at level 1.",high,
8,45,1,1.0,"A text-to-text translation model has no visual input or color perception at all, so it cannot perform even the level-1 task of separating items by color.",high,
4,22,1,1.0,"Visual question answering is a purely perceptual-linguistic software capability with no actuators or physical embodiment, so it cannot hold an arm or hand steady at any level.",high,
8,50,0,1.0,"A text translation model has no auditory input or spatial hearing capability, so it performs no sound localization at all.",high,
8,20,1,3.5,"The model never fatigues and can process long stretches of text without losing the thread, giving it roughly vigilance-level sustained focus, but it has no true task-monitoring role and degrades on long or noisy inputs (terminology drift, coreference loss, derailment by embedded or interleaved irrelevant text), so it cannot be trusted at the level of extracting precise content amid heavy interference.",low,
2,17,1,5.5,"Within its trained game the agent tracks and discriminates many moving entities at frame-rate speed with superhuman consistency, but its perceptual matching is tied to the training distribution and degrades on novel visuals or unseen patch/mod content, so it cannot be trusted for the general high-speed defect-discrimination work the level 6 anchor implies.",medium,
1,30,1,1.0,"A game-playing search agent has no hands or physical actuators, so it performs no finger, hand, or wrist movements at all.",high,
1,41,1,1.0,A game-playing search agent receives board states as symbolic input and performs no visual perception at close range at all.,high,
6,16,1,4.0,"It reliably picks target evidence out of distracting surrounding text (a textual 'golf ball in the rough'), but degrades on long-context multi-hop or adversarially planted distractors and cannot perform the degraded-signal, time-pressured perceptual detection the level 5-6 anchors describe.",medium,
9,25,2,1.0,"Speech recognition produces text from audio and has no motor actuators or machine controls, so it performs no part of physically adjusting controls to exact positions even at the lowest anchor.",high,
1,13,2,2.0,"The engine performs only the fixed internal arithmetic embedded in its evaluation and search (material counts, score sums, depth/visit counts) and cannot accept or solve arbitrary externally posed arithmetic tasks like balancing accounts or computing interest.",medium,
12,58,0,2.3,"It only executes an already-specified issue with no interaction with the requester, so it cannot elicit needs, clarify, or proactively identify ways to help beyond the ticket handed to it.",medium,
13,25,0,1.0,"Conversation is a purely linguistic system with no actuators or motor control, so it cannot physically adjust any machine control even at the dimmer-switch level.",high,
12,49,0,1.0,The system processes text-based code and issues only; it has no audio input or capacity to segregate a sound source from background noise at all.,high,
8,27,1,1.0,"A text translation model performs no physical movement selection in response to signals, so it does nothing for this psychomotor activity even at level 1.",high,
10,42,0,1.0,Far Vision is a physical sensory ability requiring optical perception of distant real-world objects; a digital agent has no eyes or camera-at-distance role and does nothing for this activity even at level 1.,high,
2,4,2,1.0,"A game-playing agent emits control actions, not written language; it produces no text for human comprehension even at the level of a reminder note.",high,
11,4,0,5.2,"It writes clear, well-structured technical prose and proof exposition at near-expert quality, but cannot be trusted unsupervised for book-length works requiring sustained cross-chapter consistency, correct novel content, and reliable attribution (the level-6 anchor).",medium,
12,31,1,1.0,"The application is a purely software-based system with no limbs or physical actuators, so it performs no limb movement at any level.",high,
2,37,0,1.0,"The agent has no body or physical actuators; it acts only via game inputs, so it performs no bending, stretching, twisting, or reaching whatsoever.",high,
9,50,1,2.3,"The pipeline's object is transcription; any direction information comes only incidentally from multi-microphone beamforming front-ends that can separate which of a few fixed sources is speaking, and it cannot search a physical space or judge a moving source's bearing as level 4-6 anchors require.",medium,
11,28,1,1.0,Rate Control is a physical psychomotor timing ability requiring continuous sensorimotor control of a body or vehicle; a text-based mathematical reasoning system has no effectors or real-time perceptual loop and performs none of it.,high,
3,39,0,1.0,"A still-image classifier has no body and produces no motor output, so it performs none of the whole-body movement coordination the activity describes, even at the lowest anchor.",high,
13,28,1,1.0,Rate Control is a psychomotor timing ability requiring physical movement in anticipation of moving objects; a conversational system has no effectors or motion perception and performs none of it.,high,
1,43,1,1.0,"A board-game search agent operates on symbolic game states and has no visual field at all, so it performs nothing resembling peripheral detection of side-located objects or motion even at level 1.",high,
8,53,0,1.8,"A text-in/text-out translation model can register emotional tone and politeness cues encoded in the source text, but it does not observe live interlocutors or reason about why people react as they do, so it cannot substitute for even the level-2 anchor of noticing and responding to actual customers' frustration.",medium,
13,14,0,5.5,"Verbatim and factual recall is near-perfect while material sits in the active context window, but retention degrades over long contexts and does not persist reliably across sessions, and unremembered details are confabulated rather than flagged, so studied-then-recited accuracy at the level-6 anchor is not dependable for novel or lengthy material.",medium,
6,57,1,2.3,"It can extract and restate how-to steps from a supplied document (enough for simple procedural instruction like a time clock), but it cannot demonstrate, adapt to a learner's confusion, check understanding, or teach anything not spelled out in the passage.",medium,
7,42,2,1.0,"A text-only language model has no visual sensing whatsoever, so it cannot perceive detail at any distance even at the level-2 anchor of reading a billboard.",high,
3,8,2,1.8,"A trained classifier applies a learned statistical decision rule to a single image, which mimics only the most trivial rule-to-instance inference; it cannot chain general principles, handle novel premises, or justify conclusions, so anything beyond the simplest anchor is out of reach.",high,
13,11,2,5.4,"It fluidly generates and switches among multi-attribute grouping schemes in dialogue, but level-6-style technical taxonomies depend on precise domain attribute values (melting points, costs) that it can confabulate without flagging, so an expert must verify before the classification is used.",medium,
3,17,2,6.0,"Trained vision models match or exceed the level-6 anchor (high-speed defect inspection on known part types) but degrade unpredictably on out-of-distribution defects, novel lighting/pose conditions, or categories absent from training, so the very top of the scale still needs human adjudication.",medium,
6,22,0,1.0,"A text-reading question-answering system has no physical embodiment, so it cannot hold or move an arm at all, even at the level-2 anchor of lighting a candle.",high,
6,57,2,2.5,"It can only restate or paraphrase procedural steps found in a supplied passage; it cannot demonstrate, gauge a learner's progress, adapt explanations interactively, or teach anything not already written down, which level 4+ instruction requires.",medium,
5,7,1,1.5,"A generative image model outputs pixels from a prompt; it has no mechanism for flagging that something is wrong or likely to go wrong, and in fact routinely emits uncorrected anatomical, text and physics errors it cannot detect.",high,
11,45,2,1.0,A text-based mathematical/scientific reasoning system performs no color perception or matching at all; it has no visual discrimination function even at the level-1 laundry-sorting anchor.,high,
12,55,2,1.0,"The system only reads issues and emits code patches validated by tests; it has no interlocutor whose mind or behavior it seeks to change, so it performs no persuasion even at the level-2 anchor.",high,
1,29,1,1.0,"The activity requires a physical hand/finger/foot response to a sensory signal, and a board-game search agent has no motor output or stimulus-detection channel at all ""it merely emits moves in a discrete state space.",high,
11,33,1,1.0,"The application is a purely symbolic reasoning system with no body or actuators, so it exerts no muscle force at any level.",high,
13,35,1,1.0,"A conversational AI has no body and cannot exert any abdominal or lower-back muscular effort, so it performs nothing on this physical activity even at level 1.",high,
6,35,1,1.0,Trunk Strength is a physical muscular capacity; a text-reading AI system has no body and performs none of this activity at any level.,high,
13,19,2,1.8,"A dialogue system can verbally reason about trivially simple spatial rearrangements it has seen described in text, but it takes no diagrammatic or visual input and cannot reliably simulate how parts will look once moved, so anything at or above the assembly-from-a-diagram anchor is out of reach.",medium,
2,25,1,4.7,"Trained agents achieve superhuman, repeatable input precision (racing-sim throttle/steer modulation, aim micro-adjustment) exceeding level-4 difficulty, but only on the simulated control surfaces they were trained on free free consequence, no physical actuator loop, and no robustness to novel machinery, so the consequential fine-motor work at level 6 is out of reach.",medium,
8,4,1,4.7,"Translation output is fluent and register-appropriate for routine and moderately complex documents, but sustained book-length or highly technical/literary material still needs human post-editing for terminological consistency, subtle argumentation and occasional meaning-distorting errors, so it cannot be left unsupervised at level 6.",medium,
10,53,0,2.2,"It can flag explicit affective cues in text it processes (an irate support ticket, a frustrated user message) but has no persistent access to the interpersonal and organizational context needed to infer why people react as they do, so anything beyond surface sentiment reading is unreliable and unsupervisable.",medium,
6,11,1,4.2,"It can reliably regroup and multi-attribute classify entities whose properties are stated in the supplied passage, but it does not generate or validate novel technical classification schemes against real-world referents, and long or implicit-evidence passages produce grouping errors that need checking before consequential use.",medium,
6,25,2,1.0,"A text-reading question-answering system operates no physical controls at all, so it performs none of this psychomotor activity even at the lowest anchor.",high,
10,27,2,1.0,"Response Orientation is a psychomotor ability requiring rapid selection among physical movements in response to sensory signals; a digital agentic system executes no movements and has no motor response channel at all, so it does not perform the activity even at level 1.",high,
12,56,0,1.0,"The system works alone against an issue tracker and test suite; it never interacts with parties holding conflicting interests, so it performs no negotiation even at the level-2 anchor of arguing a case to another person.",high,
8,50,2,1.0,"A text translation model has no spatial audio input or acoustic processing, so it cannot determine the direction of a sound at all.",high,
13,18,1,1.0,"A conversational system has no body, sensors, or position in an environment, so it cannot know its own location relative to surroundings even at the simplest anchor level; at best it can talk about directions someone else perceives.",high,
4,5,0,4.2,"The model can readily enumerate many candidate answers, uses, or hypotheses about an image (level-4 brainstorming), but cannot be trusted to produce the exhaustive, situation-grounded option sets implied by level 6, and its idea generation is confined to what is visible or inferable from a single image rather than open strategic domains.",medium,
11,56,2,1.0,"The system derives answers to formal mathematical and scientific problems and has no interaction with parties, interests, or concessions, so it performs no part of bringing others together or reconciling differences even at the level-2 anchor.",high,
2,28,2,5.2,"Within game environments the agent's anticipatory timing (target leading, interception, racing lines) is human-level to superhuman, but it is confined to simulated scenes with clean, low-latency rendered input and never times real equipment against physical moving objects with sensor noise and actuation lag.",medium,
12,54,1,1.5,"The agent works solo on an isolated issue and only implicitly conforms to existing code conventions and test feedback; it does not track or adjust to other people's or agents' concurrent actions, schedules, or dependencies, so it falls short of even the level-2 appointment-scheduling anchor.",medium,
10,22,2,1.0,"The application is purely digital with no physical actuators, so it cannot hold or move a hand and arm at all, even for a level-1 task.",high,
4,30,0,1.0,"Visual question answering is a purely perceptual-linguistic software task with no physical actuators, so it performs no finger, hand, or wrist movement at all, even at level 1.",high,
7,43,0,1.0,"A text-only language model has no visual input or field of view at all, so it cannot perform peripheral vision even at the lowest anchor level.",high,
6,39,1,1.0,"A text-reading question-answering system has no body or actuators, so it performs no whole-body movement at all, not even the level-2 anchor of getting in and out of a truck.",high,
6,26,2,1.0,"A text-reading question-answering system has no limbs or motor actuation, so it performs no physical coordination at any level.",high,
1,40,0,1.0,"The system is a disembodied game-playing search agent with no body, sensors, or actuators, so it performs no physical balance activity at all.",high,
11,45,1,1.0,"A formal-reasoning text system performs no visual color perception at all, so it cannot even separate laundry by color.",high,
7,34,0,1.0,"A text-only language model has no body and cannot exert any physical force, so it performs nothing on this activity even at level 1.",high,
6,54,1,1.0,"The system only answers questions about a supplied text; it takes no actions in the world and has no ongoing awareness of or ability to adjust to other parties' actions, so it performs no coordination even at the level-2 scheduling anchor.",high,
6,39,0,1.0,"A text-reading question-answering system has no body and performs no physical movement, so it does nothing for gross body coordination even at level 1.",high,
6,33,2,1.0,"A text-reading question-answering system has no body and exerts no muscular force, so it performs nothing of this physical activity at any level.",high,
6,47,1,1.0,Glare Sensitivity is a visual-physiological ability requiring seeing physical objects under bright light; a text-passage reading comprehension system performs no visual perception at all.,high,
13,3,0,5.8,"It produces fluent, well-structured spoken explanations at roughly the 'explain advanced genetics to freshmen' level, but cannot read live audience cues, sustain accountable high-stakes persuasive or adversarial speaking, and its occasional factual fabrications mean the substance of a lecture or briefing still needs a human vouching for it.",medium,
12,19,1,2.5,"The system manipulates symbolic/textual structure rather than spatial imagery, so it can anticipate simple structural rearrangements in code but performs no genuine visual-spatial imagination of moved or reassembled objects as the level 4+ anchors require.",medium,
12,24,0,1.0,"The application is a software agent with no hands or physical actuators, so it performs no finger manipulation of objects at any level.",high,
13,21,1,3.0,"It can hold dialogue context while concurrently attending to incoming speech and consulting retrieved information, but it degrades in multi-speaker or noisy settings and cannot reliably monitor several independent real-time streams with consequential stakes as level 6 requires.",medium,
3,27,2,1.0,"A still-image labeling model produces no motor response at all and does not select between physical actions under time pressure, so it performs none of this activity even at the level-2 anchor.",high,
3,45,2,4.5,"Pixel-level colour and shade comparison is near-perfect and robust enough for tasks like distinguishing similarly coloured wires, but the model only emits labels and cannot perform the fine perceptual matching plus generative output that higher anchors (mixing/reproducing colour as in portrait painting) require, and its colour judgements remain vulnerable to illumination/white-balance shifts it cannot independently correct.",medium,
6,32,2,1.0,"A text-reading question-answering model exerts no physical force at all, so it performs nothing on this activity even at level 1.",high,
5,33,1,1.0,"An image generation model has no body and exerts no physical force, so it performs none of this activity even at the lowest level.",high,
9,3,1,1.0,"The pipeline only converts speech to text; it generates no spoken output and originates no content, so it does not perform oral expression even at the level-2 anchor.",high,
9,19,0,1.0,"A speech-to-text pipeline operates on audio and produces text; it performs no spatial or mental-rotation reasoning about objects at all, even at the level 2 anchor.",high,
9,56,0,1.0,"A transcription pipeline only converts audio to text; it has no goals, parties, or capacity to reconcile differences, so it performs no part of negotiation even at the lowest anchor.",high,
13,22,2,1.0,"A conversational system has no arm, hand, or any physical actuator, so it performs none of this activity at any level.",high,
10,13,0,5.5,"With code execution the arithmetic itself is exact, but at the highest levels the numbers must be pulled from messy documents, spreadsheets or web sources and mapped to the right formula, where the agent still mis-extracts or mis-specifies inputs often enough to need review in consequential financial computations.",medium,
13,16,2,3.0,"It can pick a known target pattern (intent, entity, keyword) out of rambling text and moderately noisy speech, but the mid-to-high anchors describe visual search in real clutter, a modality the conversational system has no access to, and its far-field/overlapping-speaker recognition still degrades unreliably.",medium,
10,53,2,2.2,"It can flag explicit textual cues of dissatisfaction in messages or tickets it processes, but it has no sustained model of the people involved, no access to tone, history, or organizational context, and cannot be trusted to read how an event will land across a work group.",medium,
7,33,0,1.0,"A text-only model has no body and cannot exert muscular force at all, so it performs nothing on this physical activity even at level 1.",high,
7,50,2,1.0,"A text-only language model receives no audio input and cannot perceive or localize sound at all, so it does nothing even at level 1.",high,
13,25,2,1.0,"A conversational system has no physical actuators and performs no control adjustment at all, so it does nothing for this activity even at level 1.",high,
6,53,2,2.5,"It can only infer reactions that are evidenced in a supplied passage; it has no live perception of people and cannot reliably judge unstated interpersonal or group dynamics, let alone handle counseling-level stakes.",medium,
3,43,1,2.3,"A still-image classifier can label objects anywhere in a frame, which loosely covers static off-center detection, but it has no gaze-anchored field, no motion tracking, and no concurrent task, so it cannot do the dynamic side-awareness of level 4 or above.",medium,
9,10,0,3.0,"The decoder reliably orders phonemes and words into grammatically coherent sequences under language-model rules, but it never arranges actions or multi-step procedures, and overlapping/noisy speech still produces sequencing errors that require human correction.",medium,
6,17,1,2.5,"It can do simple symbolic matching within supplied text (e.g., ZIP-code-style sorting, spotting numeric mismatches) but has no perceptual channel for gauges, images, or moving objects and makes character-level comparison errors on long lists, so timed visual-inspection anchors at levels 4-6 are out of reach.",medium,
8,45,2,1.0,"A text-to-text translation model has no visual input or perception of color, so it performs nothing of this activity even at the level-1 anchor.",high,
3,28,0,1.0,"A still-image labeller has no motor output and no temporal input, so it cannot time any movement against a moving object even at the level-1 anchor.",high,
11,52,2,1.0,"The system is a text-based reasoning engine that produces no spoken output at all, so it does not perform the activity even at level 1.",high,
8,43,0,1.0,"A text translation model has no visual sensing at all, so it performs none of this perceptual activity even at the lowest anchor.",high,
13,23,0,1.0,"A conversational system has no hands or physical actuators, so it cannot grasp, move, or manipulate objects at all — it does nothing for this activity even at level 1.",high,
6,16,0,3.0,"The anchors describe visual/perceptual detection of patterns in cluttered sensory fields, which the system does not do at all; it only performs the textual analogue of finding target evidence among distracting passage material, and its accuracy degrades with long contexts and many near-miss distractors.",medium,
3,27,1,1.0,"The system only emits labels for still images; it selects no motor response to any signal, so it does not perform the activity even at level 1.",high,
1,35,2,1.0,"A board-game search agent has no body and exerts no muscular force, so it performs none of this physical activity even at level 1.",high,
2,52,1,1.0,"A game-playing agent emits control actions, not speech, so it performs no speech clarity activity at all.",high,
5,13,1,1.0,"A text-to-image generator performs no arithmetic at all 
s even trivial sums are only 'depicted' unreliably, and it cannot reliably render correct object counts or legible digits, so it does not perform the activity even at level 1.",high,
1,53,0,1.0,"A board-game search agent operates over abstract game states with no representation of people, emotions, or social context, so it performs nothing of this activity even at level 1 (any 'opponent modeling' is statistical move prediction, not awareness of human reactions).",high,
11,56,1,1.0,"A formal-reasoning system for deriving mathematical and scientific answers has no party-to-party interaction, interest reconciliation, or bargaining role at all, so it performs none of the activity even at level 1.",high,
2,11,2,3.0,"Trained agents implicitly group game entities and states along several learned dimensions (threat, value, type) within their environment, but cannot generate or switch to novel categorization schemes outside the trained domain or articulate multi-criterion rule sets for unfamiliar objects.",medium,
7,35,2,1.0,Trunk Strength is a physical muscular capacity; a text-only language model has no body and performs none of this activity at any level.,high,
3,43,0,1.5,"A still-image classifier has no fixed forward gaze, no temporal/motion sensing, and no real-time embodied field of view, so it can at best label objects appearing at the edge of a single frame rather than maintain off-axis awareness of moving objects.",medium,
8,2,1,4.7,"It resolves ambiguity, reference and idiom well enough to handle contract- or manual-level prose, but on dense specialized technical text it still misreads terminology and long-range context without human post-editing, so highly technical comprehension (level 6) is not reliably attained unsupervised.",medium,
13,34,1,1.0,"A conversational AI system has no body and cannot exert muscle force to jump, sprint, or throw, so it does nothing for this activity even at level 1.",high,
12,46,2,1.0,Night vision is a human visual-sensory capacity; the software-engineering AI has no visual perception under any lighting and does nothing for this activity even at level 1.,high,
1,25,1,1.0,"The system operates purely on discrete abstract game states and has no actuators or continuous control loop, so it performs no physical adjustment of machine controls at any level.",high,
4,10,0,2.5,"It can apply simple explicit ordering rules to depicted items (sort by size, sequence pictured steps) but its counting, spatial-relation and fine-detail judgments are error-prone and it cannot be trusted to hold a long, rule-governed ordering correct without human checking.",medium,
9,50,2,2.2,"The transcription pipeline itself only inherits coarse directional cues from multi-channel beamforming front-ends (left/right or rough azimuth on a fixed array), and cannot resolve elevation, distance, or reverberant/moving sources well enough to pinpoint a source in an unfamiliar space.",medium,
6,13,2,2.5,"It can extract numbers from a passage and do simple one- or two-step arithmetic, but multi-step tallies and interest/percentage computations are done by pattern rather than calculation and drift into silent errors, so checkbook-level (3) accuracy is not dependable unsupervised.",medium,
11,33,0,1.0,"The application is a disembodied reasoning system with no physical actuators, so it exerts no muscle force at any level.",high,
4,2,0,3.5,"It reliably parses short questions and legible on-image text (signs, labels, simple forms), but on dense multi-clause documents like a lease or a technical manual it misreads fine print, drops cross-references, and hallucinates plausible content, so its answers cannot be relied on unsupervised.",medium,
4,18,0,1.9,"It can answer where-is questions about a floor plan or scene image but has no embodied sense of its own location and remains error-prone on fine-grained map and relative-position reasoning, so it falls short of reliably navigating an environment (level 3).",medium,
8,46,2,1.0,"A text translation model has no visual sensing capability whatsoever, so it performs nothing of a low-light seeing activity even at level 1.",high,
6,19,1,1.8,"It only extracts and combines evidence stated in text, so it can answer simple spatial questions when the passage describes the arrangement, but cannot follow diagrams or mentally rotate/rearrange objects as level 4+ requires.",medium,
6,49,2,1.0,"The application only reads supplied text and has no audio input or sound-separation capability, so it performs nothing of this auditory activity even at level 1.",high,
5,28,0,1.0,"Image generation is a static synthesis task with no motor output or real-time tracking of moving objects, so it performs no part of rate control even at level 1.",high,
5,4,2,2.0,"The model outputs pixels, not prose: it can render short legible phrases, labels or captions inside an image, but cannot compose sustained, accurate written content, and longer text degrades into malformed or garbled characters.",medium,
8,36,1,1.0,"Stamina is a physical, cardiovascular capacity; a text translation model has no body and performs none of this activity even at level 1.",high,
5,9,2,2.5,"It can implicitly apply learned visual regularities to fill in unstated scene details (rain implies umbrellas, wet reflections), but it cannot chain multiple pieces of evidence to a defensible conclusion, and compositional, quantitative or negated constraints fail unpredictably with no self-check.",medium,
3,3,2,1.0,"A trained vision model emits category labels for image content and produces no spoken output at all, so it performs none of the activity even at the lowest anchor.",high,
4,53,0,2.2,"It can read visible affective cues in a single static image (angry faces, a long queue) but has no access to ongoing relationships, history, or motives, so it cannot infer why people react as they do in the way level 4+ social dynamics require.",medium,
13,41,0,1.0,"A conversational system processes speech and text, not close-range visual detail, so it performs no part of near vision even at the lowest anchor.",high,
11,9,2,5.0,"It reliably combines given information into correct generalizations on well-posed, verifiable problems, but on open-ended or noisy evidence it still produces confidently wrong conjectures, so the level-6 kind of high-stakes integrative inference cannot be left unsupervised.",medium,
10,48,2,1.0,"The application operates purely on digital text/tool interfaces and has no audio input or auditory discrimination capability, so it does not perform this activity even at the level of noticing an alarm sound.",high,
7,4,2,5.4,"It writes clear, well-organized prose at professional length (letters, reports, articles, editorials) unsupervised, but cannot be trusted for book-length original technical exposition where cumulative factual accuracy, consistent notation and genuinely novel pedagogical structure must hold without expert review.",medium,
4,58,1,2.0,"It only answers image questions when prompted and cannot initiate help, take service actions, or transact on a customer's behalf as level 4 requires.",medium,
4,48,2,1.0,Visual question answering operates on images and text only; it has no audio input and therefore performs no auditory detection or discrimination at all.,high,
8,20,2,4.0,"The model sustains focus indefinitely without fatigue across long documents, but degrades in very long contexts (terminology drift, dropped or conflated segments) and can be derailed by embedded instructions or interleaved noise in the source, so it cannot be trusted to hold a single thread through heavily distracting material unsupervised.",medium,
1,36,2,1.0,"A game-playing search agent has no body and performs no physical exertion at all, so it does nothing for stamina even at level 1.",high,
11,40,2,1.0,"The application is a text-based reasoning system with no body or physical actuation, so it performs no balance-related activity at any level.",high,
8,48,0,1.0,A text-to-text translation model receives no acoustic input at all and therefore cannot detect or discriminate sounds by pitch or loudness even at the trivial level.,high,
10,4,0,5.0,"It reliably produces clear, well-structured reports, documentation, correspondence and technical write-ups, but cannot be trusted unsupervised for book-length, authoritative expository work where sustained coherence, novel exposition and factual/technical correctness across hundreds of pages carry the value.",medium,
12,53,0,1.3,"The system only parses issue text for technical intent; it has no ongoing interaction with people, no perception of their reactions, and no reason to model why anyone reacts as they do, so it barely touches even the level-2 anchor.",high,
3,43,2,1.5,"A still-image classifier has no gaze, no field of view and no motion sensing, so it can at best flag objects located off-center in a frame handed to it, not maintain awareness of movement to the side while fixating ahead.",high,
5,2,0,3.4,"It reliably decodes moderately complex descriptive prompts (multiple objects, attributes, style, simple spatial relations) but still drops or conflates clauses in long, constraint-dense text — negation, counts, conditional or reference-heavy instructions — so it cannot be trusted to comprehend a lease-level document of binding specifications unsupervised.",medium,
13,56,0,3.0,"It can argue a position and haggle fluently in low-stakes exchanges, but binding commercial bargaining (level 4+) requires real authority, leverage awareness, and accountability for concessions it cannot be trusted with unsupervised.",medium,
1,50,0,1.0,A board-game search agent processes no audio at all and has no capacity to localize sound direction even at the simplest level.,high,
3,42,2,4.5,"It reliably labels legible distant content in a supplied image (signage, vehicles, aerial objects) but degrades sharply on the few-pixel, low-contrast, atmospheric-haze targets that anchor level 7, and it cannot adjust optics or seek a better view to resolve ambiguity.",medium,
7,51,2,1.0,"A text-only language model receives no acoustic input, so it cannot identify or understand spoken speech at all—even recognizing a voice at level 2 is outside its modality.",high,
7,17,2,2.2,"It can do simple untimed symbolic matching/sorting in text (ZIP-code-style), but has no perceptual input for gauge- or assembly-line-style visual comparison and is unreliable at fine character-level difference detection.",medium,
5,40,0,1.0,"An image generation model has no body and performs no physical balancing whatsoever, so it does nothing for this activity even at level 1.",high,
2,27,1,5.0,"Trained agents select correct actions among many concurrent signals faster and more consistently than humans within their trained game distribution, but they degrade unpredictably on novel or out-of-distribution situations and act only on clean synthetic perceptual streams, so they cannot be trusted with the unprecedented, high-consequence emergency response the top anchor describes.",medium,
1,54,2,1.5,"It only adjusts its own moves to an opponent's moves inside a closed rule set, with no capacity to negotiate, communicate, or align work with other agents' goals and schedules as even the level-2 anchor requires.",high,
8,10,1,4.5,"It reliably applies target-language syntactic and discourse ordering rules, including long-distance reordering between typologically distant languages, but degrades on document-length coherence, ambiguous scope/reference, and highly constrained formal sequencing (legal clause numbering, technical procedures) where an error is consequential and unnoticed without a human reviewer.",medium,
3,36,1,1.0,"Stamina is a purely physical, whole-body endurance capability; an image classification model has no body and performs none of it even at the lowest anchor.",high,
7,47,0,1.0,"A text-only language model has no visual input or perception at all, so it cannot see objects under any lighting condition.",high,
12,22,0,1.0,"The application is a purely software system with no physical actuators, so it cannot hold or move a hand or arm at all.",high,
6,55,1,1.2,"The system only extracts and combines evidence to answer questions about a supplied passage; it does not advocate, appeal to interests, or attempt to move anyone's position, so it barely touches even the level-2 anchor of soliciting a donation.",high,
4,29,2,1.0,"VQA produces text answers about static images and has no motor effector or real-time latency guarantee, so it cannot respond with hand, finger, or foot to an appearing signal at all.",high,
4,27,0,1.0,"Response orientation requires rapid selection and initiation of physical motor responses to competing signals, and a VQA model produces text answers with no motor output or real-time signal-driven action at all.",high,
12,11,2,4.5,"It reliably applies and shifts among multiple grouping schemes within a codebase (by module, call path, error class, failing-test root cause), but its category schemes are inherited from conventions in its training data and it cannot be trusted unsupervised to devise and defend a novel multi-attribute taxonomy for an unfamiliar large system where a miscategorization drives an architectural decision.",medium,
1,55,2,1.0,"A game-playing search agent produces moves in a closed rule system and never communicates with or attempts to influence another party's beliefs or behavior, so it performs no persuasion even at the lowest anchor.",high,
5,10,1,3.0,"It arranges scene elements plausibly and follows simple compositional rules, but fails unreliably on strict multi-constraint ordering (exact counts, left-to-right sequences, legible ordered text), so no rule-critical sequencing task can be left unsupervised.",medium,
11,18,0,1.5,"The system is disembodied and has no location or perceptual frame of reference, so it cannot orient itself relative to an environment at all; at best it can reason symbolically about a described map or a stated celestial fix, which is not the activity.",high,
5,46,0,1.0,Night vision is a human sensory ability requiring perception of a physical low-light environment; an image-generating model has no visual sensing at all and does nothing for this activity even at level 1.,high,
6,56,2,1.0,"The system only answers questions about a supplied passage; it has no interaction with parties, no stake or authority, and cannot bring people together or reconcile differences even at the level-2 anchor of arguing a case to a manager.",high,
4,31,0,1.0,"Visual question answering is a purely software perceptual-linguistic system with no limbs or actuators, so it performs no physical movement at any level.",high,
1,16,0,5.0,"Engines reliably extract deeply hidden target patterns (mating nets, tactical motifs, ladders/shapes) from board positions dense with irrelevant material, exceeding the golf-ball-in-rough anchor, but the inputs are noise-free symbolic states, so they never perform closure on degraded, ambiguous, or camouflaged real-world signal as the level-6 anchor requires.",medium,
8,33,1,1.0,"A translation model has no physical body and exerts no muscular force, so it performs nothing on this activity even at level 1.",high,
4,20,0,3.0,"It ignores irrelevant visual clutter within a single image on demand, but it has no temporal persistence or vigilance loop — it cannot be trusted to watch a continuous stream for hours and catch a rare event (level 4 monitoring), since it only answers discrete queries and misses low-salience changes.",medium,
12,12,1,4.5,"It can select and implement standard formulas and algorithms whose correctness the project's own tests can confirm, but it cannot be trusted unsupervised to derive or validate novel mathematical formulations (level 6-style modeling) where subtly wrong math passes tests undetected.",medium,
11,48,2,1.0,"The application is a text-based formal reasoning system with no audio input or auditory discrimination capability, so it performs nothing for hearing sensitivity even at level 1.",high,
1,44,1,1.0,"A board-game search agent operates on abstract discrete states with no 3D visual input or distance judgment, so it performs none of this activity even at level 1.",high,
6,5,2,3.5,"The system is bound to enumerating items, inferences, or candidate readings already present in the supplied passage, so it can produce short lists reliably but does not generate open-ended, self-originated idea sets of the kind level 4+ anchors describe.",medium,
5,53,2,1.2,A text-to-image model has no channel for observing a person's reactions over time and no capacity to act on them; depicting or even recognising an emotion in a rendered face is not being aware of why someone reacts as they do.,high,
1,8,1,4.5,"It performs exhaustive, superhuman rule-application only inside a closed, fully specified formal system; it cannot identify which principles or factors are relevant in an open, ambiguous problem (level 5-6 anchors) or transfer its inference to any domain whose rules are not handed to it.",medium,
7,8,0,4.5,"It applies general rules fluently and can enumerate relevant factors for a decision, but without tools its multi-step chains and quantitative deductions fail silently often enough that engineering-grade rule application (level 6) or unsupervised consequential judgment cannot be delegated to it.",medium,
4,29,1,1.0,"VQA produces text answers about static images and has no motor output or real-time signal-triggered actuation, so it cannot perform even the level-2 anchor of physically responding to a signal.",high,
12,6,1,3.2,"It reliably improvises patterns and small non-obvious workarounds seen in training data, but cannot be trusted unsupervised to invent genuinely novel designs or algorithms for underspecified, open-ended problems (the level-4+ anchors).",medium,
9,27,2,1.0,Response Orientation is a psychomotor ability requiring rapid selection among physical movements in response to signals; a speech-to-text pipeline produces transcripts and executes no motor responses at all.,high,
4,15,0,4.0,"It can rapidly resolve degraded or partial visual input into a recognizable whole (cluttered scenes, messy handwriting, occluded objects) but is not reliable at level-5 expert pattern reading of specialized imagery like weather radar, where it hallucinates structure and cannot be trusted to drive a decision unsupervised.",medium,
6,55,2,1.2,"The system only extracts and combines evidence to answer questions about a supplied passage; it has no audience, no persuasive goal, and no capacity to adapt an appeal to change anyone's mind or behavior, so it barely registers even at the level-2 anchor of soliciting a donation.",high,
8,18,2,1.0,"A text translation model has no embodied position, no perception of its surroundings, and no way to locate itself or objects relative to itself, so it performs nothing of this activity even at level 1.",high,
7,32,2,1.0,"A text-generating model has no physical body and cannot exert any muscle force, so it performs nothing on this activity even at level 1.",high,
3,55,2,1.0,"An object-labelling vision model produces category labels, not arguments or social influence, so it performs no part of persuading anyone even at the lowest anchor.",high,
7,14,1,5.5,"Verbatim recall of material in its context window and of widely-reproduced texts is near-perfect, but for anything at the edge of parametric memory it confabulates plausible substitutes (numbers, names, citations) with no signal of uncertainty, so recall-heavy work above the Gettysburg-Address anchor cannot be left unchecked.",medium,
11,30,2,1.0,"The application is a purely symbolic reasoning system with no hands, actuators, or physical embodiment, so it performs no finger, hand, or wrist movement at any level.",high,
11,51,1,1.0,"The system is a text-based formal reasoning engine with no audio input or speech-processing capability, so it performs no part of speech recognition even at level 1.",high,
2,36,2,1.0,Stamina is cardiorespiratory physical exertion of a body over time; a game-playing agent has no body and performs none of this activity even at level 1.,high,
5,34,0,1.0,"An image generation model has no physical body and cannot exert any muscular force, so it performs nothing on this activity even at level 1.",high,
10,26,2,1.0,The application has no limbs or physical actuators; it operates only in digital environments and cannot perform any coordinated bodily movement.,high,
1,22,2,1.0,"A game-playing search agent has no physical arm or hand and performs no motor activity whatsoever, so it does nothing even at level 1.",high,
7,43,1,1.0,"A text-only language model has no visual input or field of view, so it cannot perform any peripheral vision task even at the lowest anchor.",high,
10,41,0,3.5,"It reads screen text and documents through screenshots/DOM/OCR well enough for dashboard-grade and moderately dense material, but misreads or hallucinates in dense fine print and cannot make true fine-grained visual discriminations (level 5-6 anchors), and has no unsupervised accountability for such reading.",medium,
10,34,1,1.0,Explosive Strength is a purely physical ability requiring muscle force and a body; a digital agentic software system has no physical actuators and does nothing for this activity at any level.,high,
11,38,2,1.0,"The application is a disembodied reasoning system with no physical body, so it cannot bend, stretch, twist, or reach at all, even at the lowest anchor.",high,
7,18,2,1.0,"A text-only model has no body, no sensors, and no position in an environment, so it cannot know where it is or where objects are relative to it — it can only describe spatial reasoning verbally, not perform it.",high,
4,12,1,2.5,"It can reliably do simple arithmetic and counting grounded in image content (prices, quantities, basic chart reads), but multi-step method selection and error-free calculation degrade quickly, and misperception of the image silently corrupts the math, so level-4 tasks like choosing a profit/bonus computation scheme cannot be left unsupervised.",medium,
1,53,1,1.0,"The system operates on discrete board states under fixed rules with no representation of people, emotions, or reasons for others' reactions, so it performs no part of social perceptiveness even at level 1.",high,
7,10,0,4.5,"It reliably sequences steps, outlines, and rule-based orderings in text, but without tools its accuracy degrades on long or strictly precise sequences and it cannot guarantee the error-free, verifiable ordering that the high anchors (assembly of a warhead) demand.",medium,
7,3,1,4.5,"The model composes clear, well-ordered explanations and instructions that a speaker could deliver verbatim, but it produces no speech and cannot read a live listener's confusion, pace, or feedback to adapt an extended verbal explanation (the level 6 anchor), so it cannot substitute for a person actually speaking.",medium,
5,48,1,1.0,"An image generation model has no audio input or auditory discrimination capability whatsoever, so it performs nothing on this activity even at level 1.",high,
8,45,0,1.0,"A text-to-text translation model has no visual input or perceptual capability, so it cannot match or distinguish colors at all, even at the level-1 laundry-sorting anchor.",high,
11,55,0,2.0,"The system produces derivations and proofs whose force is logical rather than rhetorical ""it does not model an audience, adapt to resistance, or take responsibility for moving a person to act"" so it tops out at supplying compelling technical arguments others must actually deliver.",medium,
6,41,0,1.0,"The application receives text already in digital form and performs no visual sensing whatsoever, so it does not perform close-range visual detail discrimination even at the lowest anchor.",high,
6,34,2,1.0,"A text-reading question-answering model has no body or actuators and cannot exert any physical force, so it performs none of this activity even at level 1.",high,
9,13,1,1.0,"A speech-to-text pipeline performs no arithmetic at all; it transcribes spoken numbers as tokens without adding, subtracting, multiplying, or dividing them.",high,
11,26,2,1.0,"The application is a purely symbolic reasoning system with no body, actuators, or motor control, so it performs no limb coordination at any level.",high,
13,33,1,1.0,"A conversational AI has no body and exerts no muscular force, so it performs nothing on this physical-endurance scale even at level 1.",high,
12,17,1,3.5,"It does compare code strings, diffs and identifier patterns accurately enough for routine sorting/matching of textual material, but it has no visual perception channel and no time-pressured stimulus stream, and LLM character-level comparison remains error-prone without tooling, so the gauge-reading (L4) and assembly-line inspection (L6) style demands are not met.",medium,
12,48,1,1.0,"The application processes text and code only; it has no audio input or acoustic discrimination capability whatsoever, so it performs nothing even at level 1.",high,
11,44,0,1.0,"The application is a text-based formal reasoning system with no visual or spatial sensing, so it performs no depth judgment at all.",high,
13,3,1,5.5,"Speech output is fluent, well-structured and audience-adaptive enough to explain complex material clearly, but occasional confident errors and shallow reading of live listener confusion mean it cannot be trusted unsupervised for sustained high-stakes explanatory or persuasive speaking at the top anchors.",medium,
10,45,2,1.5,"It can only compare colors by reading pixel values programmatically in digital images; it has no perceptual color judgment for physical objects, shades under varying lighting, or fine gradations, so anything beyond trivial digital matching is out of reach.",medium,
1,18,2,2.0,"It tracks positions of objects within an abstract, fully-observed coordinate grid (map-like, level-2 style relational lookup), but has no body, no egocentric viewpoint, and no perception of a physical environment, so it cannot do the self-locating navigation described at level 3 and above.",medium,
4,39,0,1.0,"A visual question answering model has no body and produces only text, so it performs no whole-body coordinated movement at any level.",high,
11,47,0,1.0,Glare sensitivity is a physical visual ability requiring eyes and light perception; a mathematical reasoning system performs no visual sensing whatsoever.,high,
10,19,1,3.0,"It can handle simple orientation/rearrangement reasoning in digital contexts (and can brute-force some spatial problems by writing and running code), but multimodal diagram interpretation and mental rotation remain error-prone and unverifiable, so level-4 tasks like reliably assembling something from a diagram fail without human checking.",medium,
8,8,2,3.5,"It reliably applies linguistic and contextual rules (agreement, register, idiom resolution) to specific passages, but its 'deduction' is pattern-driven within language, not the multi-factor domain inference of level 5-6 anchors, and it silently mistranslates or omits in ambiguous, low-resource or high-stakes text without flagging uncertainty.",medium,
12,45,1,1.0,"The system operates on text-based code and issue descriptions and performs no perceptual color matching or discrimination at all, so it does not perform the activity even at the level-1 anchor.",high,
2,48,1,1.0,"Game-playing agents act on visual/state observations and do not process audio at all, so they cannot detect or discriminate sounds even at the level of noticing an alarm tone.",high,
7,32,0,1.0,"A language model has no physical embodiment and cannot exert any muscle force, so it performs nothing on this scale even at level 1.",high,
13,2,0,5.0,"It parses and paraphrases complex prose (contracts, policies, technical writeups) fluently, but on dense specialist documentation it still misreads details, drops constraints in long inputs, and confabulates plausible content, so consequential comprehension at the level-6 technical-manual anchor cannot be left unchecked.",medium,
2,21,2,4.7,"Trained agents genuinely juggle many simultaneous streams and objectives (multi-front battles plus economy plus scouting) at superhuman speed, but only within the closed, fully-observable-by-API game they were trained on; they cannot fuse heterogeneous, novel real-world information channels or be trusted unsupervised where a missed stream has real consequences, as the level-6 radar/radio anchor requires.",medium,
11,37,1,1.0,"The application is a disembodied reasoning system with no physical body or actuators, so it cannot bend, stretch, twist, or reach at all.",high,
2,7,1,3.5,"Trained agents reliably detect immediate and short-horizon threats in the closed game state they were trained on (incoming attacks, low resources, unfavorable trades), but their sense of 'something is wrong' is an implicit value estimate that collapses under novel or off-distribution situations — hence the exploitable blind spots humans found in AlphaStar and OpenAI Five — so they do not match the level-4+ anchors requiring recognition of subtle, atypical warning signs in an open environment.",medium,
13,31,2,1.0,"A conversational AI has no limbs or physical actuation, so it cannot perform any limb movement at all, even at level 1.",high,
3,26,0,1.0,"A still-image classifier has no effectors and performs no physical limb movement whatsoever, so it does not perform this activity even at the lowest level.",high,
4,32,0,1.0,"A visual question answering model has no body or actuators, so it exerts no muscle force at all, not even at level 1.",high,
13,5,2,5.5,"Generating large volumes of on-topic ideas is a core strength with negligible failure cost, but the level-6 anchor demands near-exhaustive enumeration of a complex domain, and the system's lists remain unsystematic and prone to silent omissions that no one is checking.",medium,
6,37,2,1.0,"Reading comprehension is a purely textual inference task with no physical body or actuators, so it performs no bending, stretching, twisting, or reaching at any level.",high,
5,6,0,3.5,"It reliably produces novel, visually inventive recombinations of learned styles and motifs, but the conceptual originality generally originates in the prompt and outputs need human selection for coherence, so it does not independently solve open-ended creative problems at the level-4+ anchors.",medium,
7,6,1,4.3,"It reliably generates plentiful, fluent, sometimes clever recombinations and framings (brainstorming, reframing tasks, novel-sounding suggestions), but without tools or grounding it cannot validate genuine novelty against reality, so invention-grade originality (level 6) and even reliable selection of the one workable clever solution are not attained.",medium,
5,11,0,2.4,"An image generator composes attributes into a picture rather than producing or applying explicit grouping rules, and its implicit multi-attribute binding (correct object-attribute pairing across several criteria) is unreliable, so it cannot be trusted to classify items by several dimensions the way level 3+ anchors require.",medium,
5,53,1,1.0,A text-to-image generative model has no channel for observing people or their reactions and performs no inference about why anyone reacts as they do; it only renders depicted affect on request.,high,
11,23,0,1.0,"The application is a purely textual reasoning system with no physical actuators, so it performs no hand or arm manipulation at all, even at level 1.",high,
3,5,0,1.0,"A trained vision classifier only assigns labels to visual content; it generates no ideas about a topic, so even the level-2 anchor (naming four uses for a screwdriver) is outside what it does.",high,
9,55,2,1.0,"A transcription pipeline only converts audio to text and exerts no influence on anyone's beliefs or behavior, so it performs no persuasion even at the lowest anchor.",high,
4,54,2,1.0,"VQA only answers questions about static images; it takes no actions in a shared task and has no mechanism for perceiving or adjusting to others' ongoing actions, so it does not perform coordination even at level 1.",high,
9,14,2,3.2,"The pipeline only holds a short acoustic/language context window and reproduces what it just heard, and even that verbatim retention degrades on the very items the anchors care about (names, numbers) under accent and noise, so it cannot be trusted for accurate recall of a set of just-encountered proper names, let alone deliberate study-and-recite of long material.",medium,
4,47,2,2.5,"The model only interprets already-captured images and has no control over exposure or optics, so its performance degrades sharply on blown-out, backlit, or high-glare frames and it cannot resolve small distant targets under bright light as the level 5-6 anchors require.",medium,
10,14,1,6.0,"Verbatim recall of recently ingested text, numbers and procedures is near-perfect while it sits in context or a retrieval store, but recall degrades and confabulates over very long horizons, across sessions, and for non-textual detail, so the highest, most demanding retention tasks cannot be trusted unsupervised.",medium,
9,32,0,1.0,"A speech recognition pipeline is software with no physical actuators and exerts no force at all, so it does nothing for this activity even at level 1.",high,
11,32,0,1.0,"The application is a disembodied reasoning system with no physical actuators, so it exerts no muscle force at all — it does nothing for this activity even at level 1.",high,
5,25,2,1.0,Image generation is a purely computational synthesis task with no physical actuator control; it cannot adjust any machine or vehicle control to an exact position even at the dimmer-switch level.,high,
4,47,0,1.5,"The model has no sensor of its own and only ingests pre-captured images, so it does not perform seeing-under-glare at all; at best it can still name objects in mildly overexposed or flare-affected photos, and its accuracy degrades sharply as washout increases.",medium,
13,19,0,1.3,"A dialogue system operates on words, not spatial representations; it can talk about arrangements but cannot reliably perform mental rotation or track how parts look once moved, failing even simple level-2 transformations except by recalling stock verbal descriptions.",high,
5,3,1,1.0,"The model outputs only images and produces no spoken language at all, so it does not perform oral expression even at the lowest anchor.",high,
1,44,2,1.0,"A board-game engine operates on symbolic discrete board states with no visual or spatial sensing, so it never judges physical distance at all.",high,
2,1,1,1.0,"Game-playing agents act on visual/state input and produce control actions; they process no spoken language at all, so even understanding a simple spoken message is outside the system's function.",high,
4,2,2,4.2,"It reliably parses questions and moderately complex text in images (signs, forms, short contracts, charts), but hallucination and OCR/layout errors on dense technical or legal documents requiring long-range cross-referencing make unsupervised comprehension at the level-6 manual anchor unattainable.",medium,
3,18,1,1.3,"A still-image labeler outputs object categories without any egocentric frame of reference, so it never establishes where it (or the viewer) is relative to the surroundings — falling short even of the level-2 floor-plan-to-self localization anchor.",high,
5,21,1,2.2,"The model integrates a few static sources (text prompt, reference image, style cues) in a single feed-forward synthesis, but it never monitors or switches between concurrent, evolving information streams over time, as level 3+ anchors require.",medium,
7,13,1,2.7,"Without a calculator or code execution, the model handles single small-number operations reliably but accumulates silent arithmetic errors on multi-step, multi-digit tasks like reconciling a ledger or computing an interest figure, where exactness is the whole point.",medium,
2,9,2,3.4,"Game agents implicitly combine partial observations into predictive patterns (e.g., inferring an opponent's strategy from scouting cues), but the inferred 'rules' are statistical policy artifacts confined to the trained game, collapse under novel or out-of-distribution situations, and cannot be articulated or transferred, so they fall short of the deliberate evidence-to-conclusion reasoning of the level 4 anchor.",medium,
4,11,2,3.5,"It can flexibly regroup visible image content by multiple perceptual attributes (color, size, shape, type) on request, but classification along non-visual, expert-defined dimensions (cost, strength, melting point) requires domain knowledge the image does not supply, and fine-grained taxonomic sorting is error-prone enough to need review.",medium,
11,54,2,1.0,"The system solves formal reasoning problems in isolation and has no model of, or interaction with, other agents' ongoing actions to adjust to, so it performs no coordination even at the level-2 appointment-scheduling anchor.",high,
3,2,2,1.5,"A trained object-labelling vision model can at best classify text-bearing objects like a stop sign by appearance; it does not read or extract meaning from written language, so it barely reaches the level-2 'understand highway signs' anchor and nothing above it.",high,
8,54,1,1.2,"A translation model passively transforms submitted text and has no representation of other agents' actions, schedules, or states to adjust its own behavior against 
ot even at the level of booking clinic appointments.",high,
2,50,1,1.4,"Game-playing agents as defined act on visual/state observations and generally have no auditory input channel at all, so they do not determine directions of sound sources even at the simplest stereo-discrimination level.",medium,
1,19,2,6.2,"It performs the level-6 anchor (anticipating one's own and an opponent's future chess moves) at superhuman reliability, but its state-space search is confined to formally specified game boards and cannot imagine rearrangements of physical objects or diagrams, so nothing supports a higher, more general visualization level.",high,
9,15,1,4.0,"It performs fast pattern completion on degraded signals (accented, noisy speech ≈ 'strange handwriting'), but does not synthesize disparate cues into an interpretation supporting a consequential judgment as level 5 requires, and heavy overlap/crosstalk still degrades it.",medium,
13,39,2,1.0,"A conversational system has no body and performs no physical movement whatsoever, so it does nothing for this activity even at level 1.",high,
7,15,2,4.3,"It rapidly reconstructs meaning from garbled, misspelled, elliptical or scrambled text (level-3/4 analogs), but level 5 requires reliably reading raw perceptual/sensor-style pattern data and committing to a consequential judgment, which a text-only model cannot do dependably without external tools or oversight.",medium,
1,17,0,4.5,"Within a game's encoded state space it compares and matches positions/patterns with essentially perfect speed and accuracy (transposition hashing, learned pattern evaluation), but it operates only on pre-encoded symbolic board states and cannot perform the general rapid visual comparison of letters, objects, or images on a moving stream that the level 6 anchor requires.",medium,
1,2,2,1.5,"The agent consumes board states and formal move notation (FEN/PGN) rather than prose, so it decodes a fixed symbolic encoding but never reads or understands information and ideas presented in writing — it cannot extract meaning from even a simple written instruction or rules document.",high,
4,40,2,1.0,"Visual question answering is a disembodied software model with no body or actuators, so it cannot maintain or regain physical balance at any level.",high,
8,28,1,1.0,"A text translation model has no physical actuators or perception of moving objects, so it performs no rate-control activity at all, even at level 1.",high,
1,5,2,3.5,"It exhaustively enumerates huge numbers of candidate moves and continuations, but only within a closed, formally specified rule set — it cannot generate ideas about open-ended, semantically defined topics as the level 4 and 6 anchors require.",medium,
13,8,1,4.4,"It reliably applies explicit stated rules to concrete cases in dialogue (policy, eligibility, troubleshooting), but at level-5-and-above judgment work it produces plausible rather than verified inferences \u2014 silent rule misapplication and hallucinated premises on edge cases mean it cannot be left unsupervised where the conclusion carries financial, legal, or safety consequence.",medium,
10,5,2,5.8,"It generates and, with browsing/iteration, expands and de-duplicates very large idea sets easily, but cannot verify that an enumeration is genuinely exhaustive in an open, ill-bounded domain (the level-6 'all possible strategies' demand), tending to recycle common patterns and miss unconventional options.",medium,
1,58,2,1.0,"A game-playing search agent has no model of people or their needs and performs no helping behavior at all, not even trivial service acts like offering a customer coffee.",high,
7,44,2,1.0,"A text-only language model has no visual input or spatial sensing at all, so it cannot judge relative distance of objects even at the lowest anchor level.",high,
8,52,0,1.0,"The measured object is a text-to-text translation model with no speech production capability, so it does not perform the activity of speaking clearly at all, even at the bingo-call level.",high,
8,57,2,1.8,"A translation model can only re-render instructional text supplied to it (e.g., a time-clock procedure in another language); it cannot demonstrate, adapt to a learner's confusion, check understanding, or sequence a lesson, so it never performs instruction itself beyond passive relay of simple directions.",high,
8,14,1,4.7,"Its parametric store of cross-lingual vocabulary and idiom is vast, and it holds a document's terms within context, but it cannot be trusted for verbatim, error-free retention of long passages, rare named entities or numbers, and retains nothing beyond the context window.",medium,
9,52,2,1.0,"The system only converts audio to text and produces no spoken output at all, so it cannot perform the activity of speaking clearly even at the bingo-caller level.",high,
7,24,2,1.0,"A text-only language model has no hands or actuators and cannot manipulate physical objects at all, so it performs nothing even at level 1.",high,
11,21,0,2.0,"The system processes one reasoning task serially and, while it can hold several constraints or sub-results in a single chain of thought, it does not monitor or interleave concurrent, dynamically changing information streams in real time as level 3+ anchors require.",medium,
2,34,1,1.0,"A game-playing agent has no body and exerts no muscular force, so it cannot propel itself or throw objects at any level.",high,
1,42,2,1.0,"A board-game engine operates on symbolic game states, not optical input, so it performs no visual detail perception at distance at all.",high,
10,34,0,1.0,"Explosive Strength is a purely physical muscular ability; a software agent operating in digital environments has no body and performs none of it, even at level 1.",high,
7,31,2,1.0,"A text-generating language model has no limbs or physical actuators, so it cannot perform any physical limb movement at even the lowest anchor level.",high,
4,8,0,3.5,"It reliably applies commonsense and simple rule-based inference to visible scene content, but perception errors and hallucinated details make longer multi-premise deductions unreliable, and it cannot be trusted unsupervised for professional-grade reasoning like the level-5 factor-selection anchor.",medium,
7,37,2,1.0,"A text-only model has no body or actuators, so it cannot bend, stretch, twist, or reach at all, even at the lowest anchor.",high,
7,37,0,1.0,"A text-only model has no body and cannot bend, stretch, twist, or reach at all, so it performs nothing even at level 1.",high,
7,4,0,5.3,"It reliably produces fluent, well-organized documents up to article or report length, but book-scale works like an advanced textbook demand sustained factual accuracy and cross-chapter coherence that an unaided model cannot guarantee without expert verification.",high,
7,15,0,4.0,"It reliably reconstructs meaning from noisy, garbled, or fragmentary text (the textual analog of 'strange handwriting'), but the level-5 anchor requires rapidly organizing non-textual perceptual/spatial data streams into a pattern, which a text-only model without tools or sensory input cannot do.",medium,
10,8,0,4.7,"It applies codified rules to concrete digital problems well (debugging, spec-following, policy checks), but long-horizon chains still accumulate unnoticed inferential errors, so consequential level-5+ judgments and level-6 engineering-grade derivations require human verification.",medium,
10,25,0,1.0,"Control Precision requires physical, continuous adjustment of machine or vehicle controls; a purely digital agent has no actuators and performs none of this activity even at level 1.",high,
5,43,1,1.0,"Peripheral vision is a physical sensory capacity requiring a visual field and real-time perception of off-axis motion; an image-synthesis model has no eyes, no live scene, and performs no perception at all.",high,
12,8,2,4.5,"It reliably applies language, API and type rules to localize and fix well-specified bugs, but on tasks needing multi-factor judgment about which invariants and constraints matter (level 5+) it still fails a large fraction of the time and patches that pass tests can be silently wrong, so it cannot be left unsupervised.",medium,
4,3,2,3.5,"It produces short, grammatically clear textual answers about image content rather than spoken, audience-adapted explanations, and its answers can be confidently wrong about what is in the image, so it cannot be relied on for the sustained, correct explanatory speech implied at level 4 and above.",medium,
12,12,0,4.5,"It reliably picks and applies standard formulas and algorithmic/numeric methods needed to make a patch pass a project's tests, but cannot be trusted unsupervised to derive or validate novel mathematical models (e.g., simulation physics or numerical-stability analysis) where the project's tests do not establish correctness.",medium,
11,36,1,1.0,"A mathematical reasoning system has no body and performs no physical exertion whatsoever, so it does nothing for this activity even at level 1.",high,
3,54,0,1.0,"A still-image classifier produces labels only; it takes no actions and has no model of others' actions to adjust to, so it performs no part of coordination even at level 1.",high,
2,6,0,2.8,"RL game agents do emerge with genuinely unusual tactics (novel build orders, exploiting physics quirks), but these arise from massive in-domain search within a fixed reward and rule set, not from generating creative ideas about open-ended or unfamiliar problems as level 4+ anchors require.",medium,
9,49,0,4.2,"Modern ASR front-ends (noise-robust acoustic models, beamforming, diarization) handle moderate babble and PA-style announcements, but word error rates degrade sharply in very low-SNR industrial noise and heavily overlapped/crosstalk speech, where the system cannot reliably isolate and follow one target speaker without human correction.",medium,
12,53,2,1.4,"The system only parses issue text for technical intent; it has no model of people's reactions or motives, so it cannot even reliably register something like customer frustration (level 2), let alone social dynamics.",high,
10,38,2,1.0,"Dynamic Flexibility is a purely physical bodily ability, and a software agent operating in digital environments has no body to bend, stretch, twist, or reach with.",high,
1,9,2,3.8,"Its inductive generalization is confined to a closed, fully-specified formal domain where all evidence is homogeneous and noise-free; it cannot combine heterogeneous, ambiguous real-world evidence into conclusions as the level 4+ anchors require.",medium,
2,30,1,5.5,"The agent emits precise, sustained high-rate action commands (hundreds of APM) that functionally replace a human's rapid keyboard/mouse input, but it acts through a software API rather than physically actuating hardware, so any requirement involving real finger/wrist movement on objects is unattained.",medium,
9,26,0,1.0,"A speech-to-text pipeline has no limbs or motor actuators and performs no physical coordination whatsoever, so it does nothing for this activity even at level 1.",high,
3,12,0,1.0,"A trained vision classifier only outputs object labels; it selects no mathematical methods or formulas at all, so it does not perform even the level-1 unit-price arithmetic task.",high,
5,29,1,1.0,"An image generation model has no sensorimotor loop: it does not monitor real-time signals nor produce hand, finger, or foot responses, so it performs nothing on this ability even at level 1.",high,
8,56,1,1.5,"A translation model only re-renders others' words; it has no interests, cannot make concessions or offers, and cannot bring parties together or reconcile differences, so it never performs the negotiation itself even at the level-2 anchor.",high,
2,31,2,1.0,"The agent emits digital actions into a game environment and has no arms or legs to move, so it does not perform physical limb movement at even the level-2 anchor (sawing wood).",high,
1,12,1,2.0,"The agent executes a fixed, pre-specified search and evaluation formalism within one game's rules; it never selects or adapts mathematical methods for a novel problem, so it cannot handle even simple general quantitative problem framing outside the board.",medium,
8,52,2,1.0,"The measured object is a text-to-text translation model with no speech synthesis or vocal output at all, so it does not perform the activity even at the level-1 anchor.",high,
3,36,0,1.0,"Stamina is a physical exertion ability requiring a body; a vision model that labels images performs no part of it, even at level 1.",high,
1,11,0,3.4,"The agent groups positions by many learned criteria within one fixed rule set (material, structure, tactical motifs, transpositions), but cannot generate or switch among novel categorization schemes over arbitrary multi-attribute domains outside its trained game.",medium,
5,17,0,1.5,"A generative model synthesises images rather than comparing them; it has no reliable discriminative output for spotting differences or defects, so it cannot even be handed a level-2 untimed sorting/matching task unsupervised.",medium,
1,26,2,1.0,"A game-playing search agent has no limbs or actuators and performs no physical coordination whatsoever, even at the level of rowing a boat.",high,
7,50,0,1.0,"A text-only language model receives no acoustic input and cannot perceive sound at all, so it performs none of this activity even at level 1.",high,
2,48,2,1.0,"The agent operates on visual game state and control outputs; it performs no auditory discrimination at all, so even the level-2 anchor of noticing an alarm tone is outside what the trained agent does.",high,
11,22,2,1.0,"The application is a purely symbolic reasoning system with no physical body, actuators, or manipulators, so it performs no arm-hand steadiness activity at all.",high,
5,39,1,1.0,"An image generator has no body and performs no physical movement, so it contributes nothing to whole-body coordination even at the lowest anchor.",high,
1,8,2,5.0,"It applies fixed, fully-specified rules to closed board states with superhuman depth, but cannot apply general principles to open-ended, ill-specified real-world problems as the level 6 anchor (aerodynamic wing design) requires.",medium,
9,1,1,3.0,"The pipeline converts speech to accurate word strings for everyday conversational content but does not extract or act on the ideas conveyed, so it cannot substitute for a human at levels like following a coach's instructions or grasping a technical lecture, where domain jargon also degrades its transcripts.",medium,
3,48,0,1.0,"The application processes still images only and has no audio input, so it performs no auditory detection or discrimination at any level.",high,
13,48,0,2.5,Its audio front end only detects speech presence and coarse prosodic pitch/loudness cues; it cannot make diagnostic fine-grained acoustic discriminations on non-speech sounds like engine noise or instrument tuning.,medium,
6,24,0,1.0,"A text-reading question-answering model has no hands or physical actuators, so it performs no finger manipulation at all, even at level 1.",high,
2,33,0,1.0,"A game-playing software agent exerts no muscle force at all, so it performs nothing on a muscular endurance scale even at level 1.",high,
12,54,2,1.5,"The agent works solo on an issue-to-patch loop and never negotiates or synchronizes its actions with other people's ongoing actions; the only 'adjusting to others' is conforming to existing code conventions and CI feedback, well short of even the level-2 scheduling anchor.",high,
10,25,2,1.2,"Control Precision is a psychomotor ability requiring repeated fine physical adjustment of machine or vehicle controls; a digital agent has no actuators and at most issues discrete software commands (e.g., a cursor coordinate or a smart-dimmer API call), which is not the continuous embodied control the anchors describe.",high,
13,8,2,4.5,"It applies general rules to specific cases fluently in dialogue, but unsupervised rule-application breaks down on edge cases, unstated premises and hallucinated rules, so consequential level-5+ judgments (e.g., committing to which factors govern a real financial or safety decision) still need human verification.",medium,
12,45,0,1.0,"The application operates on text/code and performs no color perception or matching at all, so it does nothing for this activity even at level 1.",high,
7,26,2,1.0,"A text-only language model has no limbs or motor actuators, so it performs no part of physical limb coordination even at the lowest anchor.",high,
8,39,0,1.0,"A text translation model has no body or actuators, so it performs no whole-body coordination at all, even at level 1.",high,
7,52,1,1.0,"A text-only language model produces no speech at all, so it cannot articulate words audibly even at the bingo-caller level; it can only draft what someone else would say.",high,
1,46,1,1.0,"A board-game search agent has no visual sensing at all, so it performs no low-light seeing even at level 1.",high,
6,37,0,1.0,Extent Flexibility is a purely physical ability requiring a body; a text-reading model has no physical embodiment and performs none of it even at level 1.,high,
11,2,0,5.8,"It reliably parses dense technical prose, formal problem statements and notation at roughly the technical-manual anchor, but still misreads implicit conventions, figures/diagrams, and ambiguous or under-specified research text without a human to catch the misreading before it propagates into a wrong derivation.",medium,
2,15,0,5.0,"In-domain it fuses noisy perceptual streams into predictive situational patterns (e.g., inferring an opponent's strategy from partial scouting) at or above human speed, but the pattern vocabulary is fixed by training and it cannot organize novel or out-of-distribution information, so higher-level closure on unfamiliar material is out of reach.",medium,
6,53,1,2.5,"It can only infer social states from cues explicitly present in a supplied passage 
e it has no channel for perceiving live people's reactions or tracking ongoing group dynamics, so anything beyond identifying stated/implied emotions in text is out of reach.",medium,
12,26,2,1.0,"The application is a purely text/code-based system with no limbs or physical actuators, so it performs no limb coordination at all.",high,
1,46,2,1.0,"A board-game search agent has no visual sensing at all, so it performs nothing on a low-light seeing ability even at level 1.",high,
11,55,2,1.5,"The system only derives and presents formal results; a valid derivation can shift a technical reader's view of a claim, but it does no audience modeling, negotiation, or motivational appeal, so it cannot perform even level-2 solicitation of a behavior change.",medium,
1,51,1,1.0,"A board-game search agent takes discrete game states as input and has no audio processing capability whatsoever, so it performs nothing on this activity even at level 1.",high,
12,9,1,4.3,"It can synthesize an issue report, stack trace, and test failures into a plausible root-cause hypothesis for localized bugs, but on subtle cross-module, concurrency, or performance defects it frequently infers a wrong general cause and produces patches that satisfy the visible tests while missing the real invariant, so its diagnoses cannot be trusted unreviewed at the level-6 'many different lab tests' standard.",medium,
10,55,2,2.5,"It can autonomously draft and send fluent persuasive outreach (donation appeals, templated pitches) but cannot sustain the adaptive, accountable interpersonal influence of level 4+, where persuading a real supervisor, client or jury depends on standing, read of the other party's reaction, and responsibility for the commitment obtained.",medium,
3,15,1,4.0,"It can rapidly resolve degraded, occluded or cluttered visual input into known categories (level 3-4 pattern completion, including handwriting-style recognition), but level 5 requires inferring an evolving situation from patterns and making a consequential decision, which goes beyond assigning labels to visible objects and cannot be left unsupervised in novel or out-of-distribution imagery.",medium,
9,1,2,3.0,"The pipeline maps sound to words and so delivers the literal content of clear or moderately noisy speech, but it performs no semantic inference — it cannot extract intent, resolve ambiguity, or act on spoken instructions as required at level 4 and above, and residual word errors under heavy accent or overlapping talk corrupt exactly the content a listener would need.",medium,
10,36,0,1.0,"Stamina is a physical, embodied capacity; a software agent has no body and performs none of it, even at the level-1 anchor of walking a quarter mile.",high,
12,3,2,1.0,"The system produces code patches and text artifacts with no spoken output or interactive verbal communication, so it does not perform oral expression even at the simplest level.",high,
13,37,2,1.0,"Conversation is a purely linguistic system with no body or actuators, so it cannot bend, stretch, twist, or reach at all.",high,
4,28,2,1.0,"Rate Control requires timing one's own physical movements to a moving object; a static-image question-answering model produces text and effects no motor output at all, so it does nothing even at level 1.",high,
2,6,1,2.8,"Its novel tactics emerge from massive reward-driven search inside one closed, fully-specified game world, so it cannot generate or transfer clever ideas about open-ended, ill-defined problems as level 4+ anchors require.",medium,
10,32,2,1.0,"A purely digital agent has no physical actuators, so it cannot exert any muscle force at all — it does nothing for this activity even at level 1.",high,
3,46,2,2.3,"Recognition accuracy collapses as illumination drops and sensor noise dominates blit can label objects in dusk-lit or dim but exposed images, but cannot reliably resolve scene content in near-darkness, and produces no navigational or continuous-scene competence beyond per-image labels.",medium,
1,26,1,1.0,"The application is a purely computational game-playing agent with no limbs or physical actuation, so it performs no limb coordination at all.",high,
1,34,2,1.0,"A board-game search agent has no body or actuators and exerts no muscle force whatsoever, so it does nothing for this activity even at level 1.",high,
6,46,0,1.0,Night vision is a visual-sensory ability; a text-reading question-answering system performs no visual perception under low light at all.,high,
11,22,1,1.0,"The application is a purely symbolic reasoning system with no physical actuators, so it performs no arm-hand steadiness activity at any level.",high,
13,43,2,1.0,"A conversational system has no lateral visual field or any visual sensing at all, so it performs nothing on this activity even at level 1.",high,
3,13,0,1.0,"A trained vision model assigns labels to image content and performs no arithmetic operations at all, so it does not perform even the level-1 anchor of adding two numbers.",high,
2,55,0,1.0,"A game-playing agent acts on the environment via control inputs and never communicates with or attempts to change the beliefs or behavior of another person, so it performs no persuasion even at the lowest anchor.",high,
4,16,0,3.4,"It reliably spots salient known objects in mildly cluttered scenes, but degrades sharply on small, low-contrast, occluded or camouflaged targets, so level-4 'golf ball in the rough' visual search is hit-or-miss without human verification.",medium,
4,8,2,3.5,"It applies commonsense and simple domain rules to what it sees, but chained or precise multi-step inference over images degrades with perceptual errors and confident hallucination, so anything at the level of weighing factors for a consequential decision needs human verification.",medium,
10,50,0,1.0,"A digital agent has no binaural/spatial audio perception embodied in a physical environment, so it cannot localize sound sources at all.",high,
9,33,0,1.0,"A speech transcription pipeline exerts no muscular force at all, so it performs nothing on this physical endurance activity even at level 1.",high,
9,5,2,1.0,"A transcription pipeline maps audio to text and generates no ideas of its own, so it performs no idea-generation even at the level-2 anchor.",high,
10,27,1,1.0,"Response Orientation is a psychomotor ability requiring rapid selection among physical movements to sensory signals, and a digital agentic system executes no movements and operates on deliberative timescales rather than reaction-time ones.",high,
10,31,0,1.0,"The application is purely digital and has no limbs or physical actuators, so it performs no part of this physical activity even at level 1.",high,
8,44,2,1.0,"A text-to-text translation model has no visual input or spatial judgment capability, so it performs nothing on depth perception even at level 1.",high,
7,57,1,4.2,"It can generate accurate step-by-step explanations and answer follow-up questions in text (level-4 'explain how to operate a software program'), but it cannot demonstrate physically, observe a learner's performance to correct errors, or be trusted unsupervised on procedural detail where a hallucinated step would cause real harm, as level 5-6 instruction requires.",medium,
1,51,2,1.0,A board-game search agent operates on discrete game states and has no audio input or speech processing capability whatsoever.,high,
4,24,0,1.0,"A visual question answering model has no physical actuators or hands, so it cannot grasp or manipulate objects at all, even at level 1.",high,
7,40,0,1.0,"A text-only language model has no body and performs no physical balance activity whatsoever, even at level 1.",high,
12,23,2,1.0,"The application is purely software-based with no physical actuators, so it performs no hand or arm manipulation of objects at any level.",high,
11,23,1,1.0,"The application is a purely text-based reasoning system with no physical embodiment or actuators, so it performs no manual manipulation at all, even at the level-1 anchor.",high,
3,45,1,3.5,"A trained labelling model reliably names and separates coarse and moderately fine color categories, but its color judgments are not illumination-calibrated (color constancy failures under colored or low light) and it cannot follow or match colors through a continuous task like circuit tracing, nor produce color output as level 6 requires.",medium,
6,42,0,1.0,"The application operates on supplied text and has no visual sensing at all, so it performs no distance-vision activity even at the lowest anchor.",high,
8,50,1,1.0,A text-to-text translation model receives no spatial audio input and performs no sound localization at all.,high,
8,35,0,1.0,"A translation model is disembodied software with no musculature or physical body, so it performs no trunk strength activity at any level.",high,
2,54,2,3.0,"Trained agents can tightly synchronize actions with teammates inside a fixed game environment (e.g., coordinated team fights), but they cannot communicate, negotiate, or reliably adapt to novel human partners and off-distribution joint tasks, so they fall short of the level-4 'work with others to build something' anchor.",medium,
6,45,2,1.0,"A text-passage question-answering system has no visual input and performs no color matching or discrimination at all, not even the level-1 sorting task.",high,
9,40,1,1.0,"A speech-to-text pipeline has no body or physical actuation, so it performs no balance-related activity at any level.",high,
7,2,1,5.5,"It reads and paraphrases dense technical prose accurately in most cases, but on long, highly specialized documents with precise cross-referenced dependencies it still misreads or confabulates details, so safety-critical technical comprehension (level 6) cannot be left unchecked.",medium,
5,48,0,1.0,"An image generation model has no audio input or auditory discrimination capability whatsoever, so it performs nothing on this activity even at level 1.",high,
9,47,0,1.0,"Speech recognition processes audio only and has no visual sensing whatsoever, so it performs nothing on a vision-under-glare activity even at level 1.",high,
4,50,2,1.0,"Visual question answering takes image and text input only and has no audio channel, so it cannot localize sound at all, even at level 1.",high,
11,38,1,1.0,"The application is a disembodied reasoning system with no physical body or actuators, so it cannot bend, stretch, twist, or reach at all.",high,
11,17,2,2.5,"It can compare symbolic strings and spot differences in text-based data without time pressure, but it has no real-time visual input stream and cannot perform speeded perceptual inspection of gauges or moving physical items (levels 4-6).",medium,
9,13,2,1.0,The pipeline maps audio to text and performs no arithmetic at all; it cannot even reliably compute 2+7 since it only transcribes spoken digits.,high,
7,51,0,1.0,"A text-only language model receives no audio input, so it cannot identify or understand spoken speech at all — even the level 2 anchor of recognizing a voice is outside its modality.",high,
2,53,2,1.5,"Game agents infer opponent behavior and intent only as game-state statistics; they do not perceive emotional states or the reasons behind human reactions, so even the level-2 anchor of recognizing that customers are angry and why is beyond them.",high,
2,51,1,1.0,A game-playing agent acting on visual/state input performs no speech identification or comprehension at all.,high,
5,3,2,1.0,"The model outputs pixels, not speech; it performs no spoken communication at all, so even the level-2 anchor (a simple phone call) is outside its modality.",high,
12,1,0,1.0,"The system's inputs are written issue text and source code; it has no speech input pathway, so it does not perform oral comprehension at all.",high,
9,22,0,1.0,"Speech recognition is a software audio-to-text pipeline with no physical actuators, so it performs no arm-hand steadiness activity at any level.",high,
10,22,1,1.0,"The application is purely digital and has no physical embodiment, so it cannot hold or move a hand and arm at all, even for a level-1 task.",high,
9,12,1,1.0,"A speech-to-text pipeline only maps acoustic signals to word sequences; it selects no mathematical methods or formulas at all, so it does not perform even the level-1 orange-pricing computation.",high,
10,28,1,1.0,"Rate Control is a physical psychomotor ability requiring continuous timing of bodily or vehicle movement against a moving object; a digital-only agent has no actuators or real-time sensorimotor loop, so it performs none of it even at level 1.",high,
13,36,2,1.0,"Stamina is a physical, whole-body exertion ability; a conversational AI has no body and performs none of it even at the lowest anchor.",high,
13,17,0,2.0,"A dialogue system can reliably match simple symbolic strings mentioned in conversation (e.g., confirming a code or ZIP against a list, no time pressure), but it has no visual inspection channel and no capacity for rapid, accurate comparison of gauges, images, or streaming parts required at level 4 and above.",medium,
8,1,0,2.0,"The model ingests text, not audio, so it only ""comprehends"" spoken language when someone else has transcribed it; at best it handles simple transcript-level content like a commercial script, with no capacity to parse actual speech, accents, disfluency or prosody.",medium,
5,16,1,2.5,"A generative model separates structure from noise internally (denoising, inpainting around clutter) but is not a detector: it cannot be handed a cluttered image and reliably report where a specified known pattern is, so anything at the 'find the golf ball in the rough' level is out of reach.",medium,
7,48,0,1.0,"A text-only language model receives no audio input and cannot detect or discriminate pitch or loudness at all, so it performs nothing even at level 1.",high,
9,49,1,4.0,"Modern ASR is robust to moderate background noise and can lock onto a target speaker or keyword in a busy environment, but reliability collapses in low-SNR, heavily overlapping or reverberant conditions like the saw-mill anchor, where source separation and selective attention remain unsolved.",medium,
12,13,2,5.0,"With a code-execution environment it can compute arbitrary arithmetic exactly and verify it, but the application is scoped to producing and testing patches rather than performing sustained numeric computation as an end product, so it does not go beyond routine calculation embedded in code.",medium,
13,51,2,5.3,"Modern ASR transcribes clear and moderately accented speech at near-human accuracy, but word-error rates still climb sharply on heavy or unfamiliar accents, dialectal or disordered speech, code-switching, and noisy or overlapping multi-speaker audio, and it does not reliably recognize a particular individual's voice as the level-2/4 anchors require without a purpose-built speaker-ID component.",medium,
1,1,2,1.0,"A board-game search agent takes board states as input and has no speech or natural-language input channel at all, so it performs no oral comprehension even at the simplest level.",high,
7,24,0,1.0,"A text-predicting model has no hands or physical actuators, so it cannot grasp or manipulate objects at all, even at the level of putting a coin in a meter.",high,
8,12,1,1.2,"A translation model transposes numerals and units across languages but does not select or apply mathematical methods, and even simple arithmetic like unit or price conversion is incidental and unreliable in MT output.",high,
2,38,0,1.0,"The application is a software agent with no body or physical actuators, so it cannot bend, stretch, twist, or reach at all.",high,
7,54,1,1.5,"Without tools the model cannot observe or act on others' actions in the world; it can draft coordinating messages and adapt turn-by-turn in dialogue but cannot hold a calendar, track a joint task, or be relied on to keep even a clinic's appointments consistent.",medium,
12,21,0,3.2,"It interleaves several static information sources (issue text, code files, test output) within one task, but works sequentially on its own clock and cannot monitor concurrent real-time streams under time pressure as level 6 requires.",medium,
7,7,2,4.0,"It can flag inconsistencies, likely errors, and risks that are explicitly present in text it is given, but it has no perception of unstated real-world cues and misses or invents problems often enough that consequential early-warning judgments (level 5-6) cannot be left unsupervised.",medium,
12,57,2,1.5,"The system's scope ends at producing a passing patch; any instructional content is incidental (commit messages, code comments) and it never assesses a learner or adapts an explanation, so it barely reaches even simple procedural instruction.",medium,
6,30,0,1.0,"The application is a text-reading model with no physical actuators, so it performs no finger, hand, or wrist movement at all.",high,
7,12,0,4.2,"Without tools it can reliably select standard formulas and lay out method for routine business/technical calculations, but multi-step derivations and the arithmetic execution behind them drift or slip often enough that higher-stakes modeling (e.g., specifying the mathematics for a physical simulation) cannot be left unchecked.",medium,
9,39,2,1.0,"A speech-to-text model has no body or actuators, so it performs no whole-body coordination at any level.",high,
4,10,1,3.0,"It can apply simple explicit ordering rules to depicted items (sort by size, position, or read a sequence off a diagram) but its multi-step spatial and sequential reasoning is error-prone and unverifiable, so procedure-critical ordering cannot be delegated to it unsupervised.",medium,
11,50,1,1.0,"The application is a text-based formal reasoning system with no auditory input or spatial hearing capability, so it performs nothing on sound localization even at level 1.",high,
10,49,0,1.0,"The application operates on text, code, and digital interfaces and does not process live acoustic streams at all, so it never separates a target sound source from competing noise.",high,
8,41,2,1.0,"The measured object is a text-to-text translation model that ingests already-digitized text and performs no visual perception at all, so it does not perform this activity even at level 1.",high,
11,12,0,5.5,"It reliably selects and applies correct methods across competition- and graduate-level problems, but on novel, open-ended derivations it still produces confidently plausible yet wrong formalizations that require expert verification, so it cannot be handed unsupervised responsibility for level-6/7 modeling work.",medium,
10,25,1,1.0,"Control Precision is a physical psychomotor ability requiring continuous manual adjustment of machine or vehicle controls, and a purely digital agent exerts no such control at all (even GUI dragging is discrete coordinate setting, not repeated real-time positioning of a machine).",high,
10,9,0,4.4,"It reliably combines logs, search results, and tool outputs into working hypotheses (e.g., root-causing a bug), but on novel, ambiguous long-horizon cases it latches onto plausible-but-wrong generalizations and cannot be trusted unsupervised for consequential level-6-style diagnostic conclusions.",medium,
12,52,1,1.0,"The application is a text-based code-patching system that produces no spoken output at all, so it does not perform the activity even at level 1.",high,
6,11,0,4.2,"It can regroup and re-sort entities along several attributes when those attributes are stated in the supplied passage, but multi-dimensional classification schemes like the fiber-taxonomy anchor require weighing trade-offs and domain knowledge not present in the text, and its groupings are not reliable enough to be trusted unsupervised as an authoritative taxonomy.",medium,
5,21,2,2.5,"It jointly attends to multiple static inputs (prompt clauses, style cues, reference images) within one generation pass, but it never monitors or switches between concurrent, evolving streams over time, so it cannot substitute for real-time dual-task attention at level 3 and above.",medium,
11,39,0,1.0,"The application is a text-based reasoning system with no body or actuators, so it performs no whole-body movement coordination at any level.",high,
3,52,0,1.0,"An image-labelling vision model produces no speech output at all, so it does not perform this activity even at level 1.",high,
6,25,0,1.0,"Reading comprehension is a purely textual inference capability with no physical actuators or control loop, so it performs no machine or vehicle control at any level.",high,
1,27,0,1.5,"Response Orientation is a psychomotor ability requiring rapid selection among physical movements triggered by external signals; a board-game agent has no motor channel and no sensory signal stream, so only the loosest analogue (fast discrete move choice under a clock) applies and it cannot meet even the level-2 doorbell/telephone anchor in any embodied sense.",high,
10,19,0,2.5,"It can handle trivial spatial inferences in digital layouts (e.g., reasoning about element positions from a screenshot or DOM), but multimodal mental rotation and diagram-driven assembly reasoning remain unreliable, so level-4 tasks like faithfully following an assembly diagram are not attained unsupervised.",medium,
6,39,2,1.0,"A text-reading question-answering system has no body and performs no physical movement, so it does nothing for gross body coordination even at level 1.",high,
6,43,2,1.0,"A text-reading question-answering system has no visual field or perception of moving objects at all, so it performs nothing on this physical-sensory activity even at level 1.",high,
3,20,1,4.2,"It never fatigues and can watch a feed indefinitely for trained object classes (level-4 monitoring), but it cannot sustain comprehension of complex material amid distracting context, and out-of-distribution scenes still produce misses that require human review.",medium,
13,23,1,1.0,"A conversational system has no hands or physical actuators, so it performs no grasping, manipulation, or assembly at any level.",high,
12,26,1,1.0,"The system is a disembodied code-patching agent with no limbs or physical actuators, so it performs no limb coordination at all.",high,
2,57,1,1.0,"A game-playing agent only emits control actions in the environment; it produces no explanation, demonstration-with-guidance, or feedback to a learner, so it performs no instructing even at the level-2 anchor.",high,
2,40,2,1.0,A game-playing agent has no physical body to balance; it performs none of this activity even at level 1.,high,
12,26,0,1.0,"The application is a purely software text/code system with no limbs or physical actuators, so it performs no limb coordination at all, even at level 1.",high,
13,33,2,1.0,"A conversational AI has no body and exerts no muscular force at all, so it performs nothing on this physical-endurance scale even at level 1.",high,
3,57,0,1.0,"A trained vision model only outputs object labels for images; it does not teach anyone anything, so it performs no instruction even at level 1.",high,
3,5,1,1.2,"A trained vision classifier only emits labels from a fixed taxonomy for a given image; producing a ranked top-k label list is not generating ideas about a topic, so it cannot even do the level-2 'four uses for a screwdriver' task.",high,
9,9,2,1.5,"A transcription pipeline only maps acoustics to text; it performs no combining of disparate evidence into general rules beyond implicit contextual disambiguation within an utterance, and cannot be substituted for even level-2 inferential decisions.",high,
2,33,1,1.0,"A game-playing agent has no body and exerts no muscle force at all, so it performs nothing on the dynamic strength scale even at level 1.",high,
11,7,2,4.3,"It reliably flags overt inconsistencies, ill-posed premises, and clear logical or dimensional errors, but misses subtle flaws in long arguments and also hallucinates errors that are not there, so it cannot be trusted unsupervised with the faint-signal detection the level 6 anchor describes.",medium,
1,10,2,5.2,"Within closed, fully specified rule sets the engine sequences long action chains flawlessly and superhumanly, but it cannot order procedures in domains where the rules are informal, incompletely specified, or physically consequential like the level-6 warhead-assembly anchor.",medium,
2,38,1,1.0,"A game-playing agent has no body and emits only controller inputs, so it cannot bend, stretch, twist, or reach at all.",high,
8,58,0,1.2,"A translation model only reacts to text it is given; it has no capacity to notice a person's needs or proactively seek ways to assist, so it does not perform even the level-2 anchor of offering unsolicited help.",high,
12,57,0,2.0,"The system is scoped to producing patches that pass tests, not to teaching: any instructional value is an incidental byproduct (commit messages, code comments, explanations), with no learner interaction, no checking of understanding, and no adaptation of the explanation to the person being taught.",medium,
6,45,1,1.0,"A text-reading question-answering system has no visual input or color perception at all, so it performs nothing on this activity even at level 1.",high,
10,20,0,4.5,"It never tires and holds focus through long automated loops, but on extended multi-step tasks it drifts off-goal, gets pulled by irrelevant page content or injected instructions, and loses thread as context fills, so deep sustained concentration amid distractors (level 6) is not reliable unsupervised.",medium,
9,22,2,1.0,"Speech recognition is a software audio-to-text pipeline with no arms, hands, or physical actuation whatsoever, so it performs none of this activity even at level 1.",high,
4,51,1,1.0,"The system takes images and text questions only; it has no audio input, so it cannot identify or understand spoken speech at all.",high,
8,34,0,1.0,"A text translation model has no physical embodiment and cannot exert any muscular force, so it does nothing for this activity even at level 1.",high,
2,26,2,2.0,"The agent emits abstract action commands rather than driving physical actuators, so it can at best mirror simple two-channel simultaneous control (move + aim) and cannot perform embodied limb coordination like operating a forklift or drumming.",medium,
5,45,2,4.2,"It renders plausible, internally coherent palettes and shading, but cannot be trusted to match a specified or referenced color exactly (hex/swatch/skin-tone fidelity) nor to detect subtle shade differences, and color-attribute binding still slips on complex prompts.",medium,
10,40,1,1.0,"Gross Body Equilibrium is a purely physical balance ability requiring a body in an unstable position; a digital agentic system has no embodiment and performs none of it, even at level 1.",high,
9,58,1,1.0,"A transcription pipeline only converts audio to text; it never identifies or acts on a person's needs, so it performs no part of proactively helping people even at the level-2 anchor.",high,
3,21,2,1.5,"The model processes one static image in a single forward pass, so it never alternates attention between distinct activities or information streams over time; multi-object detection within one frame is parallel parsing, not time sharing.",high,
8,31,1,1.0,"A text translation model has no limbs or physical actuation, so it performs no part of this activity even at level 1.",high,
5,48,2,1.0,"An image generation model has no audio input or auditory processing capability whatsoever, so it performs nothing for this activity even at level 1.",high,
10,44,2,1.0,Depth perception requires judging real-world 3D distance from visual input to guide physical action; a digital agentic system has no embodied perception or motor control and performs none of this activity.,high,
11,10,1,4.5,"It reliably sequences multi-step derivations and proof structures well beyond clerical ordering, but long research-grade chains still contain silently misordered or circular steps that it cannot self-verify, so an employer could not leave the highest-consequence sequencing unchecked.",medium,
4,26,0,1.0,"Visual question answering produces only text answers and has no limbs or motor actuation, so it performs no part of coordinated physical movement even at the lowest anchor.",high,
9,29,0,1.0,"A transcription pipeline produces text output and has no hand, finger, or foot actuator, so it does not perform a motor response to a signal at any level.",high,
5,14,2,3.5,"It carries a huge store of visual knowledge (styles, landmarks, iconic imagery) baked into weights and can hold a handful of prompt attributes, but recall is approximate and lossy — it cannot reliably reproduce exact strings, numbers, fine details of a reference, or long ordered procedures, which is what the level 6 verbatim-recital anchor requires.",medium,
13,29,2,1.0,"Reaction Time is a physical motor-response ability requiring hand, finger, or foot movement to a sensory signal; a conversational dialogue system has no motor effectors and performs none of this activity even at level 1.",high,
4,19,0,2.3,"Multimodal models handle simple one-step 'how would this look if flipped/rotated' questions inconsistently and degrade sharply on multi-step spatial transformation such as following an assembly diagram, where they hallucinate part relationships rather than track them.",medium,
2,12,2,1.5,"The agent learns a reactive policy that implicitly optimizes returns and at best performs trivial embedded arithmetic (resource counts, trajectory estimates); it never selects or applies an explicit mathematical method or formula to a posed problem.",high,
4,20,2,3.5,"The model never fatigues and reliably ignores irrelevant clutter within a single frame, but as a per-image question-answering system it has no temporal persistence or event memory, and its miss/false-alarm rate on rare, consequential targets means continuous unsupervised vigilance duty (the level-4 night-shift monitoring anchor) still requires a human in the loop.",medium,
13,31,1,1.0,"A conversational system has no limbs or physical actuators, so it performs no arm or leg movement at any level.",high,
9,44,1,1.0,"A speech-to-text pipeline processes audio only and has no visual input or spatial-distance judgment capability whatsoever, so it does nothing for depth perception even at level 1.",high,
8,21,0,2.5,"A batch text-translation model only interleaves tightly coupled sources (source text, context, glossary) within a single task; it does not monitor independent concurrent live streams or switch between unrelated ongoing activities as levels 3-6 require.",medium,
11,23,2,1.0,"The application is a purely symbolic reasoning system with no hands, actuators, or physical embodiment, so it cannot grasp or manipulate objects at all, even at the level of screwing in a light bulb.",high,
10,58,1,3.5,"It can execute routine service transactions end-to-end in software, but booking-grade reliability on real accounts and money is not yet unsupervised, and it is reactive to instructions rather than proactively identifying what a person needs.",medium,
11,35,1,1.0,"A mathematical reasoning system has no body and performs no physical muscular exertion whatsoever, so it does nothing for trunk strength even at level 1.",high,
10,23,2,1.0,"Agentic task execution operates purely in a digital environment with no physical actuators, so it cannot grasp or manipulate objects at all — it does nothing for this activity even at level 1.",high,
4,49,0,1.0,"The system processes static images and text only, performing no auditory processing whatsoever, so it cannot isolate a sound source at any level.",high,
12,40,0,1.0,"The application is disembodied software with no physical body or actuators, so it cannot perform any balance-related activity even at the lowest anchor.",high,
9,29,1,1.0,"Speech recognition produces text output and has no motor effector or signal-triggered physical response capability at all, so it performs none of this activity even at level 1.",high,
5,50,2,1.0,"An image generation model has no audio input or auditory processing at all, so it cannot perform sound localization even at the simplest level.",high,
10,11,0,5.0,"It can build and apply multi-attribute schemes over data it can retrieve or compute, but level-6 style classification of technical properties depends on verified domain data and consistent criteria that the agent can silently get wrong (hallucinated attributes, drifting category boundaries) without detection.",medium,
11,24,0,1.0,"The application is a purely symbolic reasoning system with no physical actuators, so it performs no finger manipulation at any level.",high,
2,29,1,5.0,"Game agents react to on-screen signals with superhuman, reliable latency amid clutter, but this is demonstrated only on clean rendered input with no safety consequence, so the level-6 anchor (braking for an unexpected pedestrian in an unconstrained real scene) is not established.",medium,
11,20,2,5.0,"It never fatigues and holds a long derivation on track far better than a human under noise, but accuracy still degrades on very long chains and it is measurably thrown off by irrelevant premises or distracting context, so the deepest sustained-immersion anchor isn't reliably met unsupervised.",medium,
11,29,1,1.0,"The application is a text-based reasoning system with no sensors or effectors, so it cannot detect a physical signal or respond with hand, finger, or foot at all.",high,
5,40,2,1.0,"An image generation model has no body or physical presence, so it cannot maintain or regain balance at all — even the level 2 anchor of standing on a ladder is outside its modality.",high,
4,31,1,1.0,"A visual question answering model has no limbs or actuators and performs no physical movement whatsoever, so it does nothing for this activity even at level 1.",high,
8,10,2,4.3,"It reliably applies complex syntactic and morphological ordering rules to rearrange constituents across languages, but occasional silent omissions, number/date scrambling and weak document-level sequencing mean it cannot be trusted unsupervised where a single misordered step or item carries serious consequence.",medium,
10,34,2,1.0,Explosive Strength is a purely physical ability requiring a body to exert muscular force; a digital-only agentic software system has no actuators and performs none of it even at level 1.,high,
10,4,2,5.2,"It reliably drafts clear reports, documentation, and correspondence, but book-length authoritative technical exposition (level 6) still drifts, hallucinates specifics, and loses pedagogical coherence without expert editing.",medium,
4,27,1,1.0,"Response Orientation is a psychomotor ability requiring rapid selection and initiation of physical movements in response to signals; a VQA model produces text answers about static images, has no motor output and no real-time signal-triggered control loop, so it does not perform the activity at all.",high,
3,6,2,1.0,"A trained vision model only assigns labels from a learned category set to pixels; it generates no novel ideas or creative solutions at all, so it does nothing for originality even at level 1.",high,
3,38,2,1.0,"A vision labelling model has no body or actuators, so it performs no bending, stretching, twisting or reaching at all, even at level 1.",high,
4,17,2,3.2,"General VQA models reliably read discrete symbols like ZIP codes or labels in clear images, but their accuracy on fine-grained comparison tasks (analog gauge/dial reading, counting, spot-the-difference, small defect detection) is too shaky for unsupervised safety-limit checking at level 4, and far too slow and unreliable for assembly-line inspection at level 6.",medium,
1,27,2,1.5,"The activity is a psychomotor ability requiring rapid selection among physical movements in response to external signals; a game engine selects abstract moves in a static, self-paced discrete state space and has no motor response channel at all, so only the thinnest analogue of 'quickly choosing between alternatives' applies.",high,
6,24,2,1.0,"The application is a text-reading model with no hands, actuators, or physical manipulation capability whatsoever, so it performs nothing on this activity even at level 1.",high,
10,17,1,4.0,"It can rapidly and exactly compare symbolic/structured data (diffs, records, metrics against thresholds) via code and tool calls, but fine-grained visual discrimination of images or fast-moving pictorial streams remains error-prone and cannot be left unsupervised where defects matter.",medium,
10,18,1,1.5,"The activity requires knowing one's own position within a physical environment; a digital agent has no body or egocentric frame, and at best can read a static floor plan or map as an information-processing task rather than orient itself.",high,
12,11,0,4.5,"It can fluently regroup and reclassify code by multiple explicit criteria (module, call-graph, error type, API surface), but multi-dimensional classification against tacit, project-specific trade-off criteria — the level-6 analogue of ranking fibers by strength/cost/flexibility — is where its groupings drift from what maintainers would accept and require review.",medium,
1,11,2,2.8,"Within its trained game the agent implicitly groups positions along several learned dimensions (material, structure, tactical motif), but it operates under one fixed rule set and one objective and cannot adopt, generate, or articulate alternative grouping criteria for novel classes of objects as levels 4-6 require.",medium,
4,22,0,1.0,"Visual question answering produces only text answers about images and has no arms, hands, or any actuation, so it performs no physical steadiness task even at the level of holding a position.",high,
4,51,2,1.0,"The system takes images plus typed text questions and has no audio input at all, so it performs no speech identification or understanding whatsoever.",high,
13,46,1,1.0,"Conversation is a purely linguistic/dialogic system with no visual sensing, so it performs no low-light seeing at any level.",high,
11,17,1,2.0,"It can accurately compare symbolic strings presented as text (a level-2 analog like matching numeric codes without time pressure), but has no visual inspection capability or timed perceptual throughput for reading gauges or spotting defects on a moving line.",medium,
11,11,2,5.5,"It fluently applies and recombines multi-attribute classification schemes on known domains (fiber-style multi-criterion sorting), but exhaustive, provably complete case-splits and genuinely novel classification frameworks in research settings still contain silent gaps requiring expert verification.",medium,
3,18,0,1.5,"A still-image labeler has no egocentric frame or self-position estimate; it can recognize landmarks or scene type but cannot know where it is relative to the environment, so it falls short even of reading a floor plan to locate itself (level 2).",medium,
10,57,2,4.0,"It can explore software and produce (and even verify by execution) accurate step-by-step how-to guidance for digital tools, but it cannot demonstrate embodied or physical procedures, sustain an adaptive pedagogical relationship, or be trusted to certify a learner's competence in consequential domains as level 5-6 anchors require.",medium,
11,53,1,1.0,"A formal-reasoning solver operates on mathematical and scientific problem statements, not on people, so it does not perceive or interpret others' reactions at all, even at the level-2 anchor.",high,
1,37,2,1.0,"A board-game search agent has no body or actuators, so it performs no bending, stretching, twisting, or reaching at all.",high,
13,26,2,1.0,"A conversational system has no limbs or motor actuators, so it performs no part of multilimb coordination even at level 1.",high,
7,1,0,1.5,"A text-only model has no audio input, so it cannot actually listen; it only handles spoken content once someone else transcribes it, meaning even the level-2 anchor (understanding a TV commercial as heard) is not performed unaided.",medium,
11,32,1,1.0,"The application is a disembodied reasoning system with no physical actuators, so it exerts no muscle force at all — it does nothing for this activity even at level 1.",high,
1,53,2,1.0,"A perfect-information game engine reasons only over board states and rules; it has no representation of people, emotions, or reasons for others' reactions, so it does nothing for this activity even at level 1.",high,
7,17,1,2.0,"It can do untimed symbolic matching on text (e.g., grouping records by ZIP code), but has no visual perception and unreliable character-level discrimination, so timed gauge-reading or defect inspection (levels 4-6) is out of reach.",medium,
7,30,1,1.0,"A text-predicting language model has no hands or actuators, so it performs no physical finger, hand, or wrist movement at any level.",high,
12,28,0,1.0,Rate Control is a physical psychomotor ability requiring continuous timing of bodily or equipment movement against a moving object; a code-patching AI has no effectors or perception of motion and performs none of it even at level 1.,high,
8,48,2,1.0,The measured object is a text-to-text translation model that receives no audio input and therefore cannot detect or discriminate sounds by pitch or loudness at all.,high,
1,4,1,1.0,"A game-playing agent outputs moves in a formal notation and produces no natural-language prose at all, so it cannot communicate ideas in writing even at the note-writing level.",high,
1,14,0,5.3,"Within its domain the agent stores and recalls opening books, transposition tables, endgame tablebases and learned position patterns with essentially perfect fidelity, but this recall is confined to structured game-state data rather than the arbitrary verbal, numeric and pictorial material implied by the highest anchors.",medium,
6,48,2,1.0,"The application processes supplied text and has no audio input or acoustic discrimination capability at all, so it performs nothing on this activity even at level 1.",high,
10,1,1,3.5,"The system's defined competence is digital multi-step execution rather than listening; via transcription it can absorb clear spoken instructions and act on them, but it lacks reliable handling of noisy, multi-speaker, accented or densely technical speech and cannot be trusted to extract nuanced spoken intent unsupervised.",medium,
3,56,2,1.0,"A trained vision model only assigns labels to image content; it has no interaction with parties, no representation of interests, and performs no part of reconciling differences even at level 1.",high,
4,7,2,3.0,"It can flag visually obvious anomalies or hazards in a single still image, but has no temporal, contextual or multi-cue awareness and hallucinates plausible-sounding findings, so it cannot be trusted unsupervised for level-4+ anticipatory judgments like reading a crowd's mood or catching a faint early symptom.",medium,
3,28,2,1.0,"A still-image classifier produces labels only; it neither tracks motion over time nor times any movement of itself or equipment, so it performs none of this activity even at the level-1 anchor.",high,
9,33,1,1.0,"A speech-to-text model has no physical embodiment and exerts no muscular force at all, so it performs nothing on this activity even at level 1.",high,
4,25,2,1.0,"Visual question answering only outputs text answers about images; it actuates no controls and performs no motor adjustment at all, so it does nothing for this activity even at level 1.",high,
9,10,2,3.4,"Its ordering competence is confined to sequencing phonemes, words and speaker turns under learned language-model regularities; it cannot apply externally specified rule sets to order actions or procedures, and its sequencing degrades on overlapped, accented or noisy audio in ways that need human correction.",medium,
1,45,1,1.0,A board-game search agent operates on abstract discrete state representations and performs no color perception or discrimination at all.,high,
9,5,1,1.0,"A transcription pipeline maps audio to text and generates no ideas of its own, so it performs nothing of the idea-generation activity even at the level of naming uses for a screwdriver.",high,
11,21,2,2.2,"It processes a single problem context serially and has no capacity for concurrent, real-time monitoring of independent live information streams, so it cannot substitute for attention-splitting work above trivial levels.",medium,
6,19,2,1.2,"A text-passage QA system has no spatial-imagery capability; it can at best restate spatial descriptions already present in the passage and cannot mentally rearrange parts, so it falls below even the level-2 typewriter-orientation anchor.",high,
13,9,2,4.0,"It reliably combines dialogue-supplied facts into plausible conclusions and hypotheses, but cannot be trusted unsupervised for high-stakes multi-source inference like diagnosis, where hallucinated links and unverifiable premises make its confident conclusions unsafe.",medium,
3,32,0,1.0,"A vision model has no actuators and exerts no physical force at all, so it performs nothing on this activity even at level 1.",high,
7,4,1,5.5,"It writes clear, well-organized prose at professional length and register unsupervised, but sustaining a book-scale work with reliable factual and notational accuracy and cumulative structure (the level-6 textbook anchor) still requires expert oversight because of drift and fabrication.",medium,
6,48,0,1.0,"The application only reads supplied text and has no audio input or acoustic processing whatsoever, so it cannot detect or discriminate sounds at any level.",high,
12,44,1,1.0,Depth perception is a physical visual-spatial ability tied to judging real-world distances; a code-patching AI system has no perceptual or embodied role and performs none of this activity even at level 1.,high,
7,20,0,2.8,"A bare language model can hold focus on a task within a single context window and ignore modest irrelevant material, but it has no capacity for sustained vigilance over time (no streaming input, no persistence across a shift) and degrades measurably on long or distractor-laden contexts, so nothing like level-4 night-shift monitoring is attainable.",medium,
10,52,1,1.7,"The application operates on text, code and software interfaces and does not itself speak; at best it can invoke a text-to-speech tool to read out fixed strings, which covers only rote announcement-level output and not live, audience-adapted spoken delivery.",medium,
1,48,1,1.0,"A board-game search agent processes discrete game states and has no audio input or acoustic discrimination capability whatsoever, so it performs nothing on this activity even at level 1.",high,
10,30,1,1.0,"Wrist-Finger Speed is a physical psychomotor ability requiring fingers, hands, and wrists; a purely digital agent has no body and performs none of it, even at the level-2 anchor of operating a manual pencil sharpener.",high,
4,20,1,3.0,"The model answers isolated image queries and can ignore visual clutter within a frame, but as defined it has no temporal persistence, no self-triggered alerting, and no sustained-vigilance loop, so it cannot substitute for hours-long monitoring duty (level 4) where a missed event is consequential.",medium,
5,13,2,1.0,"A text-to-image generator performs no arithmetic at all — it renders pixels resembling digits or quantities without computing them, and cannot even reliably depict a correct sum or the right number of objects.",high,
7,53,2,4.2,"It can infer stated and implied emotional states and reason plausibly about workplace social dynamics from text, but it perceives no tone, expression, or unspoken context, and level-6 work like counseling a patient in crisis carries harm risk that forbids unsupervised operation.",medium,
4,13,1,2.5,"It can extract and add small numbers from an image and do trivial arithmetic, but counting errors, OCR slips on dense numeric content, and unverified multi-step calculation make even checkbook-level reconciliation unreliable without a human check.",medium,
12,45,2,1.0,"The application operates on text-based code and test outputs and performs no color perception or matching at all, not even level-1 sorting.",high,
7,31,0,1.0,"A text-only model has no limbs or actuators, so it performs no physical limb movement at any level.",high,
7,56,2,2.5,"It can compose and even role-play persuasive low-stakes appeals in text, but it holds no authority to commit, cannot verify the counterparty's real constraints or read the interpersonal dynamics of live multi-party bargaining, so anything binding like a wholesaler contract requires a human principal.",medium,
9,31,0,1.0,"A speech-to-text model has no limbs or actuators and performs no physical movement whatsoever, so it does nothing for this activity even at level 1.",high,
11,35,0,1.0,"The application is a disembodied reasoning system with no body or actuators, so it cannot exert trunk musculature at all, even at the level of sitting upright.",high,
3,20,2,4.0,"It never fatigues and can sustain frame-by-frame monitoring indefinitely (the level-4 security-screen anchor), but higher anchors require sustained comprehension of complex non-visual material amid distraction, which a label-assigning vision model does not do at all; even at level 4 its false-positive/miss rate in cluttered or occluded scenes usually keeps a human in the loop.",medium,
5,55,2,2.2,"It can synthesise appealing visuals that support a simple appeal (e.g., a charity donation image), but it cannot model a specific audience, marshal reasons, or respond to objections, so it never conducts the persuasion itself beyond producing a generic asset.",medium,
7,33,2,1.0,"A text-predicting model has no body and cannot exert muscular force at all, so it performs nothing on this physical activity even at level 1.",high,
2,31,1,1.0,"The agent has no limbs or physical effectors
	he it it performs no arm or leg movement at all
	however fast its action commands are issued; even the level-2 anchor (sawing wood) requires bodily motion it cannot produce.",high,
2,56,1,1.2,"The agent acts through game controls to optimize its own objective and has no channel for communicating with, persuading, or reconciling differences among other parties; any apparent 'deal-making' is emergent policy behavior, not negotiation.",high,
13,39,0,1.0,"A conversational system has no body or actuators, so it performs no whole-body movement coordination at any level, including the level 2 anchor.",high,
9,24,1,1.0,"A speech-to-text model has no hands or physical actuators, so it performs no finger manipulation at all, even at level 1.",high,
12,48,0,1.0,"The system operates on text (issues, code, test output) and has no audio input or acoustic processing whatsoever, so it cannot detect sounds even at the level-2 anchor.",high,
10,2,1,5.5,"It parses dense technical documentation, code, and API specs reliably enough to act on, but on long or novel highly-technical corpora it still misreads or silently omits critical details, so unsupervised reliance at the missile-manual level of consequence is not warranted.",medium,
10,37,2,1.0,"Extent Flexibility is a physical bodily ability requiring a body to bend, stretch, or reach, and a purely digital agent has no physical embodiment to perform it at any level.",high,
9,17,2,1.5,"The pipeline performs fast internal pattern matching on acoustic input but does not compare visually presented sets of letters, numbers, objects or pictures, so it cannot substitute for even the level-2 mail-sorting anchor.",medium,
2,20,1,4.5,"Trained agents sustain vigilance indefinitely without fatigue and filter irrelevant on-screen elements within their training distribution, but they are brittle to novel or off-distribution distractors and do not perform the dense comprehension-under-interference implied by the level 6 anchor.",medium,
9,6,1,1.0,"A transcription pipeline maps audio to text and generates no novel ideas or creative solutions at all, so it performs nothing on the originality scale even at level 1.",high,
7,53,0,3.5,"It can infer stated or textually evident reactions and plausibly explain interpersonal dynamics from a written description, but it perceives no live cues (tone, expression, history with the people) and cannot be trusted unsupervised with consequential readings of distress, so level 4 group-dynamics judgment is only partly reached and level 6 crisis counseling is out of reach.",medium,
12,14,0,5.2,"In-context recall of code, paths, and procedures is strong and near-verbatim, but the system has no persistent memory across sessions and confabulates specifics (API signatures, line numbers, config details) often enough that unsupervised exact recall at the Gettysburg-Address level is not reliable.",medium,
9,16,2,4.3,"It reliably pulls known lexical/acoustic patterns out of moderate noise and accent variation, but degrades sharply under heavy overlapping speech, far-field reverberation and low-SNR crosstalk, where separating the target pattern from competing speech is the whole task.",medium,
1,31,1,1.0,"The system is a purely computational game-playing agent with no limbs or physical actuation, so it performs no limb movement at any level.",high,
2,6,2,2.5,"Trained agents discover genuinely unexpected tactics and exploits within a fixed game and reward function, but cannot reframe an open-ended problem or generate novel ideas outside the environment they were optimized in.",medium,
1,29,2,1.0,"The activity requires a physical motor response (hand, finger, foot) to a perceptual signal, and a game-playing search agent has no effectors and responds to symbolic move inputs rather than sensory signals, so it performs nothing on this scale even at level 1.",high,
11,54,1,1.0,"A mathematical reasoning engine works on self-contained derivation problems and has no mechanism for tracking or adjusting to other agents' ongoing actions, so it performs no coordination even at the level of scheduling appointments.",high,
7,28,2,1.0,Rate Control is a purely sensorimotor timing ability requiring perception of moving objects and physical actuation; a text-only language model has no sensors or effectors and performs none of it even at level 1.,high,
7,58,1,3.4,"Without tools it can only converse helpfully and suggest options, not execute transactions in real systems (level 4's reservation task) or take accountability for consequential service outcomes.",medium,
7,21,1,3.0,"It can interleave several instructions and textual sources within one static context, but has no real-time concurrent streams, no interruption handling, and no ability to monitor and re-prioritize live inputs as level 5-6 anchors require.",medium,
13,53,0,3.5,"It reliably registers stated or textually evident affect (frustration, confusion, enthusiasm) and adapts within a dialogue, but it perceives only what enters the conversational channel ody body language, history, and group dynamics are inferred from plausible generalities rather than observed, and in emotionally consequential cases (distress, crisis, conflict) misreads carry real harm and require human oversight.",medium,
1,48,0,1.0,The system operates purely on discrete board states and has no audio input or any capacity to detect or discriminate sounds at all.,high,
13,47,1,1.0,Conversation is a linguistic/dialogue capability with no visual perception under glare; it performs nothing for this activity even at level 1.,high,
13,10,1,4.2,"It can reliably sequence dialogue turns, sort items, and lay out multi-step procedures from stated rules, but on long or interacting constraint sets it silently mis-orders steps and cannot verify its own sequence, so consequence-bearing ordering (safety-critical assembly or procedure sequencing at levels 5-6) still needs a human check.",medium,
10,24,0,1.0,"A purely digital agent has no hands or physical actuators, so it cannot grasp or manipulate any physical object even at the level-2 anchor.",high,
8,12,0,1.0,"A translation model maps text between languages and does not select mathematical methods or formulas at all; it cannot be relied on even for the trivial unit-price computation of level 1, only for rendering such a problem in another language.",high,
6,43,1,1.0,"A text-reading question-answering system has no visual field at all, so it performs no part of peripheral vision even at the lowest anchor.",high,
12,39,0,1.0,"The application is a disembodied code-writing system with no body or actuators, so it performs no whole-body movement at all.",high,
9,21,0,2.5,"The pipeline can track parallel speech streams (diarization, overlap separation) but only within one modality and one task — it never shifts between qualitatively different activities or integrates information across independent channels to act, as levels 3+ require.",medium,
11,22,0,1.0,"The application is a disembodied reasoning system with no arms, hands, or physical actuators, so it performs no part of this motor activity even at level 1.",high,
11,26,0,1.0,"The application is a purely symbolic reasoning system with no limbs, actuators, or motor control, so it performs no part of multilimb coordination even at level 1.",high,
10,2,2,5.5,"It parses dense technical documentation and applies it in action far beyond lease-level text, but on very long, ambiguous or safety-critical manuals it still misreads subtle conditions, exceptions and cross-references without noticing, so top-anchor comprehension cannot be trusted unsupervised.",medium,
10,56,2,2.2,"It can draft and send persuasive messages or run scripted, bounded haggling in a digital channel, but it lacks the authority, accountability and read of a live counterparty needed to reach binding commitments like a wholesaler contract without human sign-off.",medium,
2,21,0,4.8,"Game agents genuinely juggle many concurrent objectives and information streams under hard time pressure, but only within a closed, homogeneous, consequence-free game state; they cannot integrate heterogeneous real-world channels (e.g., radar plus voice radio) or be trusted unsupervised where a lapse harms someone, as the level 6 anchor requires.",medium,
10,39,2,1.0,"A purely digital agent has no body, so it performs no whole-body coordinated movement at all, even at level 1.",high,
7,51,1,1.0,"A text-only language model has no audio input, so it cannot identify or understand spoken speech at all, even at the level of recognizing a familiar voice.",high,
11,24,1,1.0,"The application is a purely symbolic reasoning system with no hands, actuators, or physical manipulation capability, so it performs no finger dexterity at any level.",high,
2,25,2,4.5,"Game agents achieve superhuman, sustained multi-axis control precision inside simulated environments (racing sims, real-time strategy micro), but they act on virtual control surfaces with no real actuator dynamics, no sensor noise, and no consequence of failure, so they cannot substitute for a human at the fine, irreversible, high-stakes real-machine control described at level 6.",medium,
12,10,1,4.5,"It reliably sequences multi-step code changes, dependency ordering, and test-run procedures on scoped tasks, but on long-horizon, high-consequence orderings its success rate on real issues is well under what unsupervised substitution would require, so the near-zero-error regime implied by level 6 is out of reach.",medium,
2,1,0,1.0,"The agent acts on visual/state game input and has no speech-understanding component at all, so it performs no oral comprehension even at level 1.",high,
3,37,0,1.0,"A vision model has no body or actuators, so it performs no bending, stretching, twisting or reaching whatsoever.",high,
1,7,0,5.0,"Engines detect subtle, deeply-hidden threats and losing tendencies far better than humans, but only from noiseless, fully-observable, fixed-rule board states; the level-6 anchor requires reading sparse, ambiguous evidence in an open domain the agent cannot perceive at all.",medium,
7,43,2,1.0,"A text-only language model has no visual input whatsoever, so it cannot detect objects or motion in any visual field, peripheral or otherwise.",high,
11,48,1,1.0,"The application is a text-based formal reasoning system with no audio input or auditory discrimination capability, so it performs nothing on this sensory activity even at level 1.",high,
10,3,0,2.5,"The application acts in digital environments through text, code and tool calls rather than speech; it can at best deliver simple scripted spoken transactions (e.g., a routine phone task via TTS) and cannot reliably sustain interactive, listener-adapted spoken explanation.",medium,
7,49,1,1.0,"A text-only language model receives no acoustic input at all, so it cannot separate or attend to any sound source.",high,
13,57,0,4.5,"It can explain and walk a learner through procedures, software, and concepts responsively, but it cannot physically demonstrate, observe and correct a learner's actual performance, or be trusted unsupervised where a wrong instruction in a specialized high-stakes domain (clinical, safety-critical) would injure someone.",medium,
1,20,1,4.0,"The engine sustains undegraded focus over arbitrarily long games and search runs (matching level-4 vigilance), but it operates only on clean, formal game states with no extraneous or distracting input, so it never performs the higher-level task of holding concentration on complex material amid competing stimuli.",medium,
6,46,2,1.0,Night vision is a physical visual ability requiring perception of light; a text-reading question-answering system has no visual sensing at all and performs nothing on this activity.,high,
6,30,1,1.0,"A text-reading question-answering model has no physical actuators and performs no finger, hand, or wrist movements at all.",high,
9,27,1,1.0,"Speech recognition produces text output and performs no motor response selection at all, so it does nothing for this psychomotor activity even at level 1.",high,
3,51,2,1.0,"A still-image object classifier processes no audio at all, so it performs nothing on this auditory activity even at level 1.",high,
10,16,1,4.0,"It reliably finds known patterns buried in textual clutter (logs, DOM, documents) and moderately cluttered UI screenshots, but visual grounding in degraded, camouflaged, or fast-changing scenes (level 6) is unreliable and needs human checking.",medium,
2,10,2,4.5,"It reliably executes and adapts complex ordered action sequences (build orders, tech trees, combos) within a fixed game's rule set, but the ordering is learned from massive in-domain play rather than applied from stated rules, does not transfer to novel or externally specified procedures, and carries none of the consequential procedural accountability the level-6 anchor implies.",medium,
11,57,2,3.5,"It can produce clear step-by-step derivations and explanations that function as tutoring on well-posed technical problems, but it is not built to diagnose a learner's misconceptions, sequence a curriculum, or demonstrate procedures, and unverified derivation errors can be taught confidently as fact.",medium,
2,9,0,3.4,"In-domain it reliably fuses partial, noisy observations into implicit inferences about hidden state and opponent strategy, but the 'rules' are statistical policy artifacts that do not transfer to novel situations or off-distribution evidence, so it cannot be trusted with level-4-style evidential conclusions outside the exact environment it was trained on.",medium,
9,11,0,1.5,"The ASR pipeline applies one fixed learned mapping from acoustics to phoneme/word labels and cannot generate or switch among alternative rule sets for grouping things, so it barely reaches the simple single-attribute sorting of level 2.",high,
1,47,0,1.0,"A board-game agent operating on symbolic game states performs no visual perception under glare or bright lighting at all, so it does nothing for this activity even at level 1.",high,
11,36,2,1.0,"The application is a purely computational reasoning system with no physical embodiment, so it cannot exert itself physically at all, even at the level-1 anchor of walking a quarter mile.",high,
5,37,2,1.0,"An image-generation model has no body or actuators, so it cannot bend, stretch, twist, or reach at all — it performs none of this activity even at level 1.",high,
7,7,1,4.0,"Working from text alone it can flag inconsistencies, errors, and described warning signs, but it has no direct perception of situations and misses or invents problems often enough that consequential early-warning detection (level 5-6) cannot be left unsupervised.",medium,
1,41,0,1.0,The system operates on symbolic board states supplied programmatically and has no visual sensing of physical detail at close range at all.,high,
12,1,2,1.0,"The system takes written issues and code as input and has no speech input or listening capability at all, so it performs no oral comprehension even at level 1.",high,
5,20,2,2.5,"A generative model holds focus on a single prompt for one short synthesis pass and does drop or blend elements in long, cluttered prompts; it performs no continuous, time-extended vigilance task like monitoring screens through a shift, so the level-4 anchor is out of scope.",medium,
9,53,2,1.3,"The pipeline only converts audio to word strings; it does not represent or report others' emotional states or the reasons for them, so even the level-2 anchor (recognizing customers are angry from waiting) is at best implicit in the transcript for a human reader to infer.",high,
7,9,0,4.5,"It reliably synthesizes textual evidence into plausible general conclusions (level 4-style inference), but consequential multi-signal induction like clinical diagnosis from many quantitative test results is unreliable without tools and cannot be left unsupervised given harm from error.",medium,
7,11,0,5.0,"It fluently invents and applies multiple grouping schemes over text, but level-6-style classification depends on accurate technical attribute values (strengths, costs, melting points) that the model, without retrieval, can confabulate and cannot verify.",medium,
9,9,0,1.5,"The pipeline only fuses acoustic and language-model evidence to choose the most likely word sequence; it forms no general rules or conclusions from disparate facts, so it barely reaches even the level-2 'infer a simple decision from a report' anchor.",high,
13,4,2,5.0,"It produces clear, well-organized prose at or above the job-recommendation level effortlessly, but cannot be trusted unsupervised for the sustained, factually authoritative, book-length synthesis of the level-6 anchor because of hallucination and loss of global coherence over long documents.",medium,
9,11,1,2.0,"The pipeline applies one fixed, trained mapping of acoustic input to phoneme/word categories and cannot generate or switch among alternative grouping rules, so it does no better than the single-criterion sorting of level 2.",medium,
7,48,2,1.0,"A text-only language model receives no audio input, so it cannot detect or discriminate sounds at all, even at the level of noticing an alarm.",high,
4,14,1,4.5,"It can hold and report the contents of an image and question within its context and draw on vast memorized training knowledge, but it has no persistent, deliberate study-and-retain capability across sessions and hallucinates or drifts on verbatim recall of long or detailed material, so it falls short of the level-6 anchor's faithful recitation after study.",low,
10,36,1,1.0,"Stamina is a purely physical cardiovascular capacity; a digital agentic software system has no body and cannot exert itself physically at all, so it does nothing for this activity even at level 1.",high,
1,4,2,1.0,"A game-playing search agent outputs moves in formal notation and produces no natural-language prose, so it does not communicate ideas in writing even at the level of a reminder note.",high,
10,28,0,1.0,"Rate Control is a physical psychomotor timing ability requiring embodied movement relative to moving objects; a digital-only agent has no body or effectors and performs none of it, even at level 1.",high,
6,31,2,1.0,"A text-reading question-answering system has no limbs or physical actuation whatsoever, so it performs no part of this motor activity even at level 1.",high,
13,53,1,3.3,"It reads explicit or clearly signalled affect and stated intent well, but cannot reliably detect masked, understated, or culturally coded reactions, has no access to the surrounding relational context a level-4 read of group dynamics requires, and cannot be left unsupervised where misreading distress carries real harm (level 6).",medium,
9,7,2,2.0,"The pipeline can only surface trivial self-diagnostic signals (no signal, low confidence, unintelligible audio) and has no capacity to infer from speech content or tone that a situation is going wrong.",medium,
4,36,2,1.0,"Stamina is a purely physical exertion ability; a visual question answering model has no body and performs no physical activity at all, even at level 1.",high,
8,3,1,2.5,"The model only emits text and merely re-expresses a source author's content, so it can supply wording for simple spoken messages (read aloud or via TTS) but does not itself speak, originate, or adapt an oral explanation to a listener in real time.",medium,
9,32,1,1.0,"A speech-to-text model has no physical actuators and exerts no force at all, so it cannot perform even the level-1 anchor of pushing an empty cart.",high,
12,51,2,1.0,"The application operates on text (issues, code, test output) and has no audio input or speech-processing capability at all.",high,
3,31,0,1.0,"A vision model has no actuators or limbs; it performs no physical movement at all, so it does nothing for this activity even at level 1.",high,
7,12,1,4.5,"Without tools it selects standard methods and formulas fluently but makes silent arithmetic and setup errors it cannot verify, so multi-step formulation of novel technical problems (level 6) cannot be trusted unsupervised.",medium,
4,9,2,3.2,"It reliably chains a few visible cues into a simple conclusion about a single image, but compositional multi-evidence inference is hallucination-prone and it cannot be trusted unsupervised for consequential evidence-weighing judgments like the level-4 suspect determination or level-6 diagnosis.",medium,
6,49,0,1.0,"The application processes only supplied written text and has no audio input or capacity to separate sound sources, so it performs no part of auditory attention even at level 1.",high,
5,17,1,1.5,"A generative model outputs synthesised images rather than comparison judgments; it does implicit pattern matching against a reference but cannot be handed a task of accurately flagging similarities/differences among sets of items, even the untimed sorting at level 2.",medium,
4,21,2,2.5,"It integrates two static information sources (an image and a text question) in a single query-response turn, but does no sustained real-time monitoring of concurrent, changing streams as level 3+ anchors require.",medium,
8,8,0,3.5,"It reliably applies fixed linguistic rules (grammar, agreement, register, idiom mapping) to concrete sentences, but does not perform open-ended multi-factor inference or design-type rule application, and its ambiguity resolution still fails silently on context-dependent cases requiring genuine world-model deduction.",medium,
2,28,1,5.0,"Trained agents perform anticipatory interception and lead-timing on moving targets at or above human level inside their game, but only within the narrow simulated environment they were trained on \u2014 they have no physical embodiment or generalization to novel real-world moving-object timing with real equipment.",medium,
10,41,2,4.5,"It reliably ingests digital text and screenshots (exact for DOM/PDF text, good for legible on-screen detail), but visual acuity on genuinely fine-grained imagery — low-resolution fine print, tiny UI glyphs, subtle rendering differences — is error-prone and unverifiable by the system itself, so defect-detection-grade discrimination (level 6) is out of reach.",medium,
10,37,1,1.0,Extent Flexibility is a purely physical bodily ability; a digital agentic system has no body and performs none of it even at level 1.,high,
2,58,1,1.0,"A game-playing agent optimizes its own in-game objectives and has no representation of human needs or any channel for assisting people, so it performs no service-orientation activity even at the level of offering a customer a cup of coffee.",high,
7,54,2,2.0,"Without tools, memory, or any ability to observe or act in the world, the model can only adjust its own text turn-by-turn to a conversational partner — it can draft coordination messages but cannot track calendars, monitor others' real actions, or take the follow-through steps that even level-2 appointment scheduling requires.",medium,
4,6,0,2.2,"VQA is grounded description and inference about a given image; it can surface simple clever observations or improvised uses of depicted objects (level-2-like), but it does not originate novel designs or solutions requiring verified creative problem-solving beyond the image content.",medium,
13,51,1,5.3,"Modern ASR transcribes clear and moderately accented speech well enough to sustain dialogue, but error rates rise sharply with strong or unfamiliar accents, dysarthria, code-switching, crosstalk and noise — the exact conditions the level 6 anchor describes — and speaker-identity recognition is shallow and not robust.",medium,
6,9,2,4.2,"It reliably locates and combines explicitly stated evidence, including multi-hop chains, but degrades on long, ambiguous or self-contradictory documents where the conclusion depends on unstated domain knowledge or weighing evidence quality, and its errors are stated confidently enough that consequential level-6 style inferences still need human verification.",medium,
6,40,1,1.0,A text-reading question-answering system has no body and performs no physical balancing activity whatsoever.,high,
12,21,2,3.0,"It interleaves several static information sources (issue text, code, test output) serially and at its own pace, but never monitors concurrent, time-pressured, independently-changing streams as level 6 requires.",medium,
8,6,1,2.4,"Its output is bounded by the source text: it can improvise a serviceable idiomatic or paraphrastic equivalent (a level-2-style workaround) but cannot reliably invent genuinely novel solutions such as recreating puns, verse or brand wordplay, let alone originate ideas of its own.",medium,
10,9,1,4.3,"It can reliably combine heterogeneous digital evidence (logs, test failures, API responses, search results) into a working root-cause conclusion, but over long horizons it locks onto plausible-but-wrong hypotheses and lacks the calibrated reliability needed for consequential level-6 style diagnosis without human review.",medium,
2,2,2,1.5,"The agent acts on pixels and game state, at most decoding simple HUD labels or numbers; it does not read and act on prose instructions or documents, so it barely reaches the 'understand highway signs' anchor.",medium,
2,54,0,3.4,"Trained agents genuinely adjust in real time to teammates' and opponents' moves within a fixed game (e.g., team-play Dota agents), but the coordination is implicit and reactive within one closed rule set — no negotiation, role assignment, communication, or adaptation to novel partners and shifting objectives as the roofing-crew (4) and project-director (6) anchors require.",medium,
5,30,1,1.0,"An image-generation model has no physical actuators and performs no finger, hand, or wrist movements at all, so it does nothing for this activity even at level 1.",high,
11,3,2,4.0,"It generates written derivations and explanations that could support teaching-level exposition, but it produces no speech, cannot read or adapt to a live listener, and its explanations of hard derivations still contain silent errors that a lecturer would have to catch.",medium,
5,54,2,1.3,"A text-to-image model only reacts to a single prompt or edit request; it has no model of other agents' ongoing actions, no ability to sequence its work against theirs, and cannot even do level-2 tasks like reconciling competing schedules.",high,
8,25,0,1.0,"A text translation model has no physical actuators or control loop and performs no machine/vehicle control at all, even at the level of adjusting a dimmer switch.",high,
5,6,1,3.4,"It generates many unusual-looking variations quickly, but the creative direction comes from the human prompt and outputs regress to recombinations of training-distribution styles, so anything like a genuinely new concept (level 5-6) or a coherent original solution to an open brief requires human selection and iteration.",medium,
4,56,2,1.0,"Answering questions about image content involves no interaction between parties, no interest reconciliation, and no agency to make or accept concessions, so the system performs nothing of the negotiation activity even at the level-2 anchor.",high,
1,32,2,1.0,"A board-game search agent has no physical body or actuators, so it exerts no muscle force at all — it does nothing for this activity even at level 1.",high,
3,15,0,4.0,"It reliably resolves degraded, occluded or ambiguous visual patterns into labels (partial objects, odd handwriting), but level 5-style interpretation requires inferring dynamic, domain-meaningful state from a pattern and committing to a consequential judgement, which a label-assigning vision model does not do unsupervised.",medium,
6,51,0,1.0,"The application only reads supplied written passages and has no audio input or speaker-identification capability, so it performs none of the listening activity even at level 1.",high,
12,21,1,3.0,"It interleaves several static information sources (issue text, code files, test output) within one task, but does so sequentially at its own pace and cannot monitor concurrent real-time streams or handle interruptions/parallel tasks the way the level 6 anchor requires.",medium,
1,35,1,1.0,"A game-playing search agent has no body or musculature, so it performs no trunk-strength activity even at level 1.",high,
3,33,1,1.0,"A vision model has no body and exerts no muscle force, so it performs nothing on this physical-endurance activity even at level 1.",high,
5,11,2,3.0,"It recombines learned visual categories along several attribute dimensions (object, style, color, texture) when synthesising an image, but it never outputs an explicit grouping rule and still shows attribute-binding and counting errors, so it cannot be trusted to apply multi-criterion classification schemes like the level-6 anchor.",medium,
7,23,0,1.0,"A text-only language model has no hands, actuators, or physical embodiment, so it performs no part of grasping, manipulating, or assembling objects even at the light-bulb level.",high,
9,30,0,1.0,"The system has no physical effectors; it produces text from audio and performs no finger, hand, or wrist movements at all, even at the level-2 anchor.",high,
4,31,2,1.0,"Visual question answering is a purely perceptual-linguistic software system with no limbs or actuators, so it performs no physical limb movement at any level.",high,
12,38,0,1.0,"A software-engineering AI has no body and performs no physical bending, stretching, twisting, or reaching whatsoever.",high,
5,43,2,1.0,"An image synthesis model has no visual field, no eyes-forward gaze, and no real-time sensing of lateral motion, so it performs none of this embodied perceptual activity even at level 1.",high,
2,10,1,4.3,"Trained agents execute long, rule-constrained action sequences (build orders, tech trees, combat micro) superhumanly within their trained game, but the ordering competence is learned per-environment rather than derived from stated rules, degrades off-distribution, and has never been validated on consequential real-world assembly-type sequencing like the level-6 anchor.",medium,
2,36,1,1.0,"Stamina is a physical, bodily exertion ability; a game-playing software agent has no body and performs none of it, even at the level-1 anchor of walking a quarter mile.",high,
13,56,1,3.0,"It can argue a position and reconcile small differences within pre-set rules (schedule changes, policy-bounded customer concessions), but binding commercial bargaining at level 4 requires delegated authority, stake-holding, and accountability for terms it cannot be trusted to hold unsupervised.",medium,
10,46,0,1.0,Night Vision is a human sensory-perceptual capacity requiring eyes seeing in low light; a digital agentic system has no visual apparatus in the physical world and performs nothing at even level 1.,high,
4,13,2,2.7,"It handles small counting and single-step arithmetic about image content reliably, but multi-step tallying from visual inputs (checkbook-level) suffers compounding OCR and calculation errors that it cannot self-verify.",medium,
1,4,0,1.0,"A game-playing agent outputs moves in board notation and produces no natural-language prose at all, so it does not perform written communication even at the reminder-note level.",high,
7,22,1,1.0,"A text-generating model has no arms, hands, or any physical actuation, so it cannot perform this motor activity at any level.",high,
5,42,2,1.0,An image generator has no distance-viewing sensory capability at all; it synthesises images rather than resolving details in a remote physical scene.,high,
8,24,1,1.0,"A text translation model has no hands or physical actuators, so it performs no finger manipulation at any level.",high,
3,14,0,2.5,"The trained model does retain and recall large numbers of learned visual categories (a picture-memory analogue), but it has no episodic or working memory for newly presented information and cannot retain words, numbers, or procedures, so it cannot substitute for the recall of freshly learned material described at level 4 and above.",medium,
7,47,1,1.0,"Glare sensitivity is a physical visual ability requiring eyes and light perception; a text-only language model performs none of it, even at level 1.",high,
2,57,0,1.0,"A game-playing agent emits control actions in an environment; it does not explain, demonstrate for a learner's benefit, or check another party's understanding, so it performs no instructing even at the level-2 anchor.",high,
6,15,0,4.0,"It can rapidly extract gist and reconstruct meaning from noisy or garbled text (the level 3-4 band), but the activity's higher anchors involve interpreting non-textual perceptual patterns and drawing consequential decisions from them, which a passage-reading model cannot do, and its multi-hop synthesis over long passages with distractors remains error-prone enough to require review.",medium,
8,39,2,1.0,"A text translation model has no body or actuators, so it performs no whole-body coordination at any level.",high,
5,52,1,1.0,"An image generation model produces no speech or audio at all, so it performs none of this activity even at the bingo-calling level.",high,
1,10,0,5.0,"It orders moves and sequences flawlessly and to great depth, but only within closed, fully specified formal rule systems; it cannot order heterogeneous real-world procedures with physical, safety, and contingency constraints as the level-6 anchor requires.",medium,
12,22,2,1.0,"The application is purely software-based with no physical actuators, so it performs no arm or hand movement at all.",high,
4,56,0,1.0,"Answering questions about image content involves no interaction with other parties and no reconciling of differing interests, so the system performs no part of negotiation even at the lowest anchor.",high,
7,53,1,3.5,"It can infer emotional states and social dynamics from what is written and reason plausibly about described interpersonal situations, but it perceives no live cues beyond supplied text, misses unstated context, and cannot be trusted unsupervised with consequential emotional judgment such as crisis counseling.",medium,
12,15,0,3.5,"It can rapidly pattern-match familiar code smells, stack traces, and messy issue text into a plausible diagnosis, but it cannot be trusted to correctly resolve genuinely degraded or ambiguous signals (flaky logs, partial repros) into the right conclusion without human checking, and the anchors' perceptual, non-textual closure tasks are outside its input modality.",medium,
5,15,0,3.2,"The model does implicit pattern completion (filling in occluded regions, reading a crude sketch or terse prompt into a coherent scene), which matches the simple recognition-from-fragments of level 3, but it cannot reliably disambiguate genuinely degraded or unusual inputs (level 4) and performs no diagnostic interpretation of a pattern to reach a decision (level 5).",medium,
9,17,0,2.0,"The pipeline only matches acoustic patterns internally against learned models; it cannot compare sets of letters, numbers, pictures or patterns as presented items, so it cannot perform even simple symbol-sorting tasks, let alone time-pressured gauge reading or defect inspection.",medium,
1,39,2,1.0,"A board-game search agent has no body and performs no whole-body movement at all, so it does nothing for this activity even at level 1.",high,
13,50,0,1.2,"A conversational system processes speech content, not spatial audio cues; even where smart-speaker mic arrays perform beamforming, that direction-finding is not part of the conversational activity being measured and does not extend to identifying sound sources in an environment.",high,
5,2,2,3.2,"It parses descriptive prompts with multiple attributes and relations, but comprehension is shallow — negation, conditionals, counts and long technical or legally structured text (a lease-level document) are unreliably honored and there is no way to verify understanding beyond the rendered image.",medium,
6,23,1,1.0,"A text-reading question-answering model has no hands, actuators, or physical embodiment, so it performs no part of grasping, manipulating, or assembling objects even at the light-bulb level.",high,
12,52,0,1.0,"The system produces code patches and text, never spoken audio, so it performs no speaking activity at all — not even level-1 clear enunciation.",high,
2,51,2,1.0,The agent acts on visual/state input and game controls; it does not process or understand human speech at all.,high,
5,7,2,1.5,"A generative image model has no channel for flagging that something is wrong \u2014 it synthesises plausible pixels rather than evaluating inputs, and its own failures (extra fingers, broken physics, ignored prompt constraints) go undetected by it, so even the level-2 'notice the lamp is unplugged' judgement must be supplied by the human viewer.",high,
1,17,2,4.0,"It compares and discriminates board patterns with superhuman speed and near-perfect accuracy, but only on pre-encoded symbolic game states — it cannot take in noisy real-world visual sets (gauges, mail, parts on a line) that the higher anchors require.",medium,
11,40,1,1.0,"The application is a disembodied reasoning system with no physical body or actuators, so it cannot perform any balance-related activity even at level 1.",high,
9,51,0,5.0,"Modern ASR transcribes clear and moderately accented speech near-human, but word error rates rise sharply with heavy/atypical accents, overlapping talkers and noisy far-field audio, and it outputs text rather than comprehension or speaker identity, so the level-6 anchor (reliably understanding a strongly accented speaker) is not met unsupervised.",medium,
13,40,0,1.0,"A conversational system has no body and performs no physical balancing activity whatsoever, so it does nothing even at level 1.",high,
5,12,1,1.5,"The generative model applies geometry and perspective only implicitly through learned pixel statistics and cannot explicitly select or execute a calculation ormic \u2014 it still miscounts objects and garbles rendered numerals, so even a level-1 arithmetic task is not reliably solved.",high,
8,41,1,1.0,"A text-to-text translation model has no visual sensing at all; it receives already-digitized text and performs no close-range detail perception, so it does nothing for this activity even at level 1.",high,
10,48,1,1.0,"The application operates on digital text/code/software interfaces and has no auditory sensing channel, so it does not detect or discriminate sounds at all, even at the level-2 alarm-noticing anchor.",high,
4,7,0,3.0,"It reliably flags visually explicit anomalies (missing, broken, disconnected, mismatched items) in a single static image, but cannot reliably infer latent or emerging problems from subtle contextual, temporal, or multi-cue evidence, and its confident hallucinations make unsupervised flagging of consequential issues untrustworthy.",medium,
2,20,2,4.5,"Trained agents sustain fatigue-free vigilance and filter irrelevant visual clutter within their training environment indefinitely (comfortably at the security-monitor anchor), but they cannot maintain focused, comprehension-heavy engagement on novel or out-of-distribution content and can be derailed by unfamiliar distractors, which the level-6 anchor demands.",medium,
13,22,1,1.0,"Conversation is a purely linguistic system with no physical actuators, so it performs no arm-hand steadiness activity at any level.",high,
10,19,2,3.2,"It can handle simple orientation and layout transformations it can render, run, or verify in code, but multimodal spatial reasoning from diagrams and mental rearrangement of parts remains error-prone and unverifiable without a human checking, blocking level-4 diagram-following assembly.",medium,
9,35,2,1.0,"Speech recognition is a software transcription pipeline with no body or actuators, so it cannot exert abdominal or lower-back muscular effort at any level.",high,
1,33,2,1.0,"A board-game search agent has no body and exerts no muscular force at all, so it performs nothing on this physical endurance scale even at level 1.",high,
5,58,0,1.0,"An image synthesis model only renders what a prompt specifies; it does not engage with people, perceive their needs, or proactively seek ways to help, so it performs nothing of the activity even at level 2 (offering a customer coffee).",high,
8,36,0,1.0,"Translation is a purely textual software capability with no physical embodiment, so it cannot exert itself physically at all, even at the level-1 anchor of walking a quarter mile.",high,
12,23,0,1.0,"The application is a purely software agent with no physical actuators, so it cannot grasp or manipulate objects at all, even at the level-1 anchor.",high,
3,1,0,1.0,A still-image object recognition model has no audio input and performs no speech or language comprehension at all.,high,
12,41,0,1.5,"The system ingests code and issue text as digital tokens rather than optically perceiving fine detail, so it substitutes only for the functional 'read detailed text' aspect and cannot perform any genuine close-range visual inspection (e.g., spotting subtle rendering or UI defects).",medium,
7,38,0,1.0,"A text-producing model has no body and cannot bend, stretch, twist, or reach at all, so it performs nothing of this physical activity even at level 1.",high,
5,5,2,4.0,"The model can emit large volumes of varied visual alternatives from a prompt (comparable to brainstorming many candidate concepts), but its diversity comes from stochastic sampling rather than deliberate coverage of an idea space, so it cannot systematically enumerate the exhaustive, constraint-aware option sets that level 5-6 anchors require.",medium,
12,32,0,1.0,"The application is a purely software-based system with no physical embodiment, so it exerts no muscle force at all — it does nothing for this activity even at level 1.",high,
3,13,2,1.0,"A trained object-classification vision model outputs labels, not arithmetic; it performs no addition, subtraction, multiplication or division, so it does nothing for this activity even at the level-1 anchor.",high,
8,49,1,1.0,"The measured object is a text-to-text translation model with no audio input, so it cannot separate a target sound source from background noise at all.",high,
8,55,1,1.5,"A translation model only re-renders someone else's persuasive content; it sets no persuasive goal, reads no audience, and cannot adapt its appeal in an interaction, so it never itself performs even level-2 solicitation.",high,
8,48,1,1.0,"A text-to-text translation model receives no audio input at all, so it cannot detect or discriminate sounds by pitch or loudness even at the level of noticing an alarm.",high,
5,51,1,1.0,A text-to-image generative model takes no audio input and performs no speech identification or comprehension whatsoever.,high,
13,17,1,2.0,"A conversational system can compare symbol strings presented in text without time pressure (roughly ZIP-code sorting difficulty), but it has no visual perception channel or timed-scanning capability for reading gauges or inspecting parts on a line at levels 4 and above.",medium,
2,55,2,1.0,"A game-playing agent acts on controls in a simulated environment and never communicates with people to change their minds or behavior, so it performs no persuasion even at the lowest anchor.",high,
11,43,2,1.0,"The application is a text-based formal reasoning system with no visual sensing at all, so it performs nothing on this perceptual activity even at level 1.",high,
10,43,1,1.0,Peripheral vision is a human physiological sensory capacity requiring eyes and a visual field; a digital agentic system has no embodied visual field and performs none of this activity even at level 1.,high,
13,54,2,2.5,"It can reliably handle dialogue-level coordination like booking, confirming and rescheduling appointments, but has no actions of its own to adjust beyond talk and cannot monitor or adapt to others' real-world task execution, which levels 4 and 6 require.",medium,
11,3,0,1.0,The system produces derivations and proofs as text and has no speaking role; it does not perform oral communication even at the level-2 anchor of a simple spoken phone request.,high,
6,28,0,1.0,"Rate Control is a physical, sensorimotor timing ability; a text-reading QA model has no body, no actuators, and no real-time perception of moving objects, so it performs none of this activity even at level 1.",high,
13,4,0,5.0,"It reliably produces clear, well-organized prose for documents up to report/article length, but cannot be trusted unsupervised with book-scale expert authorship (level 6), where sustained originality, cross-chapter coherence and factual/technical accuracy over hundreds of pages exceed it and errors would go undetected.",medium,
7,6,2,4.5,"It generates fluent, plentiful recombinations of existing ideas — enough for tasks like reframing job design or brainstorming campaign concepts — but cannot reliably produce genuinely unprecedented inventions that survive validation, and a human must still select which of its ideas are actually novel and workable.",medium,
9,34,0,1.0,A speech transcription pipeline has no body or actuators and performs no physical propulsion or throwing at any level.,high,
13,1,0,5.0,"Robustly handles everyday and moderately complex spoken instructions, but ASR errors on jargon, accents, crosstalk and noisy audio plus shallow grasp of dense technical argument make it unreliable at the advanced-lecture (level 6) anchor.",medium,
6,6,0,2.2,"Its output is bounded by evidence in the supplied passage 
on-obvious inference at best
s o it never has to invent a novel idea or solution, which the level-4 anchor requires.",medium,
12,2,0,5.0,"It parses dense technical prose and code well, but on underspecified issues and large multi-file contexts it misreads implicit intent and scope often enough that its patches need review, falling short of the level-6 standard of fully absorbing a complex technical manual and acting on it unsupervised.",medium,
9,12,2,1.0,A transcription pipeline maps audio to text and performs no mathematical method selection at all — it could not even reliably compute the level-1 orange price problem from its own output.,high,
6,50,1,1.0,"A text-reading question-answering system has no auditory input and performs no spatial hearing whatsoever, so it does nothing for this activity even at level 1.",high,
13,46,0,1.0,Night Vision is a physical visual-perception ability requiring seeing in low light; a conversational dialogue system has no visual sensing role and performs nothing on this activity even at level 1.,high,
12,33,0,1.0,"The application is a software system with no body or actuators, so it exerts no muscle force at any level.",high,
7,3,2,4.5,"It can compose clear, well-organized explanatory content in text, but it does not actually speak, cannot adapt delivery to a live listener's confusion or questions in real time, and its unverified factual slips make it unsafe to hand sole responsibility for a level-6 instructional explanation.",medium,
9,42,2,1.0,"The system processes only audio; it has no visual input or capacity to resolve detail at distance, so it performs nothing of this activity even at level 1.",high,
13,12,1,4.5,"A conversational system reliably picks and applies standard formulas and explains multi-step quantitative procedures (bonus/profit-style problems), but on novel modeling tasks at level 5-6 it produces plausible-looking derivations with silent setup and arithmetic errors that require an expert to verify before use.",medium,
4,10,2,3.0,"It can reliably read off and sort simple visually-given items (numbers, sizes, left-to-right sequences, ordered steps in a diagram), but multi-constraint spatial/procedural ordering from images degrades with counting and occlusion errors and cannot be trusted unsupervised for consequential assembly-style sequencing.",medium,
3,18,2,1.8,"A still-image labeller has no egocentric frame or motion feedback 
ot not not cannot know its own location relative to the environment; it can at best report where objects sit within a single frame or on a plan, falling short of the level-3 anchor of moving through a space without collision.",medium,
12,27,2,1.0,Response Orientation is a psychomotor ability requiring rapid physical selection among movements in response to signals; a code-patching AI performs no physical response at all.,high,
8,30,1,1.0,"A translation model has no physical actuators and performs no finger, hand, or wrist movements whatsoever.",high,
2,58,2,1.0,"A game-playing agent optimizes its own in-game objectives and has no capacity to identify or act on other people's needs, so it performs no part of service orientation even at the lowest anchor.",high,
4,26,1,1.0,"Visual question answering produces text answers about images and has no limbs or actuators, so it performs no physical limb coordination at all.",high,
9,52,1,1.0,"The application only converts audio to text and produces no spoken output at all, so it cannot perform even the level-1 task of audibly calling bingo numbers.",high,
3,16,0,5.0,"Trained detectors find known patterns in cluttered, occluded scenes reliably within their training distribution, but deliberately concealed or novel targets under domain shift (the level-6 camouflage case) degrade sharply and carry consequences that demand human verification.",medium,
5,33,2,1.0,"An image generation model has no physical body and exerts no muscular force at all, so it performs nothing on this activity even at level 1.",high,
6,38,0,1.0,"A text-reading question-answering model has no body or actuators and performs no physical bending, stretching, twisting, or reaching at all.",high,
10,1,2,4.0,"Speech is not its native channel: with ASR it can follow clear spoken instructions and act on them, but degraded audio, overlapping speakers, accents and dense technical discourse produce transcription and interpretation errors it cannot self-detect, blocking lecture-level comprehension.",medium,
2,32,2,1.0,"A game-playing agent has no physical body or actuators, so it cannot exert any muscle force to lift, push, pull, or carry objects — it does nothing for this activity even at level 1.",high,
1,13,0,2.0,"The engine performs exact, fast arithmetic only internally and only over game-state quantities (material counts, evaluation sums, ply depths); it accepts no general numeric input and cannot be handed even a level-3 task like reconciling a ledger.",medium,
7,36,0,1.0,"Stamina is a purely physical cardiovascular capacity; a text-predicting model has no body and performs none of it, even at level 1.",high,
3,51,1,1.0,"A still-image object classifier has no audio input path, so it cannot identify or understand spoken speech at all.",high,
3,57,1,1.0,"A trained vision model only outputs object labels for images; it cannot explain, demonstrate, or adapt teaching to a learner, so it performs no instructing even at the level of showing someone how to use a time clock.",high,
10,26,1,1.0,"The application operates only in digital environments and has no limbs or physical actuators, so it performs no part of multilimb coordination even at the lowest anchor.",high,
6,42,1,1.0,"The application takes text as input and has no visual sensing capability whatsoever, so it performs no part of seeing details at a distance even at the lowest anchor.",high,
1,56,0,1.0,"A perfect-information game engine has no counterparty communication, interests modeling, or persuasion capability — it does nothing for reconciling differences between people, even at level 1.",high,
7,16,0,3.4,"It can spot a known pattern buried in distracting prose (needle-in-haystack retrieval, locating a stated fact or argument form in verbose text), but it has no perceptual input at all and tokenization hides character-level or spatial embedded patterns, while recall of embedded targets degrades unreliably as distractor volume grows — so nothing like the golf-ball-in-rough or camouflaged-tank anchors is reliably attained.",medium,
2,43,0,4.0,"The agent processes an entire rendered game frame at once and can track off-center moving objects and allies/enemies under time pressure, but this is screen-bounded synthetic input with no real optical wide-field sensing, so consequential real-world discrimination at the level-6 anchor is out of reach.",medium,
6,47,0,1.0,Glare sensitivity is a physical visual ability; a text-reading question-answering system has no visual perception and performs none of this activity at any level.,high,
4,28,1,1.0,"Visual question answering produces text answers about static images and has no motor output or continuous control loop, so it cannot time any movement in anticipation of a moving object.",high,
6,49,1,1.0,The application only reads supplied text and has no audio input or ability to separate a sound source from background noise.,high,
3,5,2,1.5,"A trained vision model can only emit a ranked list of candidate labels from a fixed taxonomy for a given image; it cannot generate open-ended ideas about a topic, so it falls short even of the level 2 anchor (naming four uses for a screwdriver).",high,
8,5,1,2.0,"A translation model can only enumerate alternative renderings/paraphrases of a supplied source text (an n-best list), not generate open-ended ideas on a topic, so it stalls at the simplest enumerative anchor and cannot do level-4 free ideation.",medium,
7,52,2,1.0,"Speech Clarity is an articulatory ability requiring audible spoken output, and a text-only language model produces no speech at all, so it does nothing for this activity even at level 1.",high,
6,14,1,4.5,"It reliably retrieves words, numbers and procedural details verbatim from a passage held in its context window (matching short-term recall anchors), but it has no persistent store beyond that window and degrades on very long inputs, so it cannot 'study then recite' without the text present as level 6 requires.",medium,
6,45,0,1.0,"The system reads text passages and has no visual input or perception of color at all, so it performs none of this activity even at the level-1 anchor.",high,
7,13,0,2.0,Without external computation it handles trivial single-step arithmetic reliably but accumulates silent errors in multi-step or multi-digit calculation like balancing a ledger or computing interest.,medium,
13,27,2,1.0,Response Orientation is a psychomotor ability requiring selection and initiation of physical movements in response to signals; a conversational system has no motor output and does nothing for it even at level 1.,high,
4,41,2,4.0,"It reads clear close-range detail and answers questions about it, but character-level errors and hallucination on dense fine print—and no capacity for fine-grained defect discrimination—make level 5-6 accuracy unattainable unsupervised.",medium,
7,31,1,1.0,"A text-only language model has no limbs or actuators, so it cannot perform any physical limb movement at all.",high,
13,30,0,1.0,"A conversational AI has no hands or physical effectors, so it performs no finger, hand, or wrist movements at all, even the level-2 pencil-sharpener anchor.",high,
2,18,0,4.5,"Trained agents robustly localize themselves and other objects and navigate cluttered dynamic maps (well past the level-3 anchor), but their spatial representations are tied to the environments they were trained on and rely on game-supplied or learned egocentric cues, not the inferential dead-reckoning from indirect reference points that the level-6 anchor demands.",medium,
4,11,1,3.4,"It can group and re-group visible objects by simple perceptual attributes (size, color, shape, type) on request, but multi-criteria technical classification like level 6 depends on non-visual properties and domain taxonomies the image cannot supply, and its fine-grained/counting/spatial groupings remain error-prone enough to need checking.",medium,
13,29,0,1.0,"Reaction Time is a psychomotor ability requiring rapid hand, finger, or foot movement in response to a physical signal, and a conversational dialogue system has no effectors and performs no part of it even at level 1.",high,
12,29,2,1.0,"The application performs no physical motor response to sensory signals; it operates on text-based code tasks with no hand, finger, or foot actuation at all.",high,
4,22,2,1.0,"A visual question answering model has no physical actuators and performs no hand or arm movement at all, so it does nothing for this activity even at level 1.",high,
7,38,2,1.0,"A text-only language model has no body or actuators, so it cannot bend, stretch, twist, or reach at all, even at the lowest level.",high,
8,29,1,1.0,"A text translation model has no sensorimotor channel and performs no hand, finger, or foot response to a sensory signal at all.",high,
12,10,2,4.5,"It reliably orders code, dependencies, and build/test steps by formal rules, but on long multi-step sequences in unfamiliar large codebases (migrations, ordered refactors, deployment-critical sequencing) its error rate still requires human review before merge.",medium,
3,58,1,1.0,An object-labelling vision model has no model of people's needs and takes no helping action; it does not perform service orientation even at the level-2 anchor.,high,
11,15,1,4.0,"It rapidly recognizes structure and applicable methods in partially specified or messily presented formal problems (level 3-4 style closure), but it does not reliably perform consequential perceptual synthesis of noisy real-world signal data into an actionable read (level 5), and its rapid pattern guesses on unfamiliar or ambiguous inputs are frequently wrong in ways it does not flag.",medium,
9,53,0,1.2,"The pipeline outputs a verbatim text transcript and models no speaker affect, intent, or interpersonal dynamics, so it cannot even reliably notice that a speaker is angry, let alone explain why.",high,
2,53,0,1.3,"Game agents at best do statistical opponent modeling (predicting adversary moves from observed behavior), which never amounts to recognizing another agent's affective or motivational state or why it arose, so even the level-2 anchor of noticing customers are angry from waiting is out of reach.",high,
12,19,0,2.5,"The agent reasons over text and abstract code structure, so it can only weakly analogize spatial rearrangement (e.g., anticipating a codebase's shape after a refactor) and cannot reliably interpret diagrams or imagine physical/visual configurations as the level-4+ anchors require.",medium,
1,45,0,1.0,"The agent operates on symbolic, pre-encoded board states rather than visual input, so it performs no color matching or discrimination at all — at most it distinguishes abstract 'black/white' tokens, which is not visual perception.",high,
10,22,0,1.0,"The application is purely digital and has no physical actuators, so it cannot hold or steady a hand or arm at any level.",high,
3,22,0,1.0,"An image-labelling model has no actuators and performs no physical hand or arm movement at all, so it cannot execute even the level-1 steadiness task.",high,
2,3,2,1.0,"A trained game-playing agent emits control actions, not speech, and produces no spoken communication of information or ideas at all.",high,
9,16,1,4.0,"Modern ASR reliably pulls known lexical/phonetic patterns out of moderate background noise and accent variation, but degrades on heavily overlapped 'cocktail-party' speech, far-field reverberation and low-SNR crosstalk, so it does not reach the near-perfect detection of a faint pattern in dense camouflage implied at levels 5-6.",medium,
11,11,1,5.3,"It fluently generates and applies multi-criteria grouping schemes (case splits, taxonomies, classification by several technical properties), but at the level-6-and-above end — exhaustive, provably complete classifications over novel technical domains — it can silently omit or mis-assign cases, so an expert must verify before the scheme is relied on.",medium,
6,23,0,1.0,"A text-reading model has no hands, actuators, or any physical embodiment, so it cannot grasp or manipulate objects at all, even at the level-1 anchor.",high,
1,18,0,1.5,"The agent reasons over an abstract, fully-observed symbolic board with no body, viewpoint, or physical environment, so it never locates itself relative to surroundings; at best it indexes fixed coordinates in a given representation, falling short even of the level-2 map-reading anchor's spatial transfer to a real space.",high,
12,37,2,1.0,"The application is a purely software-based system with no body or actuators, so it performs no physical bending, stretching, twisting, or reaching at all.",high,
1,9,1,3.5,"Its pattern-formation is confined to a closed, fixed-rule state space learned by self-play; it cannot combine heterogeneous, noisy real-world evidence into novel general conclusions as the level 4-6 anchors require.",medium,
3,55,0,1.0,"A vision model that assigns labels to objects in images performs no communicative or interpersonal act at all, so it cannot persuade anyone even at the lowest anchor.",high,
4,21,1,2.2,"It fuses two static information sources (image plus question) in a single pass but never monitors concurrent, time-evolving streams or interleaves ongoing tasks, so it cannot do real-time attention-switching like the level-3 driving anchor.",medium,
4,32,2,1.0,"A visual question answering model has no physical actuators and exerts no muscle force whatsoever, so it performs nothing on this activity even at level 1.",high,
13,24,2,1.0,"A conversational system has no hands or physical actuators, so it performs no finger manipulation at any level.",high,
7,25,0,1.0,"A text-only language model has no motor actuators or control interface, so it cannot make any physical control adjustments even at the dimmer-switch level.",high,
6,3,2,1.5,"The system only reads a supplied passage and emits written answers; it produces no speech and conducts no spoken interaction, so even the level-2 anchor (handling a phone call) is beyond it.",high,
11,50,2,1.0,"The application is a text-based formal reasoning system with no auditory input or spatial hearing capability, so it performs no sound localization at all.",high,
3,24,1,1.0,"A vision model outputs labels and has no hands or actuators, so it performs no physical manipulation at all, even at level 1.",high,
13,12,2,2.8,"A dialogue system can reliably talk through everyday arithmetic and suggest which formula applies, but unsupervised selection and execution of consequential multi-step calculations (e.g., profit-based bonus computation) is undermined by silent arithmetic and setup errors, and math is incidental rather than a validated function of the conversational system.",medium,
4,4,1,3.5,"It produces clear, fluent answers and descriptions about images, but its written output is short, reactive, and question-bounded rather than extended, audience-tailored documents built on sustained argument, and hallucinated visual detail means the text cannot be relied on unsupervised where the writing carries consequence.",medium,
13,48,2,2.2,"Speech-front-end processing reliably detects sound presence, voice activity and speaker/prosodic pitch differences in speech, but the system has no capability for non-speech acoustic discrimination tasks like diagnosing an engine by ear or judging fine intonation for tuning.",medium,
12,4,1,4.5,"It reliably produces clear, well-structured short-form technical prose (commit messages, PR descriptions, docstrings, code comments) that reviewers understand, but it cannot be trusted unsupervised for sustained, authoritative long-form documentation or design rationale, where it sometimes misdescribes what its own patch actually does.",medium,
4,4,0,3.4,"VQA output is a grounded answer or description about an image \short short paagraph or paragraph-length report, clearly written but not the structured, audience-tailored, consequence-bearing document that the level-4 anchor requires.",medium,
9,57,0,1.0,"A transcription pipeline only converts audio to text; it neither conveys instructional content nor adapts explanation to a learner, so it performs no part of teaching even at the simplest level.",high,
3,37,1,1.0,"A vision model has no body or actuators and performs no physical bending, stretching, or reaching whatsoever.",high,
11,12,1,5.5,"It can select correct methods and construct multi-step derivations for hard, well-posed problems, but on level-6-style open-ended modeling and research problems it still silently invents lemmas or mis-specifies assumptions often enough that a human must verify before the result can be acted on.",medium,
11,49,2,1.0,"The system operates on text/symbolic problem input and performs no auditory processing whatsoever, so it cannot isolate a sound source at even the lowest level.",high,
11,20,1,5.0,"It sustains long multi-step derivations without fatigue and largely ignores irrelevant context, but coherence degrades over very long chains and it remains measurably derailed by distracting or misleading premises, falling short of the level-6 anchor's sustained deep study amid heavy interference.",medium,
4,23,2,1.0,"Visual question answering is a purely perceptual-linguistic system with no actuators or physical manipulation capability, so it performs no manual dexterity at all, even at level 1.",high,
1,13,1,1.5,"Arithmetic occurs only internally and incidentally (material counts, stone/score tallies, evaluation sums) with no general-purpose numeric interface, so it cannot be handed multi-step applied calculations like balancing accounts or computing interest.",medium,
5,35,1,1.0,"An image generation model has no body and performs no physical trunk-supporting work at all, so it does nothing for this activity even at level 1.",high,
4,37,1,1.0,"Visual question answering is a purely software perceptual-linguistic system with no body or actuators, so it cannot bend, stretch, twist, or reach at all.",high,
9,5,0,1.0,"A transcription pipeline only maps audio to text and generates no ideas of its own, so it performs none of this activity even at the lowest anchor.",high,
7,9,1,4.5,"It can synthesize scattered facts into plausible general conclusions in text, but without tools or grounding it hallucinates premises and cannot be trusted unsupervised for consequential level-6 inferences like diagnosing from many lab results.",medium,
9,44,0,1.0,Speech recognition processes audio into text and has no visual input or spatial distance judgment capability whatsoever.,high,
6,7,0,3.0,"It can flag explicit contradictions, missing steps, or stated warning signs within a supplied passage, but it only sees the text handed to it, has no view of the underlying situation, and its judgments about subtler implied trouble carry enough misses and false alarms to need review.",medium,
2,5,2,2.5,"The agent only enumerates candidate actions within a fixed, pre-specified game action space via search or policy sampling; it cannot produce an open-ended list of ideas about an arbitrary topic, which is what levels 4 and above require.",medium,
5,56,0,1.0,"An image synthesis model has no interlocutors, no interests to reconcile, and no capacity to make or accept commitments, so it performs no part of negotiation even at the lowest anchor.",high,
6,34,0,1.0,"A text-reading model has no body or actuators, so it cannot exert any muscle force to jump, sprint, or throw at any level.",high,
12,54,0,2.0,"The agent works solo on a single issue and only ""coordinates"" by conforming to existing code conventions and the project's test suite; it does not negotiate, hand off, or re-plan around other agents' or people's concurrent actions, so anything above simple rule-driven fitting-in (level 2) is out of reach.",medium,
3,53,0,1.4,"Labelling objects (or even facial expressions) in an image yields no inference about why people react as they do, so it falls short of even the level-2 anchor's causal reading of a social situation.",high,
13,43,0,1.0,"A conversational dialogue system has no visual field at all, so it cannot detect objects or motion to the side of a forward gaze even at the simplest level.",high,
2,39,2,1.0,"A game-playing agent has no body and never coordinates whole-body movement, so it performs nothing on this activity even at level 1.",high,
8,30,2,1.0,"A translation model has no physical actuators and performs no finger, hand, or wrist movements at all, so it does nothing for this activity even at level 1.",high,
2,43,1,4.0,"Game agents do track off-center objects and teammate/enemy positions across the frame while acting under time pressure (the level-4 analog), but they operate only on rendered game frames with no real optical field of view, so consequential real-world peripheral detection like the level-6 air-combat anchor is out of reach.",medium,
12,56,2,1.0,"The system works alone on code and tests; it never brings parties together or reconciles competing interests, so it performs no negotiation even at the level-2 anchor.",high,
13,28,2,1.0,"A conversational system has no physical actuators or motion-tracking control loop, so it performs no rate-control activity at all even at level 1.",high,
12,29,1,1.0,"The application has no sensorimotor channel at all \u2014 it performs no physical hand, finger, or foot response to any sensory signal, so it does nothing for this activity even at level 1.",high,
12,41,1,1.0,"The system ingests code and issue text as digital tokens rather than through any visual sensing channel, so it does not perform the physical activity of resolving fine detail at close range at all.",high,
11,18,2,1.0,"The system is disembodied and has no sensory or positional awareness of an environment, so it cannot know its own location relative to surroundings at even the lowest anchor; it can only compute navigation arithmetic from numbers supplied to it.",high,
4,45,1,2.5,"It reliably names and matches salient, well-separated colors (laundry-sorting difficulty), but fine shade/brightness distinctions and color-tracking across cluttered scenes under variable lighting are unreliable, so consequential tasks like tracing color-coded circuits cannot be left unsupervised.",medium,
12,38,2,1.0,"The application is a disembodied software patching system with no body or physical actuators, so it performs no bending, stretching, twisting, or reaching at any level.",high,
1,39,1,1.0,"A board-game search agent has no body and performs no physical movement whatsoever, so it does nothing for whole-body coordination even at level 1.",high,
3,7,1,3.0,"It can flag visible anomalies (defects, missing or damaged parts) from appearance alone, but cannot integrate context, trends, or non-visual cues to infer that something is likely to go wrong, and its diagnostic-grade judgments (e.g., early disease signs) require human confirmation.",medium,
13,37,1,1.0,"A conversational AI system has no body or actuators, so it cannot bend, stretch, twist, or reach at all — it performs nothing for this physical activity even at level 1.",high,
13,57,1,4.4,"It can reliably explain and walk someone through procedures and software in dialogue, but cannot physically demonstrate, observe and correct a learner's actual performance, or be trusted on proprietary/high-stakes procedures where a hallucinated step would cause real harm.",medium,
12,36,2,1.0,Stamina is a physical cardiovascular capacity; a software-patching AI has no body and performs none of this activity even at level 1.,high,
12,40,1,1.0,"The application is a disembodied software agent with no physical body, so it performs no balance-related activity at all.",high,
1,36,0,1.0,"A board-game agent has no body and performs no physical exertion at all, so it does nothing for stamina even at level 1.",high,
9,8,2,1.7,"The pipeline only applies statistical acoustic and language constraints to disambiguate words; it draws no explicit conclusions from general rules about a problem, so it barely reaches the trivial common-sense inference of level 2.",high,
10,46,2,1.0,Night Vision is a human sensory-physiological capacity requiring low-light visual perception of the physical world; a digital agentic system has no eyes or embodied presence and does nothing for this activity even at level 1.,high,
13,38,1,1.0,Dynamic Flexibility is a physical bending/stretching/reaching ability; a conversational system has no body and performs none of it even at level 1.,high,
10,3,1,3.0,"The system is defined around digital tool use, code and browsing rather than speech; bolted-on voice output can handle scripted transactional calls (level 2-3) but it does not reliably conduct real-time, audience-adaptive spoken explanation like directing a lost motorist or teaching a concept to listeners.",medium,
4,24,2,1.0,"Visual question answering is a purely perceptual-linguistic model with no actuators or hands, so it performs no finger manipulation at all, even at level 1.",high,
2,2,1,1.5,"Game agents map pixel patterns (including HUD glyphs) to actions without extracting meaning from language, so they cannot reliably comprehend even simple written statements like a highway sign, let alone written rules or documentation.",high,
2,23,2,2.5,"The agent emits control commands directly into the game (fast, precise, high-APM) but has no hands or effectors, so it never physically grasps, orients, or assembles real objects with variable shape, weight, or compliance as the level-4+ anchors require.",medium,
2,46,0,1.0,"The agent consumes digitally rendered frames or game state rather than sensing real-world light, so it never performs low-light visual perception at all.",high,
10,48,0,1.0,"The application operates on text, code, and digital interfaces and has no auditory input channel, so it does not detect or discriminate sounds at all, even at the level of noticing an alarm.",high,
1,28,1,1.0,"Board-game agents act on discrete, static, turn-based states and have no continuous motor output or moving object to track, so they do nothing for rate control even at level 1.",high,
8,34,2,1.0,"A translation model is pure software with no body or actuators, so it exerts no muscle force at any level.",high,
9,53,1,1.2,"The pipeline only converts acoustic signal to word strings; it makes no inference about speakers' emotional states or the reasons behind them, so it barely registers even the level-2 anchor of noticing customer anger.",high,
7,21,2,2.5,"The model can interleave several textual information sources and constraints within one pass, but it has no real-time perceptual channels and no ability to monitor concurrent live streams and switch attention among them as levels 3 and above require.",medium,
11,1,1,3.0,"The system as defined ingests written problem statements and has no speech input, so it can only approximate oral comprehension via transcribed text; it cannot follow live spoken instruction, disfluent explanation, or lecture audio with diagrams and verbal asides at the level-6 anchor.",medium,
3,54,1,1.0,"An image-labelling model has no model of other agents' actions and takes no actions to adjust, so it performs no part of coordination even at level 1.",high,
7,49,2,1.0,"A text-only language model receives no acoustic input at all, so it cannot attend to any sound source, distracting or otherwise.",high,
9,44,2,1.0,"A speech-to-text pipeline processes audio only and makes no visual or spatial distance judgments whatsoever, so it does nothing for depth perception even at level 1.",high,
2,30,0,3.5,"The agent emits rapid repeated discrete actions in software (functionally replacing a gamer's high-APM keypresses), but it has no physical effectors, so it cannot perform any anchor task requiring actual finger/hand/wrist manipulation of objects outside the game's input API.",medium,
5,47,0,1.0,Glare sensitivity is a human visual perception ability requiring physical sight under bright lighting; an image-generation model performs no perception at all and does nothing for this activity even at level 1.,high,
3,17,1,5.8,"Trained vision models match or beat humans on fast, high-throughput visual comparison and defect sorting within their training distribution (the level 6 assembly-line anchor), but degrade unpredictably on novel defect types, unusual occlusion or lighting shifts, so fully unsupervised operation still requires a narrow, controlled visual domain rather than open-ended perceptual matching.",medium,
4,40,1,1.0,"Visual question answering is a disembodied perceptual-linguistic system with no body or actuators, so it cannot maintain or regain physical balance at any level.",high,
8,3,2,3.5,"It is a text-to-text model with no speech output or interactive audience adaptation, and it only re-expresses supplied content rather than formulating explanations for a listener, so it cannot be substituted for a person orally instructing or explaining beyond the simplest scripted transactional utterances read from its output.",medium,
3,37,2,1.0,"Image recognition is a purely perceptual software system with no body or actuators, so it cannot bend, stretch, twist, or reach at any level.",high,
12,31,0,1.0,"The application is a disembodied software agent with no limbs or physical actuation, so it performs no limb movement at any level.",high,
7,41,1,1.0,"A text-only language model has no visual input at all, so it cannot resolve any near-range visual detail even at the simplest anchor level.",high,
5,4,0,2.0,"The model outputs pixels, not prose: it can render short strings of legible text inside an image (a note, a sign, a label) but cannot compose, structure or sustain written communication beyond a phrase, so anything at or above the job-recommendation anchor is out of reach.",medium,
4,23,1,1.0,"A visual question answering model has no hands or actuators and performs no physical grasping or manipulation whatsoever, so it does nothing for this activity even at level 1.",high,
4,52,2,1.0,"The measured object is a multimodal model that emits text answers about images and produces no spoken output at all, so it does not perform vocal articulation even at the bingo-caller level.",high,
3,54,2,1.0,"A trained vision model only assigns labels to image content; it has no model of other agents' actions and cannot adjust its behavior in relation to them, so it performs none of this activity even at level 1.",high,
2,58,0,1.0,"A game-playing agent optimizes its own in-game objectives and has no representation of human needs or any channel for assisting people, so it performs no service-oriented activity even at the level-2 anchor.",high,
3,19,2,1.5,"A labelling model only names what is already visible; it produces no representation of an object's appearance after movement or rearrangement, so even the level-2 anchor's simple mental transformation is outside its output space (invariance to pose during recognition is not imagining a new configuration).",high,
3,25,1,1.0,"Image recognition only assigns labels to visual content and actuates no machine or vehicle controls, so it performs none of this psychomotor activity even at the dimmer-switch level.",high,
12,33,2,1.0,"The application is a disembodied software agent with no physical actuators, so it cannot exert muscle force at all, even at the level-2 anchor of trimming a bush.",high,
2,11,0,2.8,"Game agents implicitly group entities and states along several learned dimensions (threat, value, role) within their trained domain, but they cannot articulate or generate alternative categorization schemes for new purposes or transfer them outside the game they were trained on.",medium,
5,22,1,1.0,"An image-generation model has no physical actuators, so it cannot hold or move a hand or arm at all, even at the level of lighting a candle.",high,
10,5,0,5.5,"It generates large volumes of on-topic ideas effortlessly and at near-zero failure cost, but its lists cluster around conventional, training-frequent options and are not reliably exhaustive over a complex open-ended option space as the level-6 anchor requires.",medium,
9,46,0,1.0,"Speech recognition processes audio only and has no visual sensing or low-light perception capability whatsoever, so it does nothing for this activity even at level 1.",high,
9,15,2,3.9,"It reliably reconstructs words from degraded, accented, noisy audio (the level 3-4 'partial signal into pattern' work), but it does not integrate the recovered pattern with domain context to draw an actionable interpretation as the level 5 weather-radar anchor requires, and its accuracy still collapses under heavy crosstalk and overlapping speakers.",medium,
13,5,1,5.5,"It generates large, varied idea lists effortlessly and with low failure cost, but cannot guarantee the exhaustive, domain-expert coverage implied by the level 6 anchor (enumerating all possible battle strategies) — its lists are fluent but bounded by training-data salience rather than systematic completeness.",medium,
8,1,1,1.5,"The measured object is a text-to-text translation model with no audio input, so it never actually listens; at best it comprehends already-transcribed simple speech, and cannot handle acoustic ambiguity, speaker disfluency, or spoken instructions in real time.",medium,
12,39,1,1.0,"The application is a disembodied software patching system with no body or actuators, so it performs no whole-body movement at any level.",high,
9,51,1,4.5,"Modern ASR transcribes clear and moderately accented speech near-human, but word error rates rise sharply with strong unfamiliar accents, heavy background noise and overlapping speakers, and it produces text without the semantic comprehension or speaker-identification the higher anchors imply.",medium,
13,7,2,3.5,"It reliably flags explicitly stated or clearly signaled trouble (contradictions, stated distress, frustration, missing prerequisites) in dialogue, but detecting a brewing problem from subtle mood, deception, or unstated context — the level-4 'riot is likely' inference — is inconsistent and, where the miss is a safety or crisis case, cannot be left unsupervised.",medium,
8,3,0,2.2,"The measured object is a text-to-text translation model: it produces no speech and cannot manage the real-time, interactive delivery that oral expression requires beyond supplying simple utterances someone else voices.",medium,
7,30,2,1.0,"A language model has no hands or physical actuators, so it cannot perform any repeated finger, hand, or wrist movements at all.",high,
3,53,1,1.3,"Labeling objects in a still image yields at most a surface cue (e.g., a face or crowd present); it carries no model of others' internal states or the causes of their reactions, so even the level-2 inference that customers are angry because of a wait is out of reach.",high,
8,27,2,1.0,"A text translation model performs no physical movement selection in response to signals, so it does nothing for this psychomotor activity even at level 1.",high,
4,50,0,1.0,Visual question answering processes images and text only; it has no audio input and therefore cannot localize sound at all.,high,
1,56,1,1.0,"Perfect-information zero-sum board play involves no other parties' interests, communication, or concession-making, so the agent performs no negotiation at all — not even the level-2 act of presenting a justification to someone.",high,
12,16,1,4.2,"It reliably finds the relevant code and recognizes common bug patterns amid large amounts of irrelevant code (golf-ball-in-the-rough level), but fault localization degrades on sprawling, poorly documented repositories where the defining pattern is subtly disguised across many interacting modules, so higher-level 'camouflaged' detection still needs human verification.",medium,
2,52,0,1.0,"A game-playing agent produces game actions, not speech; it does nothing for spoken clarity even at the lowest anchor.",high,
1,2,0,1.0,"The agent operates on encoded board states with hard-coded rules and never reads natural-language text, so it performs no written comprehension even at the level of understanding a highway sign.",high,
9,19,1,1.0,"A speech-to-text pipeline processes audio into text and has no representation of spatial objects or their rearrangement, so it performs no part of visualization even at the lowest anchor.",high,
13,58,1,3.7,"It can proactively surface helpful options and handle routine intake and advice in dialogue, but it cannot be trusted unsupervised to execute and stand behind consequential transactions in live systems (bookings, refunds, account changes), let alone the authority, physical presence, and accountability implied by directing relief operations.",medium,
12,20,2,4.5,"It never fatigues and can grind through long, noisy contexts, but on extended multi-step tasks it demonstrably drifts off the issue, latches onto irrelevant retrieved code, and loses the thread of a complex specification, so it does not match the level-6 anchor of sustained comprehension of dense technical material under interference.",medium,
6,28,1,1.0,"A text-based reading comprehension system has no sensors or actuators and performs no timed physical movement whatsoever, so it does nothing for this activity even at level 1.",high,
11,56,0,1.0,"A formal-reasoning solver has no interaction with parties, no stake modeling, and no capacity to convene or persuade anyone, so it does not perform negotiation even at the level of arguing for a schedule change.",high,
8,49,0,1.0,A text-to-text translation model receives no acoustic input at all and therefore cannot separate a target sound source from competing noise even at the simplest level.,high,
9,33,2,1.0,"A speech-to-text model has no body or actuators and exerts no muscular force at all, so it performs nothing on this physical endurance activity even at level 1.",high,
2,45,1,2.8,"Game agents reliably act on coarse, high-contrast synthetic color cues (team colors, health bars, color-coded items) baked into their learned visual features, but they never perform fine shade/brightness matching as an explicit output and their discrimination is tied to a fixed, controlled palette rather than tracing subtle hue differences across a complex real scene.",medium,
2,9,1,3.4,"Within a trained game the agent implicitly infers hidden state and opponent strategy from scattered cues, but it forms no explicit transferable rules and collapses on novel dynamics or unfamiliar environments, so it cannot do level-4-style evidence synthesis outside its training distribution.",medium,
1,14,1,6.0,"Engines store and retrieve opening books, transposition tables and endgame tablebases with exact, error-free recall well past human recitation tasks, but this memory is confined to encoded game states and procedures within fixed rule sets rather than arbitrary real-world information in whatever form it arrives.",medium,
11,46,1,1.0,Night Vision is a human visual-sensory ability requiring physical perception in low light; a mathematical reasoning system has no visual sensing capability whatsoever and does nothing for this activity even at level 1.,high,
12,27,1,1.0,Response Orientation is a psychomotor ability requiring physical selection between movements in response to sensory signals; a code-patching AI performs no physical movement at all.,high,
1,26,0,1.0,A board-game search agent has no limbs or motor control at all; it outputs moves as symbols and does nothing for physical coordination even at level 1.,high,
10,11,1,5.3,"It fluently generates and applies multi-attribute grouping schemes over digital data and can browse to source attributes, but at the level-6 anchor the correctness of technical property values and of the resulting taxonomy still needs expert verification, since retrieval errors and confidently invented attributes surface only on checking.",medium,
1,20,0,4.5,"The engine sustains deep, complex analysis indefinitely without fatigue or lapse (exceeding human vigilance at level 4), but it operates on clean, curated game-state input with no competing stimuli, so it never demonstrates the filtering of genuine distracting material that the level 6 anchor requires.",medium,
1,12,0,2.5,"The engine executes a fixed, human-designed search-and-evaluation procedure with great precision but does not itself select mathematical methods or formulate models for novel problems, so it never performs the method-choosing step that levels 4 and above describe.",medium,
5,58,1,1.0,"An image synthesis model has no capacity to notice or act on other people's needs; it only renders pixels from a prompt, so it performs no part of actively looking for ways to help people even at the level-2 anchor.",high,
6,21,1,2.0,"It can integrate several strands of evidence within one static passage, which loosely mirrors the low-stakes concurrent-attention anchor, but it never monitors independent, time-varying streams or interleaves a second live activity, so real-time switching (level 3+) is out of reach.",medium,
12,3,0,1.0,"The system produces code patches and text artifacts in a repository workflow; it does no spoken communication at all, so it does not perform oral expression even at the simplest level.",high,
7,16,1,2.5,"Lacking any perceptual channel, the model can only perform a text analog of the activity """"spotting a known pattern in distracting prose"""" and even there it degrades sharply with long or noisy contexts and character-level patterns obscured by tokenization, so it cannot be trusted for the sustained, high-distraction detection the level 4+ anchors describe.",medium,
9,10,1,3.5,"The decoder reliably orders phonemes and words according to learned acoustic and grammatical sequencing rules, but it applies no externally specified rule sets to novel ordering problems and degrades on overlapping speakers and heavy accents, so it cannot handle the complex multi-constraint sequencing implied by higher anchors.",medium,
12,53,1,1.3,"The agent's loop is issue text \u2192 code \u2192 tests, with no perception of or response to people's reactions; at most it can register explicit frustration written in a bug report, falling short of the level-2 anchor of actively noticing others' emotional states.",high,
9,25,1,1.0,"A speech-to-text pipeline has no actuators and performs no physical control adjustment whatsoever, not even at the level of a dimmer switch.",high,
6,22,1,1.0,"Reading comprehension is a purely textual, disembodied capability with no physical actuators, so it performs no part of arm-hand steadiness even at level 1.",high,
12,37,1,1.0,"The application is a disembodied software agent with no physical body or actuators, so it performs no bending, stretching, twisting, or reaching at all.",high,
7,35,1,1.0,"A text-predicting model has no body and cannot exert any abdominal or lower back muscular force, so it performs none of this physical activity even at level 1.",high,
2,52,2,1.0,"The agent produces game control inputs, not speech; it does not vocalize at all, so it performs nothing on this activity even at level 1.",high,
12,42,0,1.0,The system operates purely on text/code inputs and has no visual sensing of the physical world at any distance.,high,
11,49,1,1.0,The system processes symbolic/textual problem statements and has no audio input or sound-source separation capability at all.,high,
13,10,2,3.8,"It reliably sequences conversational steps, procedures, and sorted lists within a dialogue, but long multi-constraint ordering drifts and it cannot verify or be held responsible for safety-critical assembly/procedure sequences where a misordered step causes harm.",medium,
2,7,2,3.5,"Trained agents reliably detect in-distribution danger cues in the game state (incoming attack, low health, map anomalies) and implicitly anticipate near-term threats, but this sensitivity is confined to a closed simulated world with fully specified state semantics and collapses on novel or out-of-distribution situations, so it does not reach the subtle contextual inference of the level-4/6 anchors.",medium,
9,38,1,1.0,"Speech recognition is a software transcription pipeline with no body or actuators, so it performs no physical bending, stretching, or reaching at any level.",high,
13,9,1,4.3,"It reliably synthesizes facts stated in a dialogue into plausible conclusions, but its inferences are unverified and prone to confident hallucination, so consequential diagnostic-grade judgments (level 6) cannot be left unsupervised.",medium,
11,34,2,1.0,"The application is a disembodied reasoning system with no physical actuators, so it cannot exert any muscular force even at the lowest anchor.",high,
4,6,2,2.3,"The system's job is to describe and infer about depicted content; it can surface obvious improvised or clever uses of what it sees but cannot reliably originate genuinely novel designs or solutions to open-ended problems (level 4+ anchors), since its answers are recombinations of learned associations tied to a single image.",medium,
8,11,2,4.0,"It reliably applies multiple simultaneous linguistic groupings (sense, register, idiom, syntax) when re-mapping source categories onto a target language, but it cannot be trusted to construct or validate novel multi-attribute classification schemes in specialized domains, and its mis-categorizations of technical terms (legal, medical) surface as fluent text with no self-flagging.",medium,
4,34,1,1.0,"A visual question answering model has no body or actuators, so it cannot exert any muscle force to propel itself or throw objects at even the lowest level.",high,
12,13,1,5.0,"It can execute code to perform exact arithmetic and select standard formulas (e.g., interest computation) reliably, but without a verifying test or execution loop its unaided numeric reasoning still slips on multi-step quantitative work above this level.",medium,
13,32,2,1.0,"A conversational system has no physical actuators and exerts no muscle force at all, so it performs nothing on this activity even at level 1.",high,
5,35,2,1.0,"An image generation model has no body and performs no physical exertion, so it cannot support any part of a body against fatigue even at the lowest anchor.",high,
12,32,1,1.0,"The application is a disembodied software agent with no physical actuators, so it cannot exert any muscle force at all — it does nothing for this activity even at level 1.",high,
10,36,2,1.0,"Stamina is a physical exertion ability requiring a body; a purely digital agent performs none of it, even at the level-1 anchor of walking a quarter mile.",high,
4,14,2,4.3,"Within a single context the model reliably holds and reports arbitrary details it has just been shown (level-4-type retention) and recalls widely-attested world knowledge, but it has no persistent memory across sessions and verbatim recall of long, novel content read off an image degrades into paraphrase or hallucination, so level-6 exact-recitation-after-study is not attained.",medium,
10,31,2,1.0,"The application is purely digital and has no limbs or physical actuators, so it performs no part of this psychomotor activity even at level 1.",high,
3,27,0,1.0,"A still-image labeling model produces category outputs, not a selection among competing motor responses under time pressure, so it does not perform the activity even at the level-2 anchor.",high,
1,52,1,1.0,"A board-game search agent produces moves, not speech; it has no speech output at all, so it does nothing for this activity even at level 1.",high,
10,50,1,1.0,Sound localization requires binaural physical hearing in a spatial environment; a digital agentic system has no ears or spatial audio input and performs none of this activity even at level 1.,high,
3,14,2,3.0,"The trained model's memory is frozen in weights learvisual categories learned in training, so it can recall a large stored catalogue of picture patterns but cannot encode novel information on the fly (names just met, a passage studied for 15 minutes) or retain verbal/numeric/procedural content at all.",medium,
1,21,1,2.5,"The engine processes a single closed input stream (the board state plus a clock), so although it weighs multiple threats and regions concurrently within one search, it never actually shifts attention between genuinely distinct activities or information sources as the level 3+ anchors require.",medium,
4,38,1,1.0,"Visual question answering is a disembodied perception-and-language system with no body or actuators, so it performs no physical bending, stretching, twisting, or reaching at any level.",high,
8,19,0,1.0,"A text-to-text translation model manipulates linguistic form only; it performs no mental rotation or spatial rearrangement of objects, so it does nothing for this activity even at level 1.",high,
12,9,2,4.3,"It reliably infers root causes from test failures, stack traces, and local code evidence on well-scoped issues, but on sparse or contradictory evidence (intermittent, cross-service, or environment-dependent failures) it frequently settles on a plausible-but-wrong hypothesis and its patches must be reviewed, so the level-6 style multi-source diagnosis is not attained unsupervised.",medium,
10,55,0,2.5,"It can autonomously generate and send tailored solicitations or persuasive write-ups at scale (level 2-ish outreach), but sustained persuasion of a specific accountable stakeholder requires credibility, reading the person over a live back-and-forth, and standing behind commitments the agent cannot own, so level 4 and above are out of reach unsupervised.",medium,
10,45,1,2.5,"It can nail exact digital color matching by sampling pixel values with code and handle coarse sorting tasks, but its native visual perception of subtle shades, lighting-varied photographs, and spatially traced color paths (level-4 wire tracing and above) is unreliable and it cannot render color at all.",medium,
9,20,2,4.0,"The pipeline sustains continuous transcription indefinitely without fatigue and tolerates moderate background chatter, but word error rates rise sharply under heavy noise and overlapping speakers, so it cannot be trusted for the high-interference, comprehension-heavy sustained focus described at level 6.",medium,
6,21,0,2.3,"It only shifts among passages of static supplied text, with no capacity to monitor concurrent real-time streams or interleave a second ongoing task, as the level 3+ anchors require.",medium,
13,45,1,1.0,"A conversational dialogue system has no visual input or color-perception capability, so it cannot match or distinguish colors even at the simplest sorting level.",high,
6,10,0,3.5,"It can reliably sequence events, apply stated ordering rules, and reconstruct step order from a supplied passage, but it degrades on long multi-constraint orderings and, being confined to answering about text, cannot be trusted unsupervised with consequential procedural sequencing of the kind the upper anchors describe.",medium,
11,18,1,1.2,"The application is disembodied symbolic reasoning with no perceptual input or physical location, so it cannot know where it or objects are relative to itself; at best it could compute navigational math from given coordinates, which is not the activity.",high,
1,15,0,4.5,"It integrates board information into meaningful evaluative patterns instantly and superhumanly, but only on noise-free, fully-specified discrete inputs \u2014 it cannot make sense of degraded, ambiguous or novel real-world sensory material like the level 4\u20135 anchors (strange handwriting, weather radar) require.",medium,
9,22,1,1.0,"Speech recognition is a purely acoustic-to-text software pipeline with no physical manipulator, so it performs no arm or hand movement at all.",high,
7,1,1,1.5,"A text-only language model cannot ingest speech at all — without ASR or audio tooling it never performs the listening step, so any comprehension it shows is on transcripts someone else supplies.",medium,
9,56,1,1.0,"A transcription pipeline converts audio to text and has no capacity to represent interests, propose terms, or reconcile differences between parties.",high,
6,27,2,1.0,Response Orientation is a psychomotor ability requiring rapid selection among physical movements in response to signals; a text-reading QA system produces no movements at all and does nothing for this activity even at level 1.,high,
7,8,1,4.7,"It can apply general rules and enumerate the relevant considerations for open-ended problems (level 5-ish), but without tools its multi-step formal and quantitative deductions drift or hallucinate premises, so engineering-grade derivations like a level 6 aerodynamic wing design cannot be left unchecked.",medium,
6,19,0,1.5,"The system only locates and combines evidence within a supplied text passage and has no capacity to mentally transform or rearrange spatial configurations, so it barely touches even the level-2 anchor except when the passage states the answer.",high,
1,56,2,1.0,"A perfect-information game engine optimizes moves against an opponent under fixed rules; it has no channel for communicating interests, no model of other parties' preferences, and never reconciles differences, so it performs none of the activity even at level 1.",high,
2,39,1,1.0,"A game-playing agent has no body and issues only discrete control inputs, so it performs no whole-body coordination at all, even at level 1.",high,
12,16,0,4.3,"It can grep/traverse a repo to find the relevant function or bug pattern among distracting code (golf-ball-in-the-rough level), but fault localization in large, unfamiliar or poorly named codebases remains its dominant failure mode, so heavily camouflaged patterns still require human steering.",medium,
11,37,2,1.0,"The application is a disembodied reasoning system with no physical body or actuators, so it cannot bend, stretch, twist, or reach at all.",high,
11,15,2,4.0,"It rapidly recognizes structure in partial or noisy formal information (identifying a sequence rule, inferring problem type from a fragment), but the higher anchors involve interpreting degraded perceptual/sensor data for real-time decisions, which lies outside a formal-reasoning system's inputs and reliability.",medium,
8,34,1,1.0,"A translation model is disembodied software with no physical actuators, so it cannot exert muscle force at any level.",high,
2,46,1,1.0,"A game agent reads rendered game state or synthetic pixels rather than sensing real scenes under low illumination, so it performs no low-light visual perception at all.",high,
5,55,1,2.0,"It can synthesise appealing visuals that support a simple appeal (e.g. a charity poster image), but it cannot conduct an argument, read an audience's objections, or adapt its case over an exchange, and its output must be prompted and selected by a human, so anything above the simplest one-shot persuasive artifact is beyond it.",medium,
5,25,0,1.0,"Image generation is a purely digital synthesis process with no physical actuation, so it does not adjust any machine or vehicle controls even at the dimmer-switch level.",high,
8,12,2,1.2,"A translation model only transposes numerical expressions and occasionally converts units or number formats between conventions; it never selects a mathematical method to solve a problem, so it barely reaches the simplest arithmetic anchor.",high,
6,58,1,2.0,"It only answers questions asked about a supplied text, taking no action in any system and never proactively identifying unstated needs, so it cannot perform transactional service work like the level-4 reservation anchor.",high,
3,1,1,1.0,"A still-image object classifier has no audio input or language understanding at all, so it cannot process spoken words even at the simplest level.",high,
12,19,2,2.5,"The system operates entirely on text/code and does no genuine spatial-visual imagining; its only analog is anticipating the shape of a codebase after a refactor, which falls well short of diagram-driven assembly or chess-style multi-move spatial anticipation.",medium,
8,30,0,1.0,"A translation model produces text and has no hands, fingers, or any physical actuators, so it performs no repeated finger/hand/wrist movements at all, even the level-2 pencil-sharpener task.",high,
13,16,1,3.5,"It reliably picks a known target pattern (intent, entity, key fact) out of rambling or cluttered dialogue and copes with moderate audio noise, but degrades on heavily masked speech, overlapping speakers, or subtly disguised cues, and never performs the high-difficulty perceptual discrimination of the level-6 anchor.",medium,
9,28,0,1.0,"Speech recognition is a purely audio-to-text pipeline with no motor output or control of moving equipment, so it performs none of this activity even at level 1.",high,
10,47,0,1.0,Glare sensitivity is a human visual-physiological capacity in physical bright-light environments; a digital agentic system has no eyes or exposure to glare and does nothing for this activity even at level 1.,high,
13,36,0,1.0,"Stamina is a purely physical cardiovascular capacity; a conversational AI has no body and performs none of it, even at level 1.",high,
8,22,2,1.0,A text translation model has no physical actuators and performs no manual steadiness activity at all.,high,
4,42,2,3.0,"It reliably reads and describes prominent detail in an image (billboard-level), but fine discrimination of small, low-contrast, or far-field detail is limited by input resolution and known hallucination on tiny image regions, so no unsupervised reliability at the slide-focus or ships-on-the-horizon anchors.",medium,
1,57,2,1.3,"The agent outputs moves and position evaluations, not explanations or guided procedures; even the simplest instructing anchor (walking a person through a basic procedure) requires communicative teaching the engine does not perform.",high,
10,30,2,1.0,"Wrist-Finger Speed is a physical psychomotor ability requiring actual finger, hand, and wrist movement; a purely digital agentic software system has no body and performs none of it even at level 1.",high,
8,5,2,2.5,"The model only generates alternatives constrained by a source text (n-best renderings, synonym/register variants), so it never performs open-ended ideation about a topic as level 4+ anchors require.",medium,
13,40,2,1.0,"A conversational system has no body and performs no physical balancing whatsoever, so it does nothing for this activity even at level 1.",high,
8,54,0,1.0,"A translation model transforms text in isolation; it has no awareness of others' ongoing actions and takes no actions of its own to adjust, so it does not perform coordination even at the level-2 anchor.",high,
5,13,0,1.0,"A text-to-image generative model performs no arithmetic at all — it cannot even reliably render a requested count of objects, let alone compute a correct sum.",high,
10,39,0,1.0,"The application operates only in digital environments and has no body, so it performs no whole-body movement coordination at any level.",high,
8,14,0,4.5,"It reliably retains and retrieves vast lexical/terminological information and short-range context, but drifts on long documents \u2014 inconsistent terminology, dropped or hallucinated names and numbers beyond the context window \u2014 so it cannot be trusted for the verbatim, sustained recall implied at level 6.",medium,
3,10,2,2.0,"A trained classifier only assigns labels (and can rank them by confidence or bin images into ordered categories); it cannot represent or execute multi-step, rule-governed sequencing of actions, so anything beyond trivial ordering by a visual attribute is outside it.",medium,
11,16,2,3.5,"It reliably spots familiar structures (a known lemma, a standard substitution, an invariant) buried in cluttered symbolic problem statements, but the anchors above ~4 describe perceptual detection of camouflaged targets in noisy sensory fields, which a text/symbol reasoner does not perform, and its recognition of deliberately disguised or misleadingly framed structures remains error-prone without checking.",low,
6,17,0,2.4,"It only ingests supplied text, so it cannot perform the visual, time-pressured discrimination that levels 4-6 anchors describe, and even in-text character/number matching is prone to tokenization-level slips; it can reliably do untimed symbolic sorting/matching like the level 2 ZIP-code anchor.",medium,
7,55,0,3.5,"It can autonomously draft and even sustain a persuasive text exchange well enough for low-stakes appeals (donation solicitations, argumentative essays), but lacks the standing, relationship history, live read of the audience, and accountability needed to actually carry a consequential persuasion like winning a supervisor's budget decision or moving a jury.",medium,
6,8,0,4.0,"It reliably applies rules stated in a passage to straightforward specific cases, but on long, technical, or ambiguous documents it still misreads premises and confabulates chains of inference, so consequential multi-step rule application (level 5+ judgment like weighing which factors govern a decision) cannot be left unsupervised.",medium,
11,39,1,1.0,"The system is disembodied software with no actuators or body, so it performs no whole-body movement at all, not even the level-2 anchor.",high,
3,24,2,1.0,"A vision model outputs labels and has no hands or actuators, so it performs no finger manipulation whatsoever, even at the level of inserting a coin.",high,
8,52,1,1.0,"The measured object is a text-to-text translation model that produces no speech output at all, so it cannot perform even the level-1 task of speaking numbers aloud clearly.",high,
9,46,2,1.0,"Speech recognition processes audio only and has no visual sensing capability whatsoever, so it performs nothing on a low-light vision scale.",high,
8,16,2,2.5,"The model reliably spots embedded lexical patterns (idioms, named entities, terminology, code-switching) buried in surrounding text, but the activity's higher anchors describe perceptual search in noisy sensory fields, which a text-to-text translation model does not do at all.",medium,
7,44,0,1.0,"A text-only language model has no visual input or spatial sensing, so it cannot judge relative distance of physical objects at all.",high,
1,17,1,4.0,"Within its fixed, pre-encoded board representation it compares and matches discrete patterns (positions, transpositions, learned motifs) essentially instantly and without error, but it accepts no real-world visual input, so inspection-style tasks on physical objects, pictures, or arbitrary symbol sets (level 6 anchor) are outside what it can do at all.",medium,
12,41,2,1.0,"The system ingests code and issue text as digital tokens and has no visual sensing at all, so it performs no near-vision activity even at the lowest anchor.",high,
6,27,1,1.0,Response Orientation is a psychomotor ability requiring selection and initiation of physical movements in response to signals; a text-passage question-answering model has no motor output or signal-driven actuation whatsoever.,high,
3,19,1,1.5,"A labeling model only names what is present in a static image; it never simulates or outputs how a scene would look after parts are moved or rearranged, with only viewpoint/pose invariance as a weak implicit analog of spatial transformation.",high,
5,14,1,4.0,"It carries a vast implicit store of learned visual patterns (landmarks, styles, object appearances) and can hold a handful of prompt-specified details, but it cannot reliably reproduce anything verbatim or exactly — text, precise counts, faces, logos and fine reference details are approximated or garbled, so the fidelity required by the level-6 anchor is absent.",medium,
8,17,1,1.5,"A translation model only maps text between languages; it performs no rapid visual comparison of letters, numbers, or patterns, and at best incidentally matches character strings in text with no timed or perceptual-inspection capability.",high,
11,6,2,4.5,"It can find clever, non-obvious solution paths for well-posed problems (competition-style tricks, lemma construction), but it does not reliably originate genuinely new concepts, definitions, or research programs, and its novel-looking outputs still require expert verification because plausible-but-wrong constructions are common.",medium,
5,4,1,2.0,"The model only 'writes' as rendered glyphs inside pictures 
words on signs, labels or short poster captions 
and longer or precise prose degrades into misspelled or garbled text, so it cannot be trusted to compose and convey substantive written information.",medium,
9,8,0,1.5,"An ASR pipeline only applies statistical acoustic/grammatical constraints to pick likely word sequences; it draws no general rules to reach conclusions about a problem, so it barely reaches the simple commonsense inference of level 2.",high,
10,29,1,1.0,"Reaction Time is a physical psychomotor response of hand, finger, or foot to a sensory signal, and a purely digital agent has no motor effectors to actuate, so it does not perform the activity even at level 1.",high,
13,50,1,1.0,A conversational system transcribes and generates speech content but has no spatial-auditory processing — it cannot determine the direction a sound came from even at the level-2 stereo-channel anchor.,high,
7,26,1,1.0,"A text-only language model has no limbs or motor actuation, so it performs no part of physical limb coordination even at level 1.",high,
8,57,1,1.7,"A translation model only re-renders text supplied to it; it can convey someone else's simple instructions in another language but does not itself explain, demonstrate, check understanding, or adapt to a learner, so it barely reaches the simplest 'instruct a new employee in a routine task' anchor.",high,
1,8,0,4.5,"It applies rules with superhuman depth and perfect reliability, but only inside a fully formalized, self-contained rule system; it cannot select or apply general principles to open-ended, ill-specified real-world problems as the level 5-6 anchors require.",high,
6,44,0,1.0,"A text-reading question-answering system has no visual/spatial sensing at all and performs no distance judgment whatsoever, even at level 1.",high,
8,4,2,4.0,"It renders existing prose fluently and can match register well enough to substitute for routine document-level writing, but it originates no content and still makes idiom, terminology and coherence errors on long specialized texts that require human revision before publication-grade use.",medium,
1,22,0,1.0,"The system is a disembodied search-and-evaluation agent with no arm, hand, or actuator of any kind, so it performs no physical steadiness task even at the simplest level.",high,
7,14,0,4.5,"It reproduces widely-seen text and can copy back material still in its context window, but it has no persistent post-training retention, garbles exact figures and less-common passages, and confabulates rather than signaling a memory gap, so verbatim 'studied-then-recited' recall (level 6) is not dependable.",medium,
7,34,1,1.0,"A text-producing language model has no body and cannot exert any muscular force, so it performs nothing on this physical activity even at level 1.",high,
5,56,1,1.0,"An image synthesis model has no interlocutors, no stake-representation and no capacity to exchange concessions, so it performs no part of bringing parties together or reconciling differences even at the level-2 anchor.",high,
7,20,2,3.0,"The model can stay on task and ignore irrelevant material within a single passage or prompt, but as the bare model it has no persistence across time and degrades on long or cluttered contexts (lost-in-the-middle, distraction by irrelevant text, prompt injection), so it cannot substitute for sustained vigilance like a night-shift monitor.",medium,
13,43,1,1.0,"A conversational system has no visual field at all, so it cannot detect objects or motion to the side of a forward gaze even at the lowest anchor.",high,
4,35,2,1.0,Trunk strength is a physical bodily capacity; a software model that answers questions about images has no body and performs none of it even at level 1.,high,
1,29,0,1.0,"The activity requires a physical hand/finger/foot response to a sensory signal; a board-game engine has no motor output and never responds to physical signals, so it does nothing for this activity even at level 1.",high,
6,50,0,1.0,"A text-reading question-answering system has no auditory input and performs no sound localization at all, even at level 1.",high,
10,43,2,1.0,Peripheral vision is a human physiological sensory capacity requiring an eye and visual field; a digital agent has no eyes or lateral field of view and performs nothing on this activity even at level 1.,high,
3,28,1,1.0,"Rate control requires timing motor output against a moving object over time; a still-image labeling model produces no movements and processes no motion, so it does not perform the activity even at level 1.",high,
4,42,1,3.0,"It reliably reports salient distant details in a supplied image (billboard-level text, obvious objects), but fine discrimination of small, low-contrast, or few-pixel targets degrades sharply and it hallucinates plausible answers rather than reporting uncertainty, so it cannot be trusted unsupervised at the acuity implied by levels 4+.",medium,
5,41,2,2.0,"A generative model synthesises rather than inspects: it can encode and reproduce coarse, salient detail from a reference (dashboard-dial level) but cannot be relied on to resolve or verify fine detail such as small print or minute defects, which it routinely garbles or hallucinates.",medium,
4,43,0,1.0,"Peripheral vision is a real-time, gaze-fixed sensory ability tied to an embodied visual field; a VQA model answering questions about a supplied static image performs no part of it, even at level 1.",high,
2,49,1,1.2,Game-playing agents act almost entirely on visual/state input and do not perform selective listening—separating a target sound stream from competing sounds—so even the level-2 anchor of attending to one speaker amid background talk is not performed.,high,
2,41,2,4.0,"Pixel-level agents reliably resolve small on-screen elements (HUD readouts, sprites, minimap icons) under time pressure, but they are not demonstrated to make fine-grained, high-stakes discriminations equivalent to reading legal fine print or spotting a subtle flaw in a diamond, and their perception degrades on cluttered or novel visual detail outside the trained game.",medium,
11,35,2,1.0,"A mathematical reasoning software system has no body and exerts no muscular force, so it performs nothing on a physical trunk strength scale even at level 1.",high,
4,9,0,3.2,"It can combine visual cues with world knowledge for single-step commonsense inferences about an image, but chaining several pieces of ambiguous visual evidence into a defensible general conclusion (the level-4 'prime suspect' anchor) is unreliable — it hallucinates details, miscounts, and misjudges spatial/relational facts often enough to require human verification.",medium,
8,44,0,1.0,"A text translation model has no visual/spatial input or physical embodiment, so it cannot judge distances at all, even at the lowest anchor.",high,
2,15,1,4.8,"Trained agents fuse noisy, partial perceptual streams into actionable situational reads at superhuman speed (level 5-like radar interpretation), but only within the single game distribution they were trained on \u2014 novel layouts, rule changes, or unfamiliar visual conditions collapse the pattern recognition, so the level-5 generality of inference is not reliably held.",medium,
5,54,0,1.0,"A text-to-image model produces artifacts in response to a prompt; it has no awareness of or ability to adjust its actions in relation to other agents' concurrent actions, so it performs no part of coordination even at the level-2 scheduling anchor.",high,
11,32,2,1.0,"The application is a disembodied reasoning system with no actuators, so it cannot exert any physical force at all, not even pushing an empty cart.",high,
13,44,0,1.0,"Conversation is a purely linguistic/auditory activity with no visual-spatial sensing or judgment of distance, so it performs nothing at even level 1 of depth perception.",high,
2,12,1,1.5,"The trained agent optimizes actions via learned value estimates rather than selecting mathematical methods or formulas, so it only implicitly handles simple quantitative relations (resource counts, trajectory/damage estimates) and cannot pose or choose a mathematical approach to a stated problem.",high,
9,39,0,1.0,"A speech-to-text pipeline has no body or actuators and performs no physical coordination whatsoever, so it does nothing for this activity even at level 1.",high,
12,5,1,4.7,"It readily generates many candidate root causes, fixes, and alternative approaches within familiar code patterns, but cannot reliably produce exhaustive, non-overlapping coverage of the option space for novel or architecture-level problems the way the level-6 anchor requires, and its enumerations skew toward conventional patterns seen in training data.",medium,
13,13,2,3.2,"In-dialogue arithmetic is done token-by-token without a calculator, so single simple operations are dependable but multi-step ledger or interest computations drift and errors are asserted confidently, requiring a human to check any figure that matters.",medium,
6,24,1,1.0,"A text-reading model has no hands or physical actuators, so it performs no finger manipulation at all, not even level 1.",high,
4,54,0,1.0,"A visual question answering model produces answers to image queries; it takes no actions in a shared workflow and cannot monitor or adjust to others' actions, so it does not perform coordination even at level 1.",high,
6,55,0,1.2,"The system only extracts and combines evidence to answer questions about a supplied text; it has no persuasive intent, audience model, or interactive capacity, so it does not even solicit a donation-level change in someone's mind or behavior.",high,
6,23,2,1.0,"A text-reading question-answering model has no hands, actuators, or physical embodiment, so it performs no part of grasping or manipulating objects even at the light-bulb level.",high,
1,31,2,1.0,"A game-playing search agent has no limbs or physical actuation, so it performs no limb movement at all.",high,
7,25,2,1.0,Control Precision is a physical psychomotor ability requiring actuation of machine controls; a text-only model has no effectors and performs none of it even at level 1.,high,
6,52,1,1.0,"The application only reads text and emits written answers; it produces no spoken output at all, so it cannot perform even the level-1 anchor of audibly calling bingo numbers.",high,
10,58,0,3.5,"It can navigate booking/service software and complete simple transactional help requests, but consequential bookings (payments, correct dates, irreversible commitments) still need human confirmation, and it cannot proactively sense unstated human needs or coordinate people as the level 6 anchor requires.",medium,
3,49,1,1.0,"A still-image object classifier processes no audio at all, so it cannot attend to any sound source, distracting or otherwise.",high,
3,33,2,1.0,"A vision model has no body and exerts no physical force, so it performs none of this activity even at level 1.",high,
3,4,1,1.2,"The model emits category labels rather than composed prose, so it cannot even reliably produce a coherent short note conveying information to another person, let alone structured documents.",high,
5,5,1,4.0,"It reliably samples many visually distinct variants of a given concept (comparable to churning out numerous candidate logos or scene treatments), but its variation is stochastic restyling rather than deliberate enumeration of a constrained conceptual space, so it cannot exhaustively cover the distinct options a level-6 task demands.",medium,
5,21,0,1.5,"The model performs a single feed-forward synthesis pass; it can jointly condition on a couple of static inputs (text plus a reference image) but never shifts attention between concurrent, evolving activities or monitors anything over time, so even the level-2 dual-task anchor is only marginally met.",high,
6,25,1,1.0,Control Precision is a physical psychomotor ability requiring manipulation of machine or vehicle controls; a text-based reading comprehension model has no actuators and performs none of this activity even at level 1.,high,
1,6,2,3.5,"It reliably produces genuinely novel, non-obvious solutions (AlphaZero-style sacrifices, Move 37) but only inside a closed rule system with a given objective, so it cannot reframe an open-ended problem or invent in domains where the goal and constraints must themselves be conceived.",medium,
11,8,0,5.5,"It executes long deductive chains on well-posed problems at expert level, but still produces confidently stated invalid steps or hidden assumptions that only a qualified human (or a formal verifier) can catch, so it cannot be trusted unsupervised for consequential derivations like the level-6 engineering-design anchor.",medium,
5,24,2,1.0,"An image-generation model has no physical actuators and performs no grasping or manipulation of objects at all, so it does not perform this activity even at level 1.",high,
8,18,1,1.0,"A text-to-text translation model has no physical embodiment, sensory input, or self-location, so it performs no spatial orientation even at the lowest anchor.",high,
12,44,0,1.0,"The system operates purely on text/code and has no visual-spatial sensing, so it never judges physical distance at all.",high,
11,47,1,1.0,Glare sensitivity is a physical visual ability requiring perception of real-world scenes under bright lighting; a mathematical/scientific reasoning system performs no visual sensing at all.,high,
10,35,2,1.0,"Trunk Strength is a physical muscular ability; a purely digital agentic software system has no body and performs none of it, even at level 1.",high,
12,23,1,1.0,"The application is a software agent with no physical actuators, so it cannot grasp or manipulate objects at all, even at the light-bulb level.",high,
13,2,1,5.0,"It reliably parses and follows complex prose (lease-level and beyond) in dialogue, but on dense, highly technical procedural documentation it still misreads details, loses track across very long inputs, and confabulates plausibly, so precision-critical comprehension at the level-6 anchor cannot be left unsupervised.",medium,
3,3,0,1.0,"A vision model that outputs object labels produces no spoken communication at all, so it does not perform oral expression even at the lowest anchor.",high,
3,12,1,1.0,"A trained vision classifier only assigns labels to image content and never selects mathematical methods or formulas, so it performs no part of this activity even at the level-1 arithmetic anchor.",high,
4,55,0,1.0,"VQA answers factual questions about image content and has no mechanism, goal-directed dialogue, or accountability for changing anyone's mind or behavior, so it does not perform persuasion even at the level of soliciting a donation.",high,
8,28,0,1.0,Rate control is a psychomotor timing ability requiring physical movement in response to a moving object; a text translation model has no effectors or perception of motion and performs none of it even at level 1.,high,
8,21,1,2.2,"The model handles a single input stream in one pass eproducgenerating output, so it never genuinely shifts attention between independent, concurrently evolving sources of information as levels 3+ require (no real-time monitoring, interruption handling, or reprioritization).",medium,
12,46,0,1.0,Night Vision is a human visual-sensory ability requiring seeing under low light; the application has no visual sensing at all and performs nothing on this activity even at level 1.,high,
2,19,1,5.5,"Trained agents reliably anticipate spatial outcomes and opponent movement within their training distribution (near the level-6 chess anchor), but they lean on reactive learned policies rather than robust mental simulation and are demonstrably fooled by novel or adversarial configurations outside that distribution.",medium,
8,36,2,1.0,"A translation model has no body and performs no physical exertion whatsoever, so it does nothing for this activity even at level 1.",high,
7,40,2,1.0,"A text-predicting model has no body and cannot perform any physical balance activity, even standing on a ladder.",high,
13,13,0,1.5,"A conversational system can handle trivial single-step arithmetic mentioned in dialogue, but multi-step exact computation (checkbook balancing, interest calculations) is not what it is built for and its token-level arithmetic drifts without an external calculator, so accumulating figures reliably is out of reach.",medium,
5,43,0,1.0,"Peripheral vision is a human physical sensory ability requiring live visual perception of the surrounding environment; an image-synthesis model has no eyes, no visual field, and performs no perception at all.",high,
5,49,1,1.0,"An image generation model processes no audio at all, so it cannot focus on any sound source even at the lowest level.",high,
11,53,2,1.0,"A formal mathematical/scientific reasoning system operates on symbolic problem statements and never observes or interprets people's reactions, so it performs none of this activity even at the lowest anchor.",high,
10,49,1,1.0,"The application operates purely on digital text/tool interfaces and has no audio input or sound-source separation capability, so it does not perform auditory attention even at level 1.",high,
2,40,1,1.0,"A game-playing agent has no physical body and performs no balance-keeping activity whatsoever, consistent with the 0.00 calibration score.",high,
4,3,0,2.5,"The model emits short written answers about an image rather than speech, and cannot sustain the interactive, audience-adapted verbal explanation that level 4+ anchors require.",medium,
6,35,0,1.0,"Reading comprehension is a purely textual, disembodied capability with no physical actuation, so it cannot support body weight or exert abdominal/lower-back force at any level.",high,
5,8,0,2.3,"It reproduces learned visual regularities (perspective, shadows, gravity-plausible scenes) but cannot reliably satisfy explicit compositional or logical constraints such as counts, negations, precise spatial relations, or engineering/physical correctness, so no rule-derived answer can be trusted unchecked.",medium,
10,23,1,1.0,"The application operates only in digital environments and has no physical hands or actuators, so it cannot grasp or manipulate objects at all.",high,
6,22,2,1.0,"A text-reading question-answering system has no physical embodiment, so it cannot hold or move an arm at all, even for a level-1 steadiness task.",high,
1,55,1,1.0,A game-playing search agent produces moves in a closed rule system and has no communicative or interpersonal channel for influencing anyone's beliefs or behavior.,high,
9,56,2,1.0,"Transcribing speech to text involves no representation of interests, no proposal-making, and no reconciling of differences between parties, so the application performs none of the negotiation activity even at the lowest anchor.",high,
9,46,1,1.0,"Speech recognition processes audio only and has no visual sensing capability whatsoever, so it performs nothing on a low-light vision scale.",high,
8,26,0,1.0,"A text translation model has no limbs or physical actuators, so it performs no part of multilimb coordination even at level 1.",high,
4,30,2,1.0,"Visual question answering is a purely perceptual-linguistic system with no actuators or physical manipulation capability, so it performs no finger, hand, or wrist movement at any level.",high,
13,42,0,1.0,A conversational system has no visual sensing of distant scenes at all; it performs nothing of this activity even at level 1.,high,
12,4,0,4.3,"It reliably produces clear commit messages, PR descriptions, docstrings and inline explanations aimed at a specific reader, but cannot be trusted for sustained authoritative technical exposition (design docs, architecture guides, book-length reference material) because its narrative can misdescribe what its own patch actually does and it lacks verified whole-system understanding.",medium,
8,16,0,2.5,"A translation model only detects embedded patterns incidentally within clean textual input (spotting idioms, named entities or terminology amid surrounding prose); it has no perceptual search capability over noisy or degraded signals, so it cannot perform the visual/auditory figure-ground detection the level 4+ anchors describe.",medium,
6,20,2,4.2,"It never fatigues and ignores irrelevant surrounding material well on short-to-moderate passages, but on long, dense, distractor-rich documents (the level-6 'technical manual' case) it loses mid-context evidence and is swayed by superficially similar irrelevant passages, so sustained deep focus across a large technical corpus cannot be trusted unchecked.",medium,
6,26,1,1.0,"A text-reading question-answering system has no limbs or motor actuation, so it performs no part of multilimb coordination even at level 1.",high,
9,38,0,1.0,"Speech recognition is a disembodied audio-to-text pipeline with no body or actuators, so it performs no physical bending, stretching, twisting, or reaching at any level.",high,
10,57,1,3.5,"It can autonomously generate and even demonstrate step-by-step procedures for digital/software tasks, but it does not reliably read a learner's comprehension, adapt pacing, correct hands-on errors, or verify that the person actually learned, which is what the level-4 coworker-instruction anchor and above require.",medium,
12,55,0,1.0,"The system operates on code and tests with no human interlocutor to influence; it neither negotiates approach nor argues to change anyone's mind or behavior, so it performs no persuasion even at the level-2 anchor.",high,
2,32,1,1.0,"A game-playing agent has no body and exerts no muscle force at all, so it does nothing for static strength even at the level-1 anchor.",high,
8,26,2,1.0,"A text translation model has no limbs or motor actuators, so it performs no physical coordination at any level.",high,
2,51,0,1.0,A game-playing agent acts on visual/state input and produces control actions; it does not identify or understand human speech at all.,high,
9,45,1,1.0,"A speech recognition pipeline processes only audio and has no visual input or color-processing capability whatsoever, so it performs nothing on this activity even at level 1.",high,
7,58,0,3.3,"It can proactively offer suggestions and anticipate what a person might need in conversation, but with no tools it cannot execute the transactional service acts (booking, ordering, resolving an account) that the level-4 anchor requires, nor verify that any help actually landed.",medium,
5,50,0,1.0,"An image generation model has no auditory input or spatial hearing capability whatsoever, so it performs none of this activity even at level 1.",high,
7,19,0,2.0,"A text-only model can verbally reason about simple described reorientations (e.g., which way to feed letterhead) but has no visual input and unreliable internal spatial simulation, so it cannot follow a diagram or track multi-step rearrangements of parts.",medium,
6,10,2,3.5,"It can reliably extract and re-sequence items, steps, or events stated in a supplied passage according to simple stated rules, but it only reports orderings in text and degrades on long, multi-constraint or interleaved sequencing where a single omission would invalidate the result, so it cannot be trusted with the consequential procedural assembly the upper anchors describe.",medium,
5,19,0,3.2,"It renders plausible rearranged or restyled scenes, but cannot reliably derive a geometrically correct configuration from a diagram or reference \u2014 part counts, connections and precise spatial relations drift, so a level-4 'assemble it correctly from the diagram' result still needs human checking.",medium,
3,25,2,1.0,"An image-labelling model produces categorical labels and has no actuators or control loop, so it does not adjust machine controls at all, even at level 1.",high,
1,52,2,1.0,"A board-game search agent produces move selections, not speech; it has no speech output capability at all, so even level-1 verbal articulation is not performed.",high,
10,24,2,1.0,"A purely digital agentic system has no hands or physical actuators, so it cannot grasp or manipulate small objects at any level.",high,
12,33,1,1.0,"A software-patching AI has no body and exerts no muscular force at all, so it performs nothing on this physical-endurance scale even at level 1.",high,
1,5,0,3.0,"It generates prolific candidate moves and variations, but only by enumeration inside a formally closed rule space; it cannot produce ideas about open-ended, semantically defined topics as the level-4+ anchors require.",medium,
13,38,2,1.0,"Conversation is a purely linguistic/cognitive system with no body or actuators, so it performs no physical bending, stretching, twisting, or reaching at any level.",high,
12,20,0,4.5,"It is immune to environmental noise and sustains focus far longer than a human on a single well-scoped task, but over long agentic runs it drifts off-goal, chases irrelevant code paths, and degrades with long contexts, so it cannot be trusted to hold a complex thread amid heavy interference (level 6) unsupervised.",medium,
1,30,2,1.0,"A game-playing search agent has no hands or physical actuators, so it performs no finger, hand, or wrist movement at all.",high,
5,14,0,3.5,"Its weights encode a vast store of approximate visual knowledge (objects, landmarks, styles) it can recall on demand, but recall is gist-level and reconstructive rather than exact ine-grained details, arbitrary text strings, numbers, and specific identities are frequently garbled or drifted, so it cannot be trusted with the verbatim, item-accurate retention the level 4+ anchors require.",medium,
9,27,0,1.0,"Speech recognition produces text and initiates no physical movements, so it performs none of the psychomotor choice-of-response activity even at the doorbell/telephone level.",high,
5,36,1,1.0,Stamina is a physical cardiovascular capacity; an image generation model has no body and performs no part of this activity even at level 1.,high,
6,1,2,2.0,"The system takes only supplied written passages as input — it never processes speech, so it can at best handle a transcript-level equivalent of simple spoken content and cannot cope with real audio (prosody, accents, overlapping speakers, disfluency) at all.",medium,
8,9,0,2.8,"A translation model induces only local, within-text generalizations (inferring domain, register, referents and terminology consistency from context) and cannot combine disparate pieces of evidence into a novel general conclusion as level 4's 'determine the prime suspect' requires.",medium,
5,38,1,1.0,"Dynamic Flexibility is a physical bodily ability requiring repeated bending, stretching and twisting; an image-generation model has no body and performs none of it even at the lowest anchor.",high,
3,48,1,1.0,"The application processes still images only and has no audio input, so it performs no auditory detection or discrimination at any level.",high,
6,52,2,1.0,"The application produces written answers about a supplied passage and generates no spoken output at all, so it does not perform the activity even at level 1.",high,
9,26,2,1.0,A speech-to-text pipeline has no limbs or motor control and performs no physical coordination whatsoever.,high,
4,37,0,1.0,"Extent Flexibility is a purely physical bodily ability; a multimodal question-answering model has no body or actuators and performs none of it, even at level 1.",high,
13,38,0,1.0,"A conversational AI system has no body or actuators, so it cannot bend, stretch, twist, or reach at all, performing nothing for this physical activity even at level 1.",high,
11,27,0,1.0,Response Orientation is a psychomotor ability requiring rapid physical selection among movements in response to signals; a text-based mathematical reasoning system performs no movements and does nothing for this activity even at level 1.,high,
3,31,2,1.0,"A vision model has no limbs or actuators, so it performs no physical limb movement at any level.",high,
10,12,2,5.2,"With code execution it can select and verify standard and moderately advanced methods (statistics, optimization, numerical integration) but on novel, high-stakes formulations it still makes plausible-looking modeling and assumption errors it cannot self-detect, so level-6 derivations like specifying the mathematics of a lander simulation need expert review.",medium,
12,42,2,1.0,"The application is a text/code-based system with no visual sensing of the physical environment, so it performs no far-vision activity at all.",high,
5,54,1,1.2,"A generative image model only reacts to a single prompt; it has no awareness of other agents' ongoing actions, no scheduling or joint-task adjustment, so it does not perform coordination beyond trivially revising an output when a user asks.",high,
12,30,0,1.0,"The application is a disembodied software system with no fingers, hands, or wrists, so it performs no physical repeated movement at any level.",high,
13,40,1,1.0,"A conversational system has no body and performs no physical balancing whatsoever, so it does nothing for this activity even at level 1.",high,
7,28,0,1.0,Rate control is a continuous psychomotor timing ability requiring physical actuation and real-time perception of moving objects; a text-only model has no effectors or perceptual loop and performs none of it.,high,
5,52,0,1.0,"An image generation model produces no speech at all, so it cannot perform even the level-1 anchor of clearly calling out bingo numbers.",high,
5,57,1,1.5,"An image generator can produce decorative or vaguely illustrative visuals but cannot reliably render accurate step sequences, correct labels/text, or verify that a depicted procedure is correct, and it does not interact with or check a learner's understanding, so even level-2 instruction (showing a new hire how to use a time clock) is not something it can be trusted to carry out unsupervised.",medium,
6,17,2,2.5,"It can locate and compare symbolic items within a supplied text passage (roughly ZIP-code-sorting difficulty, done fast), but it has no perceptual channel for gauges, objects, or moving parts and makes character-level matching errors, so the timed visual discrimination of levels 4-6 is out of reach.",medium,
8,23,2,1.0,"A text translation model has no physical actuators and performs no grasping or manipulation of objects at all, so it does nothing even at level 1.",high,
5,42,0,1.0,"An image generator synthesises pixels from prompts and has no optical sensing of a physical environment at any distance, so it performs none of this perceptual activity even at the lowest anchor.",high,
2,3,0,1.0,"A game-playing agent produces game actions, not spoken communication, so it performs no oral expression at all even at level 1.",high,
11,30,0,1.0,"The application is a purely symbolic reasoning system with no physical actuators, so it performs no finger, hand, or wrist movement at all.",high,
13,44,1,1.0,"A conversational dialogue system has no visual/spatial input or motor output and performs no distance judgment at all, even at level 1.",high,
9,4,2,2.0,"It renders another speaker's words into readable, punctuated text but originates no content, structure or argument of its own, so it cannot compose even a purposeful short document like a recommendation letter.",high,
9,49,2,4.2,"Modern ASR pipelines stay usable through moderate ambient noise and single-target speech (airport-announcement difficulty), but word error rates degrade sharply with heavy industrial noise, low SNR, and overlapping simultaneous talkers, where separating and holding one target stream still requires human correction.",medium,
11,34,1,1.0,"The application is a purely symbolic reasoning system with no body or actuators, so it exerts no muscular force at all and cannot perform even the level-1 physical action.",high,
9,14,1,3.0,"The pipeline only holds speech within a short decoding context and dumps it to text; it has no persistent store of learned facts, procedures or images it can later recall, so it substitutes only for brief verbatim retention of just-heard words and numbers.",medium,
13,18,0,1.0,"A conversational system has no body, no location, and no perception of its surroundings, so it cannot know where it is relative to the environment even at the simplest anchor level.",high,
4,25,0,1.0,"VQA outputs text answers about images and has no actuators or control loop, so it performs no physical adjustment of machine controls even at the level-2 anchor.",high,
3,23,0,1.0,"A vision model outputs labels and has no hands, actuators, or physical manipulation capability, so it performs no part of grasping or assembling objects even at the light-bulb level.",high,
4,23,0,1.0,"A vision-language model that outputs text has no hands or actuators and performs no physical grasping or manipulation whatsoever, so it does nothing for this activity even at level 1.",high,
6,52,0,1.0,"The application is a text-in/text-out reading comprehension system that produces no speech at all, so it does not perform the activity even at level 1.",high,
7,45,2,1.0,"A text-only language model has no visual input and cannot perceive or compare colors at all, so it fails even the level-1 sorting task.",high,
6,56,1,1.3,"The system only answers questions about a supplied passage; it has no interaction with counterparties, no stake or authority to concede or commit, and so cannot conduct even the level-2 exchange of presenting and defending a request to another person.",high,
8,23,0,1.0,"A text translation model has no physical actuators and cannot grasp or manipulate objects at all, so it does nothing for this activity even at level 1.",high,
2,14,2,4.5,"Recurrent/learned memory reliably retains dynamic state (unit positions under fog of war, cooldowns, map layouts) and thousands of memorized procedures like build and item orders, but the storage is implicit and lossy "" it cannot take in novel arbitrary information once and reproduce it exactly, and recall degrades over long horizons outside its training distribution.",medium,
10,54,0,2.8,"It can reliably handle rule-bound, transactional coordination (scheduling, routing requests, dispatching and merging sub-agent/tool work), but cannot be trusted to sustain the mutual adjustment, renegotiation, and accountability that joint work with human counterparts at level 4+ requires, especially when others deviate from plan or communicate ambiguously.",medium,
12,5,0,4.8,"It readily produces many candidate hypotheses, fix approaches, and test ideas for a given issue (level-4-style volume), but it converges quickly on one path and does not exhaustively enumerate the full space of possible strategies across an unfamiliar large system as the level-6 anchor requires.",medium,
1,55,0,1.0,"A game-playing agent selects moves in a fixed-rule perfect-information setting and has no communicative channel or model of another agent's beliefs to influence, so it performs no persuasion even at level 1.",high,
1,18,1,1.4,"A board-game agent has no body or egocentric frame of reference; it manipulates abstract discrete state, so it never determines its own location relative to an environment even at the map-reading level of the level-2 anchor.",high,
10,15,2,4.3,"It reliably reconstructs meaning from messy digital inputs (garbled logs, malformed data, noisy pages, imperfect OCR/handwriting), but on genuinely degraded or ambiguous signal it confabulates plausible patterns often enough that a level-5 consequential read-and-decide (weather-radar-like) call cannot be left unsupervised.",medium,
10,20,1,4.5,"It never fatigues and can grind through long monitoring or execution loops, but over extended horizons it drifts off-goal, is diverted by irrelevant or injected page content, and gets stuck in error loops, so deep sustained focus amid heavy interference (level 6) is not reliably unsupervised.",medium,
13,12,0,3.5,"A conversational system can talk through and select standard methods for everyday quantitative problems, but its arithmetic and formula application are unverified and silently error-prone, so consequential level-4 work (payroll/profit-based bonus calculations) and beyond cannot be left unsupervised.",medium,
2,42,2,1.0,"The agent consumes rendered game frames or internal state, never optical light from physically distant objects, so it performs no distance visual acuity at all.",high,
10,35,0,1.0,Trunk Strength is a physical muscular ability requiring a body; a digital agentic system has no physical embodiment and performs none of it even at level 1.,high,
12,58,1,1.5,"It executes a specified issue-to-patch task and never proactively identifies or anticipates a person's needs, so it barely registers even at the level-2 anchor of volunteering a small courtesy, let alone service work requiring interaction with a requester.",high,
1,40,2,1.0,"A board-game search agent has no body and performs no physical balancing whatsoever, so it does nothing for this activity even at level 1.",high,
7,25,1,1.0,"Control Precision is a physical psychomotor ability requiring continuous manipulation of machine or vehicle controls; a text-only language model has no actuators and performs nothing on this scale, even at level 1.",high,
13,1,1,5.2,"It reliably parses and responds to ordinary and moderately technical speech, but at the top anchor's difficulty ASR degrades on specialist terminology, notation spoken aloud, accents, crosstalk and noise, and comprehension is not dependable enough to be trusted unsupervised where a misheard detail carries consequence.",medium,
3,44,0,1.8,"A still-image labeler only infers coarse relative depth ordering from occlusion and size cues; it lacks the real-time, metrically calibrated distance judgment tied to an action loop that even the level-2 anchor (merging into traffic) demands, and any such use would be safety-critical.",medium,
13,5,0,5.5,"It generates large volumes of on-topic ideas effortlessly and with low failure consequence, but tends toward recycled, generic enumerations and cannot guarantee the exhaustive, domain-specific coverage implied by the level-6 anchor.",medium,
10,8,1,5.0,"It reliably applies general rules to concrete cases and self-corrects within a digital workflow, but sustained expert-grade derivation from first principles where an error carries real engineering or financial consequence (level 6) still requires human verification, and long chains of inference drift without oversight.",medium,
5,8,2,2.5,"It implicitly applies learned regularities of perspective, lighting and object plausibility, but cannot reliably enforce explicit rule-based constraints (counts, negations, spatial relations, physical/engineering correctness), so it fails any task requiring inferred answers that must be verifiably consistent.",medium,
11,58,0,1.0,"The system derives answers to formal problems and has no interpersonal or proactive helping function — it does not identify people's needs or seek ways to assist them, so it performs nothing on this activity even at the level of offering a customer a coffee.",high,
4,41,1,4.3,"It reads clear close-range detail and moderate print reliably, but transcription of dense fine print degrades with resolution and hallucinated or dropped characters make unsupervised legal-document reading unsafe, and fine-grained defect discrimination (level 6) is well beyond it.",medium,
9,36,2,1.0,"A speech-to-text model has no body and performs no physical exertion at all, so it does not perform this activity even at the level-1 anchor of walking a quarter mile.",high,
1,1,1,1.0,"A board-game search agent takes board states as input and has no speech or language processing capability whatsoever, so it performs no oral comprehension even at level 1.",high,
7,41,2,1.0,"A text-only language model has no visual input at all, so it cannot see details at close range even at the lowest anchor level.",high,
7,11,2,5.2,"It fluently invents and applies multiple grouping schemes over text, but at the level-6 anchor the classification depends on accurate technical attribute values (melting points, tensile strength, cost) that an untooled model can confabulate, so its multi-dimensional taxonomies need expert verification.",medium,
9,20,1,4.0,"It sustains fatigue-free attention to a single audio stream over long stretches with moderate noise, but it cannot comprehend or reason over the content it attends to, and accuracy degrades under heavy overlap, crosstalk and unfamiliar accents, so the level-6 anchor's sustained deep processing amid strong distraction is out of reach.",medium,
4,12,2,3.0,"It handles counting, unit-price arithmetic, and simple chart/table reads from images, but multi-step method selection (e.g., deriving a profit formula for bonus calculation) is error-prone enough — through both misperception of the image and arithmetic slips — that its numeric outputs cannot be trusted unchecked.",medium,
8,11,1,3.0,"A translation model only applies fixed linguistic categories implicitly (sense, register, gender, idiom class) to produce text; it does not output explicit groupings or generate novel multi-criteria classification schemes over arbitrary domain attributes.",medium,
5,17,2,1.5,"A generative image model outputs pixels rather than comparison judgments; its only perceptual-matching is implicit (matching inpainted texture or reference style), and it cannot be handed a discrimination or sorting task like matching ZIP codes or spotting defects and return a reliable verdict.",medium,
7,46,0,1.0,Night vision is a physical sensory ability requiring visual perception in low light; a text-only language model has no visual input or perception whatsoever.,high,
13,33,0,1.0,"A conversational AI has no body and exerts no muscular force at all, so it performs nothing on this physical-endurance scale even at level 1.",high,
12,31,2,1.0,"The application is a purely software-based code-patching system with no limbs or physical actuation, so it performs no limb movement at any level.",high,
13,50,2,1.0,"The application processes speech content, not spatial acoustics; it performs no directional judgment of sound origin even at the level-2 anchor.",high,
3,42,1,4.0,"The model can label distant objects and detect sharpness/detail when resolution permits, but fine-grained discrimination of small, low-contrast, atmospherically degraded targets (the level 6-7 anchors) is unreliable and depends on sensor optics the model does not control.",medium,
1,51,0,1.0,"A board-game search agent takes discrete game states as input and has no audio processing capability whatsoever, so it performs no speech recognition even at the lowest anchor.",high,
13,42,1,1.0,"A conversational dialogue system has no visual sensing capability at all, so it cannot see details at any distance.",high,
13,10,0,3.5,"It can reliably sort, sequence and lay out multi-step procedures from stated rules in dialogue, but on long or tightly constrained rule sets it drops or transposes steps without noticing, so it cannot be trusted unsupervised where an out-of-order step carries real consequence.",medium,
8,53,1,1.4,"A translation model only maps text between languages; it has no perception of an interlocutor's reactions or the causes behind them, at most implicitly preserving register and politeness cues already present in the source.",high,
5,49,2,1.0,"An image generation model processes no audio input at all, so it cannot attend to any sound source, distracting or otherwise.",high,
9,43,0,1.0,"Speech recognition processes only audio and has no visual input or field-of-view perception whatsoever, so it performs none of this activity even at level 1.",high,
3,25,0,1.0,"The system only assigns labels to images and has no actuators or control loop, so it cannot adjust any machine control to any position.",high,
10,54,1,2.5,"It can execute rule-bound, tool-mediated coordination like booking slots, sending follow-ups, and sequencing calls to other services, but it cannot reliably track shifting commitments of multiple human parties, renegotiate handoffs, or absorb the ambiguity and accountability of joint work at the level-4 crew or level-6 project-director anchors.",medium,
2,24,2,1.0,"The agent emits controller or API actions in software and has no hands or end-effector, so it never grasps or manipulates physical objects at all — even the level-2 anchor of putting coins in a meter is outside its action space.",high,
5,5,0,4.3,"It can pour out large numbers of distinct visual variants on demand (comfortably the 'many names for a company' level in the visual register), but it samples rather than deliberately enumerates 
chigh-mode-collapse output that neither covers a concept space systematically nor knows what it has left out, so exhaustive option-generation like the level-6 anchor is out of reach.",medium,
13,7,0,3.5,"It reliably flags problems that surface explicitly or as clear contradictions in the dialogue, but inferring impending trouble from subtle affective or tonal cues (level 4 and above) is inconsistent and, in high-stakes cases like crisis or risk detection, cannot be left unsupervised.",medium,
8,24,0,1.0,"A text translation model has no physical actuators and performs no finger manipulation whatsoever, even at the level of inserting a coin.",high,
8,40,2,1.0,"A text translation model has no body and performs no physical balance activity at all, even at level 1.",high,
1,54,1,1.5,"It only reacts to an opponent's moves inside a closed, fully specified rule system; it cannot negotiate, align schedules, or adjust its work to other agents' goals and constraints as even the level-2 clinic-scheduling anchor requires.",medium,
6,28,2,1.0,"A text-based question-answering system performs no physical timing or motor coordination with moving objects, so it does nothing for this activity even at level 1.",high,
11,58,1,1.3,"The system only derives answers to posed technical problems; it does not proactively identify or attend to people's needs, so it barely registers even at the level-2 anchor of offering a small courtesy to a customer.",high,
6,12,1,2.5,It is confined to arithmetic and comparisons whose quantities and relations are already stated in the supplied passage; it does not select or construct mathematical methods or formulas for novel problems as level 4+ requires.,medium,
10,31,1,1.0,"The application is purely digital and has no limbs or physical actuators, so it performs no limb movement at any level.",high,
5,41,1,1.5,"Image generation synthesises pixels rather than visually inspecting them; apart from coarsely encoding a reference image, it performs no close-range detail discrimination and cannot be trusted to spot fine print or minute defects.",medium,
7,19,1,2.3,"As a text-only model it cannot take in diagrams or scenes and is unreliable on even simple mental-rotation/orientation reasoning, so it stops just past the level-2 anchor and cannot reach the diagram-following work at level 4.",medium,
2,17,2,5.5,"Trained agents discriminate and track dense visual patterns faster than humans within their own game, but the competence is tied to the trained environment's distribution and degrades on altered or novel pattern sets, so it does not generalize to arbitrary high-speed inspection-style comparison tasks.",medium,
7,18,0,1.2,"A text-only model has no body, no location, and no perceptual input, so it cannot know where it is or where objects are relative to it; it can only discuss spatial descriptions verbally, falling short even of reading a floor plan to find a store.",high,
9,24,2,1.0,"A speech-to-text pipeline has no hands or actuators and performs no physical manipulation whatsoever, so it does nothing for finger dexterity even at level 1.",high,
4,49,2,1.0,"Visual question answering takes only images and text as input and has no audio processing capability whatsoever, so it cannot attend to sound at any level.",high,
7,29,0,1.0,"A text-predicting model has no hands, feet, or sensors and cannot physically respond to a signal at all, so it performs nothing on this physical-response scale.",high,
8,29,0,1.0,"A text translation model has no sensory-motor loop and produces no hand, finger, or foot response to a signal, so it performs none of this activity even at level 1.",high,
4,40,0,1.0,"A visual question answering model has no body and performs no physical balancing whatsoever, so it does nothing for this activity even at level 1.",high,
2,13,1,2.0,"Game agents encode quantities (health, resources, supply) only as learned value approximations and never perform explicit, verifiable arithmetic, so they cannot be substituted for even simple deliberate calculation beyond trivial implicit counting.",medium,
12,37,0,1.0,Extent Flexibility is a purely physical bodily activity; a disembodied code-patching system has no body and performs none of it.,high,
12,30,1,1.0,"The application is a software system with no physical hands, fingers, or wrists, so it performs no motor movement at all even at level 1.",high,
11,13,1,5.5,"It reliably handles compound-formula computations like interest, growth rates, and statistical aggregates, but purely token-level arithmetic on long multi-digit or high-precision exact calculations still produces silent slips unless an external calculator/code tool is invoked, so unsupervised exactness at the top of the scale isn't assured.",medium,
4,35,0,1.0,"Trunk Strength is a physical muscular capacity requiring a body; a software model answering questions about images exerts no force at all, so it performs nothing even at level 1.",high,
13,32,1,1.0,"A conversational system has no physical body and cannot exert any muscular or mechanical force, so it does nothing for this activity even at level 1.",high,
8,37,2,1.0,"A translation model has no body or actuators, so it performs no physical bending, stretching, twisting, or reaching at any level.",high,
8,13,2,1.2,"A translation model transfers numerals across languages (including notation/format conventions) but performs no actual arithmetic, so it barely clears the trivial 'add 2 and 7' anchor and cannot reliably compute even checkbook-level sums.",high,
6,33,0,1.0,"A text-reading question-answering system exerts no muscle force at all, so it performs nothing on this physical activity even at level 1.",high,
4,41,0,4.3,"It reliably resolves everyday close-range detail (dials, labels, moderate text) but still misreads dense fine print, small digits and subtle fine-grained differences often enough that unsupervised legal-document-grade reading or defect detection is not attained.",medium,
3,6,1,1.0,"A trained classifier assigns labels from a fixed learned category set and generates no novel ideas or creative solutions, so it performs no part of the originality activity even at the level-2 anchor.",high,
6,26,0,1.0,A text-reading question-answering system has no limbs or motor actuators and performs no physical coordination whatsoever.,high,
5,44,1,1.5,"The model only renders plausible depth cues (occlusion, relative scale, perspective) inside synthesised pictures; it never senses a real scene or produces an actionable distance judgment, and even its rendered geometry is inconsistent often enough to be untrustworthy.",medium,
3,9,0,2.2,"A trained classifier only maps pixel patterns to labels learned in training; it cannot combine heterogeneous pieces of evidence into a novel general rule or conclusion, so it stops just past the simple 'infer from one signal' level and never reaches investigative or diagnostic synthesis.",medium,
11,9,0,4.8,"It reliably infers rules and patterns in well-posed formal problems (competition-style generalization, conjecture from worked cases), but on open-ended synthesis of many heterogeneous, noisy pieces of evidence it still produces confidently wrong generalizations that require expert verification, so the level-6 'diagnose from many different lab tests' standard of unsupervised, consequential integration is not met.",medium,
10,13,1,6.0,"With code execution the arithmetic itself is essentially exact, so the binding limit is not calculation but correctly framing the computation from messy real-world inputs (misread figures, wrong formula or units), which still requires review in high-stakes financial or engineering computations.",medium,
4,15,1,4.0,"It reliably resolves partial or degraded visual input into recognizable patterns (objects from fragments, messy handwriting/text) but cannot be trusted unsupervised on expert pattern interpretation of specialized displays like weather radar, where hallucinated readings would be consequential.",medium,
13,54,1,2.5,"It can handle dialogue-mediated coordination like booking, confirming, and rescheduling appointments, but it takes no actions in the world and cannot monitor or adjust to others' ongoing work, so joint task execution (level 4) and multi-party project direction (level 6) are out of reach.",medium,
1,20,2,4.3,"The engine sustains flawless, fatigue-free concentration on a long formal task (matching the all-night vigilance anchor), but it operates on sanitized rule-bound input and never has to hold focus while filtering genuinely extraneous, unrelated stimuli as the level-6 anchor requires.",medium,
13,39,1,1.0,"A conversational system has no body or actuators, so it cannot coordinate whole-body movement at any level.",high,
5,37,0,1.0,"Extent Flexibility is a purely physical bodily ability requiring a body to bend, stretch, twist or reach; an image-generation model has no physical embodiment and performs none of it even at level 1.",high,
10,10,1,4.5,"It reliably sequences and re-sequences steps in moderately complex digital procedures (build pipelines, multi-tool workflows, data reordering), but compounding step errors and silent drift over long horizons make it unfit for zero-defect, high-consequence assembly-grade ordering without human checkpoints.",medium,
4,13,0,2.3,"It handles trivial arithmetic and small-set counting from images, but visual counting in cluttered scenes and multi-step tabulation from charts/receipts (the checkbook-balancing tier) still produce silent digit-reading and summation errors that require human checking.",medium,
2,27,0,5.0,"Game agents select correct actions among many options at superhuman speed and accuracy within their trained environment, but they cannot be trusted for the consequential, out-of-distribution, safety-critical rapid responses the level 6-7 anchors describe (recovering an out-of-control vehicle), where novel signals and physical stakes demand robustness these agents lack.",medium,
12,7,1,3.5,"It reliably detects explicit failure signals (stack traces, failing tests, type errors) and flags obvious defects, but the problem is usually pre-identified for it by a human-written issue, and it does not reliably notice latent, weakly-symptomatic hazards such as race conditions, security holes, or regressions its patch itself introduces.",medium,
4,47,1,2.5,"It can identify objects in ordinary static photos with mild brightness variation, but has no real-time continuous perception and degrades sharply on overexposed/flared regions and small distant targets against bright backgrounds, so the level 5-6 anchors (spotting boats on a glaring horizon, skiing in bright sun) are out of reach.",medium,
9,30,2,1.0,"The application has no hands, fingers, or wrists and executes no physical movement at all; it produces text through computation rather than by performing rapid repeated manual motions, so it does not perform this activity even at level 1.",high,
9,38,2,1.0,"Speech recognition is a disembodied audio-to-text pipeline with no physical body or actuators, so it performs no bending, stretching, twisting, or reaching at any level.",high,
8,37,0,1.0,"A text translation model has no body or actuators, so it cannot bend, stretch, twist, or reach at all.",high,
8,14,2,5.5,"Its parametric store of vocabulary, idiom and terminology is vast and in-context recall of short passages is near-verbatim, but it cannot be trusted for exact, unsupervised retention of rare named entities, numbers, or consistent terminology across long documents, where it silently omits or confabulates.",medium,
12,30,2,1.0,"The application has no hands or physical actuators, so it performs no finger, hand, or wrist movements at all; text generation is not a psychomotor act.",high,
3,12,2,1.0,"A trained vision model only assigns labels to image content; it does not select or apply mathematical methods at all, so it cannot even perform the level-1 unit-price arithmetic anchor.",high,
1,37,0,1.0,"A board-game search agent has no body or actuators, so it performs no bending, stretching, twisting, or reaching at all.",high,
4,48,1,1.0,"Visual question answering processes only images and text and has no audio input, so it cannot detect or discriminate sounds at all.",high,
4,53,1,2.3,"It can read visible emotional cues and immediate situational causes in a static image (an angry queue, a distressed face), but has no access to ongoing relationships, history, or interactive context needed to reason about how people will react to events like a coworker's promotion, and cannot be trusted unsupervised where misreading affect carries consequences.",medium,
9,18,0,1.0,"A speech-to-text pipeline outputs transcribed words and has no representation of its own position or of objects in an environment, so it performs no part of spatial orientation even at the lowest anchor.",high,
6,4,2,3.2,"Its written output is confined to short, passage-grounded answers and summaries 
ot it it never composposes original evaluative or extended documents of the kind the level-4 anchor describes.",medium,
1,6,1,3.5,"Its novelty is genuine but confined to a closed, formally specified rule system it does not choose or reframe, so it cannot handle the open-ended, ill-defined problem framing that level 4+ anchors require.",medium,
4,14,0,4.0,"Within a single context the model reliably holds and repeats presented words, numbers and image details, but it has no durable retention beyond the context window and verbatim recall of newly presented lengthy material (level 6 anchor) degrades into paraphrase or confabulation.",medium,
1,11,1,2.5,"The engine sorts states only along its own fixed built-in criteria (legal/illegal, win/draw/loss, evaluation score) and cannot generate or switch among alternative, user-specified multi-attribute grouping schemes as levels 3+ require.",medium,
4,1,2,1.5,"The model takes images plus typed questions and has no audio channel at all, so it can only stand in for oral comprehension insofar as a short, simple spoken query is transcribed for it — well below the sustained-discourse understanding implied at level 2 and above.",medium,
4,28,0,1.0,"Visual question answering produces text answers about static images and has no motor output or continuous timing of movement, so it performs no rate-control activity even at level 1.",high,
9,25,0,1.0,"A speech-to-text pipeline produces text and manipulates no physical machine or vehicle controls, so it performs no part of this psychomotor activity even at the lowest anchor.",high,
2,30,2,5.0,"The agent emits fast, accurate, sustained repeated discrete inputs (hundreds of actions per minute) through a software control interface, but it has no physical hands, so anchor tasks requiring actual finger/wrist actuation on objects (sharpening, carving) or true keyboard typing are out of reach.",medium,
4,44,2,1.8,"It can answer coarse relative-depth questions about static images ('which object is nearer'), but metric distance estimates are unreliable and it has no real-time dynamic depth tracking, so it cannot be trusted for consequential in-motion judgments like merging into traffic (level 2) or crane placement (level 4).",medium,
8,17,2,2.5,"The translation model handles rapid symbol-level comparison and matching only within text it is fed (e.g., carrying over numerals, names, and codes correctly), and cannot perform the visual, time-pressured discrimination of gauges, objects or parts that levels 4 and above require.",medium,
5,9,0,2.3,"The model implicitly combines prompt elements and fills in unstated but consistent scene details (a weak, level-2-style inference), but it forms no explicit hypotheses or general rules from evidence and routinely violates multi-constraint logical consistency, so evidence-driven conclusions at level 4 and above are out of reach.",medium,
8,7,1,2.0,"A trained translation model only detects the most obvious surface anomalies in its input (garbled or untranslatable text) and typically produces fluent output silently rather than flagging ambiguity, source errors or high-stakes mistranslation risk, so it cannot be relied on to notice that something is wrong.",medium,
1,15,2,5.0,"It organizes clean symbolic board states into evaluated patterns superhumanly fast and reliably, but its closure ability is confined to fixed-rule, noise-free inputs and cannot handle degraded, ambiguous, or open-world sensory material beyond its game representation.",medium,
1,12,2,2.0,"The agent executes a fixed, pre-specified search and evaluation procedure within one closed rule set; it never selects a mathematical method or formula for a novel problem, so it cannot substitute for a human at anchors like deciding how to compute profits.",medium,
9,43,1,1.0,"A speech-to-text pipeline processes only audio and has no visual input or capacity to detect objects or motion at the edge of a visual field, so it performs none of this activity.",high,
12,52,2,1.0,"The application produces code patches, not spoken output, so it does not perform speech clarity at all.",high,
11,34,0,1.0,"The application is a disembodied reasoning system with no actuators, so it cannot exert any muscle force or propel objects at all, even at level 1.",high,
12,34,0,1.0,"The application is a disembodied software system with no physical actuators, so it cannot exert muscular force at all, even at level 1.",high,
9,58,2,1.0,"A transcription pipeline only converts audio to text; it forms no intent to help anyone and takes no helping action, so it does not perform this activity even at the level-2 anchor.",high,
4,16,2,3.2,"It reliably locates reasonably salient known objects in moderately cluttered scenes, but degrades sharply on small, low-contrast, occluded or camouflaged targets in high-clutter imagery (the level-4 'golf ball in the rough' case), where current multimodal models miss or hallucinate detections without any reliable signal of failure.",medium,
12,27,0,1.0,"Response Orientation is a psychomotor ability requiring rapid physical movement selection in response to sensory signals; a code-patching AI has no motor output or real-time signal response role, so it does nothing for this activity even at level 1.",high,
7,23,1,1.0,"A text-only language model has no physical actuators and cannot grasp, move, or manipulate any object, so it performs none of this activity even at level 1.",high,
13,8,0,4.5,"It applies general rules fluently to everyday and moderately technical problems in dialogue, but unverifiable slips in longer deductive chains mean it cannot be trusted unsupervised with consequential level-5 judgments, and it lacks the quantitative, verified rigor of level-6 engineering derivation.",medium,
2,49,2,1.0,Game-playing agents act on visual/state inputs and do not perform auditory stream segregation—separating a target sound from competing sounds is not part of what the trained agent does at all.,high,
6,47,2,1.0,"A text-reading question-answering system has no visual sensing at all, so it performs nothing on a physical vision ability like seeing under glare.",high,
3,8,0,2.2,"A vision classifier only applies learned category boundaries to a single instance; it performs no multi-premise inference, no selection of which rules or factors apply, and cannot chain rules toward a novel conclusion as levels 5-6 require.",medium,
6,3,1,1.5,"The system produces written answers about a supplied passage and does not speak or handle interactive spoken exchange at all, so it only nominally conveys information that someone else would have to voice.",high,
5,36,2,1.0,"Stamina is a physical, whole-body exertion ability; an image-generation model has no body and performs none of it even at the level-1 anchor of walking a quarter mile.",high,
7,8,2,5.0,"It can reliably enumerate and apply general rules to specific cases in prose (e.g., what factors bear on a decision), but multi-step quantitative or formal derivations of the level-6 kind degrade into arithmetic slips and confident hallucination that the model cannot self-verify without tools or review.",medium,
2,50,2,1.2,"Game-playing agents act almost entirely on visual/state input and typically discard audio; nothing in the trained agent determines the direction a sound came from, so even the level-2 anchor (identifying which speaker emits sound) is not reliably performed.",medium,
7,47,2,1.0,"A text-only language model has no visual sensing at all, so it cannot see objects under any lighting condition.",high,
6,2,2,5.2,"It reliably locates and combines evidence in ordinary and moderately technical prose (lease-level and above), but on dense, highly technical or long multi-part documents it still occasionally conflates or fabricates details and cannot be trusted unsupervised where a misread instruction would be consequential.",medium,
13,20,2,4.3,"It never fatigues and can hold a thread through long sessions, but in heavy noise or multi-speaker cross-talk its recognition degrades and it is easily pulled off-task by irrelevant or injected input, so it cannot reliably follow demanding content amid strong competing stimuli (level 6).",medium,
3,45,0,4.3,"It can classify and compare colors in pixel data reliably enough for tasks like distinguishing colored wires or sorting by shade, but uncalibrated illumination and white balance undermine absolute color matching, and it cannot perform the productive, judgment-in-action color work (e.g., mixing and rendering hues to match a live subject) that levels 5-6 describe.",medium,
5,34,2,1.0,"An image generation model has no body and exerts no muscle force, so it performs nothing on this physical activity even at level 1.",high,
11,31,2,1.0,"The application is a purely symbolic reasoning system with no body or actuators, so it performs no limb movement at any level.",high,
12,7,0,4.0,"It reliably spots explicitly signalled defects (failing tests, stack traces, reported issues) and flags many plausible code smells, but detecting latent, weakly-signalled faults such as race conditions, security holes, or subtle regressions is noisy enough — with both false positives and silent misses — that it cannot be trusted unsupervised as the sole detector of unreported problems.",medium,
11,2,2,5.7,"It reliably parses dense technical prose, notation, and multi-condition problem statements at roughly the level-6 anchor, but still misreads ambiguous, figure-dependent, or idiosyncratically stated research material often enough that unsupervised interpretation of novel highly technical documents cannot be trusted at the top of the scale.",medium,
8,15,2,3.9,"It reliably resolves noisy, idiomatic or garbled text into coherent meaning (the level-4 'strange handwriting' analogue) but cannot synthesize multi-source, non-linguistic signals into an actionable interpretation as level 5 requires, and its gap-filling on badly degraded input can be confidently wrong.",medium,
12,2,2,5.0,"It reliably parses issue text, API docs and code semantics, but misreads underspecified or implicitly-constrained requirements and fails to integrate meaning across large, dispersed technical documentation the way the level-6 anchor demands, so patches often satisfy the literal tests while missing intent.",medium,
7,49,0,1.0,"A text-only language model receives no acoustic input at all, so it cannot separate or attend to any sound source even at the simplest level.",high,
5,18,0,1.0,"The model is disembodied and has no location or sensed environment: it renders depictions of space rather than knowing where it is relative to surroundings, so it does not perform the activity even at the level-2 floor-plan anchor.",high,
8,56,0,1.0,"A translation model only re-renders text between languages; it holds no interests, makes no concessions, and cannot bring parties together or reconcile their differences, so it does not perform the activity even at the level-2 anchor.",high,
10,14,0,5.8,"Verbatim retention and recall of text, numbers and procedures is a native strength (context plus files/retrieval), but on long horizons agents demonstrably drop earlier instructions, conflate details, and confabulate specifics, so guaranteed exact recall of large bodies of material over an extended task is not assured.",medium,
9,37,2,1.0,"Speech recognition is a purely software audio-to-text pipeline with no body or actuators, so it performs no physical bending, stretching, or reaching at any level.",high,
2,22,0,1.0,"A game-playing agent has no physical arm or hand and exerts no bodily steadiness; it emits digital control inputs, so the activity is not performed at all.",high,
10,9,2,4.4,"It reliably synthesizes multi-source evidence into plausible general conclusions (e.g., root-causing a bug from logs, traces and code), but on level-6-style inferences from many noisy, partly conflicting signals it still hallucinates causal links and compounds errors over long horizons, so consequential diagnostic conclusions cannot be left unreviewed.",medium,
12,25,0,1.0,"The application produces code patches and has no physical actuators, so it never adjusts machine or vehicle controls at all, even at the dimmer-switch level.",high,
12,2,1,5.2,"It reliably parses dense technical prose (issue threads, stack traces, API docs) but still misreads underspecified or long cross-referenced specifications, silently satisfying the tests rather than the stated intent, so it cannot be trusted unsupervised with level-6 manual-grade comprehension.",medium,
5,56,2,1.0,"An image synthesis model has no interlocutor, no interests to represent, and no capacity to exchange concessions or reconcile parties' differences, so it does not perform negotiation even at the lowest anchor.",high,
6,4,1,3.5,"Its writing is confined to clear, short passage-grounded answers and summaries; it never composes extended, audience-tailored documents with sustained original structure (the level 4-6 anchors), and occasional ungrounded or misattributed statements mean its longer explanatory output still needs checking against the source.",medium,
1,25,2,1.0,"The system outputs discrete moves in a symbolic game state and has no actuators or continuous control loop, so it performs no physical adjustment of machine controls even at the dimmer-switch level.",high,
6,33,1,1.0,"A text-reading question-answering system has no body and exerts no muscular force, so it performs none of this physical activity even at level 1.",high,
5,31,0,1.0,"An image generation model has no limbs or physical actuation, so it performs no part of this psychomotor activity even at level 1.",high,
5,47,2,1.0,"Glare Sensitivity is a physical visual-perception ability requiring live optical sensing under bright light, which a text-to-image generative model does not perform at all — it synthesises pixels rather than seeing objects in any lighting condition.",high,
8,33,2,1.0,"A text translation model has no body or actuators, so it exerts no muscular force at all, even at the lowest anchor.",high,
5,33,0,1.0,"An image-generation model has no body and exerts no muscular force at all, so it performs nothing on this physical-ability scale even at level 1.",high,
8,42,1,1.0,"A text-to-text translation model has no visual sensing capability whatsoever, so it cannot see details at any distance.",high,
3,20,0,4.2,"It never fatigues and can flag targets in cluttered scenes indefinitely, matching night-shift monitoring, but level 6 requires sustained comprehension of complex material amid interference, which a labeling vision model does not do (and its false-positive/negative rate in cluttered or poorly lit footage still needs human review for consequential alerts).",medium,
6,54,0,1.0,"The system only answers questions about a supplied passage; it takes no actions in a shared workflow and cannot perceive or adjust to others' actions, so it does not perform coordination even at the level of scheduling appointments.",high,
7,24,1,1.0,"A text-only language model has no hands or physical actuators, so it cannot manipulate objects at all, even at the level of inserting a coin.",high,
5,32,2,1.0,"An image generation model has no physical body and exerts no force whatsoever, so it cannot perform even the level-1 anchor of pushing an empty cart.",high,
2,47,1,1.0,"A game-playing agent receives clean rendered pixels or game-state input and never contends with physical glare or bright ambient lighting, so it performs nothing on this activity even at level 1.",high,
2,26,1,2.5,"The agent issues simultaneous virtual control channels (move/aim/ability) under time pressure, which is only an abstract analogue of coordinating limbs; it has no body or effectors, so anchors like forklift operation or drumming — which require physically coordinated limb movement against real-world load, friction and timing — are out of reach.",medium,
7,19,2,2.0,"With no visual input or spatial working model, it can only handle spatial rearrangements that are fully described in words (level-2 style), and cannot read a diagram to assemble a cabinet or track evolving board configurations.",medium,
3,58,0,1.0,"An image classifier only assigns labels to visual content; it has no interaction with people and takes no action to help anyone, so it does not perform the activity even at level 1.",high,
1,44,0,1.0,"A board-game agent operates on abstract discrete states with no 3D visual input, so it never judges physical distance or relative object depth at all.",high,
5,53,0,1.0,"An image-synthesis model receives a prompt or reference image and outputs pixels; it has no channel for observing a person's reactions over time and no capacity to infer or act on their emotional state, so it performs none of this activity even at level 1.",high,
13,52,1,6.0,"Neural TTS is consistently intelligible enough to deliver announcements or a full lecture, but residual mispronunciation of rare names, acronyms and technical terms, and inability to adapt articulation to a noisy room or audience feedback, keep it from the top of the scale.",medium,
1,16,1,5.0,"It detects known tactical/shape motifs buried in vast combinatorial complexity with superhuman reliability, but only on clean symbolic board states within fixed rules — it never faces the noisy, perceptual, ambiguous input that the level-6 anchor (camouflaged targets from a fast aircraft) describes.",medium,
6,51,1,1.0,"The application takes only supplied written text as input and has no audio processing capability whatsoever, so it cannot identify or understand spoken speech at any level.",high,
3,13,1,1.0,"A trained object-labelling vision model performs no arithmetic at all; it outputs category labels, so even 'add 2 and 7' is outside what it does.",high,
12,1,1,1.0,"The system takes written issues and code as input and has no speech input or audio processing at all, so it performs no oral comprehension even at the simplest level.",high,
10,6,1,3.4,"It reliably improvises clever workarounds within a digital environment (alternate APIs, scripts, retry strategies — solidly level-2/3 'credit-card-on-the-door' ingenuity), but its novel solutions are recombinations of training patterns that require human filtering, so it cannot be handed unsupervised responsibility for genuinely original design work like level-4 redesign of a system for humans, let alone invention.",medium,
6,11,2,4.0,"It can reliably regroup and classify entities along several attributes that the supplied passage states or implies, but it does not devise or validate novel multi-criteria classification schemes over technical domains where the grouping rules must come from external expertise and carry consequence.",medium,
4,33,0,1.0,"Visual question answering is a purely computational perception-and-language task with no physical actuation, so it exerts no muscular force at all, even at the level-2 anchor of trimming a bush.",high,
4,44,1,1.7,"It can answer coarse relative-depth questions about static images but cannot produce reliable metric distance estimates or the continuous, real-time depth judgment under safety consequence that the level-2 merging anchor requires.",medium,
3,44,1,1.8,"A still-image labeling model can at best infer coarse relative ordering (occlusion, size cues) as a by-product of recognition; it produces no calibrated metric distance and cannot make the continuous, safety-critical real-time depth judgments the level-2+ anchors (merging into traffic, crane operation) require.",medium,
13,42,2,1.0,"A conversational text/speech system has no visual input at all, so it cannot see details at any distance.",high,
11,52,0,1.0,"The system produces written formal reasoning and does not speak at all, so it performs no part of Speech Clarity even at the bingo-calling level.",high,
1,32,1,1.0,"A game-playing agent has no physical actuators and exerts no muscle force at all, so it does nothing for this activity even at level 1.",high,
5,49,0,1.0,"An image generation model processes text/image inputs and produces pixels; it does not receive or attend to audio at all, so it performs none of this activity even at level 1.",high,
3,38,0,1.0,"Image recognition is a purely perceptual software system with no body or actuators, so it performs no bending, stretching, twisting or reaching at any level.",high,
8,31,0,1.0,"A text translation model has no limbs or physical actuation, so it performs no part of this activity even at level 1.",high,
5,27,1,1.0,Response Orientation is a psychomotor ability requiring rapid physical selection between motor responses to competing signals; a text-to-image generative model performs no real-time signal monitoring or motor action at all.,high,
7,9,2,4.4,"It reliably synthesizes textual evidence into plausible general conclusions (level-4 style inference), but level-6 inductive work like integrating many discordant test results into a consequential diagnosis requires calibrated uncertainty and accountability the model lacks, given its tendency to confabulate confident conclusions from incomplete or conflicting inputs.",medium,
9,30,1,1.0,"Speech recognition is a purely acoustic-to-text software pipeline with no physical actuators, so it performs no finger, hand, or wrist movements at all; the only arguable overlap is displacing typing as an input method, which is not performing the movement activity.",high,
11,43,0,1.0,"The application is a text-based reasoning system with no visual field or side-vision sensing whatsoever, so it performs nothing on this activity even at level 1.",high,
8,1,2,3.2,"The model takes text, not audio, so it never actually listens \, spoken language \u2014 it can only comprehend clean transcripts of everyday speech, and lacks the acoustic disambiguation, speaker separation and disfluency handling needed for real spoken input, let alone dense technical lectures.",medium,
1,3,2,1.0,A game-playing search agent outputs moves in a fixed notation and produces no spoken communication of information or ideas to a listener.,high,
3,40,0,1.0,"A still-image classifier has no body and no motor control, so it performs no balance-maintaining activity at any level.",high,
1,24,2,1.0,"A game-playing search agent has no hands or physical actuators, so it performs no finger manipulation at all, not even inserting a coin.",high,
11,9,1,4.8,"It reliably combines given facts into general rules and conjectures in well-specified formal problems, but its inductive generalizations from noisy, heterogeneous or incomplete evidence are frequently plausible-sounding yet wrong, so a level-6 diagnostic synthesis cannot be left unverified.",medium,
7,26,0,1.0,"A text-only model has no body or actuators, so it cannot coordinate limbs at all, even at the lowest anchor.",high,
1,39,0,1.0,"A board-game search agent has no body and performs no whole-body movement whatsoever, so it does nothing for this activity even at level 1.",high,
10,21,0,3.5,"It interleaves tool calls, tabs and subtasks sequentially and can hold several information streams in context, but it loses track of parallel state over long horizons and cannot be trusted with real-time, high-consequence concurrent monitoring of the kind level 6 describes.",medium,
12,39,2,1.0,"The application is purely software-based with no body or actuators, so it performs no whole-body movement at all, even at level 1.",high,
11,29,0,1.0,"The application is a text-based reasoning system with no sensory input or motor/physical response capability, so it performs no part of the reaction-time activity even at level 1.",high,
7,57,0,4.2,"It can produce clear, tailored written explanations and answer follow-up questions (level ~4 software-instruction work), but it cannot demonstrate, observe a learner's performance to correct it, or be trusted on specialized procedural detail where a hallucinated step would be consequential.",medium,
3,38,1,1.0,"Image recognition is a disembodied software classifier with no physical actuators, so it cannot bend, stretch, twist, or reach at all.",high,
4,18,1,2.0,"As a passive image-question system it has no body or position in the world, so it can at best answer map/floor-plan questions about where things are (level 2) and cannot perform any self-locating or navigating task like traversing a dark room or celestial navigation.",medium,
1,19,0,6.2,"It matches and exceeds the level-6 anchor (anticipating both sides' future chess moves) within fixed discrete rule spaces, but performs no visualization of physical objects, diagrams, or continuous spatial rearrangement, so it cannot go beyond the chess-style case.",high,
4,58,0,1.5,"It only answers image questions when asked, so it never proactively identifies ways to help; even the level-2 anchor of offering unprompted assistance to a person exceeds its purely reactive, single-modality-bound scope.",medium,
3,32,1,1.0,"A vision model has no actuators or body and exerts no force at all, so it performs none of this activity even at the lowest anchor.",high,
4,45,2,3.0,"It can name colors and make coarse shade/brightness comparisons in ordinary images, but fine-grained discrimination of near-identical shades under varying lighting is unreliable, and level-4-style tasks (tracing specific colored wires) demand precise, safety-critical color-plus-spatial tracking it cannot be trusted to do unsupervised, while level 6 requires motor output it lacks entirely.",medium,
2,41,1,4.0,"Trained agents reliably resolve small on-screen details (units, projectiles, health bars, minimap icons) under time pressure in their own rendered environment, but they do not perform fine-grained novel detail discrimination like reading dense fine print or spotting subtle defects, and their perception is brittle to any visual variation outside the training distribution.",medium,
6,46,1,1.0,Night vision is a physical visual sensory ability; a text-reading question-answering model has no visual sensing at all and performs nothing for this activity even at level 1.,high,
8,5,0,2.0,"A translation model is constrained to reproduce the source text's content and can at best offer several alternative renderings or synonyms, not generate an open-ended set of new ideas about a topic.",medium,
7,27,1,1.0,"Response Orientation requires selecting and initiating physical movements to sensory signals; a text-generating model has no motor output or real-time signal channel, so it does not perform the activity even at level 1.",high,
3,16,1,4.5,"Detectors reliably find known object classes in cluttered, occluded natural scenes (golf-ball-in-rough difficulty), but degrade sharply on deliberate camouflage, extreme motion blur, novel domains and long-tail conditions, where accuracy is not high enough to be trusted unsupervised.",medium,
8,2,2,5.0,"It decodes complex prose including contracts and general technical documents, but on dense specialized material (level-6 anchor) it silently mis-resolves domain-specific terminology, ambiguous reference and implicit context, and its fluent output hides these errors, so it cannot be trusted unsupervised where comprehension errors carry consequence.",medium,
8,33,0,1.0,"A text translation model has no body or actuators and cannot exert muscular force at all, so it does nothing for this physical activity even at level 1.",high,
11,14,1,5.5,"Parametric and in-context recall of formulas, theorems, constants and procedures is vast and near-instant, but verbatim reproduction of arbitrary studied material is unreliable — the system confabulates specific numbers, citations and exact wording for less-common content rather than admitting a gap, so it cannot be trusted at the exact-recitation level of the Gettysburg Address anchor.",medium,
9,23,1,1.0,"A speech-to-text model has no physical actuators and performs no grasping or manipulation whatsoever, so it does nothing for manual dexterity even at level 1.",high,
6,7,2,3.0,"It can flag problems that are stated or plainly inconsistent within the supplied passage when asked, but it has no perception of real-world or contextual cues and misses subtle, implied warning signs often enough that no one could rely on it to raise an alarm unprompted.",medium,
3,19,0,1.5,"A labelling model only recognises objects under pose variation; it does not simulate or output how a scene would look after parts are moved or rearranged, so it cannot even reach the level-2 anchor of predicting the result of a transformation.",high,
13,19,1,1.8,A dialogue system has no internal spatial model to manipulate; it can verbally describe simple rearrangements but fails unreliably on anything requiring actual mental rotation or multi-step spatial transformation from a diagram.,medium,
6,36,0,1.0,Stamina is a purely physical endurance capacity; a text-reading question-answering model has no body and performs none of this activity even at level 1.,high,
3,42,0,3.5,"It can label and detect distant objects in an image when they are resolved reasonably well (billboard-text or vehicle-class scale), but fine-grained discrimination of small, low-contrast targets at the horizon degrades sharply with resolution, haze and glare, and the model cannot adjust optics or seek a better view to resolve ambiguity.",medium,
9,42,0,1.0,"Speech recognition operates solely on audio input and has no visual sensing or image-interpretation capability, so it performs no part of Far Vision even at the lowest anchor.",high,
5,18,2,1.8,"The model has no egocentric position to track and cannot read a plan or scene to locate itself or an object relative to a viewer; it only renders plausible-looking perspective and often breaks viewpoint consistency, so even the level-2 map-to-location task is not reliably performed.",medium,
10,24,1,1.0,"The application is purely digital and has no hands or physical actuators, so it cannot grasp or manipulate small objects at any level.",high,
2,4,1,1.0,"The agent outputs game control actions from perceptual input and produces no written language at all, so it does not perform even the level-1 note-writing task.",high,
11,40,0,1.0,"The application is a disembodied reasoning system with no body or actuators, so it performs no physical balancing at all, even at level 1.",high,
9,45,0,1.0,"A speech recognition pipeline processes audio only and has no visual input or color perception whatsoever, so it performs nothing on this activity even at level 1.",high,
5,26,1,1.0,"Image generation is a purely computational output with no physical limbs or actuation, so it performs no part of multilimb coordination even at level 1.",high,
13,4,1,5.2,"It produces clear, well-organized professional prose on demand, but cannot be trusted unsupervised with the sustained, factually exact, book-length authorship the level 6 anchor implies, where drift and confabulation across long documents require human verification.",medium,
11,13,2,5.5,"It reliably sets up and carries out multi-step numeric computations like interest or amortization calculations, but without a calculator/code tool its raw arithmetic on long multi-digit or long-chain computations still drifts, so unsupervised exactness at the highest levels isn't guaranteed.",medium,
13,36,1,1.0,"Stamina is a purely physical cardiovascular capacity; a conversational AI has no body and performs none of it, even at level 1.",high,
10,44,1,1.0,"The application operates purely in digital environments and has no stereoscopic or real-world spatial sensing, so it does not judge physical distances at all — not even the level-2 merging task.",high,
12,49,2,1.0,The application processes text and code only; it has no audio input or auditory stream separation capability at all.,high,
2,44,0,3.0,"Game agents judge relative distance and lead moving targets competently, but only inside rendered environments with clean, often state-augmented depth cues; they do not perform calibrated metric distance judgment on noisy real-world scenes where misjudgment has physical consequences (crane, traffic).",medium,
10,51,1,2.5,"The application is defined over digital text, tool and code environments and takes no audio input of its own; any speech understanding would have to be delegated to an external ASR/speaker-ID service, so it does not itself perform listening comprehension at the level of following an accented speaker.",medium,
4,5,2,4.2,"It can fluently enumerate many candidate answers, objects, interpretations, or uses tied to an image (level-4 style brainstorming), but cannot be trusted to produce the exhaustive, domain-complete option sets implied by level 6, and its idea generation stays anchored to what is visible rather than open strategic space.",medium,
2,19,0,5.8,"Trained agents reliably anticipate opponent and own future configurations within the game they were trained on (the level-6 chess-anticipation anchor), but the spatial imagination is tied to a fixed environment and collapses on novel layouts, rule changes, or any transfer to unseen visual/physical arrangements.",medium,
2,20,0,4.5,"Trained agents sustain fatigue-free vigilance and filter on-screen clutter indefinitely within their trained game, but their attention is a learned policy that degrades under unfamiliar distractors or distribution shift, and they perform no demanding comprehension task of the kind level 6 describes.",medium,
4,56,1,1.0,"Visual question answering only describes and infers about image content; it has no role in bringing parties together or reconciling differences, so it performs nothing of this activity even at level 1.",high,
8,40,1,1.0,A text translation model has no physical embodiment and cannot perform any balance-related activity at all.,high,
3,47,1,3.8,"Trained vision models tolerate ordinary lighting variation and moderate brightness, but degrade unreliably when highlights blow out or specular glare masks small, low-contrast targets (the level-5 'boats on the horizon' case), and they operate on still frames rather than the continuous, safety-critical bright-sun perception of level 6.",medium,
10,21,2,3.5,"Agentic scaffolds can interleave several digital streams (code execution, logs, browser state, tool outputs) and catch errors mid-task, but they operate largely sequentially, lose track of secondary threads over long horizons, and cannot sustain real-time concurrent monitoring of many live, consequential channels as level 6 demands.",medium,
3,9,1,2.2,"It only maps visual patterns to learned labels within a fixed taxonomy; it cannot integrate heterogeneous pieces of evidence into a novel general rule or conclusion, as level 4+ anchors require.",medium,
10,18,0,1.0,"The system has no body or position in physical space, so it never performs self-location relative to an environment; at best it can read a map file, which is document interpretation rather than spatial orientation.",high,
4,18,2,2.1,"It can answer where-is questions from a floor plan or image but has no embodiment or egocentric position sense, and its relative-spatial judgments (left/right, occlusion, orientation) remain error-prone, so it cannot perform the self-location and navigation implied at level 3 and above.",medium,
1,43,0,1.0,"The system operates on symbolic board states, not visual fields, so it performs no visual sensing of any kind, let alone detecting off-axis objects or motion.",high,
1,46,0,1.0,A board-game search agent has no visual sensing at all and does nothing for low-light perception even at level 1.,high,
2,22,1,1.0,"The agent emits digital control signals and has no physical arm or hand, so it cannot hold or move a limb steadily at any level, including lighting a candle.",high,
4,39,1,1.0,"A visual question answering model has no body or actuators, so it performs no whole-body movement at all, not even the level-2 anchor of getting in and out of a truck.",high,
1,38,0,1.0,"A board-game search agent has no body or actuators and performs no physical bending, stretching, twisting, or reaching whatsoever.",high,
13,11,1,5.3,"It fluently generates and switches between multi-attribute grouping schemes in dialogue, but at the level-6 anchor the classification rests on specialized factual attributes it cannot verify, so hallucinated properties make unsupervised technical taxonomies unreliable.",medium,
4,57,2,3.0,"It can answer one-off 'what is this / how do I use it' questions from an image (time-clock or appliance level guidance), but as a reactive per-image Q&A model it cannot sequence a lesson, verify learner understanding, or reliably narrate unfamiliar UI/procedural steps without hallucinating details, so sustained level-4 software instruction is not dependable unsupervised.",medium,
8,38,1,1.0,"A text translation model has no body or physical actuators, so it performs no bending, stretching, twisting, or reaching at any level.",high,
11,28,2,1.0,"The application is a text-based reasoning system with no motor control, sensors, or actuators, so it performs no continuous timing of movement relative to a moving object at any level.",high,
10,40,0,1.0,"A digital agent has no body and cannot perform any physical balancing activity, even at level 1.",high,
7,30,0,1.0,"A language model has no body or motor actuators, so it performs no finger, hand, or wrist movements at all.",high,
10,13,2,6.0,"Arithmetic itself is exact once delegated to code execution, but at the highest levels the binding failure is mis-specifying the computation from ambiguous inputs (wrong formula, misread source data), which still needs review in consequential financial or engineering settings.",high,
7,10,2,4.5,"It reliably sequences text-level material (outlines, procedural write-ups, multi-criteria sorting of modest lists) but without tools it drifts or miscounts on long, precise rule chains and cannot be trusted for the consequence-critical, physically verified sequencing the top anchors describe.",medium,
8,17,0,2.0,"A text-to-text translation model has no visual perception channel and no timed comparison function; it can only incidentally match or sort symbolic strings (e.g., codes in text) with no time pressure, and cannot read gauges or inspect moving objects.",medium,
11,51,2,1.0,"The application is a text-based formal reasoning system with no audio input or speaker/voice identification capability, so it performs no part of speech recognition even at level 1.",high,
11,55,1,2.0,"It can construct logically compelling arguments that would convince a reader of a technical claim, but it does not model an audience's motives, incentives, or objections, and cannot conduct the interactive give-and-take needed to move a supervisor, client, or jury on a contested decision.",medium,
7,16,2,4.4,"It reliably locates explicit known patterns buried in cluttered text (needle-in-haystack retrieval, spotting a named clause in a long document), but degrades on subtly disguised or multiply-embedded patterns — missed adversarial insertions, buried inconsistencies, and lost-in-the-middle failures — so high-stakes detection at the level-6 anchor cannot be left unsupervised.",medium,
2,46,2,1.0,"A game agent reads clean digital frame buffers or game state, never sensing a physical scene under low ambient illumination, so it does not perform low-light visual perception at all.",high,
9,48,0,2.5,"The pipeline reliably detects speech presence and discriminates phonetic spectral/loudness contrasts (well above noticing an alarm), but it is trained to map audio to word sequences and cannot perform fine non-speech pitch/timbre discrimination such as diagnosing an engine by sound or tuning instruments.",medium,
10,28,2,1.0,"Rate Control is a physical psychomotor timing ability requiring continuous bodily or equipment control in the physical world; a purely digital agentic system performs none of it, even at the level-1 anchor.",high,
13,41,2,1.0,Conversation is a dialogue system with no visual input channel; it performs no close-range visual detail discrimination at all.,high,
1,27,1,2.0,"It only selects among abstract legal moves in response to a formal game signal; it has no motor apparatus and no perception of real-world cues, so the embodied, safety-critical reactions described at level 4 and above are outside its scope.",medium,
5,57,2,2.0,"It can render a simple illustrative or step-depicting picture that supports basic instruction, but it neither interacts with a learner nor guarantees procedural or labeling accuracy (garbled text, invented steps, wrong anatomy), so anything beyond trivial demonstration needs a human to teach and verify.",medium,
13,14,2,6.0,"Within an active context window it reproduces long passages, numbers and procedures essentially verbatim, but across sessions and at very long context lengths recall degrades into confabulated 'remembering', so it cannot be trusted for the sustained, high-fidelity retention that the top of the scale implies.",medium,
4,17,0,3.0,"It can read and categorize legible symbols and coarse visual features without time pressure, but fine-grained difference detection (gauge needles, small defects, spot-the-difference) is error-prone and per-image inference latency rules out the timed, high-throughput accuracy demanded at levels 4 and above.",medium,
1,19,1,6.3,"It performs the level-6 anchor (anticipating chess move sequences) superhumanly and unsupervised, but its representation is confined to discrete, fully specified board states, so it cannot handle higher-level visualization of continuous physical or spatial rearrangement outside a formal rule set.",high,
9,15,0,4.0,"It reliably reconstructs meaningful word patterns from degraded, accented and noisy audio (the auditory analogue of decoding strange handwriting), but it does not combine the decoded pattern with context to draw an interpretive judgment or decision as level 5 requires, and heavy crosstalk/overlap still degrades it.",medium,
3,55,1,1.0,An object-labeling vision model produces category labels from pixels and engages in no communication or influence of other people at all.,high,
1,31,0,1.0,"The system is a purely computational game-playing agent with no limbs or physical actuation, so it performs no limb movement at any level.",high,
5,10,2,3.2,"It can arrange a handful of specified elements into a coherent composition, but reliability collapses on prompts with precise counts, ordinal/left-to-right constraints, legible ordered text, or many interacting objects, so rule-governed arrangement cannot be trusted unsupervised beyond simple multi-element scenes.",medium,
2,3,1,1.0,"The agent outputs game control actions from pixels and produces no spoken language at all, so it performs none of this activity even at the level of a simple phone call.",high,
1,50,2,1.0,A board-game search agent processes discrete game states and has no audio input or spatial hearing capability at all.,high,
5,16,0,1.5,"The model synthesises images rather than searching given visual material for a target, so beyond incidental parsing of a reference image (and denoising a corrupted signal) it performs no reliable detection of a known pattern embedded in distractors.",medium,
9,37,0,1.0,"Speech recognition is a disembodied audio-to-text pipeline with no physical body or actuators, so it cannot bend, stretch, twist, or reach at all.",high,
10,20,2,4.5,"It never fatigues and can sustain monotonous monitoring or long tool loops indefinitely (level 4 and above), but over long horizons it drifts off-goal, loses earlier constraints as context fills, and is derailed by irrelevant or injected page/tool content, so it cannot be trusted to hold deep focus on a complex task amid heavy noise without supervision.",medium,
6,38,1,1.0,"A text-reading question-answering system has no body or actuators, so it performs no physical bending, stretching, twisting, or reaching at any level.",high,
8,32,0,1.0,"A translation model has no physical embodiment and exerts no muscle force, so it performs nothing on this scale even at level 1.",high,
11,27,2,1.0,Response Orientation is a psychomotor ability requiring physical selection between movements in response to signals; a text-based mathematical reasoning system performs no movements at all.,high,
1,25,0,1.0,"A board-game search agent produces discrete move choices and has no actuators or continuous control loop, so it performs no physical adjustment of machine controls at any level.",high,
8,56,2,1.3,"A translation model only re-renders text it is given; it holds no position, makes no concessions, and cannot conduct an exchange to reconcile parties' differences, so it does not even independently perform the level-2 act of presenting a justification on someone's behalf.",high,
2,24,1,1.5,"The agent emits control signals into a simulated environment and has no hands or physical embodiment, so it cannot grasp or manipulate even a coin, let alone assemble small parts; it only substitutes for the cognitive/timing side of play, not the finger movements.",high,
3,52,2,1.0,"An image-labelling vision model produces no speech output at all, so it does not perform the activity even at the bingo-calling level.",high,
9,50,0,2.0,"The pipeline's output is text, not a direction estimate; at best its multi-microphone front end implicitly separates channels (enough for a level-2 'which speaker is active' discrimination), but it cannot locate a sound source in a room or judge a moving siren's bearing.",medium,
6,2,0,4.5,"It reliably extracts and combines stated evidence in moderately complex documents (lease-level), but on dense technical or legal passages it still misreads scope, conditions and cross-references and states wrong answers confidently, so it cannot be trusted unsupervised where a misreading has real consequences.",medium,
1,52,0,1.0,"A board-game search agent produces moves, not speech; it has no speech output capability at all, so it does nothing for this activity even at level 1.",high,
10,12,1,5.2,"With code execution and symbolic/numerical tools it reliably selects and applies methods for well-posed quantitative and modeling problems, but formulating the mathematics for a genuinely novel physical system (level 6) still yields subtle, silently wrong specifications that require expert review.",medium,
6,18,0,1.0,"The system is a disembodied text-question-answering model with no location, no sensors, and no perception of an environment, so it cannot know its position relative to surroundings even at the floor-plan level.",high,
3,1,2,1.0,"The application processes still images only and has no audio input or speech understanding capability whatsoever, so it performs nothing of oral comprehension even at level 1.",high,
7,11,1,5.5,"It fluently invents and applies multi-attribute grouping schemes over described items, but at the level-6 anchor the categories hinge on specific technical property values it can hallucinate and cannot verify without tools or perception.",medium,
10,57,0,3.5,"It can generate accurate, tool-verified step-by-step procedural walkthroughs (approaching the 'operate a software program' anchor) but does not interactively diagnose a learner's misunderstanding, adapt pacing, or demonstrate and certify consequential skills, and its teaching output is an unsupervised byproduct rather than a checked instructional relationship.",medium,
12,28,2,1.0,Rate Control is a physical psychomotor ability requiring timed movement relative to a moving object; a code-patching AI has no effectors or motion sensing and does nothing for it even at level 1.,high,
5,51,2,1.0,An image-generation model takes text or image inputs and produces pixels; it has no audio input path and performs no speech identification or understanding whatsoever.,high,
11,44,2,1.0,"The application is a text-based formal reasoning system with no visual or spatial sensing, so it performs no depth judgment at all, even at level 1.",high,
6,18,1,1.0,"The system has no body, position, or sensory input in any environment — it only answers questions about supplied text, so it cannot know its location relative to surroundings even at the level-2 floor-plan anchor.",high,
10,38,0,1.0,Dynamic Flexibility is a physical bodily ability; a purely digital agentic software system has no body and performs none of it at any level.,high,
9,54,0,1.0,"A transcription pipeline emits text from audio and takes no actions that could be adjusted in relation to other people's actions, so it does not perform coordination even at the scheduling-appointments level.",high,
3,35,2,1.0,"An image recognition model has no body and exerts no physical force, so it cannot perform trunk-strength work at any level.",high,
13,6,0,4.0,"It fluently generates plausible novel-seeming suggestions in dialogue (level-4-type idea generation like reworking tasks or framing a workaround), but its ideas are recombinations of prior text that it cannot test, validate, or ground in a specific physical or organizational reality, so genuine invention (level 6) is out of reach.",medium,
10,30,0,1.0,"Wrist-Finger Speed is a physical manual ability requiring actual finger, hand, and wrist movement, and a purely digital agent has no body or effectors to perform it at any level.",high,
3,10,0,1.5,"The model outputs per-object labels rather than orderings; it can support trivial rule-based sorting (e.g., recognising digits or colours so items can be placed in numerical/categorical order) but performs no multi-step sequencing or rule-governed arrangement of actions itself.",medium,
1,24,1,1.0,"A game-playing search agent has no physical actuators and performs no finger manipulation at all, not even level-1 tasks.",high,
3,47,2,4.0,"Trained vision models label objects well under moderate uneven lighting, but sensor saturation and blown-out highlights destroy the information they need, so low-contrast small-target detection in strong glare (boats on a bright horizon, skiing in sun) is unreliable and cannot be trusted unsupervised in safety-relevant navigation.",medium,
6,8,1,3.8,"It can chain several stated facts and apply rules explicitly present in the passage, but higher anchors (choosing which factors matter, designing to principles) require bringing external domain judgment and accountability beyond passage-grounded extraction, and residual misreading/hallucination on long or adversarial texts blocks unsupervised use where the deduction carries consequence.",medium,
1,34,0,1.0,"A board-game search agent has no body or actuators, so it exerts no muscle force at all — it performs nothing on this physical activity even at level 1.",high,
6,3,0,1.0,"The application produces written answers about a supplied passage and does not speak or communicate orally at all, so it performs no part of the activity even at the lowest anchor.",high,
13,45,2,1.0,"Conversation is a text/speech dialogue system with no visual input or color perception at all, so it performs none of this activity even at level 1.",high,
13,26,0,1.0,"A conversational system has no limbs or physical actuators, so it performs no part of coordinated limb movement even at the lowest anchor.",high,
10,16,2,4.3,"It reliably extracts known target patterns from noisy digital clutter (logs, DOM trees, large codebases, search results) at roughly golf-ball-in-the-rough difficulty, but degrades on heavily obfuscated or visually camouflaged targets and on real-time perceptual detection under time pressure, where misses go unnoticed without human review.",medium,
10,23,0,1.0,"The application is purely digital and has no physical effectors, so it cannot grasp, move, or assemble objects at all — not even the level 1 anchor.",high,
12,35,1,1.0,Trunk Strength is a physical ability requiring abdominal and back musculature; a software-patching AI has no body and performs nothing on this dimension even at level 1.,high,
1,23,2,1.0,"The system is a pure software search/evaluation agent with no manipulator or physical embodiment, so it performs no grasping or object manipulation at all, not even screwing in a light bulb.",high,
8,35,2,1.0,"A translation model has no body and cannot exert any physical trunk force, so it performs none of this activity even at level 1.",high,
1,2,1,1.2,"The agent consumes board states and hand-coded rules, never natural-language text, so it performs essentially no reading comprehension beyond parsing formal move notation.",high,
6,6,1,2.5,"Its output is bounded by evidence already present in the supplied passage """" it can make mildly non-obvious inferential combinations (a level-2-ish clever workaround) but does not generate genuinely novel solutions or designs of its own, as level 4 requires.",medium,
2,50,0,1.5,Game agents act almost entirely on visual/state input; even where stereo audio is available they at best distinguish which channel carries a cue and do not perform directional localization of sounds in an unfamiliar space.,medium,
11,54,0,1.2,"The system derives answers in isolation and has no mechanism for tracking, responding to, or adjusting its actions in relation to other agents' ongoing actions, so it performs essentially none of this activity even at the level-2 appointment-scheduling anchor.",high,
4,46,2,2.5,"The model only interprets whatever pixels a camera supplies and has no low-light sensing of its own, so it can often resolve coarse content in dim or dusk-lit images (level ~2) but degrades unreliably as noise rises and cannot perform sustained embodied seeing in near-darkness.",medium,
6,36,1,1.0,Stamina is a purely physical capacity; a text-reading model has no body and performs no part of it even at level 1.,high,
5,27,2,1.0,"Response Orientation is a psychomotor ability requiring rapid selection among physical movements in reaction to signals; an image-synthesis model performs no motor response at all, not even the level-2 doorbell/telephone choice.",high,
2,33,2,1.0,"A game-playing agent has no body and exerts no muscular force, so it performs no part of dynamic strength even at the lowest anchor.",high,
2,5,0,2.0,"The agent only implicitly enumerates candidate actions within one game's fixed action space during search or policy sampling; it cannot generate or express multiple ideas about an open-ended topic, so nothing beyond a mechanical handful-of-options analogue is delivered.",medium,
3,51,0,1.0,A still-image object classifier takes no audio input and performs no speech identification whatsoever.,high,
10,15,1,4.5,"It reliably assembles messy digital inputs (logs, partial outputs, noisy text/screenshots) into coherent interpretations, but on genuinely degraded or ambiguous perceptual patterns it still hallucinates plausible-but-wrong readings, so level-5 style interpretation feeding a consequential decision can't be left unsupervised.",medium,
2,21,1,5.0,"Trained agents genuinely juggle many concurrent information streams under time pressure at or above expert human level inside their trained game, but they are brittle to any shift in the environment and cannot be trusted with the consequential, open-ended multi-stream monitoring the level 6 anchor describes.",medium,
8,43,2,1.0,"A text translation model has no visual field or sensory apparatus at all, so it performs nothing on a peripheral vision scale even at level 1.",high,
13,14,1,5.5,"Verbatim and gist recall of material inside the active context is near-perfect (names, numbers, long passages), but retention degrades over long or multi-session dialogues where the system silently confabulates plausible details instead of reporting that it cannot recall, so unsupervised reliability falls short of the sustained, exact recitation implied at level 6.",medium,
13,17,2,1.5,"A conversational system has no visual/pattern-inspection channel and is not built to do timed comparison of letter, number, or object sets; at most it can compare short strings presented in text with no time pressure, falling short of even the level 2 sorting anchor as an actual work substitution.",medium,
13,58,2,3.8,"It can proactively surface offers of help and handle routine service dialogue, but executing consequential transactions like a booking end-to-end (level 4) still requires human backstop for errors, edge cases, and accountability, and it cannot coordinate people or resources in the field as level 6 demands.",medium,
11,33,2,1.0,"A mathematical reasoning system has no body or actuators, so it exerts no muscle force at all, not even at level 1.",high,
4,32,1,1.0,"A visual question answering model has no physical actuators and exerts no muscle force at all, so it cannot perform even the level-1 anchor of pushing an empty cart.",high,
6,58,2,2.0,"It only answers questions posed about a supplied passage — a purely reactive, information-retrieval service with no initiative, no ability to act in external systems (e.g., booking), and no responsibility for a customer's outcome, so it cannot reach the level-4 transactional-service anchor.",medium,
3,44,2,1.3,"The system labels object categories in single still images and does not output distance or relative depth judgments; any ordering it implies from occlusion cues is incidental and unvalidated, far short of even the level-2 merging-into-traffic anchor.",medium,
3,41,2,4.5,"A trained detector reliably labels and localises fine-grained objects at close range, but resolving sub-millimetre anomalies like diamond inclusions (level 6) or guaranteeing error-free reading of dense fine print requires controlled optics and human verification, since residual misses on out-of-distribution samples are consequential.",medium,
5,2,1,3.0,"It reliably parses moderately detailed descriptive prompts but drops or misbinds constraints in long, multi-clause, negated, counted or spatially conditional text, so it cannot be trusted with lease-level (L4) written detail where every clause must be honoured.",medium,
5,6,2,3.4,"It reliably yields visually novel recombinations and unexpected stylistic juxtapositions on demand, but the creative problem framing comes from the human prompt and the model cannot reliably judge whether an output is genuinely novel or apt, so contextual creative problem-solving of the level-4 kind still requires human selection and iteration.",medium,
10,10,2,5.0,"It reliably sequences and re-orders complex multi-step digital procedures, but error accumulation and plan drift over very long horizons mean it cannot be trusted unsupervised with zero-tolerance, catastrophic-failure assembly-style sequences (level 6).",medium,
3,39,1,1.0,"A still-image labelling model has no body or actuators, so it performs no whole-body movement coordination at all, even at the level of climbing into a truck.",high,
13,15,0,4.2,"It reliably resolves degraded or fragmentary linguistic input (disfluent, accented, typo-ridden, elliptical utterances) into coherent intent, but it has no access to the non-linguistic perceptual pattern streams — radar traces, instrument displays, sensor gestalts — that level 5 requires, and cannot be trusted unsupervised on consequential snap judgments from such ambiguous domain signals.",medium,
8,32,1,1.0,"A translation model has no physical embodiment and exerts no muscle force whatsoever, so it does nothing for this activity even at level 1.",high,
3,29,1,1.5,"The vision model can detect a signal's appearance quickly but has no hand, finger, or foot response and no actuation channel, so it performs only the perceptual half of even the level-2 anchor.",high,
8,37,1,1.0,"A translation model has no body or physical actuators, so it cannot bend, stretch, twist, or reach at all.",high,
5,9,1,2.3,"The model can infer simple implicit consequences from a prompt (rainy scene 	implies umbrellas, wet ground) but cannot combine disparate evidence into a defensible general conclusion, and its scene inferences are unverified and frequently violate physical or logical consistency.",medium,
4,36,1,1.0,"Stamina is a purely physical exertion ability; a multimodal model has no body and performs none of it, even at level 1.",high,
6,20,1,4.3,"It reliably filters irrelevant material within a supplied passage and never fatigues, but on long, dense documents it still drifts to salient-but-wrong distractors and loses mid-context evidence, so it cannot be trusted with the sustained, deep concentration the level 6 anchor implies.",medium,
12,15,1,4.4,"It reliably extracts coherent patterns from terse, noisy textual inputs (tracebacks, partial issue reports, unfamiliar code idioms), but on underspecified or ambiguous issues its root-cause inference is right only around half the time, so the level-5-style 'interpret a noisy pattern and commit to a decision' step cannot be left unsupervised.",medium,
4,38,2,1.0,"Visual question answering is a disembodied perceptual-linguistic system with no body or actuators, so it cannot bend, stretch, twist, or reach at all, even at the lowest anchor.",high,
4,55,1,1.0,"A VQA model only describes or answers questions about image content; it does not construct arguments aimed at changing anyone's mind or behavior, so it performs no persuasion even at the lowest anchor.",high,
11,41,1,1.0,Near Vision is a physical sensory acuity; the system as defined consumes symbolic/textual problem statements and performs no close-range visual detail discrimination at all.,high,
1,42,0,1.0,"A board-game search agent has no visual sensing of the physical world at all; it operates on symbolic game states, so it performs no far-vision activity even at the lowest anchor.",high,
7,42,0,1.0,"A text-only language model has no visual sensing at all, so it cannot see details at any distance.",high,
2,34,2,1.0,"A game-playing software agent has no body or actuators, so it cannot exert muscular force to propel itself or throw anything at any level.",high,
7,27,0,1.0,Response Orientation requires selecting and initiating physical movements to sensory signals in real time; a text-only model has no effectors or signal input and performs none of it even at level 1.,high,
10,8,2,5.0,"It applies codified rules and multi-step logical chains competently and can self-check via code execution, but level-6 work (first-principles engineering design with safety consequences) requires verified domain grounding and accountability it cannot be left alone with, and its long-horizon chains still drift without review.",medium,
11,31,0,1.0,"The application is a disembodied reasoning system with no limbs or physical actuation, so it performs nothing on this activity even at level 1.",high,
8,4,0,4.5,"It produces fluent, register-appropriate prose reliably for everyday and routine professional text, but it only re-expresses given content rather than composing it, and on specialized, literary or legally consequential material it makes subtle meaning and terminology errors that require human post-editing.",medium,
1,47,1,1.0,"A board-game search agent performs no visual sensing under illumination at all, so it does nothing for glare sensitivity even at level 1.",high,
3,49,2,1.0,"The application processes still images only and has no audio input, so it performs no auditory attention at any level.",high,
4,21,0,2.2,"It integrates two static information sources (one image plus one question) in a single query-response turn, but does not concurrently monitor or switch between ongoing, changing streams as levels 3+ require.",medium,
11,15,0,4.2,"It rapidly recognizes familiar structure in symbolic/textual problem statements (identities, problem archetypes, missing steps), but the level-5 anchor involves integrating genuinely noisy, ambiguous non-textual signal into a decision, and the system's closure is prone to confident false pattern-matches that require human checking.",medium,
13,55,1,3.8,"It can run genuinely persuasive dialogue in low-stakes, self-contained exchanges (donation appeals, retention/upsell calls, belief-change chats), but lacks the standing, accountability and live audience-reading needed to carry a consequential negotiation or a complex adversarial case to a decision on its own.",medium,
2,42,0,1.0,"The agent reads pixel buffers or game state at fixed screen distance and never resolves physical detail at a distance, so it does not perform far vision even at the billboard-reading level.",high,
7,7,0,3.5,"It reliably flags overt inconsistencies, errors, and stated risks within text it is given, but it cannot sense non-textual or environmental cues and misses subtle, sparse-signal warning signs often enough that consequential early detection (level 5-6) cannot be left unsupervised.",medium,
6,50,2,1.0,"A text-reading question-answering system has no audio input or spatial hearing capability, so it performs no part of sound localization even at level 1.",high,
3,39,2,1.0,"A still-image labelling model has no body and produces no motion, so it performs no whole-body coordination at any level.",high,
3,29,0,1.5,"The model only emits labels 
 it has no hand, finger, or foot response at all, so it can at most supply fast signal detection as an input to some other actuator, never performing the motor response the anchors describe.",high,
8,39,1,1.0,"A text translation model has no body or actuators, so it performs no physical coordination whatsoever.",high,
10,7,1,3.5,"It reliably catches explicit failure signals (exceptions, failed tests, error responses, schema mismatches) but misses silent or subtle failures — it frequently fails to notice that it is off-track, that its own output is wrong, or that weak diffuse cues signal impending trouble, so level-4-style anticipatory detection cannot be left unmonitored.",medium,
10,11,2,5.0,"It can autonomously build and re-apply multi-attribute grouping schemes over digital data (and look up attributes via tools), but at level-6 technical multi-criteria classification it still mis-assigns edge cases and can assert unverified attribute values, so the taxonomy needs expert review before use.",medium,
7,55,2,3.5,"It can draft genuinely persuasive arguments and adapt tone on request, but it cannot read a specific audience's real stakes, credibility, or relationship history, nor sustain a live negotiation to a committed outcome, so it stops short of owning a level-4 workplace persuasion attempt and far short of high-stakes advocacy.",medium,
8,6,0,2.3,"A translation model can produce mildly clever non-literal renderings of idioms and set phrases learned from data, but it cannot reliably invent novel solutions (e.g., recreating puns, verse, or brand wordplay) and does not generate original ideas about a topic, so it stalls just above the trivial-cleverness anchor.",medium,
11,51,0,1.0,The application is a text-based formal reasoning system with no audio input or speaker/speech identification capability at all.,high,
6,10,1,3.5,"It can reliably extract and reproduce sequences and rule-based orderings stated or implied in a supplied passage, but degrades on long passages requiring many interacting constraints, and it cannot execute or verify a consequential ordered procedure, so high-stakes sequencing (level 5-6) is out of reach.",medium,
1,24,0,1.0,"The application is a purely computational game-playing agent with no physical actuators, so it performs no finger manipulation at all, not even level-1 grasping.",high,
2,37,1,1.0,"A game-playing software agent has no physical body, so it cannot bend, stretch, twist, or reach at all — it does nothing for this activity even at level 1.",high,
13,58,0,3.5,"It can proactively offer information, suggestions and tier-1 help in dialogue, but cannot be trusted unsupervised to execute the consequential, system-of-record transactions the level-4 anchor implies (booking and committing a customer's money/itinerary), since it cannot verify real-world state and its errors carry financial and trust costs.",medium,
13,49,0,3.2,"Modern ASR in the loop handles a near-field speaker with moderate background chatter, but degrades sharply with far-field, overlapping speech and high-decibel industrial noise, where target-speaker separation and keyword spotting are not reliable enough to run unattended.",medium,
8,47,1,1.0,Glare Sensitivity is a visual-perceptual ability requiring eyes and physical presence; a text translation model performs no part of it even at level 1.,high,
10,32,0,1.0,"A purely digital agent has no physical actuators, so it cannot exert muscle force at all — not even the level-1 equivalent of pushing an empty cart.",high,
3,46,1,3.0,"Trained vision models handle dim, dusk-level imagery with degraded but usable accuracy, yet detection reliability collapses in the very low signal-to-noise regimes implied by levels 4-6, where the model has no sensing advantage over the raw noisy pixels it receives.",medium,
2,39,0,1.0,"A game-playing agent has no body and never coordinates physical limb or torso movement, so it performs nothing on this activity even at level 1.",high,
6,9,1,3.8,"It can chain several stated facts in a passage into a conclusion, but its inferences are bounded by what the text supplies and degrade on long, ambiguous, or conflicting evidence, so consequential syntheses like the level-5/6 anchors (weighing many heterogeneous, partly unstated indicators) still need human verification.",medium,
13,54,0,2.5,"It can negotiate and adjust schedules or hand-offs through dialogue (the level-2 appointment-scheduling anchor and simple multi-party time-finding), but it has no stake in real-world execution, cannot monitor what others actually do, and cannot re-plan a joint task in progress as level 4+ collaborative work requires.",medium,
4,7,1,3.0,"It reliably flags visually obvious faults or hazards present in an image (unplugged cord, missing guard, spill), but cannot reliably read subtle cues to anticipate a problem that has not yet manifested, as level 4+ anchors require, and its errors on consequential inspection or clinical cues would need human review.",medium,
12,14,1,5.5,"It reproduces in-context and widely-seen material near-verbatim and recalls vast API/procedure knowledge, but it confabulates precise version-specific details and has no reliable persistence beyond the context window, so true study-then-recite retention (level 6) is not dependable.",medium,
10,5,1,5.5,"It generates large, well-organized idea sets on demand and can expand them by searching and iterating, but it cannot guarantee the exhaustive, domain-complete enumeration the level-6 anchor implies, tending to reproduce conventional categories and silently omit whole branches without any check on coverage.",medium,
2,40,0,1.0,"A game-playing agent has no physical body to balance, so it performs no part of maintaining or regaining bodily equilibrium even at the lowest anchor.",high,
13,20,0,4.0,"It never fatigues and can hold a thread across a long session, but it degrades under genuinely adverse conditions — overlapping speech and high ambient noise for ASR, and irrelevant or injected material and long-context drift for the dialogue itself — so it cannot match level-6 sustained focus on demanding content amid heavy interference.",medium,
13,26,1,1.0,"A conversational system has no limbs or actuators, so it performs no part of physical limb coordination at any level.",high,
9,31,2,1.0,"A speech-to-text pipeline has no limbs or physical actuation, so it performs none of this physical activity even at level 1.",high,
6,29,1,1.0,"Reading comprehension is a text-in/text-out inference task with no sensorimotor channel, so it cannot respond with hand, finger, or foot to any appearing signal at all.",high,
10,51,0,3.2,"The application is defined around digital tool use with no native audio channel; at best it can pipe a clean recording through an ASR tool to get content, but it cannot reliably identify who is speaking or follow noisy, accented, overlapping live speech, which is what the level 4-6 anchors require.",medium,
2,47,2,1.0,"A game agent reads clean rendered frames or game state and never contends with physical glare or bright ambient lighting degrading its visual input, so it performs nothing on this activity even at level 1.",high,
4,11,0,3.0,"It can regroup visible items by simple perceptual criteria (size, color, shape, rough type), but multi-criterion classification against technical schemes requires properties not recoverable from pixels and its fine-grained attribute/count errors make unsupervised use unsafe beyond casual sorting.",medium,
12,20,1,4.5,"It is immune to sensory distraction and sustains focus across long tool-use sessions, but on long-horizon tasks it reliably drifts \u2014 chasing irrelevant test failures, losing the original issue as context fills \u2014 so it does not match level-6 sustained deep comprehension amid heavy noise.",medium,
12,25,2,1.0,Control Precision is a physical psychomotor ability requiring manipulation of machine or vehicle controls; a code-patching AI has no actuators and performs none of it.,high,
11,30,1,1.0,"The application is a purely symbolic reasoning system with no hands, actuators, or physical embodiment, so it performs no finger, hand, or wrist movement at all.",high,
1,15,1,5.0,"Its instant pattern recognition and positional evaluation match level-5 'interpret the pattern to decide' work, but only on clean, fully-specified board states within fixed rules — it cannot make sense of noisy, degraded, or ambiguous real-world input, and cannot transfer the pattern-organizing skill outside its trained game.",medium,
6,13,0,2.0,"It handles trivial arithmetic incidental to passage questions (single sums, counts, differences) but is not a calculation engine and makes unchecked errors on multi-step ledger-style computation like balancing a checkbook.",medium,
10,26,0,1.0,"The application operates purely in digital environments with no limbs or physical actuators, so it performs no multilimb coordination at all.",high,
3,52,1,1.0,"An image-recognition model produces labels for visual input and does not speak at all, so it performs nothing on a speech-production scale.",high,
6,35,2,1.0,"A text-reading model has no body or musculature, so it performs no physical trunk-strength activity at any level.",high,
2,36,0,1.0,"Stamina is a physical cardiorespiratory capacity requiring a body exerting itself; a game-playing software agent has no physical exertion at all, so it does nothing for this activity even at level 1.",high,
9,17,1,1.5,"The pipeline performs fast pattern matching only on acoustic input and cannot compare visual sets of letters, numbers, objects or pictures, which is what every anchor from level 2 upward requires.",high,
3,8,1,2.0,"A trained classifier only maps pixels to learned category labels; it applies no explicit general rules and cannot chain premises to reach a conclusion, so it stops at the trivial 'instance matches known pattern' level of inference.",medium,
7,56,1,2.0,"The model can compose a persuasive justification or a suggested concession script, but it has no standing to convene parties, no authority to make or accept binding commitments, and no persistence across a live exchange, so anything at the contract-negotiation level (4+) where a bad concession creates real financial or legal exposure cannot be left to it unsupervised.",medium,
5,32,1,1.0,"An image generation model has no physical embodiment and exerts no force whatsoever, so it cannot perform even the level-1 anchor of pushing an empty cart.",high,
11,26,1,1.0,"The application is a purely symbolic text-reasoning system with no body, actuators, or limbs, so it performs no physical limb coordination at any level.",high,
5,25,1,1.0,"Image generation is a purely digital synthesis process with no physical actuation, so it cannot adjust any machine or vehicle controls even at the simplest dimmer-switch level.",high,
4,51,0,1.0,"Visual question answering operates on images and text and has no audio input, so it cannot identify or understand spoken speech at all.",high,
9,16,0,4.0,"Modern ASR reliably pulls known lexical patterns out of moderate noise and accent variation (well past the 'tune a radio' anchor), but word error rates degrade sharply under heavy overlapping speech, far-field reverberation and unfamiliar jargon, so it cannot be trusted unsupervised at the extreme-clutter, high-stakes detection level of the top anchor.",medium,
6,42,2,1.0,"The system takes supplied text as input and has no visual sensing at all, so it performs no distance-vision activity whatsoever.",high,
3,56,1,1.0,"An image classifier assigns labels to visual content and has no capacity to communicate with, persuade, or reconcile differences between parties, so it performs no part of negotiation even at level 1.",high,
4,57,1,2.5,"It can answer image-grounded 'how do I do this' questions and give simple step lists from a photo or screenshot, but it cannot demonstrate, monitor a learner's attempts, or adapt a sequence of lessons, so multi-step operational training (level 4) and hands-on procedural demonstration (level 6) are out of reach.",medium,
8,58,1,1.5,"A translation model is a passive text-in/text-out system that never initiates contact, anticipates a person's unstated needs, or takes any helping action beyond rendering supplied text, so it barely registers even on the level-2 anchor of proactively offering a small courtesy.",high,
12,43,1,1.0,Peripheral vision is a physical visual-field ability requiring eyes and a body in space; a code-patching AI has no visual field and performs nothing on this scale even at level 1.,high,
1,36,1,1.0,"A game-playing search agent has no body and performs no physical exertion whatsoever, so it does nothing for this activity even at level 1.",high,
5,12,2,1.5,"The model only applies geometry and perspective implicitly inside the rendering process; it cannot select or apply an explicit mathematical method to a stated problem, and even trivial arithmetic rendered into an image is unreliable and unverifiable.",medium,
13,24,0,1.0,"A conversational system has no hands or physical actuators, so it cannot grasp or manipulate objects at even the level-2 anchor.",high,
6,41,2,1.0,"The system consumes text supplied as digital tokens and performs no visual sensing at all, so it does not perform near-vision detail discrimination even at the lowest anchor.",high,
12,34,2,1.0,"The application is a disembodied code-writing system with no physical actuators, so it cannot exert muscle force or propel objects at any level.",high,
3,34,0,1.0,"A vision model has no physical actuators and exerts no muscle force, so it performs none of this activity even at the lowest anchor.",high,
1,28,2,1.0,"Board games are static discrete-state domains with no moving objects or physical actuation, so the system performs no timing of movement relative to changing speed or direction at all.",high,
5,1,0,1.0,A text-to-image generative model ingests written prompts or reference images and has no speech input or listening comprehension capability at all.,high,
9,36,1,1.0,"Speech recognition is a purely computational audio-to-text pipeline with no body or physical exertion capability, so it performs nothing on a physical stamina scale even at level 1.",high,
12,43,2,1.0,"The application is a text-based code-patching system with no visual field or perception of any kind, so it performs nothing on this physical-sensory activity even at level 1.",high,
3,48,2,1.0,"A still-image vision model has no audio input at all, so it cannot detect or discriminate sounds even at the simplest level.",high,
11,11,0,5.5,"It reliably regroups and reclassifies problems, objects, and structures under multiple explicit criteria, but inventing and defending genuinely novel classification schemes over unfamiliar research material (and grounding multi-attribute schemes in correct domain data rather than plausible-sounding values) still needs expert verification.",medium,
6,54,2,1.0,"The system only answers questions about a supplied passage; it takes no actions in a shared workflow and has no perception of or responsiveness to others' actions, so it does not perform coordination even at the level-2 scheduling anchor.",high,
8,32,2,1.0,"A translation model has no physical embodiment and cannot exert any muscle force, so it performs none of this activity even at level 1.",high,
10,50,2,1.0,"A digital agentic system has no binaural audio input or physical presence, so it cannot determine the direction a sound came from at all, even at the level-2 anchor.",high,
4,46,1,2.0,"The model can answer questions about dusk-lit or dim photographs where content is still discernible, but it has no capacity to acquire or amplify genuinely low-light imagery and its accuracy collapses on dark, noisy, low-contrast inputs where a human eye would still resolve shapes and navigate.",medium,
4,42,0,2.5,"It can read clearly rendered distant text or salient far-off objects in a supplied image, but its effective acuity is capped by image resolution and it is unreliable on fine-grained discrimination of small, low-pixel distant detail (and cannot itself acquire or adjust the optical view).",medium,
12,9,0,4.2,"It can induce a plausible root cause from an issue report, stack traces and failing tests (level-4-style evidence-to-suspect inference), but on subtle cross-module or environment-dependent bugs with no clean test signal it frequently settles on a symptom-level fix that passes tests while missing the true general cause, so its patches still require human review.",medium,
13,44,2,1.0,"A conversational dialogue system has no visual/spatial sensing or judgment of object distance, so it performs nothing on this activity even at level 1.",high,
7,48,1,1.0,A text-only language model has no audio input and cannot detect or discriminate sounds at all.,high,
2,48,0,1.0,"The agent acts on visual/state game input and does no auditory discrimination at all, so it does not perform the activity even at the level of noticing an alarm tone.",high,
11,21,1,2.2,"It can juggle several strands of information within one static reasoning problem, but it does not monitor or switch attention between concurrent, real-time information streams as levels 3+ require.",medium,
8,47,2,1.0,"A text translation model has no visual sensing capability whatsoever, so it performs nothing on this perceptual activity even at level 1.",high,
11,19,0,3.5,"It can simulate multi-step state changes symbolically and reason about geometric configurations via algebra/coordinates, but it does not reliably imagine genuinely spatial rearrangements — diagram interpretation, mental rotation, and tracking board-like configurations remain error-prone and require checking.",medium,
5,50,1,1.0,"An image generation model has no audio input and performs no auditory direction-finding whatsoever, so it does nothing for this activity even at level 1.",high,
8,22,0,1.0,"A text translation model has no physical actuators and performs no motor activity whatsoever, so it does nothing for arm-hand steadiness even at level 1.",high,
10,53,1,2.2,"It can infer explicit sentiment from text it processes (e.g., an irate customer message) but has no persistent awareness of people, relationships, or group dynamics, so it cannot judge how events will land on a work group or read unstated emotional states.",medium,
6,29,2,1.0,"Reaction Time is a physical psychomotor ability requiring hand, finger, or foot response to a sensory signal, and a text-reading question-answering system has no effectors and no real-time signal detection, so it performs nothing on this activity even at level 1.",high,
10,56,0,2.2,"It can autonomously send and iterate on simple text-based asks (schedule changes, low-stakes vendor haggling) but cannot be trusted with binding commitments, reading counterparties, or reconciling real interpersonal conflict, which is what level 4+ anchors require.",medium,
11,50,0,1.0,"The application performs formal symbolic reasoning and has no auditory input or spatial hearing capability, so it does nothing for sound localization even at level 1.",high,
12,47,1,1.0,"Glare Sensitivity is a human visual-perceptual ability requiring eyes and physical presence; a code-patching AI system performs no visual perception whatsoever, even at level 1.",high,
7,40,1,1.0,"A text-only language model has no body and performs no physical balance activity at all, even at level 1.",high,
9,48,2,2.5,"The pipeline reliably detects sound presence and speech-relevant spectral distinctions (including lexical tone and loudness-based segmentation), but it is trained to normalize away non-speech acoustic detail and cannot make diagnostic pitch/timbre judgements about arbitrary sounds as level 4 requires.",medium,
8,9,2,3.0,"The model combines local and discourse-level cues to infer register, referents and ambiguous senses, but it never has to synthesize disparate, seemingly unrelated evidence into a novel general conclusion (level 4+), and its inferences are unverified against the world.",medium,
4,44,0,1.8,"It can order objects by relative nearness in a static image but gives unreliable metric distances and cannot perform the real-time, consequential depth judgment that even the level-2 anchor (merging into traffic) requires.",medium,
12,49,1,1.0,"The system operates purely on text (issues, code, test output) and processes no audio at all, so it cannot attend to any sound source, distracting or otherwise.",high,
13,46,2,1.0,"Conversation is a dialogue system with no visual sensing of any kind, so it performs no low-light seeing at all.",high,
1,33,1,1.0,"A board-game search agent has no body and exerts no muscle force at all, so it performs nothing on this physical endurance scale.",high,
9,48,1,2.5,"The ASR pipeline reliably detects speech presence and discriminates fine spectral/phonetic differences within speech (comfortably level 2), but it is not trained to judge absolute pitch or loudness of non-speech sounds, so diagnostic listening tasks like identifying an engine fault by sound (level 4) or tuning instruments are outside its output space entirely.",high,
7,45,0,1.0,"A text-only language model has no visual input and cannot perceive or compare colors at all, so it cannot perform even the level-1 sorting task.",high,
7,46,1,1.0,"A text-only language model has no visual sensing whatsoever, so it cannot see under any lighting condition, even at the lowest anchor.",high,
9,55,1,1.0,A transcription pipeline only converts audio to text and has no capacity to formulate arguments or influence anyone's beliefs or behavior.,high,
9,18,1,1.0,"A speech-to-text pipeline outputs transcribed words and has no representation of its own location or the position of objects in an environment, so it performs no spatial orientation at all.",high,
10,47,2,1.0,Glare sensitivity is a human physiological visual ability requiring eyes perceiving real-world bright-light scenes; a digital agentic system has no visual apparatus in the physical environment and performs none of this activity even at level 1.,high,
9,41,2,1.0,"Speech recognition operates on audio input only and has no visual sensing capability whatsoever, so it performs nothing on a near-vision scale.",high,
9,57,2,1.0,"A transcription pipeline only converts speech to text; it does not explain, demonstrate, or adapt instruction to a learner, so it performs no teaching even at the simplest level.",high,
2,26,0,1.2,"The agent has no limbs or physical actuators 
init it emits discrete action commands in a simulated environment, so bodily multilimb coordination is essentially not performed beyond a loose analogy to issuing two concurrent control streams.",high,
8,25,2,1.0,"A text translation model has no actuators or machine controls and performs no physical adjustment whatsoever, so it does nothing for this activity even at level 1.",high,
5,26,0,1.0,"An image-generation model has no limbs or physical actuators, so it performs no part of coordinated multilimb motion at any level.",high,
10,58,2,3.5,"It can execute routine, well-specified service transactions (lookups, form-filling, ticket triage) but is not trusted unsupervised for irreversible, money-moving bookings like the level-4 reservation anchor, and it reacts to stated requests rather than proactively discovering unstated human needs.",medium,
11,12,2,5.5,"It reliably selects and executes correct methods on well-posed advanced problems, but on genuinely novel research-level derivations it still produces plausible-looking invalid steps that require expert verification, so it cannot be trusted unsupervised at the level of specifying the mathematics for a consequential engineering simulation.",medium,
1,38,1,1.0,"A board-game search agent has no body and performs no physical bending, stretching, twisting, or reaching whatsoever.",high,
9,29,2,1.0,"Speech recognition is a perceptual transcription pipeline with no motor or actuation output, so it performs no hand, finger, or foot response to a signal at any level.",high,
11,14,2,5.5,"It can hold and replay long problem statements, definitions, and derivation chains verbatim from context (matching or exceeding the Gettysburg-recitation anchor), but recall drawn from parameters rather than context is unreliable at precision level \and constants, exact theorem statements, citations are confabulated often enough that unsupervised use at the top of the scale fails.",medium,
9,57,1,1.0,"A transcription pipeline only converts speech to text; it neither selects content, explains, demonstrates, nor adapts to a learner, so it performs no instructing even at the level-2 anchor.",high,
13,23,2,1.0,"A conversational system has no physical effectors and performs no grasping or manipulation whatsoever, so it does nothing for this activity even at level 1.",high,
2,8,2,3.4,"Its rule-application is implicit policy learned from massive play within one closed game, reliable for mechanical inferences (unit counters, resource costs, trajectory outcomes) but it cannot state or transfer general principles to novel situations, so multi-factor judgment under genuine uncertainty like the level-5 anchor is out of reach.",medium,
2,24,0,1.0,"The agent emits actions through a software API or emulated inputs and has no hands or physical manipulators, so it never grasps or manipulates small objects at all.",high,
13,53,2,3.5,"It reliably reads frustration, confusion, and intent expressed within the dialogue channel, but lacks the persistent contextual and nonverbal information needed to read multi-party social dynamics (level 4) and cannot be trusted unsupervised with high-stakes affective judgment such as detecting crisis or suicidality (level 6), where a misread carries serious harm.",medium,
2,14,1,4.5,"Within-episode recurrent memory reliably retains learned procedures (build orders, combos) and a modest amount of tracked state such as map layout and scouted units, but it is lossy, task-specific, and cannot perform rapid verbatim acquisition of arbitrary new content as level 6 requires.",medium,
1,9,0,4.2,"Its generalization is confined to a closed world of fully-observed states with exact rules and unlimited self-play feedback; it cannot combine heterogeneous, noisy, partially-observed evidence from an open domain into a conclusion, as the level-6 diagnostic anchor requires.",medium,
8,19,1,1.0,"A text-to-text translation model performs no spatial or mental-imagery reasoning about how objects look when moved or rearranged, so it does not perform this activity even at the level-2 anchor.",high,
5,39,0,1.0,"An image generation model has no body and performs no physical movement, so it does nothing for gross body coordination even at level 1.",high,
2,2,0,1.4,"Game-playing agents act on pixels/state vectors and at most register simple HUD labels or numbers; they do not read and understand prose, so even sign-level (level 2) written comprehension is only marginally touched.",high,
10,14,2,6.0,"It reproduces well-known texts and holds long procedures verbatim via context and retrieval, but arbitrary novel material beyond the context window gets truncated or confabulated, so precise long-horizon retention above the Gettysburg-level anchor is unreliable.",medium,
3,53,2,1.4,"A still-image object labeller can at best flag a facial expression as a visual category; it has no model of why people react as they do, no temporal or situational context, so it falls short even of the level-2 anchor's causal inference about waiting customers.",high,
1,57,0,1.3,"The agent outputs moves and position evaluations but produces no explanation, demonstration sequence, or adaptation to a learner, so any teaching value requires a human to interpret and convey it.",high,
6,32,0,1.0,"A text-reading model has no body or actuators, so it exerts no physical force at all
s even the level-1 shopping cart push.",high,
8,22,1,1.0,"A text translation model has no physical actuators and performs no arm or hand motion whatsoever, so it does nothing for this activity even at level 1.",high,
10,37,0,1.0,"Extent Flexibility is a purely physical bodily ability; a software agent operating in digital environments has no body and performs none of it, even at level 1.",high,
3,10,1,2.0,"A vision classifier only assigns labels per image, so it can support trivially rule-bound sorting (e.g., reading digits or bucketing items by category) but cannot itself sequence multi-step actions or apply layered ordering rules across items over time.",medium,
9,39,1,1.0,"A speech-to-text model has no body or actuators, so it performs no whole-body movement coordination at any level.",high,
10,7,0,3.5,"It reliably catches explicit, surfaced faults (errors, exceptions, failed tests, broken links) and some inconsistencies, but frequently misses silent failures and misread intent ""look"" successful, so anticipating trouble from subtle, ambiguous cues before it manifests cannot be left unsupervised.",medium,
9,40,0,1.0,"A speech-to-text model has no body or physical actuation, so it performs no balance activity whatsoever, even at level 1.",high,
7,5,1,5.5,"It generates large volumes of relevant ideas on demand far past the level-4 anchor, but its lists drift toward conventional, overlapping items and it cannot verify exhaustive coverage of a complex domain as the level-6 'name all possible strategies' anchor demands.",high,
9,34,1,1.0,"A speech-to-text model has no body or actuators, so it cannot exert any muscle force to jump, sprint, or throw at even the lowest level.",high,
10,21,1,4.0,"It can interleave several tool streams and sub-goals serially and re-orient after interruptions, but it degrades on long horizons (dropped sub-goals, stale context) and cannot sustain real-time, high-consequence concurrent vigilance like the level-6 radar/radio anchor without human oversight.",medium,
6,38,2,1.0,"A text-reading question-answering system has no body or actuators, so it performs no physical bending, stretching, twisting, or reaching at any level.",high,
12,43,0,1.0,"The application has no visual sensing at all; it operates on text and code, so it performs no part of a physical peripheral-vision activity even at level 1.",high,
7,42,1,1.0,A text-only language model has no visual input at all and cannot see anything at any distance.,high,
5,15,1,2.5,"A generative model synthesises images rather than perceiving them; beyond loosely completing degraded or partial visual input (inpainting, denoising), it does not recognise or interpret ambiguous real-world stimuli such as odd handwriting or radar patterns, and cannot be relied on to report what it 'sees'.",medium,
9,18,2,1.0,"A speech-to-text pipeline produces transcripts and has no self-location, egocentric frame, or object-position awareness, so it does not perform spatial orientation even at the simplest level.",high,
4,33,1,1.0,"A visual question answering model has no body or actuators and exerts no muscle force at all, so it performs nothing on this physical endurance activity even at level 1.",high,
13,18,2,1.0,"A disembodied conversational system has no position or sensory frame in a physical environment, so it cannot know its own location relative to surroundings even at the level-2 floor-plan anchor.",high,
3,16,2,5.0,"Trained detectors reliably find known patterns in cluttered, occluded scenes (golf-ball-in-rough difficulty and somewhat beyond), but level-6 style detection of deliberately camouflaged or degraded targets in novel conditions remains brittle and, where misses are consequential, still requires human verification.",medium,
13,47,2,1.0,"A conversational system has no visual perception at all, so it cannot see objects under any lighting condition, glare or otherwise.",high,
2,42,1,1.0,"A game agent reads pixels from a rendered frame buffer or game API and has no optical acuity at physical distance, so it performs no part of the far-vision activity even at the billboard level.",high,
4,52,1,1.0,"A visual question answering model produces text answers and has no speech production capability at all, so it does not perform spoken articulation even at the bingo-caller level.",high,
8,55,0,1.5,"A translation model only re-renders someone else's persuasive content — it forms no persuasive goal, models no specific audience's resistance, and cannot adapt across an exchange, so it never performs even level-2 soliciting on its own behalf beyond carrying an existing appeal into another language.",medium,
5,28,1,1.0,"Rate Control is a physical psychomotor timing ability involving continuous adjustment to a moving object; an image-synthesis model produces static outputs and performs no movement timing at all, not even the level-1 anchor.",high,
1,6,0,4.5,"Its genuine novelties (AlphaGo's move 37, AlphaZero's unorthodox openings) are surprising and expert-recognized, but they are generated only inside a fully specified rule set with an exact win/loss signal, so it cannot frame new problems or invent in open, ill-defined domains as the level-6 anchor requires.",medium,
2,34,0,1.0,"A game-playing software agent has no body and exerts no muscle force, so it performs nothing on this physical activity even at level 1.",high,
10,6,2,3.5,"It reliably produces clever workarounds within a known solution space (alternate APIs, scripts, retry strategies) but its 'original' ideas are recombinations of training patterns that require a human to judge which are actually apt, so it cannot be handed responsibility for genuine design-level novelty like redesigning a job or inventing a new material.",medium,
1,21,0,2.4,"The engine operates on a single, fully-specified information stream (the board state) plus at most a clock, so it never has to alternate attention among genuinely distinct, concurrently arriving sources as level 3+ anchors require.",medium,
2,18,2,4.3,"Trained agents reliably localize themselves and track objects in the game worlds they were trained on, exceeding simple obstacle-avoidance navigation, but they depend on game-supplied coordinates/minimaps and fail to transfer spatial reasoning to novel or unmapped environments, so nothing like inferential dead-reckoning navigation (level 6) is attained.",medium,
4,19,2,2.5,"Multimodal models handle simple, single-step spatial transformations described in an image but remain unreliable at mental rotation, occlusion reasoning, and multi-step part-rearrangement inference such as reading an assembly diagram through to a correct final configuration.",medium,
9,13,0,1.0,"A speech-to-text pipeline transcribes acoustic input into words and performs no arithmetic at all, so it does not even add 2 and 7.",high,
11,16,1,3.8,"It reliably spots known symbolic structures (an applicable identity, lemma, or conserved quantity) buried in redundant or misleading problem text ""rough"", but the higher anchors describe real-time perceptual detection of camouflaged targets in noisy sensory fields, which this text/symbol-only reasoner does not do, and its pattern-spotting still misses or hallucinates hidden structure on genuinely novel research-level inputs without a verifier.",medium,
11,2,1,5.5,"It parses dense technical and formal prose at near-expert level, but still misreads subtle quantifiers, edge-case conditions, notation conventions, and long multi-part specifications often enough that an unsupervised handoff on high-stakes technical documentation (the level 6 anchor) is not safe.",medium,
4,43,1,1.5,"VQA answers questions about a static supplied image and has no gaze, no real-time lateral monitoring, and no motion tracking, so it can at best note objects near an image's edges rather than maintain side awareness while attending forward.",high,
3,7,2,3.0,"It can flag visible deviations from trained categories (defects, damage, absent parts) in constrained settings, but it cannot infer latent or developing states from context — the level 4+ anchors require reading subtle, cumulative cues to judge that something is *likely* to go wrong, which a single-image labeler with no situational model cannot do reliably or unsupervised.",medium,
6,36,2,1.0,"Stamina is a physical exertion ability; a text-reading model has no body and performs no part of it, even at level 1.",high,
11,10,2,5.0,"It sequences long rule-governed derivations and proof steps well, but on the hardest research-level chains it still inserts plausible-looking steps out of logical order or skips dependencies, so an expert must verify before the output can be relied on.",medium,
11,46,2,1.0,Night vision is a human visual-sensory ability; a mathematical reasoning system performs no visual perception under low light at all.,high,
3,30,0,1.0,"A vision model has no effectors and performs no physical finger, hand, or wrist movement at all, so it does nothing for this activity even at level 1.",high,
5,30,2,1.0,"The model is purely software synthesising pixels and performs no physical finger, hand, or wrist movement at all, so it does nothing for this activity even at level 1.",high,
4,46,0,2.0,"The model only interprets whatever a camera already captured, so low-light sensing itself is not performed; it can often resolve a dusk-lit sign in a reasonably exposed image but degrades sharply and unpredictably on noisy, near-dark inputs and cannot be trusted for navigation-grade perception.",medium,
5,51,0,1.0,"A text-to-image generative model takes no audio input and performs no speech identification or comprehension at all, consistent with the 0.00 FRS score on oral abilities.",high,
12,35,0,1.0,"The application is disembodied software with no physical body or actuators, so it performs no trunk-strength activity at any level.",high,
1,54,0,1.5,"It only adapts its moves to an adversary's moves inside a closed, fully specified rule system; it cannot interpret people's intentions, communicate, or align its actions with human collaborators, so even level-2 coordination like clinic scheduling is out of reach.",high,
9,19,2,1.0,A speech-to-text pipeline performs no spatial or mental-rotation reasoning at all; it maps audio to text and never represents objects or their rearrangement.,high,
6,8,2,4.0,"It can reliably apply rules explicitly stated in a supplied passage to specific questions, but cannot be trusted for open-ended judgment about which unstated principles apply (level 5+) and still misreads long, ambiguous or technically dense documents often enough to need review.",medium,
10,32,1,1.0,"The application is purely digital and has no physical actuators, so it cannot exert any muscle force at all — not even pushing an empty cart.",high,
1,5,1,3.5,"Search engines exhaustively generate enormous numbers of candidate moves and plan variations, but only inside a closed, formally specified rule space; they cannot produce ideas about an open-ended, loosely defined topic as the level-4+ anchors require.",medium,
3,2,0,1.2,"The measured object is a trained visual object classifier that assigns labels to image content; it does not parse or comprehend written language, so beyond incidentally recognising a sign's shape as an object it performs none of the reading comprehension the anchors describe.",high,
12,44,2,1.0,"The application operates purely on text/code and has no visual or spatial sensing, so it performs no depth judgment at all.",high,
13,35,0,1.0,"A conversational AI has no body or musculature, so it performs nothing on a physical trunk-strength scale even at level 1.",high,
6,5,0,2.3,"The system only enumerates items or candidate answers already present in a supplied passage, so it can produce short lists of grounded points but does not perform open-ended divergent generation of many novel ideas about a topic (level 4+).",medium,
4,6,1,2.3,"It can suggest simple improvised or unusual uses for what it sees in an image (level-2-style cleverness), but generating and standing behind substantive creative solutions to open-ended real-world problems (level 4+) is outside what a question-answering-on-images model does unsupervised.",medium,
3,30,2,1.0,"An image classification model has no actuators and performs no physical finger, hand or wrist movement at all, so it does nothing for this activity even at level 1.",high,
6,12,0,2.3,"It can extract quantities and stated formulas from a passage and carry out simple one- or two-step arithmetic, but selecting or deriving a mathematical method not spelled out in the text (level 4+) is outside what evidence-locating reading comprehension does reliably, and unchecked arithmetic slips make it unsuitable for consequential computations.",medium,
8,46,0,1.0,"A text translation model has no visual sensing capability at all, so it performs nothing on a low-light seeing ability.",high,
11,36,0,1.0,"The application is a disembodied reasoning system with no physical form, so it cannot exert itself physically at all, even at the level-1 anchor of walking a quarter mile.",high,
13,15,1,3.8,"It rapidly resolves partial, disfluent or garbled linguistic input into intent (level 3
into level 4 territory), but degrades on genuinely noisy, accented or overlapping speech and does not synthesize non-linguistic multi-signal patterns into a consequential judgment as level 5 requires.",medium,
7,36,1,1.0,Stamina is a purely physical cardiovascular capacity; a text-predicting language model has no body and performs none of this activity at any level.,high,
3,21,0,1.4,"A still-image classifier processes a single input stream in one pass and has no mechanism for alternating attention between concurrent activities or distinct information sources, so it barely registers even at the level-2 anchor.",high,
10,3,2,2.5,"The application is defined as digital task execution (browsing, tools, code) with no speech channel of its own; piped through TTS its outputs can handle simple transactional or informational utterances, but sustained interactive spoken explanation calibrated to a listener is outside what the scaffolding performs or is evaluated on.",medium,
5,11,1,2.5,"The model implicitly recombines attributes and concepts (style, object, material) when rendering a prompt, which resembles applying two or three grouping dimensions at once, but it never produces an explicit, checkable set of grouping rules or a consistent classification of items, so multi-criteria taxonomic work at level 3+ is out of reach.",medium,
5,24,0,1.0,"An image-generation model has no physical effectors and performs no finger manipulation at all, not even the level-2 coin-insertion task.",high,
8,27,0,1.0,"Translation is a text-processing model with no motor response or physical signal-reaction capability, so it performs nothing on this psychomotor ability even at level 1.",high,
12,8,1,4.5,"It reliably chains rule-based inference from stack traces, type contracts and failing tests to a correct localized patch, but on issues requiring deduction across many interacting invariants it silently produces plausible-but-wrong fixes at a rate (roughly a third or more of nontrivial tasks) that still requires human code review, blocking level-5/6 unsupervised substitution.",medium,
5,45,1,4.5,"It renders coherent, nuanced colour and shading and can approximate a reference subject's palette, but it cannot reliably hit specified exact colours (hex/brand/spot values), keep a colour identity consistent across outputs, or verify its own colour against a target, so the portrait-fidelity level of matching observed colour is not dependably attained.",medium,
3,2,1,2.0,"A trained object-classification model can reliably recognise and categorise highway-sign-level visual/text tokens, but it has no mechanism for reading and comprehending connected prose such as a lease or a repair manual.",high,
1,37,1,1.0,"Extent Flexibility is a physical bodily ability; a board-game-playing search agent has no body and performs no bending, stretching, or reaching at all.",high,
8,26,1,1.0,"A text translation model has no limbs or physical actuators, so it performs no coordinated limb movement whatsoever.",high,
1,45,2,1.0,"The agent operates on symbolic discrete board states, never on color input, so it performs no color matching or discrimination at even the simplest level.",high,
11,43,1,1.0,"The application is a text-based formal reasoning system with no visual field or sensory apparatus at all, so it performs no part of peripheral vision even at level 1.",high,
7,41,0,1.0,"A text-only language model has no visual sensor and cannot see anything at any range, so it performs none of this activity even at the lowest anchor.",high,
3,14,1,3.0,"A trained vision model retains a huge learned vocabulary of visual categories (far beyond level 1-type retention), but its memory is frozen recognition memory: it cannot encode new items on the spot (level 4's 'five people you just met') or recall verbatim sequences of words, numbers or procedures (level 6).",medium,
5,52,2,1.0,"An image generator produces no spoken output at all, so it cannot perform even the simplest speaking task such as calling bingo numbers.",high,
13,52,2,5.5,"Modern speech synthesis is highly intelligible and can sustain announcement- and near-lecture-quality delivery, but prosodic emphasis, adaptive pacing for a live audience, and correct rendering of unusual names/technical terms remain imperfect at the top anchor.",medium,
4,8,1,3.5,"It can apply commonsense and simple stated rules to what it sees, but grounding errors and hallucinated visual details make multi-step, consequential rule-application (level 5+ judgment like weighting selection factors or engineering design) unreliable without human verification.",medium,
1,23,1,1.0,"The system is pure software search and evaluation with no physical effectors, so it cannot grasp, move, or manipulate any object even at the light-bulb level.",high,
11,45,0,1.0,"The system performs formal symbolic reasoning and has no perceptual color-matching function at all, so it does not perform even the level-1 sorting task.",high,
8,47,0,1.0,"Translation is a text-processing model with no visual perception whatsoever, so it performs nothing on a visual-acuity-under-glare activity even at level 1.",high,
8,15,1,3.5,"The model can rapidly disambiguate idioms, typos and messy informal source text into coherent meaning (level 3-4 pattern recognition), but it operates only on already-tokenized text and does not interpret genuinely degraded or heterogeneous signal patterns to reach consequential inferences as level 5 requires.",medium,
7,38,1,1.0,"A text-only model has no body or actuators, so it cannot bend, stretch, twist, or reach at all.",high,
5,19,2,3.5,"It renders plausible rearranged or novel-view scenes, but cannot reliably maintain part identity, count, and physical/geometric consistency under a specified transformation, so diagram-faithful assembly-style visualization (level 4) fails too often to go unchecked.",medium,
4,43,2,2.0,"It can report on objects anywhere in a static frame, including the edges, but has no embodied wide field of view and no real-time tracking of moving objects while attending elsewhere, which every anchor from level 2 upward requires.",medium,
7,22,2,1.0,"A text-predicting model has no body or actuators, so it performs no physical steadiness task at any level.",high,
8,40,0,1.0,"A text translation model has no body and performs no physical balancing activity at all, so it does nothing for gross body equilibrium even at level 1.",high,
12,35,2,1.0,"The application is a disembodied software system with no physical body or musculature, so it performs no trunk-strength activity at any level.",high,
7,39,2,1.0,"A text-only model has no body or actuators, so it performs no whole-body movement at all, not even level 1.",high,
8,7,2,2.3,"A translation model can surface only glaring surface anomalies (garbled or untranslatable source, obvious inconsistency) and characteristically produces fluent output rather than flagging ambiguity or error, so it cannot be trusted to detect latent problems in content or context.",medium,
5,39,2,1.0,"An image generation model has no body or actuators and performs no whole-body movement whatsoever, so it does nothing for this activity even at level 1.",high,
3,34,2,1.0,"An image-recognition model has no body or actuators and exerts no physical force at all, so it performs none of this activity even at level 1.",high,
9,37,1,1.0,"A speech-to-text model has no body or actuators, so it performs no bending, stretching, twisting, or reaching at all, even at level 1.",high,
12,17,0,2.0,"It can match and compare textual symbols (identifiers, diffs) without time pressure as a byproduct of code search, but it performs no rapid visual scanning or timed multi-item discrimination as in the level 4+ anchors, and LLMs are notoriously unreliable at exact character-level comparison.",medium,
2,56,0,1.0,"A real-time game agent acts on perceptual input and motor-style outputs; it does not communicate with or reconcile the differing interests of human parties, so it performs no part of the negotiation activity even at the lowest anchor.",high,
12,28,1,1.0,Rate Control is a psychomotor ability requiring continuous physical tracking of moving objects; a code-patching AI system has no sensors or actuators and performs none of this activity at any level.,high,
7,21,0,2.4,"It can interleave attention across several information sources bundled into one static prompt, but it has no concurrent real-time input channels to monitor and cannot switch between live, ongoing activities as level 3+ anchors require.",medium,
1,57,1,1.5,"The agent outputs moves and numeric position evaluations only
invent no explanations, no adaptation to a learner's level, and no verbal or demonstrative teaching of procedure, so it functions as a reference oracle a human teacher interprets rather than as an instructor.",high,
13,21,0,3.0,"It can hold dialogue state while attending to a secondary channel (barge-in, retrieval, form-filling), but it cannot reliably allocate attention across several concurrent live streams with divergent priorities, as the level 6 radar/radio anchor requires.",medium,
3,4,0,1.0,"The system emits class labels or bounding-box tags, not composed prose, so it does not communicate information or ideas in writing even at the level of a short reminder note.",high,
12,24,1,1.0,"The application is a purely software agent with no hands, actuators, or physical manipulation capability, so it performs no finger dexterity at any level.",high,
11,25,2,1.0,Control Precision is a psychomotor ability requiring physical manipulation of machine or vehicle controls; the application is a text-based reasoning system with no actuators or motor output at all.,high,
2,16,2,4.7,"Agents reliably pick out known game entities from cluttered, fast-moving scenes, but only within the consistent synthetic rendering they were trained on — they degrade badly on novel visual conditions, occlusion or deliberately deceptive/camouflaged patterns that the level-6 anchor implies.",medium,
6,29,0,1.0,"A text-reading question-answering system has no sensorimotor channel and issues no physical or timed motor response to an appearing signal, so it performs none of this activity even at level 1.",high,
12,6,0,3.3,"It reliably produces known-pattern fixes and occasional improvised workarounds within an existing codebase, but genuinely novel design choices (new abstractions, architectures, algorithms) are unreliable and need human review, so it stops short of the level-4 'redesign' anchor.",medium,
9,9,1,1.5,"The pipeline only performs implicit contextual disambiguation of acoustic input; it never combines separate pieces of evidence to form or state a general rule or conclusion, so it barely reaches even the simple level-2 inference anchor.",medium,
5,23,0,1.0,"A generative image model has no physical embodiment or effectors, so it cannot grasp, move, or assemble any object at all — even the level-1 light-bulb task.",high,
2,1,2,1.0,"A game-playing agent acts on visual/state input and control outputs; it does not receive or interpret spoken language at all, so it performs nothing of this activity even at level 1.",high,
9,2,0,1.5,"The pipeline consumes audio and emits text; its language model captures only local lexical/syntactic plausibility, so it never reads a written document to extract meaning beyond word-sequence likelihood, falling short of even the highway-sign anchor as a task.",high,
3,40,2,1.0,"A vision model has no body or motor control, so it cannot maintain or regain physical balance at any level.",high,
10,29,0,1.0,"Reaction Time is a physical psychomotor ability requiring hand, finger, or foot response to a sensory signal, and a purely digital agent has no motor effectors, so it performs none of the anchored activities even at level 2.",high,
8,57,0,1.5,"A translation model only re-renders instructional text someone else authored; it cannot assess a learner, demonstrate, adapt explanation, or check understanding, so it at best passively conveys simple procedural instructions rather than teaching them.",high,
6,9,0,4.0,"It reliably chains multiple pieces of stated evidence within a passage to reach a supported conclusion, but its generalizations degrade with long, noisy, or conflicting source material and it cannot be trusted unsupervised for consequential diagnostic-style synthesis of heterogeneous evidence (level 6), where plausible-sounding but unsupported inferences are common.",medium,
4,24,1,1.0,"A visual question answering model has no actuators and performs no physical manipulation whatsoever, so it does nothing for finger dexterity even at level 1.",high,
2,54,1,3.4,"Trained agents adjust tightly to teammates' and opponents' moves within a single closed game, but cannot negotiate roles, communicate about a shared task, or transfer that coordination to any environment outside the one they were trained in, as level 4's joint real-world job requires.",medium,
12,42,1,1.0,"The system has no visual sensing of the physical world at all; it operates on text and code, so it performs no distance-vision activity even at level 1.",high,
9,45,2,1.0,"A speech-to-text pipeline processes audio only and has no visual input or color perception whatsoever, so it performs nothing on this activity even at level 1.",high,
12,50,0,1.0,"The application processes text and code and has no auditory input or spatial hearing capability, so it performs no sound localization at all.",high,
6,15,1,3.9,"It reliably reconstructs meaning from noisy, incomplete or scattered text evidence (the textual analogue of deciphering odd handwriting), but cannot perform closure on degraded non-text perceptual displays and its multi-hop pattern inference in long or ambiguous documents is not dependable enough for the consequential, decision-driving interpretation described at level 5.",medium,
3,35,0,1.0,"A vision model has no body and exerts no muscular force, so it performs nothing of this physical activity even at level 1.",high,
7,18,1,1.4,"A text-only model has no body, sensors, or location in an environment, so it cannot know where it is relative to surroundings; it can only reason about spatial descriptions supplied in text, falling short even of the level 2 floor-plan-navigation anchor.",high,
13,34,2,1.0,"Conversation is a purely linguistic system with no body or actuators, so it cannot exert muscle force at any level.",high,
10,52,0,1.5,"The application operates in text/digital environments and does not speak; any credit comes only from its ability to invoke a text-to-speech tool, which is incidental rather than the activity itself.",high,
8,42,2,1.0,"A text translation model has no visual sensing at all, so it cannot see details at any distance, even at the level of reading a billboard.",high,
1,43,2,1.0,"A board-game search agent has no visual field at all; it receives symbolic board states and performs no seeing of objects or motion to the side, so it does nothing for this activity even at level 1.",high,
9,58,0,1.0,"A transcription pipeline only converts audio to text; it never identifies or acts on a person's needs, so it performs no part of proactively helping people even at the level-2 anchor.",high,
1,3,1,1.0,A game-playing search agent outputs moves over discrete board states and has no speech production or natural-language communication capability at all.,high,
5,41,0,1.5,"An image generator synthesises pixels rather than perceiving them; even with reference-image conditioning it does not reliably read fine detail or detect small defects, so it cannot substitute for close-range visual inspection beyond the crudest level.",medium,
5,28,2,1.0,"Rate Control is a psychomotor ability requiring real-time timing of physical movements against a moving object; a static image synthesiser has no motor output or real-time perceptual loop, so it performs none of this activity even at level 1.",high,
7,35,0,1.0,"A language model has no body and cannot exert any physical trunk force, so it performs none of this activity even at level 1.",high,
11,27,1,1.0,"Response Orientation is a psychomotor ability requiring rapid selection among physical movements in response to signals; a text-based mathematical reasoning system produces no movements and operates on posed problems rather than real-time signals, so it does nothing for this activity even at level 1.",high,
5,24,1,1.0,"An image generation model has no physical actuators and performs no finger manipulation of objects whatsoever, so it does nothing for this activity even at level 1.",high,
7,37,1,1.0,"A text-only language model has no body or actuators, so it cannot bend, stretch, twist, or reach at all, even at the lowest anchor.",high,
10,39,1,1.0,"The application operates only in digital environments and has no body or actuators, so it cannot coordinate whole-body movement at even the lowest level.",high,
1,7,1,3.5,"Within a closed, fully-observable rule system it detects looming threats and losing trajectories superhumanly early, but it can only sense 'something is wrong' in encoded board states — it has no capacity to read ambiguous, noisy, or novel real-world cues of the kind the level-4 and level-6 anchors describe.",medium,
2,35,0,1.0,"A game-playing software agent has no body or muscles, so it performs no trunk strength activity at any level.",high,
9,24,0,1.0,"Speech recognition is a software audio-to-text pipeline with no hands, actuators, or physical manipulation capability whatsoever, so it performs nothing on this activity even at level 1.",high,
8,2,0,4.7,"The model demonstrably resolves ordinary and moderately technical prose well enough to re-express it, but its 'understanding' is implicit and unverified — dense specialist or safety-critical material (rare terminology, long-range referents, cross-sentence inference) yields confident mistranslations it cannot flag, so it cannot be trusted unsupervised at the missile-manual level.",medium,
4,12,0,2.5,"It handles simple arithmetic grounded in image content (unit prices, counts, chart differences) but visual grounding errors and lack of verification make multi-step method selection for consequential quantitative decisions unreliable unsupervised.",medium,
4,36,0,1.0,"Stamina is a purely physical endurance ability; a visual question answering model has no body and exerts no physical effort, so it does nothing for this activity even at level 1.",high,
7,52,0,1.0,"Speech Clarity is about audible articulation, and a text-only language model produces no speech at all, so it cannot perform even the level-1 task of calling bingo numbers aloud.",high,
10,49,2,1.0,"The application operates purely in digital text/tool environments and has no audio input or sound-source separation capability, so it does not perform auditory attention at all.",high,
8,49,2,1.0,"The measured object is a text-to-text translation model that never ingests audio, so it performs no auditory stream separation at all \case.",high,
9,11,2,1.8,"The pipeline applies one fixed classification scheme (acoustic segments to phonemes/words) and cannot generate or switch among alternative grouping rules, so it barely reaches the single-criterion sorting of level 2.",medium,
3,29,2,3.0,"The model detects and labels a visual signal quickly but produces no hand/finger/foot response at all, so it only substitutes for the perceptual trigger in simple 'light appears → act' loops and cannot be trusted unsupervised for the safety-critical braking-on-a-pedestrian tier where a miss or latency spike injures someone.",medium,
5,23,2,1.0,"The system is a software generative model with no physical actuators, so it performs no grasping or manipulation of objects at all, even at level 1.",high,
11,46,0,1.0,Night vision is a human visual-sensory capacity; a text-based mathematical reasoning system has no visual sensing at all and performs nothing on this activity even at level 1.,high,
13,29,1,1.0,"Reaction Time requires a physical hand, finger, or foot response to a sensory signal, and a conversational system has no motor effectors or actuation at all.",high,
10,33,0,1.0,"A digital-only agent has no body or actuators, so it exerts no muscular force at all, even at the level-2 anchor of using pruning shears.",high,
6,5,1,3.5,"The system's function is grounded extraction and combination of evidence from a supplied passage, so it can reliably enumerate many candidate items present or directly inferable in the text, but it is not built to generate open-ended, exhaustive idea sets untethered to the passage (level 4+ brainstorming, let alone level 6 exhaustive strategy enumeration).",medium,
2,17,0,5.5,"Superhuman speed and accuracy at discriminating patterns within the trained game's rendering distribution, but accuracy degrades on visually novel or out-of-distribution patterns, which is exactly what the level-6 defect-inspection anchor demands.",medium,
9,21,2,2.7,"The pipeline can fuse parallel information sources (acoustic and language models, multi-speaker diarization of overlapping talk) but only within a single fixed transcription task; it cannot alternate attention between qualitatively different activities or act on what it hears, as level 3+ anchors require.",medium,
9,54,2,1.0,"A transcription pipeline produces text from audio and takes no actions that could be adjusted in relation to another party's actions, so it does not perform coordination even at the level-2 appointment-scheduling anchor.",high,
8,38,2,1.0,"Translation is a text-processing model with no body or actuators, so it performs no physical bending, stretching, or twisting at any level.",high,
2,55,1,1.0,"A trained agent acting in a game environment issues control inputs to affect game state, not communicative appeals to change any person's mind or behavior, so it performs no part of the activity even at the lowest anchor.",high,
6,14,0,3.5,"It can reproduce short facts and lists verbatim while the passage sits in its context window, but it does not retain anything once the passage is removed and its recall of specific details degrades unreliably in long or cluttered inputs, so sustained studied recall (level 6) is not attained.",medium,
3,22,2,1.0,"A still-image classification model has no actuators or physical embodiment, so it performs no arm or hand motion at any level.",high,
5,46,2,1.0,"A generative image model has no sensor and performs no visual perception at all, so it cannot see under low-light conditions even at the lowest anchor; it only synthesises pictures that may depict darkness.",high,
5,8,1,2.5,"Image models apply simple commonsense and perceptual regularities (perspective, shadows, plausible object relations) implicitly, but fail unreliably on negation, counting, and multi-constraint compositional prompts, so they cannot be trusted to derive a correct answer from stated rules.",medium,
11,14,0,5.5,"The system holds and reproduces formulas, theorems, procedures and in-context material with near-verbatim fidelity (matching or exceeding the level-6 recitation anchor for well-represented text), but parametric recall of specific numbers, obscure constants and citations is unreliable enough to require checking, so it cannot be trusted unsupervised at the top of the scale.",medium,
11,3,1,4.0,"It can compose clear, well-ordered technical explanations of derivations in text (which can be voiced), but it does not deliver or adapt speech in real time to a listener, and at the level-6 anchor's expert-teaching standard its derivations still contain unflagged errors that require human checking.",medium,
8,35,1,1.0,"A translation model has no body and cannot exert any physical trunk force, so it performs nothing on this scale even at level 1.",high,
11,1,0,2.5,"The system ingests text, not speech: it has no audio front end, so any comprehension of spoken lectures or instructions depends on a separate transcription system, and it performs no listening itself beyond understanding whatever written content it is handed.",medium,
3,32,2,1.0,"A vision model has no actuators and exerts no physical force at all, so it performs nothing on this scale even at level 1.",high,
3,40,1,1.0,"A still-image labelling model has no body and produces no motor output, so it performs no balance activity at any level.",high,
5,31,1,1.0,"An image generation model has no body or actuators, so it performs no limb movement at all, even at level 1.",high,
5,31,2,1.0,"An image generation model has no limbs or physical actuation whatsoever, so it performs no part of this motor activity even at level 1.",high,
6,6,2,2.0,"The system only locates and recombines evidence already present in the supplied passage, so it produces at most mildly non-obvious inferences and never generates genuinely novel ideas or creative solutions of its own.",medium,
11,24,2,1.0,"The application is a purely symbolic reasoning system with no hands, actuators, or physical embodiment, so it cannot grasp or manipulate objects at all.",high,
3,23,1,1.0,"A vision model has no effectors and performs no grasping or manipulation at all, so it does nothing for this activity even at level 1.",high,
9,1,0,3.0,"The pipeline converts speech into accurate text even under accent and noise, which substitutes for word-level catching of everyday spoken content, but it extracts no meaning, intent, or ideas from what it transcribes, so it cannot act on instructions (level 4) or follow technical exposition (level 6).",high,
10,35,1,1.0,"Trunk Strength is a physical muscular ability requiring a body; a purely digital agentic software system exerts no force at all, so it does nothing even at level 1.",high,
7,13,2,3.2,"Without a calculator or code execution, the model performs single-step and short chained arithmetic reliably but accumulates silent digit-level errors in long multi-item ledgers and multi-step interest/percentage computations, so it cannot be trusted unsupervised at level 5.",medium,
3,41,1,5.0,"It resolves fine detail reliably at fine grain (level-5 style discrimination of small features), but level-6 anchor work like detecting minor defects in a diamond demands per-item, high-consequence inspection accuracy on rare, subtle, out-of-distribution flaws that a generic trained labeler cannot deliver unsupervised.",medium,
12,47,0,1.0,Glare sensitivity is a human visual-physiological ability requiring eyes and physical presence; a code-patching AI system performs no visual perception under bright lighting at all.,high,
2,18,1,4.5,"Trained agents localize themselves and track objects superbly within the specific simulated environment they were trained on (pixel-based 3D navigation, minimap awareness, flanking and positioning), but they do not perform higher-level orientation from indirect or novel cues — inferring position in an unfamiliar environment from sparse landmarks or celestial/dead-reckoning-style reasoning — and their spatial competence collapses outside the trained game.",medium,
2,22,2,1.0,"The agent has no arm or hand and emits control signals in software, so it never performs the physical activity of holding a limb steady at any level.",high,
8,38,0,1.0,"A text translation model has no body or actuators and performs no physical bending, stretching, twisting, or reaching whatsoever.",high,
2,25,0,4.3,"Trained agents make rapid, repeatable, exact control adjustments (racing-sim steering/throttle at the limit, aiming and unit micro) but only on synthetic inputs in a consequence-free simulator, with no physical actuation, sensor noise, or mechanical feedback of the kind level 5-6 anchors like drilling a tooth require.",medium,
3,24,0,1.0,"The application is a vision-only classification model with no hands, actuators, or manipulation capability, so it performs no finger movement at any level.",high,
3,47,0,3.3,"Trained vision models handle everyday backlit or bright-daylight scenes, but low-contrast, small-target detection against saturated glare (sun on water, blown-out highlights, lens flare) degrades sharply and silently, and they cannot perform the real-time embodied seeing the level 5-6 anchors describe.",medium,
4,27,2,1.0,"VQA produces text answers about static images and has no motor output or real-time signal-triggered response selection, so it performs none of this activity even at level 1.",high,
10,1,0,3.5,"The application is defined around digital tool use, browsing and code rather than listening; where audio is piped in via transcription it handles clear, well-formed spoken instructions but degrades on noisy, accented, overlapping or context-dependent speech and cannot be trusted to act unsupervised on technical spoken content it may mis-hear.",medium,
12,36,1,1.0,Stamina is a physical exertion ability; a software-patching AI has no body and performs nothing on this activity even at level 1.,high,
3,46,0,4.0,"Trained low-light detectors handle dim indoor or dusk imagery on still frames, but near-photon-starved scenes (moonless night) plus the embodied route-finding the level-6 anchor requires are outside a still-image labeller's reach, and its accuracy degrades unpredictably as noise rises.",medium,
1,34,1,1.0,"A board-game search agent has no body or actuators, so it exerts no muscle force at all and performs nothing on this physical activity even at level 1.",high,
7,23,2,1.0,"A text-only model has no physical actuators, so it cannot grasp, move, or manipulate any object at even the simplest level.",high,
2,15,2,4.8,"Within a single trained game it fuses noisy real-time perceptual streams into strategic reads (opponent composition, threat timing) at or above human speed, but this closure is narrow and brittle 
ew maps, patches, or unseen situations degrade it, so it does not match the general, transferable inference of the level-5 radar-interpretation anchor.",medium,
4,34,0,1.0,"A visual question answering model has no body or actuators and cannot exert any muscular force, so it performs none of this activity even at level 1.",high,
5,55,0,2.0,"It can render an appealing persuasive visual (e.g., a charity appeal poster) on request, but it neither reads an audience, builds an argument, nor adapts to objections, so any persuasion beyond generic visual appeal requires a human to set the strategy and deploy the image.",medium,
3,26,1,1.0,"Image recognition is a passive perceptual labeling system with no limbs or actuators, so it performs no coordinated physical movement at any level.",high,
10,17,0,4.5,"It can compare and diff letters, numbers and records at machine speed by writing code or scripting checks against dashboards and logs (comfortably at/above the gauge-reading anchor), but the upper anchors involve fast, fine-grained visual inspection of physical objects, where the agent's vision is unreliable and it has no real-time sensory channel.",medium,
2,35,2,1.0,"A game-playing agent has no body or trunk musculature, so it performs no physical torso-supporting work at any level.",high,
4,4,2,3.5,"It composes clear, coherent multi-sentence answers and image descriptions, but its writing is short-form and reactive to a posed question rather than sustained, structured, audience-tailored documents, and grounding errors mean the information conveyed cannot be trusted unsupervised at consequential levels.",medium,
5,20,1,2.0,"The model performs single-shot synthesis with no temporal persistence or vigilance, and it already drops or blends constraints in long, cluttered prompts, so it cannot sustain focused attention on a task over a period as levels 4+ require.",medium,
12,55,1,1.3,"The system's output is code patches and at most a PR/commit rationale; it does not engage humans to change their minds or behavior, so it barely registers even at the level-2 anchor of soliciting a donation.",high,
11,16,0,4.3,"It reliably spots standard structures (identities, applicable theorems, telescoping patterns) buried in cluttered problem statements, but deeply disguised or novel structure in research-level problems is missed or hallucinated often enough that a mathematician must still verify, and it does no perceptual pattern-detection of the kind the higher anchors describe.",medium,
10,7,2,4.0,"It reliably catches explicit failure signals (exceptions, failing tests, error codes, schema mismatches) and often flags plausible upcoming breakage, but it frequently proceeds confidently on silently wrong assumptions and misses weak, indirect early-warning cues, so unsupervised detection at the level-6 'few symptoms' standard is not attained.",medium,
5,29,2,1.0,"Image generation involves no sensorimotor response to a signal; the model has no hand, finger, or foot actuation and does not perform this activity at all.",high,
13,9,0,4.3,"It can synthesize dialogue content into plausible hypotheses and mid-difficulty inferences, but its conclusions are unverified and prone to confident fabrication or missed cues, so consequential synthesis like diagnosing from many independent test results cannot be left unsupervised.",medium,
12,50,2,1.0,"The application is a text/code-based software agent with no auditory input or spatial hearing capability, so it performs nothing on this activity even at level 1.",high,
13,24,1,1.0,"A conversational system has no hands or physical actuators, so it cannot grasp or manipulate objects at even the level-2 anchor.",high,
12,32,2,1.0,"The application is a disembodied software agent with no physical actuators, so it cannot exert any muscle force at all — it does nothing for this activity even at level 1.",high,
11,1,2,2.0,"The application as defined ingests written problem statements and has no speech-audio pathway, so it performs no genuine listening comprehension; only if content is already transcribed does its technical understanding matter, which is outside the activity as specified.",medium,
9,32,2,1.0,"Speech recognition is a purely software audio-to-text pipeline with no physical actuators, so it exerts no muscle force at all — it does nothing for this activity even at level 1.",high,
13,25,1,1.0,"Control Precision is a physical psychomotor ability requiring manipulation of machine controls; a conversational system has no actuators and performs none of it, even at the dimmer-switch level.",high,
