ai_app_id,ability_id,replicate,attained_level,ceiling_reason,confidence,error
7,82,1,3.5,"It categorizes, codes, and compiles textual information fluently, but without tools its arithmetic and tabulation are error-prone and it cannot verify figures against source records, so consequential rule-plus-calculation work like insurance claim adjustments (level 4) cannot be left unsupervised.",medium,
9,83,1,1.0,"The pipeline converts audio to text and makes no judgment about whether events or processes conform to laws, regulations, or standards — not even a completeness check on a form.",high,
3,86,0,1.0,"A trained classifier only assigns labels to existing visual content; it originates no new designs, ideas, or artistic contributions, so it performs nothing of the activity even at the level-1 anchor.",high,
12,88,1,1.5,"It plans only the immediate steps to satisfy a given issue within a single task horizon; it never sets long-range objectives or organization-level strategies, so it falls short even of the level-2 bounded-schedule anchor.",high,
3,97,2,1.0,"A vision model only assigns labels to images; it cannot manipulate tools or parts, so it performs no servicing, adjusting, or testing of mechanical equipment even at the level-2 door-hinge anchor.",high,
3,89,0,1.0,"A trained vision model only assigns labels to image content; it performs no scheduling of events, programs, or people's work at all, even at the level of booking appointments on a fixed template.",high,
8,79,0,1.0,"A text translation model has no sensory access to physical equipment, structures, or materials and performs no inspection whatsoever, even the trivial level-1 check.",high,
9,97,0,1.0,"Speech recognition transcribes audio and has no physical actuation or mechanical servicing capability whatsoever, so it performs none of this activity even at level 1.",high,
2,92,0,1.0,"The agent acts only through game controller/API inputs inside a simulated environment and has no physical embodiment, so it never handles, positions, or moves real materials at any level.",high,
7,87,2,3.3,"With frozen weights and no retrieval, it cannot actually keep current \is, so any updating is limited to what a supervisor pastes into context, and its confident recall of stale or hallucinated technical details makes unsupervised currency in a changing domain (level 4+) unattainable.",medium,
4,96,1,1.7,"VQA only answers questions about an image; it produces no drawings, documentation, or fabrication/assembly specifications, so it can at best offer informal suggestions (e.g., commenting on a room's lighting) rather than deliver even a level-2 specification unsupervised.",high,
4,76,0,3.4,"It reliably extracts and answers questions about visible content in a single image (blueprint- or chart-reading level), but hallucinations on dense numeric/fine detail and its inability to cross-check or integrate multiple external sources make unsupervised budget-review-grade information gathering unreliable.",medium,
8,96,0,1.5,"A translation model only re-renders documentation that someone else has already authored; it cannot originate specifications, layouts, or drawings for devices or equipment, and has no access to the physical/engineering context needed even for a level-2 task like specifying work-area lighting.",high,
9,99,0,3.2,"It converts speech to text verbatim and can fill a dictation-capture role, but it exercises no judgment about what information matters, cannot verify or structure records, and residual errors under accent/noise/overlap require human review before the output can serve as an authoritative record like a crime-scene report.",medium,
5,76,1,2.3,"The model only ingests the prompt and any supplied reference image — it passively receives one specification rather than actively seeking, cross-checking or synthesising information from multiple sources, so it stops near the 'follow a standard blueprint' anchor.",medium,
12,89,0,1.0,"The system only reads issues and writes patches within a codebase; it schedules no events, programs, or other people's work, so it does not perform this activity even at level 1.",high,
12,81,2,2.8,"It can make routine, verifiable quality calls (is this the right code, does the patch pass tests, is this fix adequate) but its self-assessment of patch soundness, design quality, or library/service tradeoffs is unreliable and still requires human code review before merge.",medium,
3,78,2,4.0,"It can categorize and flag visual differences reliably in constrained domains (e.g., defect or grade inspection akin to judging food product acceptability), but cannot perform the causal, multi-modal inference and novel-situation judgment implied by level 5-6 anchors, and its errors under distribution shift require human oversight in safety-critical uses.",medium,
8,94,1,1.0,"A text translation model has no actuators, sensors, or control capability, so it performs no vehicle or equipment operation at all, even at level 1.",high,
11,86,2,4.5,"It reliably composes non-retrievable multi-step derivations and proofs for well-posed problems (creative recombination of known methods), but genuinely novel research-level constructions are hit-or-miss and its invalid steps are fluent enough to require expert verification, so it cannot be trusted unsupervised at the level of originating new systems or bodies of work.",medium,
4,91,0,1.0,"A visual question answering model has no body or actuators and performs no physical movement whatsoever, so it does nothing for this activity even at level 1.",high,
3,91,2,1.0,"A still-image classifier has no body or actuators and performs no physical activity whatsoever, not even walking between work stations.",high,
10,79,2,1.5,"The activity requires physical sensing of equipment, structures, and materials, which a purely digital agent cannot do; it can at best read instrument data or logs exposed through software, falling short of even the level-1 physical check.",high,
12,81,0,2.5,"It reliably makes rule-checkable judgments (does this patch pass the tests, is this file relevant to the issue), but its broader assessments of patch correctness, code quality, or approach soundness are unreliable enough that merge decisions still require human review.",medium,
4,82,2,3.0,"It can categorize image content and extract/tabulate simple visual data, but transcription, counting, and arithmetic errors on dense documents or charts mean any consequential compilation or verification (e.g., claim adjustments) still needs human checking.",medium,
7,89,0,3.0,"With no calendar, roster, or availability data and no tool to verify, it can only draft plausible schedule text; multi-constraint scheduling (coverage, hour totals, no double-booking) reliably produces conflicts it cannot detect, so anything at the level-4 staff-roster anchor or above needs human checking.",medium,
6,77,0,2.5,"It can only review information already rendered as text in a supplied passage, so it cannot perceive materials, instruments, or events directly, and its anomaly-flagging in documents is not reliable enough to be trusted unsupervised where a missed problem carries real cost.",medium,
2,96,2,1.0,"A game-playing agent outputs control actions in an environment and produces no drawings, specifications, or documentation for others to fabricate or use anything.",high,
12,99,0,3.5,"It reliably produces incidental records of its work (commit messages, code comments, PR summaries) that are usually accurate, but its write-ups can overstate or misdescribe what the patch actually did, so it cannot be trusted unsupervised as the authoritative record of an investigation (level 4), let alone to maintain a curated, consequential information store over time (level 6).",medium,
2,79,0,1.0,"A game-playing agent acts only within a simulated environment and never perceives or diagnoses real equipment, structures, or materials, so it performs none of this activity even at the level-1 anchor.",high,
12,97,1,1.0,"The application is a purely software agent with no physical embodiment or tools, so it cannot service, adjust, or test any mechanical equipment even at the simplest level.",high,
9,81,0,1.2,"The pipeline only maps acoustic signal to text and at most scores its own hypotheses' confidence; it makes no assessment of the value, importance, or quality of any external object, service, or person, so even the level-2 anchor (a substantive judgment leading to a decision) is out of scope.",high,
1,85,2,3.5,"Its decision-making is superhuman only inside a closed world with fixed rules, a single explicit objective and complete state information, so it cannot handle the ambiguous, multi-criteria, consequence-laden real-world tradeoffs described at level 4 and above.",medium,
10,79,1,1.5,"The activity requires physically sensing equipment, structures, or materials, which a purely digital agent cannot do; it can only diagnose faults from logs, telemetry, or code, and even the level-1 anchor (verifying doors are locked) needs embodiment or dedicated sensors it does not have.",medium,
10,80,1,3.5,"It can gather data, build spreadsheets/models and produce well-structured estimates of time, cost and resources, but its assumptions are unverifiable against physical or field ground truth and it cannot be trusted unreviewed for high-stakes estimates like disaster-evacuation timing or resource reserves.",medium,
8,85,2,2.5,"Its decision-making is confined to bounded, low-stakes intra-sentence choices (disambiguation, idiom and register selection) with no capacity to weigh external consequences, evaluate outcomes against goals, or be accountable for a consequential choice.",medium,
10,95,2,4.5,"It reliably handles data entry, scripting, and self-contained application development (level 4), but silent errors on large, multi-system integration work and lack of accountable authority over production/enterprise environments mean level 5-6 tasks still require human architecture, review, and sign-off.",medium,
7,97,2,1.0,"A text-only model has no hands, tools, or sensors, so it cannot service, adjust, or test any physical mechanical equipment even at the level of tightening a door hinge.",high,
8,94,0,1.0,"A text translation model has no actuators, sensors, or control capability, so it does not operate vehicles or equipment at all, even at level 1.",high,
13,84,1,3.4,"Within a dialogue it can decompose a stated problem and do modest structured reasoning or lookups, but it cannot reliably ingest, validate and audit real datasets, and its unverified arithmetic/factual slips make consequential analyses like a building's financing cost (level 4) unsafe to leave unsupervised.",medium,
4,90,1,1.0,"The system only answers questions about supplied images; it holds no goals, workload, schedule, or task queue of its own and so performs no goal-setting, sequencing, or prioritization even at the repetitive level-2 anchor.",high,
10,79,0,1.5,"The activity requires physically examining equipment, structures, or materials, which a purely digital agent cannot do; it can at best read sensor logs or diagnostic output that someone else's instrumentation produced, falling short even of the level-1 anchor of physically verifying locked doors.",medium,
4,94,0,1.0,"A visual question answering model only produces text answers about images and has no actuation, control loop, or real-time capability to maneuver any vehicle or equipment.",high,
4,93,1,1.0,"The model only answers questions about images and has no actuators or control interface, so it performs no part of operating a machine even at the cash-register level.",high,
9,78,0,3.5,"It performs reliable fine-grained perceptual categorization of acoustic patterns into words and speaker turns, but cannot make criterion-based judgments about objects or events beyond the speech-to-text mapping, and accuracy still degrades on heavy accents, crosstalk and noisy field audio without human review.",medium,
10,92,2,1.0,"The application operates only in digital environments and has no hands, arms, or physical actuators, so it cannot handle or move physical materials at even the level-2 anchor of changing settings on a copy machine.",high,
7,97,1,1.0,"A text-only model has no hands, tools, or physical sensing, so it cannot service, adjust, or test any mechanical equipment even at the level of tightening a door hinge.",high,
13,84,0,3.0,"A dialogue system can decompose and explain information supplied in the conversation and handle simple lookups or diagnostic reasoning, but it has no reliable access to underlying datasets and no verified quantitative accuracy, so consequential computed analyses like level-4 financing costs cannot be left unsupervised.",medium,
5,81,0,1.2,"A generative image model synthesises pictures rather than appraising anything; any aesthetic 'judgment' is internal to sampling and it produces no assessment of an object's value, importance, or quality that could replace even a simple evaluative decision like whether a damaged tree should be removed.",high,
13,95,0,2.7,"As a dialogue system it can capture and transcribe information into structured fields or database records and can draft simple code on request, but it does not independently configure, test, or take responsibility for working software or systems, so level-4 tasks like delivering a functioning inventory program require human review and integration.",medium,
5,96,0,1.5,"It renders plausible-looking pictures but cannot produce dimensionally accurate, labelled, or verifiable specifications "" text, measurements and part callouts are routinely garbled "" so even a level-2 task like specifying a work area's lighting cannot be handed to it unsupervised.",high,
7,91,0,1.0,"A text-only language model has no body or actuators, so it performs no physical activity at all, not even walking between workstations.",high,
12,99,2,3.7,"It reliably produces accurate low-stakes records of its own work (diffs, commit/PR text, docstrings, test output), but its descriptions are self-reported and sometimes overstate or omit side effects, and it does not maintain a coherent, durable body of shared information across a project over time as levels 4-6 require.",medium,
3,79,2,3.0,"It can flag trained, visually-apparent defects (surface flaws, missing parts, corrosion) on constrained camera feeds, but cannot physically access equipment, use non-visual cues (sound, vibration, gauges, procedures), or reason from a defect to its cause, which level 4+ plant inspection requires and where a missed fault is consequential.",medium,
13,83,1,3.0,"It can elicit and check information against explicit, well-specified criteria in dialogue (completeness, simple eligibility screening), but complicated determinations like a contested insurance claim require weighing ambiguous evidence against policy language with binding consequences for the claimant, where its errors and susceptibility to persuasive user framing require human sign-off.",medium,
2,80,0,3.0,"Game agents reliably estimate distances, trajectories, timings, and resource/build requirements under time pressure, but only inside a closed simulated world with fixed rules and unlimited practice; they cannot produce estimates about novel real-world quantities or open-ended contingencies as level 4 requires.",medium,
9,90,1,1.0,"A speech-to-text pipeline only converts audio to text and sets no goals, schedules, or priorities of its own, so it performs none of this activity even at level 1.",high,
8,85,0,2.2,"Its decisions are confined to internal, low-stakes choices among renderings (word sense, register, syntax) within a given text; it cannot gather or weigh external evidence, evaluate real-world outcomes, or be held accountable for consequential choices like siting or planning decisions.",medium,
7,91,1,1.0,"A text-only language model has no body or actuators, so it performs no physical activity at all, not even walking between workstations.",high,
9,92,0,1.0,"A speech-to-text model has no physical actuators and performs no handling or moving of objects at all, even at level 1.",high,
8,76,0,3.5,"The model reliably ingests and comprehends the source text handed to it, but it cannot actively seek out additional sources \u2014 reference corpora, glossaries, client context, ambiguous-passage clarification \u2014 so it cannot perform the multi-source information gathering and verification implied at level 4 and above.",medium,
7,94,1,1.0,"A text-only model has no actuators, sensors, or real-time control loop, so it cannot operate any vehicle or mechanized equipment at all.",high,
1,95,2,2.3,"The engine only executes a fixed, pre-built search-and-evaluation computation over game states; it cannot write software, set up functions, configure systems, or handle any data-processing task outside its hard-coded rule domain, so it stays near the data-entry/routine-processing end of the scale.",medium,
11,90,0,2.5,"It plans and sequences steps only inside a single self-contained reasoning problem; it holds no persistent workload, deadlines, or competing priorities, so it cannot be substituted for a person organizing changing activities (level 4) let alone months-ahead multi-task prioritization.",medium,
9,94,1,1.0,"A speech-to-text pipeline produces transcripts and exerts no physical control over any vehicle or equipment, so it does not perform this activity even at level 1.",high,
1,80,0,3.0,"Its estimation is superhuman but confined to quantities defined inside a closed rule-set (material balance, territory, win probability from a given board state); it cannot ingest messy real-world inputs to estimate physical sizes, times, costs, or resources as the level 4+ anchors require.",medium,
5,79,2,1.0,A generative image model synthesises pictures rather than examining real equipment or materials for defects; it performs no inspection or fault-diagnosis function even at the simplest anchor level.,high,
2,94,0,2.0,"It maneuvers only simulated vehicles inside game engines with clean synthetic perception and no physical consequence, so it cannot be substituted for operating any real vehicle beyond the simplest 'drive a car' analogue.",medium,
13,82,1,3.0,"It can reliably categorize, code, and summarize information that arises within a dialogue, but has no verified link to authoritative records and makes silent arithmetic and transcription errors, so consequential calculating/auditing work like adjudicating insurance adjustments (level 4) cannot be left unsupervised.",medium,
10,90,2,4.0,"It reliably decomposes, sequences and re-plans its own activity within a task session, but plan coherence degrades over long horizons and it cannot hold and re-prioritize a portfolio of commitments across weeks or months with shifting external constraints and stakeholder context.",medium,
6,84,1,3.5,"It reliably locates and combines evidence within a supplied text, but its scope stops at one given passage — it cannot assemble, validate, or model multi-source quantitative data, and residual misreading/hallucination in long documents means consequential analytic conclusions still need human verification.",medium,
2,77,2,3.5,"It continuously tracks a dynamic scene and detects threats/opportunities faster than humans, but only inside a closed, fully-rendered game world with hand-tuned reward signals; it does not assess real materials, sensors, or events, and cannot generalize its monitoring to diagnostic tasks like level-4 circuit testing.",medium,
10,95,0,4.5,"It reliably writes, runs, and debugs self-contained programs and scripts and drives software/APIs end-to-end (level 4), but long-horizon, multi-system integration and deployment work still drifts, silently mis-executes, and needs human review before anything touches production, and level 6 also involves physical hardware and organizational coordination it cannot perform.",medium,
12,97,2,1.0,"The application operates only on source code and has no physical embodiment, tools, or sensors to service, adjust, or test mechanical equipment at all.",high,
8,85,1,2.2,"Its decision-making is confined to bounded, low-stakes internal choices among lexical, syntactic and register options within a given text; it cannot gather outside information, weigh consequences, or take responsibility for any decision with real-world stakes beyond the wording itself.",medium,
10,88,0,2.5,"It can autonomously decompose and schedule bounded, verifiable digital tasks (level ~2 constrained planning) but cannot be held responsible for multi-year organizational objectives, which require real business context, stakeholder judgment, and accountability for consequential commitments it cannot verify.",medium,
12,85,0,3.2,"It reliably makes only well-scoped, test-verifiable implementation choices; on ambiguous issues it optimizes to the test proxy rather than intent, and architectural or cross-cutting design decisions with real downstream consequences still require human review.",medium,
10,94,0,1.0,"The application acts only in digital environments and has no physical actuation or vehicle control capability, so it cannot operate even a simple vehicle at the level-2 anchor.",high,
9,80,0,1.0,"A speech-to-text pipeline outputs word sequences and at most confidence scores; it performs no estimation of sizes, quantities, times, costs, or resources, so it does nothing for this activity even at level 1.",high,
5,92,2,1.0,"An image-generation model has no physical embodiment and performs no handling, positioning, or moving of material objects whatsoever, not even at the level-2 anchor of adjusting settings on a machine.",high,
3,77,2,3.4,"It reliably flags visible anomalies in constrained, trained-for settings (surface defects, presence/absence, doneness-style cues), but it only reads pixels
instrumented measurement, multi-signal integration, and the diagnostic judgment implied by level 4 circuit testing or level 6 patient monitoring lie outside a labelling model, and it degrades silently under distribution shift.",medium,
6,94,2,1.0,A text-reading question-answering system has no actuators or vehicle control interface and performs no part of operating vehicles or equipment at any level.,high,
7,83,1,3.4,"With the rule text supplied in-context it reliably screens documents for completeness and obvious rule violations, but without retrieval it cannot be trusted to recall the governing policy or regulation accurately, and its judgment calls on ambiguous, multi-clause cases (level 4+) require human review because a wrong determination carries legal and financial liability.",medium,
4,85,1,2.3,"It answers perceptual questions about a single image and can support simple routine determinations, but it cannot weigh multi-factor, non-visual evidence or be trusted unsupervised for consequential choices given persistent hallucination and no accountability for outcomes.",medium,
5,98,1,1.0,"An image synthesis model performs no physical servicing, testing, or calibration of electronic hardware; it cannot even turn a knob to adjust a picture, so it does nothing for this activity at any level.",high,
9,85,2,1.2,"A transcription pipeline only decodes acoustic signals into text; it performs no analysis of information or evaluation of alternatives to choose a course of action, so even the level-2 anchor (deciding a cafeteria menu) is outside what it does.",high,
8,95,2,2.2,"The translation model only transforms text passed to it \u2014 a routine information-processing step comparable to data entry \u2014 and cannot program, configure software, manage files, or set up and operate computer systems as required from level 4 upward.",medium,
5,78,0,1.5,"The model's output is a synthesised image, not an identification: it encodes category and similarity knowledge implicitly (enough to place recognisable objects or match a reference style) but produces no verifiable judgment, difference-detection, or change-detection that an employer could substitute for even the level-2 diagnostic testing anchor.",medium,
1,76,2,2.0,"It ingests only a single, fully-specified formal board state in a fixed encoding — comparable to reading a standard blueprint — and cannot seek out, select among, or integrate heterogeneous or ambiguous real-world information sources.",high,
11,93,1,1.0,"The system produces symbolic reasoning only and has no actuators, control interface, or process-monitoring loop, so it cannot operate any physical machine even at the cash-register level.",high,
10,96,0,3.3,"It can assemble plausible written specs, bills of materials, and assembly/maintenance documentation, and even emit parametric CAD or schematic code, but it cannot reliably produce dimensioned, tolerance-correct, code-compliant drawings for physical devices without an engineer verifying every line, so fabrication-grade layout work at level 4+ stays supervised.",medium,
6,77,2,2.3,"It has no sensing of materials, events, or environments \u2014 only a passage handed to it \u2014 so it can at best answer whether a supplied text states a problem, and cannot sustain ongoing surveillance or interpret instrument/physical readings as levels 4+ require.",medium,
12,85,2,3.4,"It reliably chooses among candidate fixes only when the problem is bounded and an objective oracle (the project's test suite) settles correctness; on ambiguous issues, architectural trade-offs, or cases where passing tests masks a wrong or unsafe change, its patches still require human review, so it cannot own consequential judgment calls of the level-4 kind.",medium,
8,89,1,1.0,"A translation model only converts text between languages; it does not allocate time, resources, or people, so it performs no scheduling even at the simplest appointment-booking level.",high,
8,93,0,1.0,"A text translation model has no actuators or control interfaces and performs no machine or process operation at all, not even level-1 tasks.",high,
2,76,1,3.4,"The agent extracts and integrates rich, concurrent perceptual streams from its trained game observation channel with superhuman speed, but it cannot seek out, select among, or interpret novel or heterogeneous sources outside that fixed channel, which level 4+ anchors (reviewing a budget, studying tax law) require.",medium,
6,90,0,1.3,"The system only answers questions about a supplied passage; it has no ongoing tasks, schedule, or goals of its own to prioritize, so it performs essentially none of the activity beyond possibly restating a plan described in the text.",high,
7,94,0,1.0,"A text-only model has no actuators or sensorimotor control, so it cannot operate any vehicle or equipment at all, even at the level of driving a car.",high,
1,76,0,2.0,"Its only input is a single, fully-observable, formally encoded board state supplied by the game interface, so it reads a fixed standard format (blueprint-level) and never seeks, combines, or judges the relevance of information from multiple or ambiguous sources.",high,
11,86,1,4.5,"It reliably recombines known techniques into fresh solutions for well-posed problems (level 4-like adaptation), but genuinely original constructions, new frameworks, or research-program-level invention appear only sporadically and require expert verification because subtly invalid steps are stated as confidently as valid ones.",medium,
4,78,1,3.3,"It reliably recognizes and categorizes common objects and obvious differences in single images, but hallucination, weak fine-grained/spatial/counting discrimination, and no grounding in standards or temporal change make it unfit to be trusted unsupervised for consequential acceptability judgments like the level-4 food-inspection anchor.",medium,
2,92,1,1.0,"The agent acts only through game controller/API outputs in a simulated environment and never physically handles, positions, or moves real materials, so it performs none of this activity even at level 1.",high,
5,77,0,1.0,"A text-to-image generative model produces novel images from prompts and has no channel for ingesting ongoing environmental, material, or event data, so it performs no detection or assessment of problems even at the simplest 'is the bread done' level.",high,
4,97,0,1.0,"The activity is inherently physical—servicing, adjusting, and testing mechanical parts with tools—and a visual question answering model has no actuators, so it cannot perform even the simplest hand-tool adjustment, only describe what it sees.",high,
10,96,1,3.4,"It can compile documentation, parts lists, and plausible specification drafts by browsing catalogs and running code, but it cannot reliably produce verified dimensioned drawings/CAD geometry or code-compliant engineering specifications that a firm could release without a human engineer's review.",medium,
10,95,1,4.3,"It can autonomously write, run and debug self-contained applications like an inventory tracker (level 4), but long-horizon reliability decay, silent errors, and lack of accountability mean enterprise-scale system setup and integration (level 6) still require human architects and review.",medium,
9,78,2,3.2,"It performs one narrow perceptual categorization	ext words reliably in favorable conditions, but makes no evaluative or contextual judgment about what it identifies and degrades unpredictably under heavy accent, noise and crosstalk, so it cannot substitute for level-4 acceptability judgments.",medium,
7,83,2,3.4,"It can apply explicitly supplied rules to clear-cut cases and flag missing or non-conforming items, but without retrieval it misremembers actual regulations and policy exceptions, so a consequential compliance determination like a complicated insurance claim (level 4) still needs human verification.",medium,
7,89,1,3.0,"Without calendar or scheduling tools the model can only draft schedules from constraints supplied in text, and its combinatorial constraint satisfaction (coverage, overlaps, hour limits, availability) breaks down as soon as the roster or program has more than a few interacting requirements, so a level-4 retail work schedule still needs human verification.",medium,
9,91,1,1.0,"A speech-to-text pipeline has no body or actuators and performs no physical activity whatsoever, not even walking between workstations.",high,
5,87,2,1.8,"The trained model's weights are frozen: it can apply visual knowledge absorbed during training but has no mechanism to notice, acquire, or incorporate new technical information after training, so even level-2 'keep up with price changes' style updating requires a human to retrain or re-prompt it.",medium,
7,90,2,3.4,"Without tools, memory, or state tracking it can draft coherent schedules and prioritized task lists on request, but cannot own and revise a plan as circumstances actually change, which is what level 4+ requires.",medium,
9,97,1,1.0,"A speech-to-text pipeline has no manipulators, sensors, or physical agency, so it performs no servicing, adjusting, or testing of mechanical equipment at any level.",high,
7,93,0,1.0,"A text-only model has no actuators or control interface, so it cannot operate any physical machine or process even at the cash-register level; it can only describe how to do so.",high,
6,97,2,1.0,"A text-reading question-answering model has no physical actuation and cannot service, adjust, or test any mechanical equipment, so it performs none of the activity even at level 1.",high,
3,80,0,2.0,"It can count and roughly size/rank objects visible in an image (a level-2-style estimate), but has no basis for absolute scale without a reference and cannot estimate time, cost, resource or material requirements, which demand non-visual domain reasoning about processes and constraints.",medium,
2,85,1,3.2,"It makes dense, fast, multi-objective decisions superbly, but only inside a closed environment with a pre-specified reward and simulated stakes; it cannot frame an ill-defined real problem, weigh incommensurable real-world criteria, or be trusted when conditions shift outside its training distribution, as level-4 anchors like siting a department store require.",medium,
11,83,0,3.3,"Its strength is applying explicit formal rules to well-specified inputs, which covers completeness checks and rule-application against written criteria, but level-4-style judgment on messy real-world evidence (ambiguous documentation, facts needing verification, policy intent) is outside its input domain and its long-chain errors are silent, so consequential compliance determinations cannot be left unsupervised.",medium,
1,78,0,3.5,"It categorizes and compares states superhumanly, but only over noise-free symbolic inputs in a fully specified closed world, so it cannot perform the perceptual, variable-evidence judgment implied by the level-4+ anchors.",medium,
5,98,2,1.0,"An image generator produces pixels and cannot physically inspect, test, adjust, or replace any electronic hardware, so it performs none of this activity even at the level of turning a knob.",high,
11,85,2,3.5,"It reliably solves well-posed, closed-form technical problems, but its confident-looking errors on novel or ill-specified problems require expert verification, and it cannot weigh ambiguous multi-criteria real-world tradeoffs or bear accountability as in the level-4+ anchors.",medium,
9,79,0,1.0,"A speech-to-text pipeline performs no physical or sensory inspection of equipment, structures, or materials; it only converts spoken audio to text, so it does not perform this activity even at the level-1 anchor.",high,
2,92,2,1.0,"The agent acts only on virtual game state via control inputs; it has no arms, hands, or effectors and never physically handles, positions, or moves materials, so it does not perform this activity even at level 1.",high,
3,98,0,1.4,"The model only assigns labels to pixels—it has no actuators or test instrumentation, so beyond flagging visible defects in automated optical inspection it cannot adjust, remove, replace or calibrate any component, which even the level-1 anchor requires.",high,
9,90,0,1.0,"A speech-to-text pipeline only converts audio to text; it sets no goals, schedules nothing, and performs no prioritization or planning of work at any level.",high,
4,85,0,2.2,"It can infer and recommend simple, low-stakes choices from what is visible in an image, but hallucinations on fine detail, counting and spatial relations mean it cannot be trusted to own decisions whose consequences extend beyond the single image, and it has no access to the cost, risk, and stakeholder information that level 4+ decisions require.",medium,
10,78,2,4.1,"It reliably categorizes, diffs, and flags anomalies in digital artifacts (logs, code, data, test output) against known criteria, but novel or high-stakes discrimination 
ofamiliar signals \
noisy evidence \u2014 the level-6 kind of judgment \u2014 exceeds it, and its false-negative rate on subtle anomalies still requires human verification.",medium,
4,83,2,2.4,"It can check images against explicit, visually checkable criteria (form fields filled, label present, PPE worn), but hallucination and missed fine detail make it unreliable for consequential inspection judgments, and it cannot integrate written policy or regulatory context beyond the image as level-4 work requires.",medium,
2,88,2,2.2,"The agent optimizes long-horizon in-game plans (build orders, resource-vs-army tradeoffs over tens of minutes), but the objective itself is handed to it as a fixed reward/win condition in a closed, rule-stable world, and its 'strategy' is an implicit policy that cannot be articulated, justified, or applied to any open-ended organizational planning task.",medium,
4,80,1,2.2,"It can give rough size/count/distance estimates from an image (level-2-style tasks like sizing furniture for crating) but lacks metric calibration, miscounts dense or occluded objects, and has no access to the cost, schedule, or resource data that level-4+ estimation requires, so its numbers need human verification.",medium,
10,89,2,3.7,"It reliably books and sequences appointments against fixed rules and can even run solver code for shift rosters, but staffing-level scheduling depends on unstated preferences, fairness/labor-law compliance, and last-minute human negotiation that it cannot gather or arbitrate unsupervised, and multi-track conference programming (level 6) requires stakeholder trade-offs well beyond it.",medium,
8,83,2,1.3,"A trained translation model only maps text between languages; it renders standards or claims into another language but performs no judgment about whether events or processes conform to them, so it barely exceeds an incidental completeness check.",high,
6,87,0,3.5,"It can absorb and apply information from a passage handed to it, but it does not seek out, track, or retain updates over time, and its answers about technical material still carry error rates that require checking before the knowledge is acted on.",medium,
7,96,2,3.3,"Text-only output can draft plausible instructions and component/spec lists, but it cannot produce dimensioned drawings or layouts and its specifications are not verifiable against real site conditions, codes, or fabrication tolerances without an engineer checking them.",medium,
4,86,1,2.0,"VQA's output is descriptive/inferential answers about a given image, so it contributes only trivial idea-generation (e.g., suggesting alternative interpretations or minor tweaks) and cannot itself develop or design new products, systems, or artistic works.",medium,
9,99,2,3.0,"It converts speech to text verbatim but cannot decide what is salient, structure or maintain a record, and residual errors on overlap, accents, and proper nouns require human review before the output can serve as a consequential official record like a crime-scene write-up.",medium,
7,95,0,3.5,"It can draft correct-looking code and configuration text for modest, well-specified tasks, but without tools it cannot execute, test, or debug anything, nor actually enter data or touch a real system, so anything beyond a small self-contained program (the level-4 inventory-software anchor) needs a human to run and fix it.",medium,
8,77,2,1.5,"A translation model only ingests a supplied text and has no sensor, event, or environmental input stream; at best it flags anomalies or ambiguities noticed inside the source text, which falls short of even a simple 'check whether the bread is done' physical/state monitoring task.",medium,
13,94,2,1.0,A conversational dialogue system has no actuators or vehicle control loop and cannot physically maneuver or navigate equipment at any level.,high,
9,81,2,1.4,"The pipeline only converts audio to text; beyond internal confidence/audio-quality scores it makes no assessment of the value, importance or quality of any object, service or person, so it cannot even substitute for a level-2 judgment like deciding whether a damaged tree should be removed.",high,
5,90,1,1.5,"An image generation model executes a single synthesis request and does no goal-setting, scheduling, or prioritization of work over time, so it barely registers even at the repetitive-schedule anchor.",high,
8,99,0,2.5,"It only renders supplied text into written form; it cannot gather, verify, store or maintain records, and its unverified output cannot be trusted as an authoritative documentary record (level 4+).",medium,
11,97,0,1.0,"The application is a purely textual reasoning system with no physical embodiment or tools, so it cannot service, adjust, or test mechanical equipment at all, even at the level of tightening a door hinge.",high,
7,97,0,1.0,"A text-only model has no physical embodiment or tools, so it cannot service, adjust, or test any mechanical equipment—even a door hinge—though it can describe how.",high,
11,78,0,3.4,"It can categorize problem types and spot obvious inconsistencies in symbolic or textual inputs, but it has no perceptual or instrumented access to physical objects and events, and its detection of subtle errors in derivations or data is unreliable enough to require expert checking.",medium,
13,87,1,3.4,"A deployed conversational system has fixed training-cutoff knowledge and no autonomous mechanism for tracking or verifying technical updates; it can apply new material handed to it in context (prices, a revised procedure sheet) but conflates superseded with current versions and hallucinates specifics, so it cannot be trusted unsupervised with keeping current on evolving technical procedures.",medium,
11,99,0,3.3,"It can produce structured written records of its own derivations, but it maintains no persistent store, does not enter or update information in external systems, and cannot guarantee the recorded content is accurate, so anchor-4 documentation of record (and anchor-6 ongoing record maintenance) cannot be entrusted to it unsupervised.",medium,
13,99,1,3.5,"It can transcribe and structure what was said into clean records, but summaries of a dialogue still drop or invent details, so consequential documentation (clinical notes, legal/investigative records) requires human review and it cannot maintain complex, cross-referenced record systems beyond the conversation itself.",medium,
13,81,1,2.8,"It can elicit descriptions and render simple graded judgments in dialogue (e.g., screening, triage-style recommendations), but it cannot inspect or verify the object, service, or person itself, and consequential valuations like loss estimates or hiring decisions cannot be left unreviewed because it will confidently accept false premises from the speaker.",medium,
13,96,1,3.0,"It can draft prose documentation, instructions, and simple component specs, but cannot produce dimensioned drawings or layouts, and its technical specs require expert verification for code compliance and fabricability, blocking level-4+ responsibility.",medium,
3,76,0,2.5,"It reliably extracts object labels from a single visual input — comparable to reading standardised visual material — but cannot seek out, aggregate or interpret information across multiple or non-visual sources, which levels 4+ require.",medium,
1,96,2,1.0,"A board-game search agent outputs moves in a fixed rule system and produces no drawings, specifications, or fabrication/assembly documentation of any kind.",high,
1,89,2,1.0,"A board-game agent takes only legal game states as input and produces moves; it has no interface to calendars, staff availability, or event constraints, so it performs no scheduling of people or activities at all, even the level-2 fixed-slot appointment case.",high,
2,90,2,3.5,"Game agents implicitly sequence and prioritize concurrent in-episode objectives under changing conditions (approaching level 4 for 'own activities that often change'), but the goals themselves are fixed by the training objective and the horizon ends with the match, so no multi-task, long-horizon planning or goal development transfers outside the trained game.",medium,
4,82,0,2.5,"It can categorize image content and read off simple values for tabulation, but counting/OCR slips and unverifiable arithmetic mean it cannot be trusted unsupervised with rule-governed, consequential calculations like insurance adjustments (level 4).",medium,
13,90,1,2.7,"A conversational system can structure and sequence steps within a dialogue and produce repetitive, easily-planned schedules on request, but it holds no persistent ownership of a changing workload over days or months, so it cannot be substituted for a person planning and re-prioritizing their own shifting activities (level 4+).",medium,
7,91,2,1.0,"A text-only model has no body or actuators, so it cannot perform any physical movement, lifting, or locomotion at all.",high,
4,80,0,2.3,"It can give rough size/count/distance estimates from an image (level-2 style crating estimates) but is unreliable on precise counts and metric magnitudes, and has no access to the multi-variable domain modeling of resources, costs, and time that level 4+ estimates require.",medium,
4,82,1,2.6,"It can extract, categorize and tabulate straightforward visual data, but residual OCR/arithmetic hallucination on dense numeric imagery means multi-step, consequential computation like insurance adjustment (level 4) still requires human verification.",medium,
11,77,0,2.5,"It can review supplied static text/data (e.g., spot an error in a derivation or an inconsistency in reported results) but has no sensors, no continuous data stream, and no ability to monitor physical processes or instrument-based conditions over time, and its error-detection on unfamiliar material is not reliable enough to be left unsupervised.",medium,
5,81,1,1.3,"The model's output is a synthesised image, not an assessment; any quality judgement is an internal, implicit aesthetic preference that is never rendered as a defensible appraisal of an object, service, or person, so even the level-2 anchor (deciding whether to remove a damaged tree) is not performed.",high,
6,92,0,1.0,"The application is a text-only question-answering system with no actuators or physical embodiment, so it performs no handling or moving of objects at all.",high,
2,80,1,3.0,"Game agents implicitly estimate distances, timings, and resource needs well within a closed simulated world with fixed rules and instant feedback, but they produce no explicit, auditable estimate and cannot handle open-world, uncertain-data estimation tasks like the level-4 evacuation-time anchor.",medium,
10,84,2,4.7,"It reliably breaks down well-specified data problems end-to-end with code and tools (level 4-type computations, multi-source aggregation, exploratory analysis), but on large, messy, heterogeneous real-world datasets it makes silent joining/assumption/interpretation errors and cannot be trusted to defend a novel methodology unsupervised, which level 6-scale analyses require.",medium,
1,81,2,3.4,"Its evaluation is genuinely expert and reliable but only over formally specified game states with a single scalar objective and ground-truth feedback; it cannot appraise real-world objects, services, or people where criteria are ambiguous, evidence is noisy, and value must be justified without a rulebook.",medium,
5,95,0,2.5,"It only turns prompts into image files within an existing tool; it cannot write software, configure systems, manage databases, or verify/process structured data, so it stops well short of the level-4 programming anchor.",medium,
12,95,1,4.3,"It can autonomously produce inventory-app-scale code and localized patches that pass existing tests, but its resolution rate on real issues is well short of dependable, tests-passing is a weak proxy for correctness, and it cannot own system-level architecture, integration, or deployment decisions implied by level 5-6 anchors.",medium,
7,81,1,3.0,"Without perception or external data it can only judge quality from what is described in text; consequential appraisals like valuing lost property or authenticating an artwork require inspection, market evidence, and accountable expert judgment it cannot supply or verify.",medium,
8,79,2,1.0,"A text-to-text translation model has no sensory access to physical equipment, structures, or materials and performs no part of physical inspection, even a level-1 check that doors are locked.",high,
12,98,1,1.0,"The system only reads issues and writes code patches; it has no physical embodiment or interface to touch, test, calibrate, or replace hardware components, so it performs none of this activity even at the level-1 knob-adjusting anchor.",high,
12,82,2,4.5,"It reliably compiles, cross-references, and verifies code-level information (running tests, tracing symbols, categorizing call sites), but unsupervised end-to-end task resolution succeeds only on a fraction of real issues, so the sustained, wide-scope synthesis and auditing implied at level 6 cannot be handed over without review.",medium,
3,89,2,1.0,"An image-labelling vision model produces object categories from pixels and has no mechanism for representing time, resources, or people's availability, so it performs no part of scheduling even at level 1.",high,
7,80,2,3.0,"Without tools it can produce plausible rough estimates from described inputs and standard knowledge, but its numbers are uncalibrated and its arithmetic and recalled reference data are unverifiable, so consequential estimates like evacuation timelines or resource budgets (level 4+) cannot be trusted unsupervised.",medium,
9,99,1,3.0,"It converts speech to text accurately enough for routine dictation and meeting notes, but it only captures what was said verbatim or relevance, structuring, verification and record maintenance, and its residual error rate under accents, noise and overlap still requires human review before a document of consequence (level 4, e.g. investigative documentation) can stand.",medium,
1,99,1,2.0,"The agent only produces and stores simple structured records of its own play (move lists, evaluations, search statistics) in fixed notation; it cannot gather, transcribe, or maintain substantive real-world information such as investigation findings or ongoing asset records.",medium,
5,87,1,2.0,"The model's weights are frozen at training time, so it applies a large stock of learned visual knowledge but cannot itself track or incorporate new developments — any updating requires humans retraining or supplying references in the prompt.",medium,
2,86,1,2.5,"The agent discovers genuinely novel tactics within a fixed game's action space, but it creates no artifact, design, or transferable idea and cannot recast content into a new form as the level-4 anchor requires.",medium,
11,96,2,2.4,"It can derive quantitative requirements and write prose specifications (e.g., lumen calculations for a work area), but it produces no drawings or layouts, cannot verify real part/catalog data or site constraints, and its unverified derivations cannot be handed to fabricators or builders without expert review.",medium,
7,88,2,3.0,"It can draft coherent, well-structured plans for routine low-stakes objectives, but without access to organizational data, verification, or accountability it cannot be trusted unsupervised with consequential multi-year strategy (level 4+), where its output is a plausible template rather than a grounded, constraint-satisfying plan.",medium,
9,93,1,1.0,"The system only converts audio to text and has no actuators, control interface, or process-state feedback, so it does not operate machines or processes at even the level-2 cash-register anchor.",high,
8,80,1,1.0,"A translation model only re-renders text across languages; it performs no estimation of sizes, quantities, times, costs, or resources, so it does nothing for this activity even at level 1 (at most it faithfully carries over quantities a human already estimated, sometimes with unit-conversion errors).",high,
8,99,1,2.5,"It can render supplied text into accurate written form, but it never gathers, selects, verifies, or maintains information in a record system, and residual errors with names, numbers and terminology make it unsafe for consequential documentation like level-4 investigative records.",medium,
11,86,0,4.5,"It reliably generates clever, non-retrievable solution strategies and constructions on well-posed problems, but genuinely novel research-level contributions come out as plausible-looking arguments with hidden invalid steps, so an expert must verify before the output can be used.",medium,
12,83,1,3.0,"It can check a patch against explicit, mechanically verifiable standards (test suites, linters, type checks, local style conventions) but cannot be trusted unsupervised to judge conformance with complex implicit standards — API/backward-compatibility contracts, security or licensing policy, architectural rules — where its patches routinely pass tests while violating the intended requirement.",medium,
12,84,1,3.5,"It reliably decomposes a well-specified issue, stack trace, or failing test into likely causes within a bounded region of code, but its success rate drops sharply on under-specified issues requiring root-cause analysis across many interacting components, and patches still need human review because a plausible-but-wrong diagnosis passes the project's tests often enough to matter.",medium,
5,85,0,1.8,"It only resolves low-stakes internal composition choices implicit in a prompt; it cannot gather or analyze external information, evaluate results against real-world criteria, or be held responsible for any decision beyond the picture itself.",high,
8,86,1,3.2,"The model generates novel target-language phrasing and handles routine idiom/register shifts, but genuine creative adaptation — transcreating puns, poetry, slogans or culturally re-invented copy at the level of the marching-band arrangement anchor — still requires human rewriting and cannot be left unsupervised.",medium,
6,78,0,3.5,"It can categorize, compare, and detect described changes within a supplied text reliably, but it has no perceptual or physical access to objects and events themselves, and its residual misreadings on dense or ambiguous passages mean consequential acceptability judgments still need a human check.",medium,
3,77,1,3.4,"It reliably flags visually apparent, pre-trained defect or state categories (doneness, surface flaws, presence/absence), but cannot integrate non-visual measurements or diagnose novel, out-of-distribution problems, so instrument-based testing (level 4) and consequential patient monitoring (level 6) remain out of reach unsupervised.",medium,
6,85,0,2.3,"It can resolve well-specified questions whose evidence is fully contained in a supplied passage, but it neither gathers information nor weighs real-world tradeoffs, risks, or stakeholder consequences, so any decision beyond routine, single-source, low-stakes choices requires a human to frame the options and verify the answer.",medium,
9,89,2,1.2,"Transcription produces text about scheduling but performs none of the actual scheduling decisions ads, or resource allocation emsi even the level 2 task of slotting patients into a predetermined schedule requires a booking judgment the ASR pipeline never makes.",high,
12,99,1,4.0,"It reliably produces accurate, structured records of its own work (commit messages, docstrings, changelogs, test output) but cannot be trusted to maintain a durable, cross-system information base over time """" its documentation drifts from actual code state and it has no accountability for records outside the single task it was given.",medium,
1,83,0,2.0,"It can adjudicate conformance only to closed, fully formalized game rules (legal moves, repetition/ko, draw conditions) — a mechanical completeness check — and has no capacity to interpret ambiguous natural-language laws, policies, or standards applied to real-world events.",high,
6,79,2,1.0,"The application only reads supplied text and has no sensory or physical access to equipment, structures, or materials, so it cannot perform even the level-1 check of whether a door is actually locked.",high,
10,85,0,3.2,"It reliably makes bounded, verifiable in-task decisions (which tool to call, how to fix a failing step, how to re-plan a workflow), but long-horizon reliability decays and consequential choices with irreversible or costly outcomes still require human sign-off, so it does not reach the level-4 anchor of owning a major judgment call.",medium,
6,87,1,3.0,"It can absorb and answer questions about a passage handed to it, but it does not monitor sources, maintain currency over time, or apply the new knowledge to job tasks, so it covers only the passive comprehension half of the activity and cannot be trusted unsupervised on consequential technical updates.",medium,
8,92,1,1.0,A text translation model has no physical actuators and performs no handling or moving of objects at any level.,high,
13,78,1,3.0,"It can reliably categorize and detect changes within what is said to it (intent, topic shift, sentiment, routine triage categories), but it has no sensory or instrumental access to physical objects, products, or events, so anchors like judging food acceptability or a virus's drug reaction are out of reach and its higher-stakes categorizations still need human verification.",medium,
6,80,2,2.2,"It can extract and combine quantities stated in a supplied passage into simple derived estimates, but it cannot generate estimates requiring external world knowledge, modeling assumptions, or domain judgment as level 4+ anchors demand.",medium,
12,91,1,1.0,"The application is a disembodied code-writing system with no physical actuators, so it performs no physical activity at all, not even walking between workstations.",high,
8,97,1,1.0,"A text translation model has no physical actuators and performs no servicing, adjusting, or testing of mechanical equipment at all, even at the simplest hand-tool level.",high,
12,92,2,1.0,"The application is a purely software agent with no hands, arms, actuators, or physical embodiment, so it performs no handling or moving of physical objects at all.",high,
2,93,2,2.4,"The agent only exercises control loops inside simulated game environments 
o physical hardware, sensor noise, mechanical fault handling, or safety accountability transfers, so it can substitute at best for simple, low-consequence discrete control and not for operating real machinery like a drilling rig.",medium,
9,92,1,1.0,"A speech-to-text model has no physical actuators and performs no handling or moving of objects at all, even at level 1.",high,
2,79,1,1.0,"The agent perceives and acts only within a game environment it was trained on; it performs no inspection of real equipment, structures, or materials, and cannot even do a level-1 physical check like verifying a door is locked.",high,
9,97,2,1.0,"A speech-to-text pipeline performs no physical servicing, adjustment, or testing of mechanical equipment and has no actuators or manipulation capability at all.",high,
1,92,2,1.0,"The system is a purely computational search-and-evaluation agent with no manipulator, effector, or physical interface, so it performs no handling or moving of objects at all.",high,
8,99,2,2.5,"The model only converts supplied text into written output; it does not gather, organize, store or maintain records, so it cannot own a documentation task requiring judgment about what to record and verified accuracy (level 4+).",medium,
12,76,1,4.5,"It reliably harvests information available inside the repo, issue text, logs and test output, but cannot canvass off-repo sources (stakeholders, design rationale, undocumented conventions) and still misses relevant context in large or unfamiliar codebases, so the deep multi-source synthesis implied by level 6 is not attained unsupervised.",medium,
6,83,0,3.0,"It can check a supplied document against supplied rule text for completeness and simple explicit criteria, but complicated compliance determinations (level 4+) require weighing facts outside the passage, tacit domain norms, and carry legal/financial liability that forces human sign-off.",medium,
1,98,1,1.0,"A board-game agent has no sensors, actuators, or physical interaction with hardware, so it cannot service, test, or calibrate any electronic equipment even at the simplest knob-adjusting level.",high,
10,87,2,4.5,"It can retrieve current documentation and apply it within a task (e.g., adapt code to a changed API and test it), but it lacks persistent knowledge accumulation across sessions and reliably reverts to stale pretrained assumptions or misjudges which sources are authoritative, so continuous mastery of a complex, rapidly changing technology still requires human curation and verification.",medium,
3,92,1,1.0,"The system only assigns labels to pixels; it has no hands, arms, or actuators of any kind, so it performs no handling or moving of objects even at the lowest anchor.",high,
2,89,0,1.5,"The agent only sequences its own in-game actions and unit tasks within a closed simulator; it cannot take real-world constraints, calendars, or other people's availability as input, so it does not perform even the level-2 anchor of booking appointments against a predetermined schedule.",high,
12,83,0,3.0,"It can check code against mechanical, verifiable standards (tests, linters, type checks, explicit API contracts) but cannot be trusted to judge conformance where the standard is ambiguous or unwritten (architectural intent, security/licensing policy, spec interpretation), and it tends to satisfy the test oracle rather than the actual requirement.",medium,
11,81,1,3.2,"It can grade routine solutions and flag obvious errors, but it accepts subtly flawed proofs and overrates plausible-looking arguments too often to be trusted unsupervised as an evaluator, and it has no access to the physical or market evidence that level 4+ valuation judgments require.",medium,
13,81,0,2.5,"It can elicit and weigh what a person tells it and render simple rule-based or preference judgments in dialogue, but it cannot inspect or verify the object, service, or person itself, and its valuations carry no verifiable evidentiary basis, so consequential appraisals (level 4+) require a human assessor.",medium,
1,99,2,2.0,"It only logs its own fully structured, self-generated game state (move lists, position hashes) under fixed rules, which is comparable to simple tallying; it cannot transcribe, interpret, or maintain heterogeneous real-world records outside the game representation.",medium,
5,91,2,1.0,"An image-generation model has no body or actuators and performs no physical movement at all, so it does nothing for this activity even at level 1.",high,
5,94,2,1.0,"An image-synthesis model produces pixels and has no actuators, sensors, or control loop, so it cannot maneuver any vehicle or equipment even at the simplest level.",high,
6,87,2,3.0,"It can absorb and answer questions from a passage handed to it, but it does not seek out, monitor, or curate new sources, retains nothing across tasks, and cannot apply the extracted knowledge to actual job execution — so anchors like tracking evolving maintenance procedures or a rapidly changing technology are out of reach.",medium,
3,91,0,1.0,"A vision model that labels objects in still images has no body or actuators and performs no physical activity at all, so it does not attain even level 1.",high,
8,90,1,1.2,"A translation model executes a single text-in/text-out transformation and sets no goals, schedules, or priorities for its own or anyone's work, so it barely registers even at the level-2 anchor of organizing a repetitive work schedule.",high,
2,85,2,3.2,"The agent makes fast, complex multi-objective choices but only inside a closed simulated world with a pre-specified reward, so it never handles the ambiguous, consequential, open-ended judgments with real-world stakes that the level 4+ anchors describe.",medium,
9,91,0,1.0,"A speech-to-text model has no body or actuators, so it performs no physical activity at any level, including walking between work stations.",high,
6,86,0,1.5,"The system's output is confined to answers grounded in a supplied passage, so it never develops or designs a new artifact, idea, or system beyond minor recombination of given evidence.",medium,
9,86,2,1.0,"A transcription pipeline maps audio to text and originates no new design, idea, or artistic content, so it does not perform creative work even at the trivial level-1 anchor.",high,
10,82,1,5.0,"Code execution makes it strong at compiling, tabulating and rule-based calculation, but silent extraction/transcription errors and unverified assumptions mean high-stakes auditing or compiling data for a complex scientific report (level 6) still requires human checking.",medium,
4,88,0,1.2,VQA answers questions about image content and has no mechanism for setting long-range organizational objectives or sequencing actions to achieve them; at best it extracts facts from a chart or whiteboard that a human planner then uses.,high,
4,77,2,2.5,"It can answer whether a visible state looks off (e.g., is the bread browned) from a single supplied image, but it is reactive to questions rather than continuously surveilling, cannot track events over time or use instruments to test hidden states, and its perceptual errors go undetected—so instrumented diagnostic monitoring (level 4) and consequential patient-status monitoring (level 6) are out of reach.",medium,
2,98,1,1.0,"A game-playing agent acts only within a simulated environment and has no physical embodiment, test instrumentation, or hardware interaction, so it performs no part of servicing or calibrating real electronic equipment — not even adjusting a knob on a device.",high,
2,86,2,2.3,"The agent's novelty is limited to emergent within-game tactics discovered by policy optimization; it designs no artifacts, ideas, or systems outside the fixed action space and cannot deliberately create something new for a stated purpose as the level-4 adaptation anchor requires.",medium,
11,87,2,4.5,"It applies deep, already-internalized technical knowledge to derive answers very well, and can absorb new material supplied in context, but it does not autonomously track a changing field past its training data and its integration of genuinely novel frontier results is unreliable enough to need expert checking.",medium,
3,79,0,3.0,"Trained vision models reliably flag visible surface defects in fixed, well-lit, constrained settings (PCB, weld, web inspection), but cannot physically access equipment, integrate non-visual cues (sound, vibration, gauges, process history), or reason from a defect to its cause as level-4 plant inspection requires.",medium,
2,87,0,2.0,"The trained agent absorbs and applies knowledge only within its fixed game domain and adapts in-episode to opponent behavior; any genuine update (patched rules, new game version, shifted meta) requires human-supervised retraining rather than the agent keeping itself current.",medium,
9,76,1,2.5,"It faithfully captures information from one audio channel but does not select sources, interpret content, or judge relevance, so it cannot substitute for comprehension-based information gathering like reviewing a budget (level 4).",medium,
13,96,0,2.3,"A dialogue system can talk through simple specifications (e.g., lighting or fixtures for a room) but cannot produce or verify drawings, dimensioned layouts, or code-compliant part specs, and its unverified numbers cannot be relied on for anything fabricated or built.",medium,
6,88,0,1.4,"The system only locates and combines evidence already present in a supplied passage, so it can report or summarize objectives someone else wrote but cannot itself generate forward-looking plans or schedules like the level-2 holiday-roster anchor.",high,
13,90,2,2.8,"It can sequence and re-order steps within a single dialogue (agenda, follow-ups, escalation) but has no persistent, cross-session workload of its own to own, no ability to commit to and execute plans over days or months, and no accountability for deadlines or shifting priorities outside the conversation.",medium,
4,80,2,2.4,"It can give rough size/count/quantity estimates from an image but lacks metric grounding and reliable counting, so anything beyond simple visible-object estimation (let alone multi-factor time/cost/resource projection as at level 4) fails or must be checked.",medium,
5,96,2,1.7,"It renders illustrative concept imagery but cannot produce dimensionally accurate, correctly labelled, engineering-valid documentation that anyone could fabricate or assemble from, so even a level-2 specification would need a human to author and verify it.",medium,
9,89,1,1.0,"The system only converts audio to text; it performs no scheduling decisions, calendar reasoning, or allocation of others' work, so even the level-2 anchor of booking appointments against a fixed schedule is outside its function.",high,
8,90,2,1.3,"A translation model executes a single bounded transformation on whatever text it is handed; it sets no goals, holds no work queue, and cannot even organize a repetitive schedule (level 2) since sequencing and prioritization are supplied entirely by the calling human or system.",high,
12,79,1,1.2,"The activity concerns physical inspection of equipment, structures, and materials, and the system has no sensors, physical presence, or ability to examine anything beyond source code and test output.",high,
8,97,0,1.0,"A text translation model has no physical actuators or ability to service, adjust, or test mechanical equipment; it can at most translate a repair manual, not perform the repair.",high,
2,89,1,1.5,"The agent sequences and times its own in-game actions (and unit tasks in RTS play), a loose analogue of scheduling, but it cannot take real scheduling inputs such as calendars, staff constraints or program requirements, so it does not even reach the level-2 appointment-booking anchor.",high,
11,85,0,3.5,"It reliably derives answers to well-posed, closed technical problems, but cannot be trusted unsupervised on ill-structured, consequential choices with incomplete or contested inputs (the level-4 anchor), and its unverified proofs/derivations still contain confident errors requiring expert checking.",medium,
3,92,2,1.0,"The system only assigns labels to images and has no hands, arms, or actuators, so it performs no physical handling or manipulation at all.",high,
13,92,2,1.0,"A conversational system has no hands, arms, or actuators, so it performs no physical handling or moving of objects at any level.",high,
4,85,2,2.4,"It can render simple, low-stakes determinations from a single image (which item matches, is this defective, which option looks right) but cannot integrate non-visual evidence, weigh competing criteria over time, or be trusted unsupervised on consequential choices like a store-siting or strategic decision, and it still hallucinates confidently on ambiguous images.",medium,
7,90,1,3.5,"Without tools, memory, or any state across sessions, it can draft plausible schedules and priority lists on request but cannot track real progress, adapt plans to changing conditions over time, or own multi-month commitments.",medium,
5,88,2,1.0,"An image synthesis model produces pictures from prompts and has no capacity to set organizational objectives, reason about timelines, or specify actions to achieve them, so it does not perform the activity even at the level-2 anchor.",high,
7,79,2,1.3,"Inspection requires direct sensory access to physical equipment, structures, or materials, which a text-only model has none of; it can only reason about defects from descriptions someone else has already observed and written down.",high,
12,83,2,3.2,"It can check a patch against explicit, machine-verifiable standards (test suites, linters, type checkers, obvious style conventions), but judging conformance to ambiguous or implicit standards \u2014 architectural conventions, security policy, licensing, backward-compatibility contracts \u2014 is unreliable enough that a human reviewer still signs off, so the level-4 'complicated claim against policy terms' analogue is not attained unsupervised.",medium,
12,94,2,1.0,"The application produces code patches and has no physical actuation or vehicle-control capability whatsoever, so it does not perform this activity even at level 1.",high,
11,93,0,1.0,"The system is a text-based reasoning engine with no actuators, sensors, or control interfaces, so it cannot physically operate any machine or process even at the level of a cash register.",high,
12,98,0,1.0,"The system only reads issues and writes code patches; it has no physical embodiment or instrumentation to service, calibrate, or test electronic hardware, so it performs none of this activity even at level 1.",high,
10,91,2,1.0,"The application is purely digital with no body or actuators, so it performs no physical activity at all, not even walking between workstations.",high,
6,78,2,3.5,"It can only categorize and compare information stated within a supplied passage 
o and and its multi-hop or subtle distinction judgments still misfire often enough that no consequential acceptability judgment (level 4+) could be left unsupervised, and it has no perceptual access to real objects, samples, or events at all.",medium,
3,78,1,3.5,"It reliably categorizes and discriminates visual content in constrained, in-distribution settings (roughly the level of a sorting or visual-defect inspection call), but it cannot integrate context, judge multi-criteria acceptability, or detect changes in circumstances or events, and it fails silently out of distribution.",medium,
7,81,0,3.0,"Without tools or perception it can only judge what is described to it in text, producing plausible but uncalibrated and unverifiable assessments — insufficient for consequential valuations like level 4's fire-loss appraisal.",medium,
11,78,2,3.5,"It can categorize problem types, spot structural similarities, and flag differences within symbolic/textual material, but it has no perceptual or empirical access to physical objects, samples, or experimental outcomes, and its identification of subtle discrepancies (e.g., a flawed proof step or an anomalous result) is not reliable enough to be trusted without review.",medium,
1,83,2,2.0,"It only checks conformity to a closed, fully formalized rule set (move legality, repetition/ko, game termination), which it does flawlessly but which involves no interpretation of ambiguous natural-language standards, evidence weighing, or judgment about facts outside the board state.",high,
7,76,0,3.5,"Without tools the model can only comprehend text placed in front of it — it cannot actually obtain information from external or live sources, and its recalled knowledge is unverifiable and prone to confident fabrication, so anything beyond extracting facts from supplied documents (and any numeric review as in a budget) cannot be trusted unsupervised.",medium,
10,80,2,3.7,"It can gather data, build spreadsheets/scripts and produce defensible time, cost and material estimates for well-specified digital or documented tasks, but consequential estimates like city-scale evacuation timing depend on unverifiable modelling assumptions and physical-world judgment the agent cannot validate or be held accountable for.",medium,
4,81,0,2.3,"It can flag visible condition cues (damage, wear, defects, ripeness) from an image, but has no verified domain, market, or record knowledge and hallucinates confidently, so consequential valuations like appraising fire-loss property cannot be left to it unsupervised.",medium,
11,91,2,1.0,"A mathematical reasoning system has no body or actuators, so it performs no physical activity at any level, including walking between workstations.",high,
13,94,1,1.0,"A conversational dialogue system has no actuators or vehicle control capability, so it performs none of this physical activity even at level 1.",high,
9,79,2,1.0,"A speech-to-text pipeline has no visual, tactile or diagnostic access to equipment and performs no inspection at all; it can only transcribe an inspector's spoken observations.",high,
4,96,0,1.8,"VQA outputs answers about what is in an image rather than producing drawings, layouts, or fabrication-ready specifications, so it can at best describe simple observable requirements (e.g., comment on a work area's lighting) and cannot be trusted to author the documentation others build from.",medium,
11,78,1,4.2,"It reliably categorizes problem types, spots structural similarities, and flags invalid steps in standard or textbook-level formal material, but its error detection on novel research-level arguments is unreliable (it endorses subtly flawed proofs with equal fluency) and it has no access to the empirical or physical observation that level-6 determinations like a virus's drug response require.",medium,
3,81,0,2.5,"Labeling and visual grading supports simple quality/condition judgments (defect present, produce grade), but the model has no valuation knowledge, context, or non-visual evidence needed to assess worth or importance as in the level-4 anchor.",medium,
1,82,2,3.5,"Its calculating, tabulating and verifying is flawless but confined to a fully formalized, self-generated state space with unambiguous inputs; it cannot ingest, code, or reconcile messy heterogeneous real-world data as the level-4+ anchors require.",medium,
3,93,2,1.0,"The model only outputs labels for image content; it has no actuators or control interface and performs no machine operation at all, even at the level of operating a cash register.",high,
8,98,1,1.0,"A text translation model performs no physical servicing, testing, or calibration of electronic equipment; it cannot even turn a knob, so it does nothing for this activity at any level.",high,
1,95,0,1.5,"The agent only computes moves within a fixed game domain; it cannot program, write software, configure systems, or enter and manage data, so it substitutes for essentially no human computer-work task beyond trivial automated information processing.",high,
4,99,2,2.5,"It can convert simple, legible visual content (gauge readings, labels, counts) into recorded text, but hallucination on fine detail and lack of any record-keeping/storage or evidentiary reliability blocks the level-4 anchor of authoritative documentation.",medium,
7,92,1,1.0,"A text-only model has no hands, arms, or actuators, so it cannot physically handle, position, or move any object at even the level-2 anchor.",high,
11,81,0,2.5,"It can screen simple correctness/quality judgments on formal artifacts it is given (e.g., flagging a flawed derivation), but it has no perceptual or contextual access to real objects, services, or people, and its verification of nontrivial arguments is unreliable enough to need expert review, so it cannot be substituted for consequential appraisal or valuation work.",medium,
6,93,0,1.0,"The application only answers questions about supplied text; it has no actuators or control interface and performs no machine operation at all, even at level 1.",high,
1,82,0,3.5,"It calculates, categorizes and verifies flawlessly but only over a formally specified board state supplied to it, so it cannot ingest, code, or audit the heterogeneous real-world records that level 4+ anchors (insurance adjustments, scientific report compilation) require.",medium,
9,98,1,1.0,"A transcription pipeline performs no physical servicing, testing or calibration of equipment; it cannot even turn a knob to adjust a picture.",high,
6,98,0,1.0,"The application only answers questions about supplied text and has no physical actuation or instrumentation, so it cannot service, test, or adjust any equipment even at the level of turning a knob.",high,
10,84,1,4.5,"It reliably decomposes and computes well-specified analyses with code and tools (lookups, financial calculations, standard statistical work), but on messy large-scale data it makes silent errors in cleaning, joins, and unstated assumptions, so level 6-style analyses whose conclusions must be defensible still require expert review.",medium,
11,95,2,3.5,"It can write and run correct self-contained scripts and symbolic computations to support derivations, but system setup, integration, deployment and maintenance of working software (level 4+ anchors) fall outside what this reasoning-focused application does unsupervised.",medium,
4,79,2,2.5,"It can answer questions about visible surface conditions in a supplied image (obvious damage, an open door, a gross misassembly), but it cannot physically access equipment, use instruments or non-visual cues, or reliably discriminate the fine-grained, domain-specific defect signatures that level 4+ industrial inspection requires, and its residual error rate makes unsupervised safety-critical inspection untenable.",medium,
3,94,0,1.0,"A still-image labeling model produces category labels only; it has no control actuation, motion planning, or closed-loop maneuvering, so it cannot drive or operate any vehicle even at the 'drive a car' anchor.",high,
10,91,0,1.0,"A purely digital agent has no body or actuators, so it cannot perform any physical movement, lifting, or locomotion at even the level-1 anchor.",high,
4,79,0,2.0,"It can confirm obvious, gross visual states from a supplied image (door closed, visible leak, gross damage) but cannot reliably catch subtle or fine-grained defects, has no physical access, instrument readings, or non-visual cues, and its false negatives are unacceptable in any safety-relevant inspection.",medium,
5,89,1,1.0,"An image synthesis model produces pictures and has no access to calendars, staff availability or constraint reasoning, so it performs no part of scheduling even at the simplest appointment-booking level.",high,
2,99,1,1.0,"A game-playing agent outputs control actions in real time; it does not enter, transcribe, or maintain information in written or electronic records, so it performs none of this activity even at the lowest anchor.",high,
12,96,1,3.4,"It can autonomously produce well-formed, test-verified patches and accompanying documentation for narrowly scoped components, but its output is only validated by the project's existing tests, so comprehensive system- or architecture-level specifications that others must build against still require human review before they can be relied upon.",medium,
8,87,2,2.2,"The trained model's knowledge is frozen at training time 	s it can apply a large stock of memorized vocabulary and even absorb a glossary supplied in context, but it cannot itself detect or acquire new terminology, evolving usage, or domain changes, so anything beyond low-effort 'keep up with a posted list' updating is unattained.",medium,
1,80,2,2.8,"Its quantitative estimates (position evaluations, win probabilities, clock allocation) are precise but confined to a closed formal game world with fully specified rules; it cannot estimate real-world sizes, costs, resources, or times under empirical uncertainty as the level 4+ anchors require.",medium,
12,81,1,3.0,"Its quality judgments are only reliable when there is an objective check (the project's own tests); asked to appraise value or quality without such ground truth — code maintainability, design trade-offs, whether a contribution is worth accepting — it produces plausible but unverified assessments that need human sign-off.",medium,
2,95,1,2.3,"The agent skillfully drives one trained game interface in real time but cannot program, configure, or generalize to arbitrary business software, so it never reaches the software-authoring work at level 4.",medium,
5,83,1,1.0,"A text-to-image generative model produces pictures; it performs no assessment of events or processes against laws, regulations, or standards, so it does not even reliably do level-1 form-completeness review.",high,
6,98,2,1.0,"A text question-answering system has no physical actuators or sensors, so it cannot service, adjust, test, or calibrate any equipment at all — even turning a knob at level 1.",high,
4,83,0,2.4,"It can reliably check images against simple, explicit visual criteria (form fields filled, required label/signage present, obvious defect) but hallucinates on fine detail and small text and cannot be trusted unsupervised to weigh multi-clause rules or ambiguous evidence against written policy as level 4 requires.",medium,
7,88,0,2.5,"It can draft generic plans and plausible strategy documents, but without access to real organizational data, constraint-checking, or accountability it cannot be trusted to produce the grounded, consequential multi-year plans described at level 4 and above.",medium,
10,80,0,3.5,"It reliably handles bounded, data-grounded estimation (costs, run times, resource counts, Fermi calculations it can verify with code and lookups), but complex scenario estimates like evacuation timing depend on unverifiable assumptions, sparse or non-digital inputs, and domain judgment that it cannot validate, so its plausible-looking numbers still require expert review before anyone acts on them.",medium,
3,82,2,3.0,"It reliably performs routine visual coding/categorization of items into a fixed taxonomy, but cannot apply multi-step domain rules, reconcile or audit data against external records, or take responsibility for consequential determinations as level 4's insurance-adjustment anchor requires — and its residual misclassification rate under occlusion or novel conditions still needs human review.",medium,
4,95,2,2.2,"It can convert image content into structured field values suitable for routine data entry, but it does not itself operate systems, write software, or configure functions, and residual hallucination on dense documents means even the data-capture step needs verification.",medium,
6,89,0,1.3,"The system only answers questions about a supplied passage; it can locate stated times or constraints in a document but never allocates slots, assigns people, or commits a schedule, so it does not perform even the level-2 appointment-booking activity.",high,
13,85,2,3.0,"It reliably makes bounded in-conversation choices (triage, routing, troubleshooting steps, recommending an option from a known set), but consequential judgment calls like a store-siting decision require verified external data, accountability, and freedom from confabulation that a dialogue system cannot be trusted with unsupervised.",medium,
7,84,2,3.5,"Without tools it cannot access, aggregate, or reliably compute over real datasets, and its unverifiable arithmetic and occasional fabricated premises make consequential quantitative analyses (level 4 and above) unsafe to leave unsupervised.",medium,
10,98,1,1.0,"The activity is inherently physical — handling, testing, and adjusting hardware — and a digital-only agent cannot even perform the level-1 anchor of turning a knob on a device.",high,
11,98,1,1.0,"The system is a disembodied text-based reasoner with no actuators, sensors, or test-equipment interface, so it cannot physically service, calibrate, or even adjust any device — it performs nothing at level 1.",high,
4,90,2,1.3,"VQA answers single questions about images and never develops goals, sequences tasks, or maintains a schedule, so it does not perform even the repetitive-schedule work at level 2 except incidentally by reading a planning artifact aloud.",high,
5,86,1,4.0,"It renders novel, stylistically coherent imagery on demand — comparable to skilled adaptation within a given brief — but cannot be trusted unsupervised with precise constraint satisfaction (counts, text, exact composition, brand/series consistency) or with originating the underlying concept, so higher-level creative work still requires human direction and selection.",medium,
12,80,2,2.4,"It only makes small, self-serving estimates incidental to patching (rough scope of a change, which files/tests are relevant, simple complexity or resource implications) and is never accountable for a validated estimate; project-level time/cost/resource forecasts of the kind level 4 describes are outside what it produces or can be trusted on unsupervised.",medium,
13,97,0,1.0,"A conversational system has no manipulators or physical sensing, so it cannot service, adjust, or test mechanical equipment at all ""conf",high,
8,81,0,1.3,"A translation model maps source text to target text and performs no independent assessment of the value or quality of anything; at most it faithfully conveys judgments already stated in the source, which is not making them.",high,
3,77,0,3.2,"It can flag visually evident anomalies in narrow, trained domains (surface defects, doneness, presence/absence checks) but cannot perform instrumented or interactive testing, integrate non-visual or temporal signals, or judge unfamiliar problem states, so mid-level diagnostic monitoring like level 4 is out of reach.",medium,
4,76,2,3.2,"It reliably extracts and reports what is visible in an image (reading a blueprint, chart, or form), but hallucination, counting and fine-detail OCR errors make unsupervised extraction of dense quantitative or multi-source information (level 4 'review a budget') unreliable, and it cannot gather information beyond the single image supplied.",medium,
12,84,2,3.8,"It reliably decomposes well-scoped issues, stack traces and test failures to localize a cause, but degrades sharply on diagnoses that require synthesizing behavior across many components, undocumented system context, or design intent — and its own passing tests do not certify that the underlying cause was correctly identified, so a human still reviews.",medium,
10,85,2,3.3,"It reliably makes bounded, verifiable operational decisions inside a digital task (which tool to call, how to fix a failing test, which retry path to take), but long-horizon error compounding and lack of accountability mean consequential, multi-stakeholder judgment calls with ambiguous or incomplete real-world evidence (level 4+) still require human sign-off.",medium,
6,92,1,1.0,"The application is a text-based question-answering system with no physical actuators, so it performs no handling or moving of objects at any level.",high,
10,90,1,4.0,"It can decompose and reorder its own steps within a bounded digital task and replan when things change, but it cannot reliably hold and reprioritize multiple interdependent workstreams over weeks-to-months horizons, where context drift and accumulated error require human oversight.",medium,
9,77,2,2.2,"It converts audio to text and at best flags keywords in a monitored channel, but it does not itself assess whether what it hears constitutes a problem, and its accuracy degrades under the noise, accents and overlap that real monitoring environments contain.",medium,
7,98,2,1.0,"The activity is entirely physical—adjusting, replacing, and testing hardware—and a text-only model with no actuators or tools cannot touch equipment at all, even at the level-1 knob-turning anchor.",high,
2,83,2,1.0,"A game-playing agent optimizes actions within an environment that enforces its own rules; it performs no evaluation of events or processes against external laws, regulations, or standards, so even level-1 document/record review is outside what it does.",high,
9,80,1,1.0,"A transcription pipeline maps audio to text and performs no estimation of sizes, quantities, times, costs, or resources — it does nothing for this activity even at level 1.",high,
6,90,1,1.2,"The system only answers questions about a supplied passage; it sets no goals, holds no ongoing workload, and does not sequence or prioritize any tasks of its own, so it barely engages the activity even at the level-2 anchor of maintaining a repetitive schedule.",high,
3,96,0,1.0,"An image classifier only assigns labels to visual content; it produces no drawings, specifications, or fabrication/assembly documentation at all, so it does not perform this activity even at level 1.",high,
4,87,1,2.0,"A frozen multimodal model can apply knowledge already in its weights (or read new facts off an image, e.g. a changed price tag) but has no mechanism to track, verify, or integrate evolving technical information over time, so anything beyond simple point-in-time reading of visible updates is out of reach.",medium,
3,78,0,3.8,"It can reliably sort and grade visual categories against fixed criteria (approaching the food-inspection anchor) but cannot integrate non-visual evidence, reason causally about why a condition arose, or handle novel out-of-distribution cases, which the higher anchors require.",medium,
9,86,1,1.0,"A transcription pipeline maps audio to text and originates no new designs, ideas, or artistic content, so it performs nothing on the creativity scale even at level 1.",high,
2,87,1,2.0,"The measured object is a trained, essentially frozen policy: it applies knowledge acquired during training and adapts only shallowly within an episode, but cannot itself ingest rule/patch/meta changes or new domain information without human-run retraining, so anything beyond keeping pace with small, in-distribution shifts is out of reach.",medium,
11,94,1,1.0,"The application is a purely symbolic reasoning system with no actuators, sensors, or vehicle control interface, so it performs no vehicle or equipment operation at any level.",high,
3,97,0,1.0,"A still-image classifier has no actuators and performs no servicing, adjusting, or testing of physical machinery — it can at most label a visible part, not touch a hinge.",high,
3,76,1,2.4,"It reliably extracts labeled object information from a single visual channel, but cannot gather, cross-reference or interpret information from documents, numbers, people or other heterogeneous sources as required from level 4 upward.",medium,
12,93,2,1.0,"The activity explicitly excludes computers and requires operating physical machines or processes, which a code-patching AI has no actuators or control interfaces to do at all.",high,
12,80,1,2.5,"It makes only incidental, low-stakes estimates (scope of a patch, rough complexity/runtime of a routine) and cannot be trusted unsupervised with consequential effort, cost, or resource projections that depend on team context, deadlines, and unmodeled real-world constraints.",medium,
7,86,1,4.3,"It reliably generates fluent, on-brief creative text and idea variations at the level of a skilled adaptation task, but its 'novelty' is recombinational and unverified, and it cannot carry a large original artifact (working software, a coherent new system or design) to a functioning, checked end state without human validation.",medium,
6,82,1,3.5,"It reliably extracts, categorizes and tabulates facts stated in a supplied passage, but multi-step rule-application and arithmetic on extracted values (the level-4 insurance-adjustment anchor) still carries silent extraction/calculation errors that require human checking, and it cannot compile or audit data across a complex evidentiary record.",medium,
9,90,2,1.0,"A speech-to-text pipeline only converts audio to text; it sets no goals, sequences no tasks, and does not schedule or prioritize any work, even repetitive scheduling at level 2.",high,
6,85,1,2.5,"It can only weigh options and constraints already stated in the supplied passage, so it supports routine bounded choices but cannot gather outside information, evaluate real-world consequences, or be held responsible for a decision's outcome.",medium,
9,91,2,1.0,"A speech-to-text pipeline has no body or effectors and performs no physical activity whatsoever, not even walking between work stations.",high,
10,84,0,4.5,"It reliably ingests data, writes and runs analysis code, and produces well-formed findings for bounded, well-specified questions, but on large heterogeneous real-world datasets it silently mis-specifies variables, accepts bad joins or missing-data artifacts, and cannot be trusted unsupervised to defend the methodology behind a consequential population-scale analysis.",medium,
8,76,2,3.4,"It reliably extracts meaning from the single source text handed to it, but it does not seek out, cross-check, or synthesize information from external references, terminology databases, or context beyond the input, which is what level 4+ anchors require.",medium,
5,79,0,1.0,"A generative image model synthesises novel images rather than examining real equipment or materials; it performs no perception-based fault detection at all, not even a level-1 check that a door is locked.",high,
1,97,2,1.0,"A board-game playing agent has no physical actuation, sensing, or mechanical domain model, so it performs no servicing or adjustment of equipment even at the simplest level.",high,
11,82,2,5.0,"It calculates and verifies derived quantities reliably, but compiling and auditing real-world scientific datasets end-to-end (level 6) demands provenance tracking and error-free bookkeeping across many source records, where its confident, hard-to-detect mistakes require human checking.",medium,
9,98,2,1.0,"A speech-to-text pipeline has no physical actuation or diagnostic capability and cannot service, test, or adjust any electronic equipment, even at the level of turning a knob.",high,
6,98,1,1.0,"The application only answers questions about supplied text and cannot physically touch, adjust, test, or calibrate any equipment, so it does not perform even the level-1 anchor of turning knobs on a television.",high,
4,83,1,2.2,"It can check an image for the presence/absence of required visible elements (a filled field, a hard hat, a label), but it cannot reliably apply written rule sets to ambiguous cases, and its perceptual errors on dense or low-quality documents make unsupervised compliance determinations untrustworthy above simple completeness checks.",medium,
6,89,2,1.5,"The system only answers questions about a supplied passage; it can look up or restate schedule information contained in a document but cannot allocate slots, reconcile staff/resource constraints, or commit and maintain an actual schedule, so it falls short even of the level-2 appointment-booking anchor.",high,
7,87,1,3.0,"A tool-free model has a frozen knowledge cutoff and cannot itself monitor or ingest new developments 	hereand can only apply information handed to it in-context, and its recall of technical detail is unverifiable and prone to confident staleness or fabrication, so it cannot be trusted to 'keep current' in any domain unsupervised.",medium,
8,84,0,1.8,"A translation model only decomposes source sentences to resolve linguistic ambiguity; it does not analyze substantive data or quantitative information, so it cannot perform even level-4 style analysis like computing financing costs.",medium,
1,87,1,2.5,"Self-play training genuinely acquires and applies new knowledge, but only inside a fixed, closed rule set chosen by engineers text— it cannot monitor external developments, ingest changed rules or procedures, or transfer learning to a new domain without a human-initiated retrain.",medium,
7,93,1,1.0,"A text-only model has no actuators or control interface, so it cannot physically operate any machine or process—not even a cash register at level 2.",high,
13,93,2,1.0,"A conversational system has no actuators or control interfaces and cannot physically operate machines or monitor process states, so it performs none of this activity even at the cash-register level.",high,
11,84,2,5.0,"It excels at deriving conclusions from well-posed formal inputs, but silent errors in long derivations require expert checking, and it does not own the messy, large-scale empirical data handling and methodological judgment that the level-6 anchor describes.",medium,
5,88,1,1.0,"An image synthesis model produces pictures from prompts and has no capacity to set organizational objectives or specify actions to achieve them, so it does not perform this activity even at the level-2 anchor.",high,
9,76,0,2.5,"It reliably captures information from a single audio channel but does not select among sources, verify, or interpret what it receives, so it cannot substitute for judgment-bearing information gathering like reviewing a budget.",medium,
13,97,2,1.0,"A conversational system has no manipulators or physical presence, so it cannot service, adjust, or test mechanical equipment at all — it can only talk about doing so.",high,
11,96,1,2.2,"It can derive quantitative parameters and write prose specifications (e.g., lighting levels or component values from calculations), but it produces no drawings, layouts, or fabrication-ready documentation and cannot be trusted unsupervised with buildable specs that others will construct against.",medium,
12,89,2,1.2,"The system only sequences its own internal subtasks within a single coding job; it does not schedule events, programs, or the work of other people, and has no calendar, resource, or staffing authority.",high,
1,88,1,2.3,"Its objective is fixed by the game's rules (win) rather than established, and its long-horizon strategizing only works over a closed, fully specified discrete state space, so it cannot set or pursue open-ended organizational goals under ambiguous real-world constraints and stakeholders as the level-4+ anchors require.",medium,
6,88,1,1.5,It can only extract and combine objectives or strategy elements already stated in a supplied passage; it does not originate long-range goals or construct an actionable plan even at the level-2 scheduling anchor.,high,
11,76,0,4.2,"It can accurately absorb and structure information from technical documents and problem statements handed to it, but it cannot independently gather from live, multi-source, or physical sources and its unverified recall of specialized literature is hallucination-prone, so nothing like a level-6 comprehensive study of a body of source material can be trusted unsupervised.",medium,
9,84,1,1.2,"The pipeline converts acoustic signal to text and does not break information into parts to identify underlying principles, reasons, or facts; any downstream analysis is done by other systems or people.",high,
3,82,0,3.0,"It reliably codes and categorizes visual items into a fixed taxonomy and can support tabulation/counting, but it cannot apply domain rules to compute adjustments or audit/verify data against external criteria as level 4+ requires, and its errors under distribution shift need human checking.",medium,
1,91,2,1.0,"A board-game search agent has no body or actuators and performs no physical activity whatsoever, not even walking between workstations.",high,
1,96,0,1.0,"A board-game playing agent produces moves within a fixed rule set and generates no documentation, drawings, or fabrication/assembly specifications for physical devices at all.",high,
12,84,0,3.8,"It reliably decomposes well-scoped issues (stack traces, failing tests, localized logic) into parts and verifies its analysis against the project's tests, but underspecified or cross-component root-cause diagnosis is where it silently produces test-passing patches that mask the real defect, so its deeper analyses still require human verification.",medium,
3,76,2,2.5,"It extracts a fixed label set from a single visual channel and cannot seek out, cross-reference, or judge the relevance of information across heterogeneous sources as level-4 anchors (reviewing a budget) require.",medium,
11,84,1,4.5,"It reliably decomposes well-posed, self-contained problems and derives correct multi-step conclusions, but on open-ended or messy real-world data it cannot validate its own assumptions or detect silently wrong intermediate steps, so consequential large-scale analyses (level 6) still require expert verification.",medium,
11,83,1,3.4,"It can apply explicit formal rules to check whether a derivation, calculation, or submission satisfies stated criteria, but its verification is itself error-prone on long or subtle chains and it has no grounding in the documentary, precedential, and judgment-laden aspects of real compliance rulings, so level-4-and-above determinations cannot be left unsupervised.",medium,
10,98,2,1.0,"The activity requires physical manipulation of hardware — turning knobs, swapping circuit boards, attaching test instruments — which a purely digital agent cannot do, so it does nothing even at level 1.",high,
11,88,0,2.0,"The system derives solution strategies for well-posed formal problems (and could handle a constrained scheduling-type plan), but it does not establish organizational long-range objectives, weigh stakeholder and business context, or own multi-year plans whose success depends on judgment outside a specifiable problem statement.",medium,
2,97,0,1.0,"A game-playing agent has no physical embodiment or tools and never services, repairs, or tests actual mechanical equipment, so it performs none of this activity even at level 1.",high,
6,99,1,2.8,"It can transcribe and restate facts found in a supplied passage into written answers, but it neither acquires information from the world nor stores/maintains records in a system, and its unverified extraction accuracy falls short of the evidentiary-grade documentation implied at level 4.",medium,
1,85,1,3.0,"Its decision-making is superb but confined to a closed, fully-specified rule world with a single unambiguous objective; it cannot ingest heterogeneous, uncertain real-world information or weigh competing stakeholder criteria as level-4 decisions like siting a store require.",high,
13,87,2,3.4,"A conversational system can absorb and apply new information handed to it in context or via retrieval, but it does not autonomously track a changing technical field, and it confidently presents stale or hallucinated procedure details, so it cannot be trusted unsupervised at the level of keeping current on evolving repair/technical practice.",medium,
2,84,0,2.5,"The agent performs fast implicit state inference within a single closed game world and emits actions rather than analyses, so it cannot decompose novel real-world data or produce a reasoned, checkable conclusion as level-4 work requires.",medium,
13,89,0,2.8,"It reliably takes and confirms appointments against a fixed calendar and coordinates simple multi-party meeting times, but preparing a real work roster (coverage, availability, labor rules, fairness) demands reliable multi-constraint optimization and accountability that a dialogue system produces only fluently, not dependably.",medium,
13,81,2,3.0,"A dialogue system can render simple judgments from what it is told (screening, triage, rating an interaction), but it cannot inspect the object or person, verify claims, or be held accountable for consequential valuations like a fire-loss estimate, so level 4+ work requires human sign-off.",medium,
12,93,0,1.0,"The activity explicitly excludes computers, and the application has no physical embodiment or actuators to operate any machine or process.",high,
12,91,0,1.0,"The application is a disembodied software agent with no physical actuators, so it performs no physical activity at all, not even walking between workstations.",high,
12,87,1,4.0,"It applies a large stock of pre-trained technical knowledge and can absorb in-repo conventions, docs and test feedback within a task, but it does not autonomously maintain currency — its knowledge is frozen at training cutoff, so new library versions, deprecations and fast-moving APIs produce confidently wrong code that a human must catch.",medium,
7,89,2,3.2,"Without tool or calendar access it can only draft schedules from constraints given in text, and it makes silent constraint violations (double-bookings, coverage/availability conflicts) often enough that a retail-style staff schedule (level 4) or parallel-session conference program (level 6) needs human verification before use.",medium,
5,96,1,1.5,"Generative image models produce visually plausible but dimensionally and functionally unreliable renderings — labels, part counts, connections and measurements are routinely wrong — so they cannot be trusted to convey buildable specifications even at the level-2 anchor, only decorative concept art.",high,
6,99,2,2.5,"It can transcribe and restate facts extracted from a supplied passage into written form, but it has no capacity to store, organize, or maintain records over time, and cannot be held accountable for the completeness and evidentiary accuracy that level-4 documentation (e.g., investigation reports) demands.",medium,
4,87,2,2.0,"A trained multimodal model has frozen weights and can only apply knowledge already baked in at training time; it has no mechanism to track, acquire, or integrate new technical information, so it cannot perform the 'updating' half of the activity beyond trivially reading current facts (e.g., a price) off an image presented to it.",medium,
6,84,0,3.0,"It can locate and combine evidence across a supplied passage to answer factual and simple inferential questions, but it cannot gather or model data beyond the given text, and its multi-step quantitative/inferential chains (as in the level-4 interest-cost anchor) are unreliable enough to need checking.",medium,
5,80,0,1.5,"The model only implicitly infers relative object scale and proportion when composing a scene; it produces no explicit numeric estimate of size, quantity, time, cost, or materials, and is demonstrably unreliable even at counting depicted objects.",high,
11,95,0,4.0,"It can write and debug self-contained programs, scripts, and formal-proof code as instruments of derivation, but it cannot be handed configuration, integration, deployment, or multi-component system work that the higher anchors describe.",medium,
3,91,1,1.0,"A vision model that labels objects in still images has no body or actuators, so it performs no physical activity at all, even at level 1",high,
12,92,1,1.0,"The application is a purely software agent with no physical embodiment, so it cannot handle, position, or move any material objects at all.",high,
1,79,0,1.0,"A board-game agent operates on abstract discrete game states and has no perception of or interaction with physical equipment, structures, or materials, so it performs none of this activity even at the level-1 anchor.",high,
5,94,1,1.0,"An image-synthesis model has no actuators or control loop and cannot operate any physical vehicle or equipment at all, even at the level of driving a car.",high,
9,95,2,2.5,"It performs a data-entry-grade function (converting speech into text records) but cannot set up functions, configure systems, or write software, and its residual word-error rate on accented, noisy, overlapping speech still requires human correction for records of consequence.",high,
2,96,0,1.0,"A game-playing agent outputs real-time control actions, not documentation, drawings, or specifications for how devices are to be built or used, so it performs none of this activity even at level 1.",high,
3,81,2,2.3,"Labelling and defect/grade detection supports simple visual quality calls (level 2), but assigning value or importance requires non-visual context, records and market judgment the model has no access to.",medium,
5,82,1,1.5,"A generative image model only encodes a prompt into pixels; it does not compile, tabulate, calculate or audit data, and any numbers or labels it renders are unverified and frequently wrong, so it cannot be trusted even for a level-2 tabulation task.",high,
13,85,0,3.0,"It can reliably diagnose and resolve bounded, routine problems raised within a dialogue (troubleshooting, triage, choosing among predefined resolution paths), but consequential multi-source decisions like a site selection require verified data, accountability, and judgment it cannot be left unsupervised to exercise.",medium,
8,81,1,1.3,"A translation model only maps source text to target text; it makes no independent assessment of the value, importance, or quality of external objects, services, or people, and can at best echo evaluative judgments already stated in the source.",high,
13,78,0,3.2,"It can categorize and detect changes only in what is verbally reported to it, so it cannot perform the perceptual, physically grounded or data-driven identification the level 4+ anchors describe, and its inferences about a speaker's state or situation are not dependable enough to be acted on unsupervised.",medium,
2,79,2,1.4,"A game-playing agent only perceives and reacts within its own rendered environment; it performs no diagnostic inspection of real equipment, structures, or materials, so it barely reaches the simplest presence/state check anchored at level 1.",high,
12,78,2,4.2,"It reliably categorizes symptoms and locates candidate code by pattern similarity, but on subtle or novel defects it frequently mistakes surface symptoms for root causes and cannot recognize when the observed change in behavior falls outside patterns represented in its training or the project's test signals.",medium,
2,81,2,2.2,"The agent only makes implicit in-game value judgments (which target, item, or position is worth taking) via a learned value function tied to a single reward signal, and cannot appraise real objects, services, or people or justify a valuation to anyone outside the game.",medium,
4,84,0,2.8,"It can decompose a single image's visible content and answer descriptive or one-step inferential questions, but chart/document reading errors and confident hallucination make it unreliable for the multi-step quantitative reasoning over external data that level 4 work requires.",medium,
10,99,2,4.5,"It can reliably transcribe, log, and maintain structured records from digital inputs and even compile substantive documentation, but hallucinated or silently dropped entries and long-horizon drift mean an authoritative, continuously-maintained record system of the level-6 kind still needs human verification.",medium,
11,99,2,4.0,"It reliably transcribes and formats its own multi-step derivations into complete, structured written records (proof write-ups, worked solutions), but it has no persistent store it owns and cannot curate or maintain an evolving body of records over time as level 6 requires.",medium,
7,77,2,2.0,"Without tools or sensors the model has no perceptual access to processes, materials, or surroundings, so it can only flag anomalies in text that is handed to it and cannot itself monitor anything in real time.",medium,
1,97,1,1.0,"A board-game playing agent has no physical actuation, no sensing of mechanical equipment, and no domain model of machinery, so it performs none of this activity even at level 1.",high,
1,84,2,4.0,"Its analysis is superhumanly deep but only over formally specified, complete, noise-free game states; it cannot frame a question, select or clean heterogeneous real-world data, or handle ambiguity as the level 5-6 anchors require.",medium,
13,76,2,4.3,"It reliably elicits, tracks and clarifies information offered in dialogue, but as a conversational system it cannot independently seek out, verify or synthesize information from non-conversational sources (documents, records, instruments), and its unverified recall makes high-stakes intake or deep study-level gathering unsafe without review.",medium,
5,80,1,1.5,"A generative image model produces no quantitative estimate as output; it only implicitly renders roughly plausible relative sizes and proportions, and is notoriously unreliable at exact counts or dimensions, so it cannot substitute even for simple estimation tasks like sizing furnishings for crating.",high,
10,86,1,4.8,"It can autonomously generate and iterate on genuinely new small-to-medium artifacts (scripts, prototypes, workflows, self-contained apps), but at the level-6 anchor of creating new software the long-horizon error compounding, shallow novelty, and need for human architectural judgment and review mean an employer cannot substitute it unsupervised.",medium,
11,96,0,2.3,"A formal-reasoning system can derive quantitative requirements and write simple textual specifications (e.g., lighting or component values), but it produces no dimensioned drawings or layouts, has no verified link to real parts, standards, and fabrication constraints, and cannot be trusted unsupervised for documentation others will build from.",medium,
7,93,2,1.0,"A text-only model with no tools or actuators cannot physically operate or send control signals to any machine, so it performs nothing of this activity even at level 1.",high,
8,96,2,1.4,"A translation model only re-renders documentation that someone else authored; it cannot originate specifications, layouts, or drawings, so even the level-2 anchor of specifying lighting for a work area is outside what it does.",high,
3,85,1,1.6,"It only selects the best-fitting label from a fixed taxonomy for a single image; it does not weigh alternatives, constraints, or consequences, so even a bounded multi-factor routine decision like a cafeteria menu is outside it.",high,
8,98,2,1.0,"A translation model produces text and has no physical actuation or sensing, so it cannot adjust, test, or replace any hardware even at the level-1 knob-turning anchor.",high,
9,96,2,1.0,"A speech-to-text pipeline only converts audio to text and performs no design, layout, or specification of devices or equipment at any level.",high,
13,98,1,1.0,"A conversational system has no physical actuators or test instruments, so it cannot service, adjust, or calibrate any equipment itself — even turning a knob at level 1 — it can only talk about repairs.",high,
4,91,2,1.0,"A visual question answering model is a software system with no body or actuators, so it cannot perform any physical activity, not even walking between workstations.",high,
7,80,1,3.0,"Without tools or sensing it can only produce plausible Fermi-style estimates from remembered figures, and its unverifiable numbers and unaided arithmetic slips make it unsafe to trust unsupervised for consequential planning estimates like evacuation times or resource totals.",medium,
7,76,2,4.2,"Without tools it cannot seek out or verify external sources, so it can only extract and organize information already placed in its context or memorized parametrically — adequate for reading a supplied budget or blueprint, but unreliable for level-6 work like studying current international tax law, where hallucinated or stale content would go undetected.",medium,
8,78,2,3.4,"It reliably performs textual categorization (language, sense, register, entity, idiom recognition) but its identification judgments are confined to text, degrade on ambiguous, low-resource or context-dependent input, and cannot be trusted unsupervised for the consequential accept/reject determinations the level-4 anchor implies.",medium,
7,98,0,1.0,"The activity is inherently physical—adjusting, testing, and replacing hardware—and a text-only model with no actuators or instruments cannot perform even the level-1 knob adjustment, only describe it.",high,
10,86,0,5.0,"It can autonomously produce genuinely new small-to-medium software, tools and scripts (creative recombination well past the level-4 adaptation anchor), but at the level-6 'create new computer software' anchor it loses coherence over long horizons and novel architectural design, so its output still requires human review before it can be relied on.",medium,
11,95,1,3.5,"It can write and run scripts to carry out derivations or numerical checks, but as a reasoning engine it neither owns a complete software artifact end-to-end nor touches hardware, deployment, or system configuration, and its code still needs human verification before use.",medium,
7,99,0,3.0,"Without tools the model can draft and reformat written records from information supplied in its context, but it cannot capture data from the world, write to any system of record, or maintain a record set over time, and its tendency to smooth over or invent details makes it unfit to be trusted unsupervised with evidentiary or compliance-grade documentation (level 4+).",medium,
12,78,1,3.5,"It reliably categorizes issue types and spots textual/code similarities and diffs, and often localizes faults, but on real repositories it still misidentifies root causes a large fraction of the time — producing patches that satisfy tests while missing the actual defect — so judgment-grade identification (level 4+) cannot be left unreviewed.",medium,
2,78,1,3.5,"It performs fast, accurate categorization and change-detection only within the closed, fully-observable ontology of the game it was trained on, with no transfer to novel objects or ambiguous real-world judgment calls like grading product acceptability.",medium,
10,93,1,1.0,"The activity explicitly excludes computers and requires physical operation of machines or process control mechanisms, which a purely digital agent has no actuators or sensors to perform.",high,
6,85,2,2.5,"It can only resolve questions whose answer is contained in the supplied passage, so it supports simple bounded choices but cannot gather external information, weigh real-world tradeoffs, or be held accountable for consequential decisions like a site selection.",medium,
7,92,2,1.0,"A text-only language model has no hands, arms, or actuators, so it cannot physically handle, position, or move objects at any level.",high,
5,97,1,1.0,"An image generator performs no physical servicing, adjustment, or testing of mechanical equipment; it cannot even make a simple external hinge adjustment (level 2).",high,
6,77,1,2.4,"It can only review text handed to it, so it has no sensory or instrument access to the actual process, no continuous vigilance over time, and cannot detect problems that are not already described in the supplied passage — ruling out anchors like testing circuits or watching a critical-care patient.",medium,
4,81,2,2.5,"It can render simple appearance-based quality or condition judgments from a single image (damage, defect, ripeness, wear), but valuation-type judgments at level 4+ require non-visual evidence—records, market knowledge, provenance, physical inspection—and carry accountable consequences the model cannot be trusted with unsupervised.",medium,
12,98,2,1.0,"The system only reads issues and writes code patches; it has no physical embodiment or hardware interface, so it cannot adjust, replace, calibrate, or test any electronic equipment even at the level-1 knob-turning anchor.",high,
8,86,2,3.0,"It generates novel phrasings and handles idiom/register adaptation, but genuine transcreation of literary, poetic or marketing material into an artistically equivalent work (the level-4 'adapt music for marching band' analogue) still fails unpredictably and requires human reworking.",medium,
12,97,0,1.0,"The application is a text/code-only system with no physical actuators or sensors, so it cannot service, adjust, or test any mechanical equipment even at the level-2 door-hinge anchor.",high,
11,87,0,4.5,"It applies deep, graduate-level technical knowledge and can absorb new formalisms provided in context, but has no autonomous mechanism to track a rapidly changing field, cannot tell which of its knowledge is stale, and its research-level derivations still need expert verification before being relied on.",medium,
4,91,1,1.0,A visual question answering model has no body or actuators and performs no physical activity whatsoever; it only answers questions about images.,high,
6,88,2,1.3,"The system only locates and combines evidence already present in a supplied passage to answer questions; it does not originate objectives or specify actions, so even the level-2 anchor (constructing a workable holiday schedule) is beyond it — at best it can report objectives a document already states.",high,
13,83,0,3.0,"It can conversationally check submissions against explicit stated criteria and flag missing or non-conforming items, but it cannot verify facts outside the dialogue or exercise defensible judgment on ambiguous, consequential cases like a contested claim, so its determinations still need human sign-off.",medium,
6,92,2,1.0,"A text-reading question-answering model has no physical actuators and cannot handle, position, or move any material object at all.",high,
2,97,1,1.0,"A game-playing agent has no physical embodiment or tool manipulation and performs no servicing, repair, or testing of real mechanical equipment at any level.",high,
4,88,2,1.2,"Answering questions about image content supplies no long-range objective setting or strategy specification; at best it feeds visual facts into a plan someone else makes, falling short of even the level-2 anchor of building a workforce holiday schedule.",high,
6,97,1,1.0,"A text-reading question-answering system has no physical actuators or sensors and cannot service, adjust, or test any mechanical equipment, even a door hinge.",high,
5,83,2,1.3,"A text-to-image generator synthesises pixels rather than adjudicating; beyond crude built-in content-policy filtering on prompts (a rough completeness/prohibited-content screen) it has no capacity to weigh evidence against regulations or standards, and cannot even reliably verify that its own output satisfies a stated specification.",high,
7,80,0,2.5,"Without tools it can only recite typical magnitudes and do error-prone mental arithmetic, with no access to the actual object, site, or data needed to ground a defensible estimate, so anything beyond simple textbook-scale approximations (let alone consequential level-4 planning estimates) cannot be left unchecked.",medium,
12,96,2,3.2,"It can emit code-level patches, comments, and change documentation that specify routine, well-scoped modifications, but it cannot be trusted unsupervised to author a coherent full-system or component specification (the level 4+ analogue of 'specify the furnishings for a new school'), and it produces no drawings or layouts for physical devices at all.",medium,
11,76,1,4.5,"It reliably absorbs and parses dense formal problem statements and technical text supplied to it, but it does not autonomously canvass 'all relevant sources' — it has no observational intake, weak provenance control, and still misreads or confabulates source content often enough that authoritative assimilation of a large technical corpus (level 6) cannot be left unsupervised.",medium,
4,93,2,1.0,"The system only outputs text answers about images; it has no actuators or control interface and cannot operate any machine or process, so it performs nothing on this activity even at level 1.",high,
2,89,2,1.5,"The agent only sequences its own in-game actions and build orders; it produces no schedule artifact and cannot allocate events, programs, or other people's work outside the game environment.",medium,
1,93,2,1.0,"A board-game search agent has no actuators or process-control interface and does not operate physical machines at all, so it performs nothing on this activity even at level 1.",high,
9,88,2,1.0,"A speech-to-text pipeline only converts audio to text and performs no goal-setting or strategy formulation whatsoever, not even at the level-2 anchor of planning a holiday schedule.",high,
10,93,0,1.0,"The activity explicitly excludes computers, and a digital-only agent has no actuators or physical control interface to operate machines or industrial processes at even the cash-register level.",high,
4,98,2,1.0,"The system only answers questions about images and has no actuators or ability to touch, adjust, test, or replace anything, so it cannot perform even the level-1 physical act of turning a knob to adjust a device.",high,
6,80,0,2.5,"It can extract and arithmetically combine quantities stated in a supplied passage (simple size/cost/time estimates), but cannot generate estimates that require modeling assumptions, domain calibration, or data beyond the text, as level-4+ anchors demand.",medium,
6,97,0,1.0,"A text-reading question-answering system performs no physical servicing, adjustment, or testing of mechanical equipment, so it does nothing even at level 1's simplest hand-tool task.",high,
3,90,0,1.0,"A trained vision model only assigns labels to image content; it sets no goals, sequences no tasks, and does not plan or prioritize work even in a repetitive schedule sense.",high,
13,97,1,1.0,"A conversational system has no physical actuators or tools, so it cannot service, adjust, or test mechanical equipment at all\u2014even the level-2 hinge adjustment requires hands on hardware.",high,
13,78,2,3.4,"It reliably categorizes intent, sentiment, topic shifts and inconsistencies within linguistic input, but has no sensory or instrumented access to physical objects and cannot make the perceptual acceptability/differential judgments the level 4+ anchors describe.",medium,
13,79,2,1.0,"Inspection requires direct physical or sensory examination of equipment, structures, or materials, which a text/speech dialogue system cannot perform at all	hcannot even verify a locked door.",high,
6,76,2,4.2,"It reliably extracts and combines evidence from a supplied text passage (document-review-level information gathering), but degrades on long, dense, technical corpora where subtle misreadings go undetected, and it cannot seek out or integrate sources beyond the text it is handed.",medium,
1,87,0,2.5,"Self-play training lets it acquire and apply a large body of learned positional knowledge within one fixed rule set, but the domain never changes and any genuine updating (retraining, new rules, new opening theory) is initiated and supervised by humans rather than by the agent tracking a changing technical environment.",medium,
5,82,0,1.2,"An image synthesiser outputs pixels from a prompt; it does not compile, tabulate, calculate, audit or verify data, and cannot even reliably render correct numbers or legible tables, so it performs essentially none of this activity beyond trivially transcribing prompt content.",high,
2,95,0,2.5,"The agent only operates a single piece of software through its input interface in real time; it cannot program, configure functions, manage data across systems, or set up software/hardware, so it stops well short of the level-4 software-writing anchor.",medium,
1,93,1,1.0,"A board-game search agent has no actuators or process-control interface and operates only on abstract game states, so it performs no machine or process operation even at the level of a cash register.",high,
1,86,1,3.5,"Its novelty is confined to selecting moves within a fixed, closed rule set — it can surprise experts with unorthodox lines but cannot originate designs, systems, products, or artifacts outside the game, as level 4+ anchors require.",medium,
13,82,2,3.4,"It can capture, categorize and summarize information exchanged in dialogue, but arithmetic and rule-bound computation from source data (e.g., claim adjustments) are error-prone and unverifiable without a human check, so consequential calculating/auditing at level 4+ is not attained.",medium,
10,76,2,5.0,"It gathers and aggregates digital sources broadly and quickly, but cannot be trusted unsupervised for exhaustive, authoritative acquisition (gated/proprietary databases, non-digital sources, silent omissions and fabricated or stale citations) that a level-6 task like studying international tax law demands.",medium,
6,78,1,3.4,"It can reliably categorize entities, spot similarities/differences and note stated changes within a supplied text, but it has no perceptual or instrumented access to objects and events themselves, so standards-based judgment of real items (level 4) or inference of outcomes from experimental evidence (level 6) is out of reach, and subtle omissions or hallucinated distinctions still require review on consequential calls.",medium,
1,92,1,1.0,"The application is a purely computational game-playing agent with no physical actuators, so it performs no handling or moving of objects at any level.",high,
1,92,0,1.0,"The system is a purely software game-playing agent with no physical effectors, so it performs no handling or moving of objects at all, even at level 1.",high,
9,80,2,1.0,"A transcription pipeline converts audio to text and performs no estimation of sizes, quantities, times, or resources, even at the level-2 anchor of sizing furnishings for crating.",high,
10,98,0,1.5,"The activity is fundamentally physical — turning knobs, pulling and reseating boards, attaching probes and test equipment — and a purely digital agent has no effectors, so it can at most perform software-mediated configuration or remote diagnostics on network-addressable devices, never the hands-on service, replacement, or instrument-based calibration the higher anchors describe.",high,
8,86,0,3.0,"It produces idiomatic re-expression of existing content but cannot reliably originate creative solutions \etry, wordplay, brand voice, culturally re-imagined copy \at the level of a genuine adaptation, and its transcreation attempts need human review.",medium,
1,80,1,2.8,"Its quantitative estimation (position value, win probability, moves-to-mate, per-move time budgets) is exact and reliable only inside a closed, fully specified rule system; it cannot estimate real-world sizes, costs, or resources from noisy, incomplete, or unmodeled inputs as the level-4 anchor requires.",medium,
7,84,0,3.2,"Without tools it can decompose and interpret text-based information reliably, but multi-step quantitative analysis like computing financing costs (level 4) depends on arithmetic and data retrieval it performs unreliably and cannot verify.",medium,
11,91,0,1.0,"The application is a disembodied reasoning system with no actuators or physical presence, so it performs no physical activity at all, not even walking between workstations.",high,
3,85,0,2.0,"It only chooses among predefined visual categories for a single image; it cannot weigh competing considerations, incorporate context or consequences, or evaluate outcomes as required from level 3 upward.",high,
1,98,2,1.0,"A board-game playing agent has no physical actuators, sensors, or electronics domain knowledge, so it performs none of this activity even at the level of turning a knob.",high,
4,89,2,1.2,"VQA only answers questions about image content; it cannot allocate time slots, coordinate people, or produce a schedule, so it does not even perform the level-2 task of booking appointments against a predetermined schedule (at most it can read a posted schedule and report what it shows).",high,
3,93,0,1.2,"A trained vision model only assigns labels to images; it has no actuators or control interface and cannot itself operate a machine or process, at best feeding a signal that a separate controller acts on.",high,
5,76,2,2.4,"The model only passively ingests the prompt and any supplied reference image 	he scgeneration 	epping-level equivalent of reading a standard blueprint	; it cannot seek out, cross-check, or integrate information from external or multiple sources, and it silently misreads dense or constraint-heavy specifications.",medium,
4,90,0,1.2,"A VQA model answers questions about a given image on demand and has no persistent goals, task queue, or temporal horizon, so it cannot set or maintain even a repetitive work schedule (at most it can read a schedule depicted in an image).",high,
8,98,0,1.0,"A text translation model has no physical actuators or sensors and cannot touch, test, or adjust any equipment, so it performs none of this activity even at the level of turning a knob.",high,
12,88,2,1.7,"It plans only within the scope of a single issue-to-patch task (a short tactical sequence of edits and test runs), and never establishes objectives spanning people, resources, or time horizons as even the level-2 workforce-scheduling anchor requires.",high,
8,91,1,1.0,"A text translation model has no body or actuators and performs no physical activity whatsoever, so it does nothing even at level 1.",high,
7,86,2,4.5,"It reliably produces fluent, serviceable original text and format adaptations (copy, story concepts, drafts), but its ideation skews toward conventional recombination and it cannot build, test, or validate a genuinely novel working artifact like new software without external tools and human curation.",medium,
13,96,2,2.5,"A dialogue system can articulate simple written specifications and instructions from what it is told, but it produces no drawings or layouts, cannot verify dimensions, codes, or actual part fit, and its plausible-sounding specs for anything consequential (a school's furnishings, circuitry) require engineer review before use.",medium,
9,85,0,1.0,"A transcription pipeline only converts audio to text; it does not analyze information or evaluate alternatives to choose a course of action, so it performs none of this activity even at the cafeteria-menu level (its internal decoding search is not decision-making work).",high,
6,84,2,3.0,"It reliably locates and combines evidence stated within a supplied passage, but cannot gather or compute over data outside it, perform the quantitative/methodological work of a level-4 cost analysis, and its occasional unsupported inferences require review whenever conclusions carry consequence.",medium,
12,77,1,4.0,"It reliably reads deterministic signals it generates itself \u2014 test results, stack traces, build errors \u2014 much like testing a circuit, but it misses problems the project's own tests don't surface (regressions, performance, security, subtle side effects) and cannot be trusted with continuous, high-consequence monitoring of a live system where a missed anomaly causes real harm.",medium,
1,93,0,1.0,"A board-game search agent has no actuators or process-control interface and the activity explicitly excludes operating computers, so it performs none of this work even at the cash-register level.",high,
7,85,1,3.3,"It reasons fluently over information supplied in the prompt and can settle well-structured, low-stakes choices, but with no tools or data access it cannot gather or verify the evidence a consequential decision (e.g., a store site) rests on, and its hallucination and reasoning slips require human review before any commitment.",medium,
5,98,0,1.0,"Image generation is purely software synthesis of pictures and cannot physically touch, test, calibrate, or replace any hardware component, so it performs none of this activity even at the level-1 anchor.",high,
13,92,0,1.0,"A conversational system has no hands, arms, or actuators, so it cannot physically handle, position, or move any object at even the lowest anchor level.",high,
1,91,0,1.0,"A board-game search agent has no body or actuators and performs no physical activity whatsoever, not even walking between workstations.",high,
1,77,1,2.4,"It only 'monitors' a fully specified symbolic board state handed to it under fixed rules, with no sensing or interpretation of real materials, events, or environments, so it cannot perform instrumented diagnostic monitoring (level 4) let alone safety-critical monitoring (level 6).",high,
10,81,1,3.4,"It can autonomously gather evidence and produce structured comparisons or screening judgments against explicit criteria, but consequential valuations like the level-4 anchor require verified, accountable appraisal of ambiguous real-world evidence that it cannot be trusted to deliver unsupervised.",medium,
10,89,1,4.0,"It can generate and optimize rule-bound schedules (shift rosters, appointment slots) by calling calendars and solvers, but complex multi-track programming requires negotiating with stakeholders, weighing political/quality tradeoffs, and absorbing off-system information, where its unverified assumptions and silent constraint violations still need human sign-off.",medium,
13,86,0,4.0,"It can reliably generate, riff on, and adapt ideas within a dialogue (brainstorms, reframings, drafts, wordplay), but cannot be handed unsupervised ownership of a sustained original artifact requiring domain-constrained execution and verification, like designing new software or a genuinely novel system.",medium,
2,86,0,2.5,"It can discover genuinely novel tactics within a fixed game's closed rule set and scalar objective, but it never designs an artifact, system, or expressive work for others, so it falls well short of adaptive design work like the level-4 arranging anchor.",medium,
10,77,1,3.8,"It can continuously watch digital signals (logs, test output, API responses, dashboards) and flag anomalies at roughly the 'test electrical circuits' level of diagnostic checking, but it has no sensory access to physical materials or surroundings and misses silent or novel failure modes often enough that no one would leave it unsupervised on monitoring where a missed problem is costly.",medium,
9,96,0,1.0,"A speech-to-text pipeline only converts audio to words and cannot originate drawings, layouts, or technical specifications, so it performs none of this activity even at the level-2 anchor.",high,
6,81,1,2.5,"It can only weigh evidence that is already stated in the supplied text, so it cannot inspect the object, person, or market conditions that valuation-grade judgments (level 4+) require, and its text-only verdicts on consequential matters still need human sign-off.",medium,
7,82,0,3.0,"It reliably categorizes, codes and compiles textual information, but without tools its arithmetic, tabulation and auditing against source data are error-prone and unverifiable, so consequential calculation work (level 4+) cannot be left unsupervised.",medium,
12,92,0,1.0,"The system is purely software-based with no physical embodiment, so it cannot handle, position, or move physical materials at all.",high,
13,80,1,2.5,"It can compute plausible sizes, times, and costs from figures a speaker supplies, but it has no independent measurement, sensing, or verified data source, and its numbers are frequently confabulated or unit-slipped, so consequential estimates (level 4+, e.g. evacuation timing) cannot be left unchecked.",medium,
12,76,2,4.5,"It reliably harvests information from the sources it can reach\u2014issue text, repo search, code, tests, logs\u2014but does not dependably identify when the decisive context lies outside the repo (design intent, stakeholder clarification, upstream dependency behavior) and frequently stops at a partial evidence set in large or poorly documented codebases, which is exactly what higher anchors like exhaustive study of a complex corpus require.",medium,
11,92,0,1.0,"The application is a purely symbolic reasoning system with no physical embodiment, hands, or actuators, so it performs no handling or moving of objects at any level.",high,
11,94,2,1.0,"The application is a text-based reasoning system with no actuators, sensors, or vehicle control capability, so it performs no part of operating vehicles or equipment even at level 1.",high,
3,95,1,2.5,"The trained vision model only ingests images and emits labels — a data-entry/information-processing function around the level-2 anchor (slightly above it in throughput and tolerance of messy input) — but it cannot write software, define functions, or configure computer systems as level 4 and 6 require.",high,
7,92,0,1.0,"A text-only language model has no hands, arms, or physical actuators, so it cannot handle, position, or move objects at any level.",high,
8,82,2,2.0,"A translation model only re-encodes text between languages; it performs no arithmetic, tabulation, auditing, or verification of data against sources, so it cannot be substituted for even routine numeric processing above the simplest categorization/transcoding of linguistic information.",medium,
7,98,1,1.0,"A text-only model has no physical actuation or sensing, so it cannot even turn a knob or test a device; it can only describe repair procedures.",high,
10,77,0,4.0,"It can reliably poll logs, dashboards, test suites and APIs and flag anomalies against defined expectations (a digital analogue of testing circuits), but it cannot sense physical materials or surroundings and its judgment on ambiguous, high-stakes signals is unreliable enough that no one would leave critical-condition monitoring to it unsupervised.",medium,
10,78,0,4.0,"It reliably categorizes digital artifacts, runs diagnostic tests, diffs states and flags anomalies against defined criteria, but cannot inspect physical objects and is not dependable unsupervised for novel, high-stakes inferential determinations like level-6 scientific judgment.",medium,
6,79,1,1.0,"The activity requires physically perceiving equipment, structures, or materials, which a text-only passage-reading system cannot do at all — even the level 1 anchor (checking doors are locked) demands direct physical observation.",high,
1,79,1,1.0,"A board-game agent has no perception of or interaction with physical equipment, structures, or materials, so it performs no part of this inspection activity even at the lowest anchor.",high,
8,93,1,1.0,"A text translation model has no actuators or control interface and performs no machine operation at all, even at the level of operating a cash register.",high,
12,85,1,3.4,"It can diagnose and choose among fixes for a well-scoped, test-verifiable issue, but resolution rates on real issues leave a substantial failure tail, and it cannot be trusted unsupervised with ambiguous, multi-constraint or architectural decisions where no test oracle confirms the choice.",medium,
10,78,1,3.5,"It can categorize, diff, and flag anomalies in digital artifacts (logs, code, documents, API responses) well enough to run unsupervised, but it has no physical or sensory access for the perceptual grading implied at level 4 and cannot be trusted unsupervised on novel, consequential inference like level 6, where a missed or fabricated distinction propagates through its own subsequent actions.",medium,
1,86,0,3.2,"Its novelty is confined to move choice inside a closed, fully specified rule set with a fixed objective ly novel openings or a 'Move 37' are search products, not the open-ended design of new artifacts, systems, or expressive works that level 4+ anchors require.",medium,
4,84,1,3.0,"It reliably extracts and compares facts and relations within a single image, but multi-step quantitative or domain analysis (e.g., reading numbers off charts and computing derived figures) is error-prone and unverifiable without human checking, so level-4 analytic work cannot be left unsupervised.",medium,
5,94,0,1.0,"An image-generation model has no actuators or control loop and does not operate any vehicle or equipment at all, even at the simplest level.",high,
11,77,2,2.5,"It can only inspect information handed to it as text or numbers / derivation checking, error-spotting in supplied data / and has no sensory access, no continuous real-time observation, and no instrumentation, so anchored monitoring tasks like testing circuits or watching a critical-care patient are out of reach.",medium,
2,91,2,1.0,"The agent acts only through game inputs in a simulated environment and has no body or actuators, so it performs no real-world physical activity at all — not even walking between workstations.",high,
2,84,2,2.5,"The agent's 'analysis' is implicit value estimation inside a single closed, densely-rewarded game environment — it cannot decompose novel data, state underlying reasons, or deliver an interpretable analytic result as level-4 tasks require.",medium,
5,93,0,1.0,"An image-synthesis model issues no control signals to physical machinery and performs no part of operating equipment or physical processes, so it does nothing for this activity even at level 1.",high,
10,94,2,1.0,"The application acts only in digital environments (browsers, APIs, code) and has no actuators or physical control loop, so it does not operate vehicles or mechanized equipment at all, not even the level-2 'drive a car' anchor.",high,
10,89,0,4.2,"It can autonomously read availability data, apply rules/constraints and generate or adjust rosters and calendars via APIs and code (constraint solvers), but complex programs like multi-track conferences require negotiating tacit preferences, off-system stakeholder coordination and judgment about political/fairness tradeoffs that it cannot be trusted to settle unsupervised.",medium,
5,93,2,1.0,"An image generation model produces pixels from prompts and has no actuators, sensors, or control interface to operate any physical machine or process, so it performs none of this activity even at level 1.",high,
13,92,1,1.0,"A conversational system has no hands, arms, or actuators, so it cannot physically handle, position, or move any object at even the level-2 anchor.",high,
2,76,0,3.5,"It reliably integrates multiple concurrent perceptual streams (screen, minimap, resource/unit state) at superhuman speed, but only from the single fixed observation channel it was trained on; it cannot seek out, interpret, or cross-reference heterogeneous external sources such as documents, rules texts, or people, which the level 4+ anchors require.",medium,
12,79,2,1.0,"The activity concerns physical inspection of equipment, structures, or materials, and the application has no sensors or embodiment — it only reads and edits source code, so it performs nothing on this scale even at the lowest anchor.",high,
11,92,1,1.0,"The application is a purely textual reasoning system with no physical embodiment, actuators, or manipulation capability, so it performs no handling or moving of objects at any level.",high,
3,86,1,1.0,"A trained classifier only maps images to predefined labels; it originates no new designs, ideas, or artistic content, so it does not perform even the trivial level-1 creative act.",high,
3,83,0,2.0,"It can only emit object labels, so it supports simple presence/absence checks against a fixed visual criterion (form fields filled, PPE worn, part defect present) but cannot itself interpret rules, weigh context, or exercise the judgment that level 4 claim adjudication requires.",medium,
1,94,0,1.0,"A board-game search agent has no physical actuation, sensing, or continuous control capability, so it performs no part of operating vehicles or equipment even at the lowest level.",high,
5,83,0,1.0,"A generative image model synthesises pixels from a prompt; it performs no assessment of whether events or processes conform to laws, regulations or standards, and cannot even reliably check a form for completeness.",high,
3,98,1,1.0,"A vision model only assigns labels to images; it cannot manipulate, test, calibrate, or replace any component, so it performs none of the activity even at the level-1 anchor of adjusting a knob.",high,
13,95,2,2.5,"A dialogue system can capture and enter structured data or produce snippets of code on request, but as defined it has no reliable execution, testing, or system-configuration loop, so it cannot be trusted unsupervised with level-4 software authoring or level-6 system setup.",medium,
12,82,0,4.8,"It reliably compiles, categorizes, computes and test-verifies information within a codebase's own well-specified conventions, but on larger or ambiguous tasks its audits and verifications are wrong often enough (silent mis-categorization, tests that pass without fixing the issue) that unsupervised responsibility for level-6-style comprehensive compilation isn't warranted.",medium,
8,78,1,2.5,"The model only categorizes and disambiguates linguistic items inside text it is given; it performs no perceptual or diagnostic identification of real objects, actions, or events, so it cannot reach the sensory-judgment (level 4) or inferential-analysis (level 6) anchors.",medium,
11,88,1,2.2,"It can solve well-specified constraint/scheduling problems posed to it (level-2-like), but establishing long-range organizational objectives requires goal-setting under ambiguous, non-formalizable context, stakeholder judgment, and accountability the system cannot supply or be trusted with unsupervised.",medium,
13,80,2,2.5,"A dialogue system can produce simple, routine estimates from figures the user states (time, cost, quantity arithmetic and rough rules of thumb), but it has no perceptual or data access to ground estimates and its numbers are unverified plausible guesses, so consequential multi-factor estimation like level-4 evacuation timing cannot be left unsupervised.",medium,
7,79,0,1.0,"A text-only model has no sensory or physical access to equipment, structures, or materials, so it cannot perform even the level-1 act of checking that doors are locked; it can only discuss inspection secondhand.",high,
4,76,1,3.5,"It reliably extracts and answers about salient image content (blueprint/diagram/chart reading), but hallucination and misreading of dense numeric or fine-grained detail make it unsafe to substitute unsupervised for judgment-bearing information review like auditing a budget, and it cannot gather or synthesize across multiple non-visual sources.",medium,
11,89,0,2.0,"It can compute a feasible assignment when every constraint is handed to it in explicit form, but it has no access to calendars, staffing systems, or stakeholders, does not elicit or update the shifting real-world constraints and preferences that scheduling work actually consists of, and is unreliable on large multi-constraint timetabling without external verification.",medium,
12,86,2,4.0,It generates genuinely new code but only as adaptations within an existing codebase against a pre-specified issue and test oracle; originating novel software architecture or unverifiable design decisions (the level-6 anchor) still fails often enough to require human review.,medium,
10,76,1,5.2,"It can autonomously search, browse, query APIs and read documents to assemble broad multi-source information, but at level-6 depth (e.g., authoritative study of international tax law) it cannot guarantee source completeness, currency, or freedom from fabricated citations, and cannot obtain information from offline, paywalled, proprietary, or human-interview sources without supervision.",medium,
6,93,1,1.0,"The application only answers questions about supplied text and has no actuators or control interface to operate any machine or physical process, so it performs nothing even at level 1.",high,
1,95,1,1.5,"The agent only computes moves within a fixed game formalism; it does not use computer systems as a work tool
cannot enter data into databases, write or configure software, or set up systems, so it barely touches even the level-2 data-entry anchor.",medium,
11,82,1,5.0,"It performs complex calculation, categorization, and verification of derived quantities well, but long multi-step results can contain confident, silent errors and it does not ingest/curate real experimental datasets, so the level-6 'compile data for a complex scientific report' task still requires expert checking.",medium,
10,91,1,1.0,"A purely digital agent has no body or actuators, so it cannot perform any physical activity, not even walking between workstations.",high,
3,90,2,1.0,"A trained vision model only assigns labels to image content; it sets no goals, sequences no tasks, and does no scheduling or prioritization even at the repetitive level-2 anchor.",high,
5,77,1,1.0,"A generative image model produces novel outputs from prompts and performs no observation or review of external materials, events, or environments, so it does not detect or assess problems even at the simplest level.",high,
8,97,2,1.0,"A text translation model has no physical actuators or sensors and cannot service, adjust, or test any mechanical equipment at all, even a door hinge.",high,
8,90,0,1.2,"A translation model only converts supplied text and has no agency over scheduling, goal-setting, or task sequencing, so it performs essentially none of this activity beyond trivially ordering its own output.",high,
1,89,0,1.0,"A board-game agent operates only over fixed game rules and move sequences; it does not ingest calendars, resources, or people's availability and produces no schedules for events or others' work.",high,
1,81,1,2.5,"It evaluates only formally specified game states against a fixed win criterion, so it cannot appraise real-world objects, services, or people whose value depends on context, provenance, or unformalized criteria (as in the level 4 and 6 anchors).",medium,
1,77,0,3.2,"It detects problems (threats, losing lines, blunders) flawlessly but only within a fully-observed, formally specified game state fed to it as clean symbolic input; it cannot sense, instrument, or interpret real materials, events, or environments, so consequential real-world monitoring at level 4+ is out of reach.",medium,
8,91,2,1.0,"A text translation model has no body or actuators and performs no physical activity whatsoever, not even walking between workstations.",high,
4,86,2,2.0,"VQA outputs are descriptions and inferences about an existing image plus at best low-stakes suggestions or idea lists; it does not develop, design, or deliver new artifacts, so it cannot substitute for anyone whose job is producing creative work at the level-4 anchor.",medium,
3,85,2,1.8,"It makes only a single bounded perceptual decision — assigning a label from a fixed taxonomy — and cannot weigh multiple heterogeneous considerations, trade-offs, or consequences the way even a routine level-2/4 selection decision requires.",high,
13,84,2,3.5,"A dialogue system can decompose and reason over information stated in the exchange and handle simple bounded computations, but it cannot ingest, validate, or audit real datasets, and its unverified arithmetic and inferences make consequential quantitative determinations (e.g., financing costs) unsafe to leave unsupervised.",medium,
6,76,1,4.0,"It reliably extracts and combines evidence within a supplied text (blueprint- to budget-review level information gathering), but it cannot seek out or triangulate across multiple sources on its own, and on long, cross-referential, high-stakes corpora like international tax law it silently misattributes or omits provisions and needs verification.",medium,
2,93,0,3.0,"The agent performs closed-loop real-time control only inside the simulated environment it was trained on; it has no physical actuation, no sensing of real machine states (wear, vibration, material feedback), and no robustness to off-distribution conditions, so it cannot be left unsupervised on consequential equipment like a drilling rig (level 4).",medium,
13,88,1,2.5,"A dialogue system can elicit constraints and draft plausible objectives or short-horizon schedules in conversation, but it cannot own long-range strategy: it lacks verified organizational data, authority and accountability, and cannot validate assumptions or secure stakeholder commitment, so multi-year merger or 10-year business planning remains supervised human work.",medium,
6,99,0,2.5,"It can extract and write down facts accurately from a supplied passage (simple transcription-level recording), but it does not create, store, or maintain records in any system, and cannot be trusted for the completeness and accountability required to document an investigation-grade record.",medium,
7,82,2,3.5,"Without external tools it categorizes and compiles textual information well, but unverifiable arithmetic slips and hallucinated data points make unsupervised tabulation, auditing, and rule-driven calculation (level 4 insurance adjustments) unsafe.",medium,
1,78,1,3.0,"Its pattern recognition and position categorization are superhuman but operate only on fully-specified, noise-free formal board states, so it never performs the ambiguous real-world perceptual or diagnostic identification that the level 4+ anchors (judging food acceptability, assessing a virus's drug reaction) require.",medium,
1,97,0,1.0,"A board-game search agent has no physical actuators, sensors, or mechanical domain model and performs no servicing, adjustment, or testing of equipment at any level.",high,
2,88,1,2.2,"The agent optimizes tactics and implicit build-order/macro plans within a single closed game whose objectives are handed to it by a reward function; it cannot set objectives itself or produce a strategy for any real-world, open-ended, multi-stakeholder horizon like the level 4+ anchors.",medium,
1,84,0,3.5,"Its decomposition and evaluation of positions is superhuman and fully reliable, but only for closed, fully-specified formal state spaces — it cannot ingest ambiguous real-world data, select relevant variables, or articulate the underlying principles behind its conclusions as the level 4+ anchors require.",medium,
11,93,2,1.0,"The system produces symbolic reasoning output only and has no actuators or control interface to operate any physical machine or process, so it performs none of this activity even at level 1.",high,
8,82,0,2.0,"A translation model re-encodes and can loosely categorize textual content, but it performs no reliable calculation, tabulation, or auditing of data, so it cannot be trusted even with routine numeric compilation like tabulating delivery costs, let alone claims adjustment.",medium,
9,81,1,1.2,"Transcription maps audio to text and at most emits internal confidence/audio-quality scores; it performs no assessment of the value, importance, or quality of objects, services, or people, so even the level-2 anchor (a substantive remove/keep judgment) is out of scope.",high,
7,96,0,2.5,"It can draft plausible prose documentation and simple textual specifications, but it cannot produce drawings or verified dimensional/code-compliant specs, and its numeric and standards details are unreliable enough that mid-level specification work (e.g., furnishing or lighting a facility to code) still needs an engineer's review.",medium,
11,83,2,3.2,"It can apply explicit rules to well-specified cases and flag clear violations, but it misses subtle flaws in long arguments and has no grounded handle on messy evidentiary records, ambiguous regulatory language, or the consequences of a wrong determination, so it cannot be left unsupervised on level-4 compliance judgments.",medium,
10,96,2,3.0,"It can assemble parts lists, routine spec sheets, and text/code-based documentation, but cannot reliably produce dimensionally correct, code-compliant drawings or layouts — geometric/spatial verification and standards compliance still require an engineer's sign-off before anything is fabricated.",medium,
1,85,0,3.0,"It optimizes decisions only inside a closed, fully specified rule set with a single unambiguous objective, so it cannot handle the ambiguous inputs, unquantified trade-offs and stakeholder judgment that anchors at level 4 and above require.",medium,
2,77,0,3.0,"The agent monitors state superbly but only inside the closed, fully-instrumented simulated environment it was trained on, with no transfer to real materials, instruments, or events and brittle failure under distribution shift, so it cannot be substituted for level-4 diagnostic monitoring of physical systems let alone consequential level-6 monitoring.",medium,
12,79,0,1.5,"The system has no sensors or physical presence and cannot inspect equipment, structures, or materials at all; it only reads text/code, so even the level-1 anchor (physically checking that doors are locked) is outside its reach except by loose analogy to scanning a codebase for defects.",high,
12,95,2,4.2,"It can autonomously produce test-passing patches and small self-contained programs (level ~4 work), but its ~50-70% success rate on real issues, tendency toward superficially passing but semantically wrong fixes, and inability to own multi-system architecture or integration decisions keep it below the level 5-6 anchors and still require code review.",medium,
8,94,2,1.0,"A text translation model has no actuators, sensors, or control loop and does not operate vehicles or equipment at all.",high,
9,83,2,1.0,"The pipeline only converts audio to text; it renders no judgment about whether events or processes conform to laws, regulations or standards, so it does not even perform the level-1 completeness check.",high,
2,91,1,1.0,"A game-playing agent has no body or physical actuators, so it performs no whole-body movement, lifting, climbing, or material handling at all — not even walking between workstations.",high,
4,97,1,1.0,"The system only answers questions about images and has no actuators or physical presence, so it cannot service, adjust, or test any mechanical equipment even at the simplest level.",high,
8,77,1,1.2,"A translation model only maps text between languages; it has no sensory input, no ongoing state to observe, and no capacity to monitor materials, events, or an environment for developing problems, at most incidentally flagging ambiguity or garbled source text.",high,
2,93,1,2.4,"The agent performs reliable closed-loop real-time control only inside the simulated environment it was trained on; it drives no physical actuator and cannot handle sensor noise, wear, material variation, or the safety consequences that define drilling-rig or milling-machine level operation.",medium,
6,94,0,1.0,"A text-reading question-answering model has no actuators, sensors, or control loop and performs no vehicle or equipment operation at all, even at level 1.",high,
2,82,2,2.5,"The agent computes and categorizes game state internally at high speed, but produces no auditable, externally usable compilations, calculations, or verified records, so it cannot substitute for a human doing structured data-processing tasks beyond simple implicit tallying within its trained game.",medium,
1,82,1,2.5,"Its calculation, tabulation and verification are flawless but confined to legal positions in a fixed, formally specified game; it cannot ingest, categorize, or audit heterogeneous real-world data such as claims or scientific measurements.",medium,
11,98,0,1.0,"The system is a text-based reasoning engine with no sensors, actuators, or physical interaction, so it cannot perform even the level-1 act of adjusting a knob on a device.",high,
7,81,2,3.0,"With no perception of the actual object and no access to market data or records, a bare language model can render defensible routine judgments from described or textual inputs (e.g., rating writing quality, flagging an obviously unsound item) but cannot be trusted unsupervised for consequential valuations like a fire-loss appraisal, where it fabricates plausible but ungrounded figures.",medium,
9,88,1,1.0,"A speech-to-text pipeline only converts audio to text and performs no goal-setting, planning, or strategy formulation at any level.",high,
11,85,1,3.5,"It reliably analyzes and solves well-posed formal problems and selects among candidate methods, but the anchors above ~4 describe consequential, open-ended decisions under ambiguous real-world constraints and stakeholder trade-offs, where the system's derivations still require expert verification and it cannot be handed ownership of the choice.",medium,
7,95,1,3.5,"It can draft correct-looking code and structured data, but with no execution, testing, or system access it cannot verify or deploy anything, so anything at or above the level-4 'write working inventory software' anchor requires a human to run, debug, and integrate it.",medium,
1,77,2,2.5,"Its 'monitoring' is confined to a fully observable, noiselessly supplied symbolic board state where it reliably detects threats and losing lines, but it senses no real materials, instruments, or events and so cannot perform diagnostic monitoring of physical processes (level 4) or safety-critical status tracking (level 6).",high,
6,82,2,3.5,"It can locate, categorize and summarize facts within a supplied passage reliably, but multi-step calculation, cross-document compilation, and auditing/verification against external ground truth (as in insurance adjustment or a complex scientific report) exceed a single-passage QA system and its unverified errors would need human checking.",medium,
1,79,2,1.0,"A board-game search agent has no sensors or physical-world model and performs no inspection of equipment, structures, or materials even at the lowest anchor (checking that doors are locked).",high,
4,99,1,2.5,"It can read off and report simple visible facts from an image (gauge values, labels, counts) but only emits answers rather than maintaining records, and residual hallucination on fine detail makes it unfit for consequential, complete documentation like a crime-scene record.",medium,
4,99,0,2.3,"It can read and report simple visual facts that a clerk would log (e.g., a gauge, plate, or form field), but it has no persistent store or record-keeping function and its occasional confident misreads make it unfit for the completeness, accuracy, and accountability demanded by level-4 documentation such as an investigative report.",medium,
12,94,1,1.0,"The application writes code patches and has no physical actuation or vehicle control capability whatsoever, so it does not perform this activity even at level 1.",high,
10,99,1,4.5,"It can reliably transcribe, enter, and compile structured records from digital inputs, but over long horizons it makes silent errors (hallucinated or dropped fields, mis-keyed updates) that require human reconciliation before records become authoritative, as level 6 maintenance of a consequential system of record demands.",medium,
12,76,0,4.5,"It reliably harvests information available in text it can reach tests, logs, issue threads, repo search but cannot pursue information outside the digital artifact unarticulated requirements, stakeholder intent, undocumented system behavior and its retrieval degrades on large, ambiguous, cross-system contexts where knowing what to look for is the hard part.",medium,
9,77,0,2.5,"It continuously monitors an audio stream and reliably detects and renders speech events in reasonable conditions, but it only converts sound to text econdition to be assessed  it does not interpret content to diagnose problems, and word-error degradation under heavy overlap, accent and noise means any problem-flagging built on it still needs human review.",medium,
3,99,0,2.3,"It can auto-generate simple, structured categorical entries from images (counts, object/class logs, plate or defect records) but cannot compose contextual narrative documentation or maintain/curate a record system as level 4+ anchors require.",medium,
2,90,0,4.0,"It reliably sequences and re-prioritizes its own actions in a fast-changing environment (build orders, resource vs. combat trade-offs), but its goals are fixed by the training reward inside one closed game, so it cannot set or revise objectives across a long horizon or transfer planning to novel, open-ended work.",medium,
11,89,2,3.0,"It can solve a fully formalized scheduling constraint problem handed to it, but has no access to real calendars, availability, staff preferences, or labor rules, and cannot gather requirements or coordinate people, so it cannot own a real roster or conference program.",medium,
8,88,1,1.0,"A translation model only renders existing text between languages; it originates no goals, plans, or strategies of its own, so it does not perform this activity even at the level of scheduling holidays for a workforce.",high,
9,82,0,2.0,"The pipeline only converts audio into text tokens; it performs no arithmetic, cross-checking, auditing, or judgment-based categorization, so it cannot handle the adjustment-calculation work at level 4 or the multi-source compilation at level 6.",medium,
3,84,1,2.0,"It performs perceptual categorization — extracting simple facts (what object is present) from a single image — but cannot decompose information into constituent parts, reason about underlying causes, or integrate multiple data sources as level 4+ analytic tasks require.",high,
13,79,0,1.0,"A conversational system has no sensory or physical access to equipment, structures, or materials; it can only discuss defects that a human describes to it, so it cannot perform even the level-1 anchor of physically verifying that doors are locked.",high,
2,94,1,2.2,"The agent only maneuvers simulated vehicles inside game engines with privileged, noise-free state and no physical consequences; it has no embodiment, real-world sensing, or safety assurance to be handed an actual car, truck, or aircraft.",medium,
6,94,1,1.0,"A text-reading question-answering system has no actuators, sensors, or control loop, so it cannot operate any vehicle or equipment even at the lowest anchor level.",high,
2,85,0,3.0,"It makes rapid, high-quality choices only inside a closed simulated world with an explicit reward signal and immediate feedback, so it cannot handle the ambiguous, multi-stakeholder, consequential trade-offs of level-4+ decisions.",medium,
10,94,1,1.0,"The application acts only in digital environments and has no physical actuation or vehicle control, so it does not operate vehicles or mechanized equipment at even the level-2 anchor.",high,
5,81,2,1.5,"A generative image model outputs pictures rather than assessments; any quality judgment it makes is internal plausibility/aesthetic filtering of its own candidates, not a communicable appraisal of the value or importance of external objects, services, or people, so it barely reaches even the level-2 anchor of deciding whether a damaged tree should be removed.",medium,
9,78,1,3.0,"It reliably categorizes acoustic patterns into words and speakers, but performs no substantive judgment about the things it hears (only their sound-form), and its accuracy still degrades materially under heavy accent, overlap and noise, so it cannot be trusted for graded acceptability calls like the level-4 anchor.",medium,
3,89,1,1.0,"An image classifier assigns labels to visual content and has no mechanism for allocating time, people, or events, so it performs no part of scheduling even at the level of booking appointments on a fixed template.",high,
8,87,1,2.0,"A trained translation model's weights are frozen: it applies terminology and idiom learned at training time and can absorb a glossary or context within a single document, but it has no mechanism to track evolving terminology, standards or domain developments over time, so it cannot be substituted for a human who must stay current.",medium,
1,91,1,1.0,"A game-playing search agent has no body or actuators and performs no physical activity whatsoever, not even walking between workstations.",high,
7,85,0,3.2,"Without tools it can reason fluently and settle low-stakes, self-contained choices (menus, routine triage) but cannot verify facts or do the quantitative/market analysis a level-4 siting decision needs, and hallucination risk means consequential decisions still require human sign-off.",medium,
8,84,1,2.0,"A translation model only analyzes source text to resolve ambiguity and structure for rendering; it does not decompose data or information to derive underlying principles, quantities, or causes, so it cannot perform anything like level-4 computational or evidentiary analysis.",medium,
10,92,1,1.0,"The application operates only in digital environments and has no hands, arms, or physical actuators, so it cannot handle, position, or move any material object at even the level-2 anchor.",high,
13,86,2,4.0,"It reliably generates and adapts ideas, framings and drafts within a dialogue, but its novelty is recombinative and inconsistently on-target, so a coherent original system or product (level 6) still requires human selection and validation.",medium,
4,97,2,1.0,"Visual question answering only produces text about images; it has no actuators or manipulation capability, so it cannot service, adjust, or test any mechanical part even at the level-2 door-hinge anchor.",high,
13,99,0,3.3,"It reliably captures and structures the content of a dialogue into routine notes, logs, or transcripts, but ASR errors and paraphrase/hallucination drift mean any record with evidentiary, clinical, or legal weight (level-4 anchor) still requires human verification before it can stand as the record.",medium,
6,83,2,2.5,"It can locate and cross-reference explicit criteria within a supplied text (completeness checks, simple clause matching) but cannot be trusted unsupervised for the ambiguity resolution, external fact-gathering, and consequential judgment that a complicated claim or regulatory determination requires.",medium,
8,83,0,1.5,"A translation model only maps text between languages; it has no mechanism for holding an event or document up against an external body of rules, so beyond trivially surfacing missing or garbled content in a rendered text it performs no compliance judgment.",high,
9,84,0,1.2,"The pipeline converts audio to text and does no decomposition of content into underlying principles, reasons or facts; any 'analysis' is internal signal-to-phoneme decoding, not analysis of the information's substance, so it cannot even reliably perform a level-1 task like tracing a lost order.",high,
6,86,2,1.5,"The system only locates and recombines evidence already present in a supplied passage, so it originates no new design, product, or idea beyond novel phrasing of extracted content — well short of the level-4 adaptation anchor.",high,
5,77,2,1.5,"A text-to-image generator synthesises outputs rather than ingesting and reviewing streams of information about materials, events, or surroundings, so it cannot detect or assess problems even at the 'is the bread done' level except incidentally through conditioning on a reference image.",high,
11,87,1,4.5,"It applies a vast body of already-internalized formal knowledge fluently, and can absorb a supplied new paper or method in context, but it does not autonomously track a changing literature (fixed training cutoff, unreliable currency and citation accuracy), so the 'keeping up-to-date on a rapidly changing technical field' half of level 6 is not performed unsupervised.",medium,
9,79,1,1.0,"A speech-to-text pipeline has no capacity to examine equipment, structures, or materials for defects; it only converts spoken audio to text and performs none of this activity even at the simplest anchor.",high,
9,83,0,1.0,A transcription pipeline outputs text and makes no compliance judgment at all — it cannot even check a form against a completeness standard.,high,
9,92,2,1.0,"A speech-to-text pipeline has no hands, arms, or actuators and performs no physical handling or movement of objects at all.",high,
1,98,0,1.0,"A game-playing search agent has no sensors, actuators, or domain model for physical electronic equipment, so it performs none of this activity even at the level of turning an adjustment knob.",high,
2,76,2,3.0,"It reliably extracts and integrates information from a single fixed, synthetic perceptual channel (game pixels/state, including active scouting of hidden state), but cannot obtain or interpret information from heterogeneous real-world sources such as documents, records, or people as level 4+ anchors require.",medium,
10,81,0,3.0,"It can gather comparables, run automated tests, and apply explicit criteria to score options or artifacts, but consequential valuations with incomplete or unverifiable evidence (the level-4 fire-loss appraisal) require accountable judgment it cannot be trusted to render unsupervised given hallucinated facts and unstable sourcing.",medium,
8,84,2,2.0,"A translation model only decomposes source text to recover meaning; it produces target-language renderings rather than findings, and cannot perform quantitative or evidentiary analysis like costing a loan or aggregating national data.",medium,
5,92,1,1.0,"An image generation model has no physical actuators and performs no handling or moving of objects at all, even at level 1.",high,
1,88,0,1.8,"The agent optimizes toward a single exogenously fixed objective (win the game) inside a fully specified rule set, so it never establishes objectives or handles the ambiguous constraints, stakeholders, and resource trade-offs implied even by the level-2 workforce-scheduling anchor.",medium,
12,78,0,4.3,"It reliably categorizes and localizes code, diffs versions, and classifies common failure modes, but diagnosing novel or subtly-manifesting root causes across large unfamiliar systems (the level-6 kind of inferential identification) still fails often enough that a human must verify the diagnosis.",medium,
6,79,0,1.0,"The application only reads supplied text; it has no perceptual or physical access to equipment, structures, or materials, so it cannot perform even the level-1 anchor of checking that doors are locked.",high,
9,95,1,2.5,"It performs only the data-entry/transcription end of computer work — converting audio to text records — and cannot configure functions, write software, or design systems, and its residual error rate on noisy, overlapping or accented speech still requires human review for consequential records.",medium,
12,93,1,1.0,"The activity explicitly excludes computers and requires physical or control-mechanism operation of machines, which a code-patching AI never does.",high,
6,80,1,2.4,"It can only pull or combine quantities already evidenced in the supplied passage, so it cannot build the domain models, empirical measurements, or accountable judgment that level-4+ estimates (e.g., evacuation timelines, resource reserves) require.",medium,
7,94,2,1.0,"A text-only model without tools or actuators cannot physically operate or navigate any vehicle or equipment, so it performs none of this activity even at level 1.",high,
8,95,1,2.6,"It performs automated text/information processing comparable to routine data-entry-level computer work, but cannot write software, configure functions, or set up systems as required at level 4 and above.",medium,
10,77,2,3.5,"It can run scripted diagnostics and flag obvious anomalies in well-instrumented digital streams (logs, tests, dashboards), but it has no access to physical materials or environments and misses novel or silent failures over long horizons, so it cannot be trusted unsupervised with consequential continuous monitoring.",medium,
13,88,0,2.5,"A dialogue system can elicit goals and draft coherent short-horizon plans and action lists, but it has no grounded access to organizational data, resources, or constraints and cannot be held accountable for multi-year commitments, so anything approaching merger-integration or 10-year business planning requires human ownership and verification.",medium,
7,96,1,3.0,"Without tools it can draft plausible prose specifications and assembly/use instructions, but it cannot produce or verify drawings, dimensioned layouts, real part numbers, or code-compliant engineering detail, so anything at or above the level-4 'furnishings for a new school' spec requires human verification.",medium,
4,78,2,3.4,"It reliably names and compares salient objects and scene changes in ordinary images, but hallucination and weak fine-grained discrimination (counts, small defects, subtle shade/condition differences) make it untrustworthy unsupervised for consequential graded judgments like the level-4 food-acceptability anchor.",medium,
8,79,1,1.0,"A text translation model has no perceptual or physical access to equipment, structures, or materials, so it cannot perform even the simplest inspection check.",high,
1,78,2,3.4,"It categorizes and discriminates only within fully specified, noise-free symbolic game states, so it cannot perform the perceptual judgment against variable real-world standards implied at level 4 or the novel-inference identification at level 6.",medium,
8,89,0,1.0,"A translation model only converts text between languages; it has no capacity to allocate time slots, resources, or people's work, so it performs none of the scheduling activity even at the level-2 anchor.",high,
3,82,1,3.0,"It performs routine coding/categorization of visual inputs into a fixed taxonomy at scale, but cannot apply rule sets, calculate, audit, or reconcile data against external criteria as level-4 work requires, and its edge-case errors need human verification.",medium,
7,85,2,3.5,"Without tools it cannot gather or verify the real-world data a level-4+ decision rests on, and its plausible-sounding but occasionally hallucinated reasoning must be checked before any consequential choice is acted on.",medium,
12,82,1,4.5,"It reliably parses, categorizes and verifies code-level data against the project's own tests, but its auditing is only as good as the tests it runs eves \u2014 it accepts passing-but-wrong patches and cannot be trusted unsupervised for the open-ended compilation and cross-source verification implied by level 6.",medium,
3,87,0,1.0,"A trained vision model has frozen weights and no mechanism for acquiring, tracking, or applying new knowledge over time; any updating is done by the humans who retrain it, so it performs none of this activity even at level 1.",high,
3,79,1,3.0,"It can flag visible anomalies and surface defects in constrained, well-framed views, but cannot access non-visual cues, disassemble or probe equipment, or reason from a detected anomaly to the underlying cause, which is what level 4+ inspection requires.",medium,
5,89,2,1.0,"A text-to-image generative model produces pixels, not schedules; it cannot track availability, constraints, or others' work assignments, so it does not perform scheduling even at the level-2 appointment-booking anchor.",high,
4,98,1,1.0,"The activity is inherently physical — even the level-1 anchor requires manipulating a control — and a visual question answering model produces only text answers about images, with no actuation, test-instrument interface, or ability to service hardware.",high,
11,81,2,3.0,"It can reliably judge the correctness/quality of well-specified formal artifacts like routine proofs and solutions, but it cannot appraise physical objects, services, or people, and its assessments of novel research-level work are unreliable enough to require expert review.",medium,
8,93,2,1.0,"A text translation model has no actuators or control interface and performs no physical machine operation at all, not even level-1 tasks.",high,
2,87,2,2.3,"The agent acquires its competence in a fixed training run and is frozen thereafter: it can absorb in-episode regularities like an opponent's tendencies (roughly the level-2 anchor of tracking a small set of changing facts), but any game patch, rule change, or new mechanic requires human-directed retraining rather than autonomous updating of knowledge.",medium,
11,90,2,3.0,"It can decompose a single derivation into ordered sub-steps and choose a solution strategy within one session, but it has no persistent workload, deadlines, or competing tasks to prioritize, so it cannot plan and reorganize changing activities over days or months.",medium,
7,84,1,3.5,"Without tools it can decompose and interpret information supplied in the prompt, but it cannot access or compute over actual datasets and its unverified arithmetic and occasional fabricated facts make level-4-style quantitative determinations (e.g., financing cost) unreliable unsupervised.",medium,
5,86,2,4.2,"It reliably produces novel, stylistically coherent single images on demand, but cannot self-evaluate against a brief or sustain a multi-part, constraint-heavy design system (consistent characters, exact text, precise spatial/compositional specs), so higher-level creative work still needs human selection and iteration.",medium,
13,90,0,3.0,"It can sequence and reprioritize steps within a single dialogue and draft plans on request, but has no persistent ownership of its own workload across sessions and cannot be trusted to track, adapt, and execute changing multi-task commitments unsupervised.",medium,
3,84,0,2.2,"The model only decomposes a single image into labelled parts (a perceptual classification step); it performs no causal reasoning, multi-source integration, or quantitative inference needed even for level-4 analysis, and its labels carry no calibrated confidence for unsupervised decisions.",high,
1,94,1,1.0,"A board-game agent has no actuators, sensors, or physical control loop; it does not operate vehicles or equipment at all.",high,
13,99,2,3.3,"It can reliably capture and structure what was said into logs, summaries, and form fields, but for records of consequence (clinical notes, incident/investigative documentation) transcription errors, omissions, and confabulated detail require human verification and sign-off, and it cannot itself verify facts against the world or maintain an authoritative record system.",medium,
13,80,0,2.2,"A dialogue system can elicit and restate figures and offer rough verbal estimates, but it has no perception or measurement of the physical world, no reliable arithmetic or data grounding, so anything beyond simple estimates from what it was just told (level ~2) is unverified guesswork.",medium,
11,88,2,1.7,"The system derives answers to formalized problems but does not set organizational objectives or elicit the stakeholder, resource, and institutional context that even the level-2 scheduling anchor requires, so it contributes only the optimization step once a human has framed it.",medium,
5,97,0,1.0,"An image generator has no physical actuators and cannot service, adjust, or test any mechanical device; it only produces pictures.",high,
5,79,1,1.0,"A generative model synthesises images from prompts; it performs no perception or diagnosis of real equipment, structures, or materials, so it does not carry out the inspection activity even at the simplest anchor.",high,
3,86,2,1.0,"A trained classifier only assigns labels to existing visual content; it originates no new designs, ideas, or products, so it performs nothing on the creative-development scale even at the trivial level-1 anchor.",high,
13,76,0,4.0,"It reliably elicits and tracks information supplied in dialogue and can absorb moderately complex material handed to it, but it cannot be trusted to independently seek out, verify, and synthesize authoritative multi-source bodies of information (hallucinated or unverified content, no source access guarantees) as level 5-6 work requires.",medium,
8,92,2,1.0,"A text translation model has no physical actuators and cannot handle, position, or move any objects at all, even at level 1.",high,
9,94,0,1.0,"A speech-to-text pipeline has no actuators, sensors, or control loop for maneuvering any vehicle or equipment; at most it relays voice commands, which is not operating the vehicle.",high,
7,88,1,3.0,"It can draft coherent objective/strategy documents and simple bounded plans, but without access to real organizational data, constraint verification, or accountability it cannot be trusted unsupervised with consequential multi-year plans like a merger integration (level 4+), where a plausible-sounding but wrong assumption is costly.",medium,
5,92,0,1.0,"An image-generation model has no physical actuators and cannot handle, position, or move any material object at all.",high,
6,76,0,4.2,"It reliably locates and combines evidence within a supplied text (roughly budget-review difficulty), but it cannot seek out or triangulate multiple/non-textual sources, and on long, dense technical corpora like tax law it silently misses or fabricates supporting evidence often enough to require human verification.",medium,
3,96,1,1.0,"The system only assigns category labels to objects in images; it produces no drawings, specifications, or fabrication/assembly documentation at all, so it does not perform even the level-2 anchor of specifying lighting for a work area.",high,
2,91,0,1.0,"The agent acts only within a simulated game environment via software inputs and has no body or actuators, so it performs no physical activity at all, not even walking between workstations.",high,
13,98,2,1.0,"A conversational system has no physical actuators or test instrumentation, so it cannot service, adjust, or test any equipment itself — even the level-1 act of turning a knob — it can only talk about repairs.",high,
6,91,1,1.0,"A text-based reading comprehension model has no body or actuators, so it performs no physical activity at all, not even walking between workstations.",high,
3,94,2,1.0,"A still-image labeling model produces categories, not control actions; it has no actuation, no closed-loop navigation, and cannot maneuver any vehicle even at the 'drive a car' anchor.",high,
3,95,2,2.2,"The trained vision model only converts images into structured labels/records "" a routine information-entry and processing task "" and cannot program, write software, configure functions, or set up computer systems as levels 4""6 require.",medium,
13,93,1,1.0,"A conversational system has no actuators or control interfaces; it can talk about operating a machine but cannot physically or electronically operate one, so it performs none of this activity even at the cash-register level.",high,
3,96,2,1.0,"The model only outputs category labels for objects in images; it produces no documentation, drawings, or specifications of how anything is to be fabricated, assembled, or used, so it does not perform the activity even at the level-2 anchor.",high,
1,94,2,1.0,"A board-game agent has no sensors, actuators, or continuous-control capability, so it does nothing toward physically operating vehicles or equipment even at level 1.",high,
4,92,0,1.0,"A visual question answering model produces text answers only and has no hands, arms, or actuators, so it cannot physically handle, position, or move any object even at the simplest level.",high,
7,76,1,3.5,"Without tools it cannot observe or retrieve external sources, so it is limited to interpreting information already placed in its context, and its parametric recall of authoritative material (e.g., current tax law) is unverifiable and prone to confabulation.",medium,
9,87,0,1.5,"A trained ASR pipeline is essentially static at inference: it can absorb refreshed vocabulary or hotword lists when retrained or configured by humans, but it does not itself track, learn, or apply new domain knowledge, so it barely reaches the level-2 anchor of keeping up with simple price changes.",medium,
13,77,0,2.4,"It can only monitor the dialogue stream itself \, flagging user distress, inconsistencies, or reported symptoms, and has no sensory or instrumented access to materials, equipment, or the physical environment needed for level-4-style testing or level-6 patient status monitoring.",medium,
11,94,0,1.0,"The application is a text-based reasoning system with no actuators, sensors, or vehicle control interface, so it performs no part of operating vehicles or equipment even at level 1.",high,
2,78,0,3.4,"Within its trained game environment the agent recognizes units, patterns, and state changes reliably and faster than humans, but its categorization is tied to the training distribution and cannot generalize to novel categories or judgments against qualitative external standards as level 4+ anchors require.",medium,
11,77,1,3.0,"It can review supplied text/numerical material and flag inconsistencies or errors in derivations, but it has no sensory access to physical processes, materials, or real-time environments, and cannot be trusted unsupervised for consequential monitoring like the level 4-6 anchors.",medium,
12,86,0,4.0,"It can synthesize working code and adapt existing designs to a stated issue, but novel system/architecture creation (the level-6 anchor) is beyond what it does reliably unsupervised — its patches succeed only on a fraction of non-trivial real tasks and require review before merge.",medium,
12,90,2,3.5,"It sequences and re-plans steps within a single well-scoped issue (locate, patch, test, retry), but owns no cross-task prioritization, no multi-day/multi-month horizon, and its planning degrades on ambiguous or large-scope work where humans must set the goals and decide what to do first.",medium,
9,94,2,1.0,"A speech-to-text pipeline has no actuation, perception of the physical environment, or vehicle control capability, so it performs none of this activity even at level 1.",high,
4,94,1,1.0,"A visual question answering model only produces text answers about images; it has no control output, actuation, or real-time closed-loop capability, so it cannot operate a vehicle or equipment even at the 'drive a car' level.",high,
12,90,1,3.5,"It plans and re-plans its own steps within a single, externally-assigned issue (locate, patch, test, retry), but does not set goals, prioritize across a queue of competing tasks, or plan beyond one short-horizon work item, and its self-directed plans degrade on larger multi-part changes.",medium,
8,81,2,1.5,"A translation model only implicitly ranks candidate renderings of text; it performs no assessment of the value, importance, or quality of external objects, services, or people, so it barely registers even at the level-2 anchor.",high,
10,82,2,5.0,"It can tabulate, code, categorize and compute at scale via scripts and tools, but on level-6 work (compiling data for a complex scientific report) it still makes silent provenance, unit and aggregation errors that it cannot detect itself, so its output must be audited before use.",medium,
5,97,2,1.0,"An image generator performs no physical servicing, adjustment, or testing of mechanical equipment; it cannot touch or manipulate machines at all, so it does nothing for this activity even at level 1.",high,
5,90,0,1.0,"A text-to-image generative model produces single artifacts on demand; it sets no goals, maintains no task queue, and does nothing to schedule, prioritize or sequence work over time, so it does not perform the activity even at level 1.",high,
3,80,2,2.0,"Detection and counting of labelled objects supports simple visual magnitude estimates (e.g. object extent/quantity in an image), but the model has no scale reference, cost/resource model, or multi-factor reasoning needed for level 3+ planning estimates.",medium,
10,81,2,3.3,"It can gather evidence, apply rubrics, and rank options or estimate values from digital data, but consequential valuations like level-4 loss appraisals require physical inspection, accountable professional judgment, and freedom from fabricated comparables that the agent cannot guarantee unsupervised.",medium,
5,76,0,2.2,"It only ingests the prompt and reference images handed to it eextextracting stated specifications like a blueprint reader, and cannot seek out, cross-check, or reconcile information from multiple external sources as required at level 4 and above.",medium,
13,89,1,2.5,"Conversational agents reliably take and confirm appointments against a fixed schedule and can negotiate simple time slots, but they cannot be trusted unsupervised to build multi-person schedules that must satisfy availability, labor rules, coverage and cost constraints, which is what level 4 and above require.",medium,
8,80,2,1.3,"A translation model only carries over quantities already stated in the source text (at most converting units or number formats); it performs no independent estimation of sizes, times, costs, or resources, so it does not even reliably meet the level-2 anchor of sizing objects for crating.",high,
6,81,0,2.3,"It can only evaluate quality or value when the criteria and evidence are contained in the supplied text (e.g., applying stated removal criteria to a tree inspection report); it cannot appraise real objects, gather external comparables, or bear responsibility for consequential valuations like level-4 loss estimates.",medium,
10,97,0,1.0,"The activity requires physically handling tools and machine parts, which a purely digital agent with no robotic embodiment cannot do at all, even at the level-2 door-hinge anchor.",high,
2,83,1,1.5,"A game agent only enforces hard-coded action legality inside its own simulator (an implicit rote completeness check); it cannot read, interpret, or apply external written rules, policies, or standards to novel real-world cases, and produces no auditable justification for a compliance determination.",high,
4,77,1,2.5,"It can answer single-image state questions (e.g., does this loaf look done, what does this gauge read) but has no temporal tracking, no continuous surveillance, and error rates on fine detail that rule out unsupervised diagnostic monitoring like circuit testing or patient status.",medium,
4,79,1,2.2,"It can answer questions about a supplied image (door closed, obvious crack, corrosion, missing part) but has no physical access, cannot probe, test, or read instruments in situ, and its judgments on subtle or safety-critical defects are unreliable and prone to hallucination, so it cannot be trusted to diagnose causes of equipment faults unsupervised.",medium,
4,89,1,1.3,"The system only answers questions about image content for example reading an existing roster or calendar photof and has no mechanism for allocating people, time slots, or resources, so it cannot even produce a level-2 appointment booking against a predetermined schedule.",high,
6,83,1,3.0,"It can match facts in a supplied document against explicitly stated rules (completeness checks, clear-cut clause matching), but complicated compliance calls at level 4+ require discretionary judgment, unstated background norms, and cross-document/precedent reasoning it cannot be trusted with unsupervised when a wrong determination denies a claim or a right.",medium,
10,92,0,1.0,"The application operates only in digital environments and has no hands, arms, or physical actuators, so it cannot handle or move physical objects at all, even at the level-2 anchor of adjusting settings on a copy machine.",high,
2,81,1,2.5,"Its 'judging' is an implicit learned value function over game-state entities (which target, item, or position is worth more) within a single trained environment; it cannot appraise real objects, services, or people, justify a valuation, or generalize to novel items, so it stops well short of level-4 appraisal work.",medium,
8,80,0,1.0,"A translation model only re-renders text between languages; it performs no estimation of sizes, quantities, times, costs, or resources, not even the level-2 anchor task.",high,
8,89,2,1.0,"A translation model only converts text between languages; it does not allocate time, resources, or people, so it performs no scheduling even at the level-2 anchor of booking appointments against a fixed template.",high,
5,84,0,1.2,"A text-to-image generator only parses a prompt into visual constituents to render them; it does not break down data or information to identify underlying principles, reasons, or facts, and produces no analytic finding an employer could act on.",high,
9,87,2,1.4,"A trained acoustic/language model pipeline is a static artifact that transcribes audio; it does not itself track changes in a domain or apply newly acquired knowledge, beyond at most incorporating vocabulary supplied to it at retraining time.",high,
1,87,2,2.5,"Its knowledge acquisition happens only offline through self-play retraining inside a fixed, formally specified rule set; the deployed agent cannot monitor, interpret, or incorporate external technical developments, so it cannot substitute for a human keeping current in an evolving domain.",medium,
12,87,2,3.5,"It can absorb and apply project-specific conventions and documentation supplied in its context window, but its knowledge is frozen at training cutoff and it does not autonomously track evolving frameworks, APIs, or deprecations — it often confidently uses stale patterns, which rules out the level-6 'complex and rapidly changing technology' anchor and makes sustained self-directed currency (level 4+) unreliable.",medium,
7,99,1,3.2,"Without tools it cannot enter, store, or maintain records in any actual system or over time; it can only compose written records from text it is handed, and its fidelity risk (omissions, invented details) makes it unsuitable for consequential documentation like an investigation report at level 4.",medium,
3,88,2,1.0,"A trained vision model only assigns labels to image content; it performs no goal-setting, planning, or strategy formulation at all, not even a level-1 scheduling task.",high,
3,81,1,2.2,"It can grade visible condition (defect, damage, ripeness) in narrow trained domains, but assessing value or importance requires non-visual context — provenance, market data, cost, use — that a label-assigning vision model never sees.",medium,
7,90,0,3.0,"Without memory, tools, or the ability to execute or monitor anything, it can only draft plausible schedules and priority lists from information handed to it in one context; it cannot track a changing workload or hold responsibility for multi-month commitments.",medium,
10,88,1,3.0,"It can decompose a given goal into ordered multi-step plans and produce credible strategy drafts, but long-range organizational objective-setting (merger integration, 10-year plans) depends on tacit stakeholder context, accountability for irreversible commitments, and error-recovery horizons far beyond where agentic runs stay reliable without human review.",medium,
9,93,2,1.0,"The system only converts audio into text and has no actuators, control loops, or process feedback, so it performs no machine operation even at the cash-register level.",high,
2,81,0,2.5,"Its value judgments are implicit state/unit/item evaluations inside a closed simulated world with a defined reward signal, so it cannot appraise real objects, services, or people whose worth depends on external knowledge and context (level 4+).",medium,
13,77,2,2.5,"It can only monitor the verbal/textual stream itself (flagging user distress, inconsistencies, or reported anomalies) and has no sensor or instrument access to physical materials or surroundings, and its detection of consequential states such as medical or safety risk is not reliable enough to be left unsupervised.",medium,
12,90,0,3.5,"It plans and re-plans its own steps within a single issue (locate, patch, test, iterate), but the work unit is handed to it pre-scoped — it does not prioritize across a backlog or plan multi-task work weeks-to-months ahead, and its self-directed plans degrade on long-horizon, multi-component tasks without human checkpointing.",medium,
11,80,0,3.5,"It can execute the formal/arithmetic core of estimation and produce competent Fermi-style order-of-magnitude derivations, but it cannot ground or validate the empirical assumptions that consequential estimates (evacuation times, resource inventories) depend on, so its numbers need expert vetting before use.",medium,
11,80,1,3.5,"It executes the arithmetic and decomposition of estimation flawlessly, but its input parameters come from recall rather than grounded measurement or survey data, so consequential estimates like evacuation timing or resource reserves need human validation of assumptions before use.",medium,
6,96,1,1.5,"It can only extract and restate specification details already present in a supplied passage; it produces no drawings, layouts, or independently derived specifications, so even a level-2 task like specifying work-area lighting is only met when the answer is already written in the text.",medium,
9,95,0,2.2,"It performs only the data-entry end of computer work ""turning audio into text fields"" and cannot program, configure software functions, or design/set up systems as levels 4 and 6 require.",high,
3,94,1,1.0,"The system only assigns labels to objects in still images; it issues no control actions and cannot maneuver or navigate any vehicle, so it does not perform the activity even at level 1.",high,
3,95,0,2.5,"It automates high-volume data entry/classification of visual content into systems (around the level-2 anchor) but cannot program, configure functions, or design and set up software or systems as level 4+ requires.",medium,
1,88,2,1.8,"The agent only pursues a single pre-given objective (win the game) inside a closed, fully specified rule system; it cannot establish objectives or plan against ambiguous real-world constraints, stakeholders, and unmodeled contingencies as even the level-2 scheduling anchor requires.",medium,
5,88,0,1.0,"The model only synthesises pixels from a prompt; it does not set organizational objectives or specify multi-step strategies to achieve them, so it performs nothing of this activity even at the level-2 anchor (planning a workforce holiday schedule) beyond illustrating a plan someone else devised.",high,
3,99,1,2.5,"It can automatically capture and log simple structured observations from images (counts, labels, plate/meter readings) but cannot compose, verify, or maintain a judgment-laden, defensible record such as a crime-scene write-up, and its label errors go unnoticed without human review.",medium,
9,76,2,3.0,"It faithfully captures spoken information as text but performs no selection among sources, interpretation, or evaluative review of content, and word-error rates rise sharply with heavy accent, noise, and crosstalk, so evaluative levels like reviewing a budget are out of reach.",medium,
7,78,1,3.0,"It can categorize, compare and detect described changes within text it is given, but has no perceptual access to objects, samples, or events, so anchors from level 2 upward that require inspecting or testing real things (transmissions, food products, viral response) are out of reach.",medium,
12,94,0,1.0,"The system only reads and writes code; it never physically runs, maneuvers, or navigates any vehicle or mechanized equipment, so it does nothing for this activity even at level 1.",high,
9,87,1,1.2,"A trained ASR pipeline is essentially static: it maps audio to text and does not itself track, acquire, or apply new technical knowledge, beyond passive absorption of updated vocabulary when humans retrain it.",high,
2,84,1,3.0,"The agent's 'analysis' is implicit policy/value computation inside its trained game environment: it decomposes a scene and infers hidden state well, but it cannot take arbitrary external data, isolate causes, or produce an auditable analytic result as level-4 anchors require.",medium,
5,84,2,1.3,A generative image model synthesises pixels from a prompt rather than decomposing data to identify underlying facts or principles; it can at best render an already-analyzed pattern (e.g. a chart-like image) and cannot be trusted even for a level-1 lookup like locating a lost order.,high,
1,81,0,2.5,"Its evaluation is superhumanly reliable but only over fully specified, closed-world board states; it cannot appraise real-world objects, services, or people where criteria are implicit, information is incomplete, and value is not defined by fixed rules.",medium,
9,96,1,1.0,"A speech-to-text pipeline only converts audio to text and performs no design, layout, or specification of devices or parts, so it does not perform the activity even at level 1.",high,
10,76,0,5.0,"It reliably retrieves and consolidates information from documents, APIs, and the web, but cannot guarantee completeness or source authority for high-stakes exhaustive research (e.g., international tax law), where missed or misread sources go undetected without expert review.",medium,
9,89,0,1.0,"A speech-to-text pipeline only converts audio to text and performs no scheduling decisions, not even booking an appointment against a fixed schedule.",high,
13,83,2,3.2,"It can elicit facts in dialogue and check them against explicit, well-specified rules (completeness, eligibility screening, simple policy conditions), but complicated determinations like a contested insurance claim require verified evidence, weighing of ambiguous facts, and carry legal/financial consequences that make unsupervised rulings unacceptable.",medium,
4,78,0,3.2,"It reliably names common objects, actions and scenes and spots obvious differences, but hallucinations, weak fine-grained and counting/spatial discrimination, and no calibrated uncertainty mean consequential accept/reject judgments like grading food products cannot be left unsupervised.",medium,
4,95,1,2.5,"It can extract and enter/process information from images (data-entry-like tasks around level 2), but as a question-answering model it neither writes software nor configures systems, and OCR/perception errors mean even entry work needs verification.",medium,
4,92,2,1.0,"A visual question answering model has no hands, arms, or actuators and produces only text, so it performs no physical handling or moving of objects at any level.",high,
10,85,1,3.4,"It reliably makes bounded, verifiable in-task choices (which tool, which fix, which query) and recovers from its own errors, but consequential, partly-irreversible judgments with ambiguous or incomplete real-world evidence — the level-4 site-selection kind — still require human sign-off because its failures are confidently stated and not self-detected.",medium,
6,86,1,2.0,"The system only locates and recombines evidence already present in a supplied passage, producing at most minor novelty in phrasing or synthesis, and never designs a new artifact, system, or original idea as level 4+ anchors require.",high,
2,97,2,1.0,"A game-playing agent acts only on virtual controls inside a simulated environment and has no physical embodiment, tools, or contact with real machines, so it performs no part of servicing or repairing mechanical equipment even at the simplest level.",high,
6,93,2,1.0,"A text-reading question-answering system has no actuators or control interface and performs no machine operation whatsoever, not even at the level-2 cash-register anchor.",high,
10,87,1,4.5,"It can retrieve and apply documentation, changelogs and API specs within a session, but has no persistent learning across sessions and unreliably distinguishes current from deprecated practice, so it cannot be trusted to independently maintain and apply mastery of a complex, rapidly changing technology.",medium,
1,99,0,2.0,"The agent only emits structured logs of its own game state, move list, and evaluations 
s
 simple automatic recording comparable to logging truck weights 
s
 and has no capability to compile, transcribe, or maintain substantive records of external events or evidence.",medium,
6,81,2,2.3,"It can only render judgments that are already supported by evidence stated in the supplied passage, so it handles simple criterion-matching assessments but cannot supply the external valuation expertise, inspection, or accountability that level 4+ appraisals require.",medium,
13,79,1,1.0,"A conversational system has no sensory or physical access to equipment, structures, or materials, so it cannot itself perform even the level-1 act of checking that doors are locked \the inspection performed by a human interlocutor.",high,
8,88,2,1.0,"A translation model only converts text between languages; it sets no objectives and devises no strategies, so it does not perform this activity even at level 1.",high,
4,92,1,1.0,"The application is a software model that outputs text answers about images and has no hands, arms, actuators, or any physical means of handling or moving objects.",high,
11,79,2,1.0,"The application has no perceptual or physical access to equipment, structures, or materials; it can only reason over descriptions supplied to it, so it cannot perform even the simplest inspection (e.g., checking whether doors are locked) itself.",high,
13,94,0,1.0,"A conversational system has no physical actuation or vehicle control loop; it can only talk about driving, not maneuver anything.",high,
11,76,2,4.5,"It reliably parses and extracts structured technical content from problem statements and supplied documents, but its 'sources' are largely internal parametric memory plus given text — it cannot observe, instrument, or independently verify, and it misattributes or fabricates specialized facts often enough that unsupervised mastery of a dense evolving corpus (level 6) is not attained.",medium,
3,93,1,1.2,The trained vision model only outputs labels for images; it has no actuators or control mechanisms and cannot operate a machine even at the cash-register level without a separate control system doing the actual operating.,high,
1,86,2,3.5,"Its novelty is confined to move selection inside a fixed, fully specified rule set — it reliably produces genuinely new strategies but cannot originate designs, systems, products, or artistic works outside the game, so it falls short of the level-4 adaptation-to-a-new-medium anchor.",medium,
6,95,1,2.8,"It performs computer-based information processing (extracting and combining evidence from a supplied text, enough to populate fields or answer queries like routine data entry/processing), but it cannot program, write software, configure functions, or set up systems, so it stops well short of the level-4 software-writing anchor.",medium,
6,89,1,1.5,"The system only answers questions about a supplied text; it can at best read off an available slot from a given schedule, but it does not allocate people, commit bookings, or reconcile competing constraints, so even the level-2 appointment-making anchor is only partially met.",high,
9,77,1,2.2,"It continuously monitors one audio channel and can reliably register simple state facts (speech present, keyword spoken), but it converts sound to text rather than assessing whether conditions constitute a problem, so anything at the level of diagnostic testing or critical-status judgment is out of reach.",medium,
8,77,0,1.2,"A translation model has no sensory or state-tracking channel onto processes, materials or environments; it only maps text to text, so even the level-2 anchor of observing an ongoing physical process to detect a condition is outside what it does.",high,
1,96,1,1.0,"A board-game search agent produces moves in a closed rule system and generates no drawings, specifications, or fabrication documentation of any kind for physical devices or equipment.",high,
5,95,1,2.5,"It performs a single routine computer-mediated information-processing task (prompt in, image out) but cannot program, write software, configure functions, or set up and maintain systems, which is what levels 4 and above require.",medium,
2,95,2,2.3,"The agent only issues real-time control inputs to a single game program it was trained on — it processes perceptual data and operates software competently (roughly the data-entry/operation tier), but cannot write software, configure functions, or set up systems, and cannot transfer to an untrained application.",medium,
4,86,0,2.0,"VQA only interprets and reasons about an image that already exists — it produces answers, not new designs, artifacts, or systems, so it never gets past trivial idea-generation prompted by a picture.",medium,
13,95,1,2.5,"Conversational systems reliably capture and enter structured data into systems through dialogue (level 2-type work), but cannot be trusted unsupervised to build, test, and deploy working software or configure systems, which is what level 4+ anchors describe.",medium,
3,83,1,2.0,"The model only maps pixels to object labels, so it can flag simple presence/absence conditions (missing field, no hard hat, visible defect) but cannot interpret regulations, weigh context, or exercise the judgment required for level-4 compliance determinations.",high,
11,97,1,1.0,"The application is a purely textual reasoning system with no physical embodiment or tools, so it cannot service, adjust, or test any mechanical equipment even at the level-2 door-hinge anchor.",high,
3,88,0,1.0,"A trained vision model only assigns labels to image content and has no capacity to set organizational objectives or specify strategies, so it performs none of this activity even at level 1.",high,
11,98,2,1.0,"The application is a text-based reasoning system with no physical actuators or sensors, so it cannot service, adjust, replace, or test any hardware even at the level-1 'turn a knob' anchor.",high,
13,91,2,1.0,"A conversational system has no body or actuators, so it performs no physical activity at all, not even walking between workstations.",high,
4,89,0,1.0,"Visual question answering only answers questions about image content; it does not create or manage schedules, so it performs nothing even at level 1 (e.g., booking appointments on a set schedule).",high,
7,86,0,4.5,"It fluently generates and adapts ideas, copy, and variations at the level of a competent adaptation task, but without execution or verification its outputs are derivative and unvalidated, so genuinely novel systems or working software (level 6) require human curation and testing.",medium,
8,95,0,2.2,"The translation model only transforms text (a narrow 'process information' function) and cannot program, configure software, set up functions, or administer any system, so it stalls just past the level-2 data-handling anchor.",medium,
5,84,1,1.3,"A generative image model produces pictures rather than analytic conclusions; it decomposes a prompt into visual parts but cannot break down data to identify underlying principles, reasons, or facts, so it barely clears the simplest lookup-style anchor.",high,
13,88,2,2.5,"Through dialogue it can elicit goals and draft simple, well-bounded plans, but it cannot access real organizational data, weigh stakeholder consequences, or be held accountable for multi-year strategic commitments, so anything at the merger-plan or business-plan level requires human ownership and verification.",medium,
10,90,0,4.2,"It decomposes, sequences and re-plans its own multi-step work within a task session, but reliability decays over long horizons and it cannot hold and re-prioritize a portfolio of tasks against shifting external commitments over weeks or months without human oversight.",medium,
7,87,0,2.5,"With frozen weights and no tools or retrieval, the model cannot acquire new or changed technical information on its own; it can only apply knowledge already in training or handed to it in context, so the 'keeping current' half of the activity fails above simple, supplied-fact updating.",medium,
2,99,2,1.0,"A game-playing agent outputs control actions in real time and performs no entering, transcribing, or maintaining of records; any logging is done by surrounding infrastructure, not the agent.",high,
5,99,2,1.5,"An image generator synthesises plausible pixels rather than faithfully entering, transcribing or storing given data, and it cannot guarantee the literal accuracy (numbers, text, exact detail) that even the level-2 anchor of recording truck weights requires, nor does it maintain any record over time.",medium,
7,83,0,3.2,"Without tools it can check text against supplied rules and flag obvious noncompliance, but hallucinated provisions, weak numeric checks, and no verified source of authoritative standards make consequential determinations like a contested insurance claim unsafe unsupervised.",medium,
8,83,1,1.3,"A translation model maps source text to target text and has no mechanism for applying external rules or standards to judge conformity, so it barely reaches even the level-1 clerical completeness check and cannot render the judgment-based determinations at level 4 and above.",high,
9,93,0,1.0,"The pipeline only converts audio to text; it has no actuators, control loop, or process feedback, so it performs no machine operation even at the cash-register level.",high,
11,91,1,1.0,"The application is a disembodied reasoning system with no physical actuators, so it performs no walking, lifting, or handling at all — not even level 1.",high,
6,90,2,1.0,"A passage-bound question-answering system has no work of its own to schedule and no mechanism for setting goals, sequencing tasks, or tracking them over time; at best it restates a plan already written in the text.",high,
1,84,1,3.0,"Its analysis is superhumanly deep but only over fully specified, closed formal game states; it cannot ingest, clean, or interpret real-world heterogeneous data, nor frame the question being asked, as level 4+ anchors (e.g., costing a building's financing) require.",medium,
3,90,1,1.0,"A trained vision model only assigns labels to image content; it sets no goals, sequences no tasks, and does nothing toward organizing or prioritizing work even at the simplest repetitive-schedule level.",high,
2,98,0,1.0,"A game-playing agent has no physical actuators or contact with hardware, so it performs no servicing, testing, or calibration of electronic equipment at all — not even the level-1 knob adjustment.",high,
7,78,0,3.5,"It can categorize and compare information reliably when the situation is fully described in text, but it cannot inspect objects, instruments, or empirical data itself, so anchors requiring perceptual judgment of physical products or interpretation of experimental results are out of reach.",medium,
10,83,1,3.5,"It can gather documents, apply explicit rule sets, and run automated checks reliably, but determinations requiring weighing ambiguous clauses, incomplete evidence, and precedent (level 4+ claim adjudication or rulings) carry legal/financial liability and still need human sign-off because the system's judgment errors are confident and hard to detect.",medium,
1,90,0,3.0,"It plans deeply toward a single fixed objective within closed rules and allocates search/clock effort, but never sets its own goals, juggles multiple heterogeneous tasks, or adapts plans to shifting real-world priorities as the level-4+ anchors require.",medium,
5,85,1,1.5,"The model makes only implicit compositional choices while rendering a prompt; it does not analyze external information, weigh alternatives against criteria, or evaluate outcomes, so even a level-2 bounded selection task with real consequences is outside what it performs unsupervised.",medium,
10,88,2,2.5,"It can decompose a given goal into ordered steps and generate constrained operational plans (schedules, project task trees), but it does not set long-range organizational objectives, lacks the situated business context, stakeholder judgment and accountability that anchors at level 4+ (a 3-year merger plan) require, and its strategic output is plausible prose that must be validated by a human.",medium,
2,99,0,1.0,"A game-playing agent acts in an environment under time pressure; it produces no records, transcriptions, or maintained information artifacts for any external use, so it does not perform the activity even at level 1.",high,
13,98,0,1.0,"A conversational system has no actuators or sensors, so it cannot physically adjust, test, or replace any component — even the level-1 knob-turning anchor — it can only talk about repairs.",high,
13,93,0,1.4,"A conversational system has no actuators, no sensing of machine state, and no control loop; at best it relays a spoken command to a device someone else built to execute it, falling short even of level 2's cash-register operation.",high,
11,89,1,2.5,"As a formal-reasoning engine it can solve a well-specified scheduling problem as a constraint puzzle, but it has no access to live availability, staffing rules, preferences, or the authority to assign and adjust others' work, so anything beyond mechanical slot-filling against a given rule set requires human ownership.",medium,
12,95,0,4.5,"It can autonomously produce working, test-passing code for self-contained and moderately complex changes (level-4 scope), but passing the project's own tests is not proof of correctness, and it cannot be trusted unsupervised with architecture-scale, cross-system or organization-wide engineering decisions where failures are costly and untested.",medium,
13,82,0,3.0,"It can reliably compile, summarize and categorize what was said in a dialogue, but has no grounded access to source records and no dependable arithmetic or audit trail, so consequential calculation and verification work (level 4 insurance-adjustment style) cannot be left unsupervised.",medium,
3,88,1,1.0,"An object-labeling vision model produces category labels for image content and performs no goal-setting, planning, or strategy formulation whatsoever, so it contributes nothing even at the level-2 anchor.",high,
9,88,0,1.0,"A speech-to-text pipeline only converts audio to text and performs no goal-setting, planning, or strategy formulation at any level.",high,
5,78,1,2.0,"A generative model outputs pictures, not identifications \\categories and attributes are only implicitly encoded during synthesis, so it cannot be substituted for a worker whose job is to categorize, compare, or detect changes and report the judgment.",medium,
4,95,0,2.3,"It can convert image content into digital text/structured fields (image-based data entry and simple information processing at roughly the level-2 anchor), but it cannot program, configure software, or set up systems, and residual hallucination/OCR errors mean even its data-entry output needs verification for high-stakes records.",medium,
10,83,0,3.4,"It can autonomously gather documents, run rule-based checks, and flag clear-cut deviations, but on ambiguous or contested cases (the level-4 complicated claim) it misreads exceptions, hallucinates provisions, and cannot be left without adjudicator sign-off given the legal and financial exposure.",medium,
5,80,2,2.0,"The model only implicitly encodes rough relative size and depth ordering to keep a scene coherent; it produces no explicit numeric estimate and is demonstrably unreliable even at exact counts, proportions and scale, so it cannot substitute for any estimation task beyond crude size/perspective plausibility.",medium,
13,91,1,1.0,"A conversational system has no body or actuators, so it performs no physical activity at any level, including walking between workstations.",high,
13,91,0,1.0,"A conversational system has no body or actuators, so it performs no physical activity at all, not even walking between workstations.",high,
6,95,0,2.5,"It only extracts and combines information from a supplied passage — a data-entry/information-processing level task — and cannot program, configure software, or set up systems as the level 4 and 6 anchors require.",medium,
5,86,0,4.0,"It reliably renders and restyles a supplied brief into a coherent novel image (comparable to adapting existing material within a given form), but it does not originate the design concept or hold to precise compositional, brand or functional constraints without human curation and reprompting.",medium,
12,86,1,4.2,"It produces workable patches and small local designs within an existing codebase, but novel system/architecture creation (the level-6 anchor) is beyond it, and its ~two-thirds success rate on real issues plus tendency to satisfy tests rather than intent means non-trivial design work still needs review.",medium,
8,88,0,1.0,"A translation model only re-renders existing text in another language; it sets no objectives and devises no strategies, so it performs none of this activity even at level 1.",high,
2,80,2,3.0,"Its quantitative judgments (distances, lead times, resource/build economies) are implicit policy outputs valid only inside a closed simulated world with known rules and dense feedback; it cannot produce auditable estimates of real-world time, cost, or material requirements under novel conditions as level 4+ anchors require.",medium,
8,82,1,1.8,"A translation model only re-encodes text between languages; it does not aggregate, calculate, tabulate or audit data, so even the level-2 anchor of totalling delivery costs is beyond it except incidentally.",medium,
12,77,0,3.5,"It reliably reads test output, stack traces, and error logs within a task episode to detect whether a change works, roughly at the 'test electrical circuits' diagnostic level, but it cannot be trusted to sustain unsupervised surveillance of a live system or to catch problems its project's own tests do not surface, so consequential higher-level monitoring stays out of reach.",medium,
13,76,1,4.5,"It can reliably elicit, track, and integrate information volunteered in a dialogue, but cannot independently seek out, cross-check, or verify information beyond the conversational channel, and misheard or mis-integrated details in consequential intake (clinical, legal, financial) still require human review.",medium,
6,95,2,2.5,"It only extracts and combines information from a supplied text — it cannot program, configure software, or set up systems, so it caps just above simple data-entry/information-processing work and well below the level-4 software-writing anchor.",medium,
13,85,1,3.0,"It reliably resolves bounded, routine problems that surface within a dialogue (triage, troubleshooting, option recommendation), but consequential multi-factor decisions like a store siting choice require verified external data, accountability, and freedom from confident error that an unsupervised conversational system cannot guarantee.",medium,
8,76,1,2.7,"It only decodes meaning from a single supplied text and cannot seek out, select, or cross-check information from multiple relevant sources (glossaries, reference documents, domain context), which levels at and above 'review a budget' require.",medium,
4,88,1,1.2,"VQA only reports and infers about content within a single image; it establishes no long-range objectives, cannot integrate organizational context over time, and at best supplies observational input to a planner (e.g., describing a site photo) rather than performing planning itself.",high,
12,89,1,1.5,"A code-patching agent sequences its own subtasks but does not schedule events, programs, or other people's work, so it barely touches even the level-2 'appointments on a predetermined schedule' anchor.",high,
7,79,1,1.0,"A text-only model has no sensory access to physical equipment, structures, or materials, so it cannot perform even the level-1 act of checking whether a door is locked; it can only discuss inspection findings supplied by others.",high,
8,87,0,2.5,"The trained model applies a large frozen store of lexical and idiomatic knowledge competently, but has no mechanism to acquire new terminology, usage shifts, or domain developments after training, so it cannot perform the 'keeping current' half of the activity at all.",medium,
11,82,0,5.0,"It performs multi-step derivation, calculation and internal consistency checking well, but compiling and auditing real scientific data unsupervised (level 6) requires verified sourcing and error-free bookkeeping that it cannot guarantee — silent arithmetic slips and fabricated or misattributed values survive its own review.",medium,
5,87,0,1.5,"The trained generative model has frozen weights: it applies visual knowledge absorbed at training time but has no mechanism to notice, ingest, or track new information after training, so even the level-2 anchor of keeping current with ongoing changes is not met.",high,
11,79,1,1.0,"Physical inspection of equipment, structures, or materials requires sensory/physical presence and hands-on examination, which a text-based mathematical reasoning system cannot perform at all.",high,
10,87,0,4.5,"Retrieval and tool use let it fetch and apply current documentation within a task, and code execution verifies the application, but it has no persistent learning across sessions and unreliably distinguishes stale, deprecated, or conflicting sources, so sustained mastery of a complex, rapidly changing technology (level 6) is not attained unsupervised.",medium,
12,80,0,2.5,"It can make simple bounded estimates incidental to patching (complexity, memory footprint, rough scope of a change) but cannot be trusted unsupervised with multi-factor, consequential estimates of time, cost, or resources for real projects, as required at level 4.",medium,
2,78,2,3.5,"Within its trained game it recognizes objects, actions, and state changes fast and reliably, but the identification is instrumental to reward and confined to a closed, synthetic distribution — it cannot judge novel inputs against external standards or infer causes of unfamiliar events, and it degrades silently off-distribution.",medium,
3,87,1,1.5,"A trained vision model applies fixed learned patterns but does not itself acquire or track new information; any knowledge update requires human-driven data collection and retraining, so even the level-2 anchor (tracking ongoing price changes) is not autonomously met.",high,
6,96,2,1.5,"A passage-bound QA system can only extract and restate specification details already present in a supplied document; it cannot originate drawings, layouts, or fabrication specs, so even the level-2 anchor (specifying lighting for a work area, which requires design judgment about the actual device/space) is beyond it.",high,
13,89,2,2.5,"Conversational agents reliably take and confirm appointments against a fixed schedule and can negotiate simple time constraints in dialogue, but preparing multi-person work schedules (level 4) requires owning coverage, labor-rule and fairness constraints across many workers, which a dialogue system cannot be left to finalize unsupervised.",medium,
3,98,2,1.0,"A vision model only assigns labels to images; it has no actuators or diagnostic-test capability, so it cannot service, adjust, or calibrate any equipment even at the level-1 'turn a knob' anchor.",high,
11,99,1,3.0,"It reliably produces and formats written records of its own derivations and solutions, but it does not maintain persistent records or information systems, and its transcription of external source data is not trustworthy enough for the accountable, complete documentation implied at level 4 and above.",medium,
2,94,2,2.3,"The agent's closed-loop perception-and-control competence is demonstrated only inside simulated environments with rendered, noise-free observations and no physical consequence; it does not transfer to operating real vehicles or equipment, where sensor noise, mechanical dynamics, and safety liability (level 4+ anchors like a tractor-trailer) require supervision it cannot be relieved of.",medium,
5,78,2,2.2,"A generative model only demonstrates category knowledge implicitly by rendering named objects; it produces no identification, comparison, or change-detection output that an employer could act on, so it cannot substitute for even routine diagnostic recognition work.",medium,
4,94,2,1.0,"A VQA model only emits text answers about images; it has no actuators, no real-time control loop, and cannot maneuver or navigate any vehicle or equipment even at the 'drive a car' anchor.",high,
1,90,2,2.5,"It generates optimal action sequences only inside a closed, fully specified rule system with a single fixed objective; it cannot represent real work goals, resources, deadlines, or competing tasks, so it never organizes or prioritizes actual work beyond a narrow, rule-bound analogue of simple planning.",medium,
4,93,0,1.0,"The system only outputs language answers about images; it has no actuators, control interface, or closed-loop process authority, so it does not operate machines at all.",high,
1,89,1,1.0,"A perfect-information game engine operates only over a fixed abstract state space with hard-coded rules; it has no interface to calendars, people, resources, or real-world constraints, so it does not even perform the level-2 anchor of booking appointments against a predetermined schedule.",high,
5,91,1,1.0,"An image generation model has no body or actuators and performs no physical activity whatsoever, not even walking between workstations.",high,
10,97,1,1.0,"The activity requires physical manipulation of machines with hand tools, which a purely digital agent operating software and APIs cannot perform at all.",high,
2,82,0,2.5,"The agent's information processing is internal to the game loop — fast categorization and running tallies of game state — and it produces no compiled, coded, or audited data records for outside use, so it cannot substitute for rule-based calculation or verification tasks on real records (level 4+).",medium,
10,83,2,3.5,"It reliably automates rule-checking against explicit criteria (completeness, formatting, threshold and cross-system consistency checks) and drafts findings, but ambiguous policy/regulatory language, missing or adversarial evidence, and the financial/legal consequence of a wrong determination mean level-4 adjudications still need human sign-off.",medium,
5,89,0,1.0,"An image synthesis model produces pictures from prompts and has no mechanism to allocate people, times or resources, so it does not perform scheduling even at the level of booking appointments against a fixed slot list.",high,
3,84,2,2.0,"The model only decomposes a single image into labelled parts — a perceptual extraction step — and cannot infer underlying causes, combine heterogeneous data sources, or perform the quantitative reasoning the level 4+ anchors require.",medium,
12,91,2,1.0,"The application is a purely software-based system with no body or actuators, so it performs no physical activity at all, even walking between workstations.",high,
11,97,2,1.0,"The application is a purely symbolic reasoning system with no physical embodiment, tools, or manipulators, so it cannot service, adjust, or test mechanical equipment at all — not even a door hinge.",high,
1,83,1,2.0,"Its 'compliance' judgment is perfect but confined to formally specified, unambiguous game rules on a fully observable board — closer to a mechanical legality/completeness check than to interpreting written standards against messy real-world facts, which it cannot ingest or reason about at all.",high,
13,86,1,4.5,"It reliably generates and adapts ideas, drafts, and variations on request, but genuinely novel, coherent artifacts at the level of 'create new computer software' require sustained integration, validation against real constraints, and iteration that the conversational system cannot carry through unsupervised.",medium,
9,86,0,1.0,"A transcription pipeline only maps audio to text and originates no new designs, ideas, or artistic content, so it performs essentially nothing of this activity even at the level-1 anchor.",high,
5,93,1,1.0,"An image-synthesis model has no actuators or control interface to any physical machine or process, so it performs none of this activity even at the level-2 anchor.",high,
5,91,0,1.0,"An image-generation model has no body or actuators and performs no physical activity whatsoever, not even walking between workstations.",high,
9,98,0,1.0,"Speech recognition only converts audio to text and has no physical actuation, test-equipment interface, or diagnostic capability, so it cannot perform even the level-1 act of adjusting a device.",high,
5,90,2,1.2,"A text-to-image model produces a single artifact on demand and has no representation of tasks, deadlines, or goals over time, so it cannot even set up a repetitive work schedule (level 2) let alone plan changing activities.",high,
11,79,0,1.0,"The application is a text-based formal reasoning engine with no sensors, imagery, or physical presence, so it cannot perform even the level-1 anchor of physically checking a door or observing a structure for defects.",high,
9,85,1,1.2,"A transcription pipeline only selects among acoustic/language hypotheses for a fixed output; it performs no analysis of information or evaluation of alternatives to solve a substantive problem, so it does not reach even the level 2 anchor.",high,
8,92,0,1.0,"A text translation model has no physical embodiment or actuators, so it cannot handle, position, or move objects at all.",high,
8,91,0,1.0,"A translation model has no body or actuators and performs no physical activity whatsoever, even walking between workstations.",high,
11,84,0,5.0,"It reliably decomposes well-posed problems and derives multi-step analytic results, but on open-ended, large-scale or messy real-world data analysis (level 6) it makes silent, confidently-stated errors it cannot detect, so its conclusions still require expert verification before being acted on.",medium,
13,87,0,3.5,"A conversational system can absorb and fluently apply new material handed to it in context, but it has a frozen knowledge cutoff, does not autonomously monitor or verify changing technical sources, and cannot flag when its information is stale espones and its current for level-4+ technical currency where an outdated procedure causes real damage.",medium,
6,91,0,1.0,"A text-reading model has no body or actuators, so it performs no physical activity at all, even level 1 walking.",high,
10,97,2,1.0,"The activity requires physical manipulation of mechanical hardware with tools, which a purely digital agentic system cannot perform at all.",high,
10,82,0,5.0,"It reliably compiles, tabulates, calculates and cross-checks structured data via code and tools, but on level-6 work (assembling data for a complex scientific report) it still makes silent, plausible-looking errors in source selection, unit/schema reconciliation and long multi-step pipelines that require human audit before the output can be relied on.",medium,
4,87,0,2.0,"The model's weights are frozen after training, so it can apply visual information presented in the moment (e.g., reading a changed price tag) but has no mechanism to acquire, retain, or track evolving technical knowledge over time.",medium,
8,78,0,3.0,"It reliably recognizes and categorizes linguistic features (senses, entities, register, similarity of meaning) within text, but cannot identify objects, actions or events from real-world or non-textual evidence, so judgment-laden acceptability calls (level 4) and diagnostic inference from observed phenomena (level 6) are out of reach.",medium,
5,99,0,1.3,"A generative image model synthesises novel pictures rather than entering, transcribing or storing given information, and its outputs are fabricated rather than faithful records, so it cannot even reliably perform a level-2 clerical logging task like recording truck weights.",high,
2,77,1,3.4,"The agent continuously tracks a dynamic scene and flags state changes far faster than simple 'is the bread done' checking, but it only monitors a synthetic, fully-specified environment it was trained on 
inferring nothing diagnostic about unfamiliar faults, degrading under distribution shift, and never carrying consequence for a missed signal, so it falls short of instrumented diagnostic monitoring (level 4) and far short of critical-care vigilance.",medium,
12,96,0,3.5,"It reliably emits localized, test-verified patches and accompanying inline/change documentation, but cannot be trusted unsupervised to author complete, coherent system- or interface-level specifications that others build against, since it has no way to validate designs beyond the existing test suite.",medium,
3,80,1,2.0,"It can support simple visual magnitude judgments (counting objects, coarse size/extent from labeled detections) but produces categorical labels rather than calibrated quantities, and has no access to the time, cost, resource or contextual reasoning that level 4+ estimates require.",medium,
2,90,1,3.5,"Within a match it does prioritize and re-plan multiple concurrent objectives under change (level-4-like behavior), but only inside a closed game with externally fixed goals, a minutes-long horizon, and no ability to set or schedule real work tasks, so it cannot substitute for a person planning their own changing activities.",medium,
6,96,0,1.7,"The system only answers questions about a supplied passage, so it can restate or extract specification details already documented but cannot originate drawings, layouts, or specifications for devices or equipment even at the level-2 anchor.",medium,
4,77,0,2.5,"It can answer whether a visible condition is present in a single supplied image (bread browned, spill present), but it does not continuously watch a process over time, cannot operate instruments or read out sensor state, and hallucinates fine-grained detail often enough that no consequential inspection or diagnostic check can be left to it unsupervised.",medium,
3,97,1,1.0,"A still-image classifier has no actuators or tool use, so it cannot service, adjust, or test any mechanical device—at best it labels visible parts, which is not performing even the level-2 hinge adjustment.",high,
8,96,1,1.3,"A translation model only re-renders documentation someone else authored; it cannot originate drawings, layouts, or specifications for devices or equipment, so even the level-2 anchor (specifying lighting for a work area) is outside its function.",high,
11,90,1,2.5,"It can decompose and sequence steps within a single derivation, but has no persistent state, calendar, or stake in outcomes, so it cannot own a changing personal workload (level 4) let alone prioritize multiple tasks months ahead (level 6).",medium,
10,93,2,1.2,"The activity is defined as physical operation of machines and processes explicitly excluding computers, and a purely digital agent has no actuators, no real-time sensory feedback, and no ability to monitor or intervene in physical equipment, so it cannot even reach the level-2 cash-register anchor.",high,
2,88,0,1.5,"The agent pursues a goal handed to it inside one trained game and encodes strategy implicitly in a reactive policy; it cannot establish objectives, articulate a plan, or handle open-world constraints like the level-2 workforce-scheduling anchor.",medium,
10,86,2,5.0,"It reliably generates and executes novel scripts, prototypes and moderate codebases, but genuinely new software of production scope — resolving ambiguous requirements, architecture, and correctness over a long horizon — still breaks down without human review, so the level-6 anchor is not met unsupervised.",medium,
6,82,0,3.5,"It can locate, categorize, and verify facts within a supplied passage reliably, but multi-step arithmetic and rule-application over long or messy documents still produce silent extraction/aggregation errors, so consequential level-4 work like computing claim adjustments cannot be left unchecked.",medium,
9,82,1,2.0,"It only transduces audio into text efeeds downstream processing; it performs no calculation, auditing, reconciliation, or judgment-based categorization, and its residual word errors under accent/noise/overlap still require human verification for any record used as data.",medium,
3,99,2,2.3,"It can automatically log simple, structured observations (object present, count, category) into a record, but cannot compose the interpretive, multi-source narrative documentation of a level-4 investigation report or maintain an evolving record system.",medium,
2,98,2,1.0,"A game-playing agent acts only within a simulated environment and has no physical embodiment, test instruments, or contact with electronic hardware, so it performs none of this activity even at the level of turning an adjustment knob.",high,
1,76,1,2.2,"The agent only ingests a single, fully-specified formal board state under fixed rules — comparable to reading a standard blueprint — and cannot seek out, integrate, or interpret information from varied, ambiguous, or external sources.",high,
5,82,2,1.5,"A generative image model does not compile, tabulate, audit or verify data; it can render chart- or table-like imagery but the numbers and categories are synthesised for visual plausibility rather than computed, so even level-2 tabulation cannot be trusted unsupervised.",high,
4,84,2,3.0,"It reliably extracts and compares facts visible within a single image (counting, reading labels, simple derived inferences), but multi-step quantitative analysis of the kind level 4 requires is undermined by misread numerals, hallucinated visual detail, and no ability to integrate external data or model assumptions.",medium,
4,81,1,2.5,"It can describe visible condition and make coarse quality calls from an image (damage, defects, ripeness), but valuation-type judgments require non-visual domain knowledge, provenance, and market context it cannot verify, and its errors are confidently stated, so consequential appraisals need human sign-off.",medium,
5,95,2,2.5,"It performs only one automated information-processing step (prompt in, image out) and cannot program, configure software, manage data in systems, or verify/correct its own output, so it falls well short of the level-4 software-writing anchor.",medium,
7,99,2,3.5,"With no tools or persistent store it can only draft written records from information handed to it 
not enter, retrieve, or maintain records over time 
and its residual tendency to smooth over or invent details makes unsupervised authorship of evidentiary or compliance-grade documentation (level 4+) unsafe.",medium,
5,85,2,2.0,"It resolves under-specified prompts by picking a plausible composition — a bounded, low-stakes selection akin to choosing a cafeteria menu — but it does not analyze external information, evaluate outcomes against criteria, or weigh consequential trade-offs, and it cannot verify that its own output actually satisfies the requirement.",medium,
9,84,2,1.3,"The pipeline converts an acoustic signal into text and performs no interpretation of the content, so it cannot break information into parts to identify underlying principles, reasons or facts beyond trivially surfacing what was said.",high,
11,92,2,1.0,"The application is purely symbolic/textual reasoning with no physical actuators, so it performs no handling or moving of objects at any level.",high,
12,77,2,3.5,"It can run and read a project's own test suite to detect explicit failures (roughly the diagnostic-check level of testing circuits), but it does not reliably notice problems outside the signals it was pointed at \u2014 silent regressions, untested side effects, or degrading runtime behavior \u2014 so it cannot be trusted to assess a system's health unsupervised.",medium,
6,91,2,1.0,"A text-reading question-answering model has no body or actuators and performs no physical activity whatsoever, not even walking between workstations.",high,
10,99,0,4.2,"It can transcribe, enter, and compile structured records and reports across digital systems reliably, but sustained authoritative recordkeeping (level 6-style) fails on unverifiable hallucinated entries, silent drift in long-lived datasets, and the absence of any accountable check on evidentiary or regulated records.",medium,
7,77,1,2.5,"With no sensors, tool access, or persistent real-time input, it can only review information already rendered as text and flag stated anomalies; it cannot actually observe materials, equipment, or people, nor sustain the continuous vigilance and verified accuracy that level 4+ monitoring (electrical testing, patient status) demands.",medium,
4,96,2,1.7,"VQA only answers questions about existing images; it produces no drawings, layouts, or fabrication/assembly specifications, so at best it supports trivial descriptive specification (e.g., naming fixtures visible in a work area) and cannot be trusted unsupervised even for a level-2 spec that must be dimensionally and code-correct.",high,
3,92,0,1.0,"The system only assigns labels to images and has no actuators or manipulators, so it performs no physical handling, positioning, or moving of objects at all.",high,
11,80,2,3.5,"It performs multi-step Fermi and model-based quantitative estimation competently, but real-world estimates at level 4+ hinge on empirically grounded, verified parameters and domain data the system cannot source or validate — it confabulates plausible inputs, so consequential estimates (evacuation times, resource reserves) still require expert review.",medium,
3,87,2,1.5,"A trained vision model applies only the fixed knowledge frozen into its weights and cannot itself ingest or track new information; any update requires human-run data collection and retraining, so it falls short even of the level-2 anchor of keeping up with changing prices.",high,
3,83,2,2.2,"It can only check visually observable presence/absence or defect conditions (e.g., filled fields, missing safety gear, part out of tolerance), supporting simple completeness- or spec-conformance checks, but it applies no rules, policy text or contextual judgment, so multi-criteria compliance determinations at level 4 and above are out of reach.",medium,
7,78,2,3.0,"Without tools or sensory input it can only categorize and compare information already rendered as text, so it cannot perform the direct inspection or measurement of objects, products, and physical events that the level 4+ anchors require, and its judgments on described cases are not reliable enough to substitute unsupervised for a qualified inspector.",medium,
2,83,0,1.5,"A game-playing agent only implicitly respects formal, machine-checkable game rules (e.g., legal-move masking); it never evaluates external events or processes against written laws, policies, or standards, nor produces a judgment of compliance that anyone could rely on.",high,
7,77,0,2.2,"Without sensors or tools the model can only review information already rendered as text, so it can flag anomalies in a written log or document but cannot observe materials, events, or an environment at all, ruling out the instrumented testing of level 4 and the continuous, high-stakes patient monitoring of level 6.",high,
13,77,1,2.5,"It can only monitor the dialogue stream itself \or or facts a person reports to it, with no sensory or instrument access to materials, equipment, or the physical environment, and its detection of subtle problem cues (e.g., user distress or safety risk) is too unreliable to be trusted unsupervised for consequential monitoring.",medium,
2,82,1,2.8,"The agent's information processing is implicit, internal, and confined to the trained game's state space—it categorizes and tallies perceptual features fast and reliably, but cannot compile, audit, or verify externally supplied data, apply rules to unfamiliar records, or produce auditable tabulations, so it falls short of level-4 adjustment-style calculation on real data.",medium,
7,95,2,4.0,"Without tools it can draft working code and data-processing logic (level 4-style programs) but cannot execute, test, debug, or actually operate systems, so it cannot configure, integrate, or deploy real infrastructure as levels 5-6 require.",medium,
12,88,0,1.5,"It plans only within a single issue's scope \u2014 sequencing edits and tests to make a patch pass \u2014 and never sets or reasons about long-range objectives, resource-constrained organizational plans, or multi-stage strategies like the level-2 holiday-scheduling anchor.",high,
1,90,1,2.5,"Its planning is deep but confined to move sequences inside a fixed, fully specified rule system with a single given objective; it cannot develop goals, schedule real tasks, or reprioritize work whose objectives and constraints change outside the game.",high,
5,99,1,1.2,"An image generator synthesises novel pictures rather than capturing, transcribing or storing given information faithfully, so it cannot even produce a reliable simple record (level 2) without inventing detail.",high,
9,82,2,2.2,"It only converts audio into literal text \u2014 a mechanical compiling/coding step \u2014 and performs no calculation, reconciliation, auditing or judgment-based categorization, while residual word errors on accented, noisy or overlapping speech still require human verification for any consequential record.",medium,
12,87,0,3.5,"It can absorb and apply repo-local context and documentation within a single session to produce test-passing patches, but its underlying knowledge is frozen at a training cutoff, it does not autonomously track library/language/tooling changes, and it silently emits deprecated or hallucinated APIs when the ecosystem has moved past what it learned ainain currain currency in a rapidly changing technology (level 6).",medium,
4,98,0,1.0,"The activity is inherently physical — even the level-1 anchor (turning knobs to adjust a picture) requires manipulating hardware, and a VQA model only answers questions about images and cannot service, adjust, or test any device.",high,
2,96,1,1.0,"A game-playing agent outputs only real-time control actions; it produces no documentation, drawings, or specifications for fabricating or assembling anything, so it does nothing for this activity even at level 1.",high,
